pert_iname,n_cell_lines,cell_lines,n_total_signatures
trichostatin-a,64,"['A375', 'A549', 'A673', 'AGS', 'ASC', 'CD34', 'CL34', 'CORL23', 'COV644', 'DV90', 'EFO27', 'FIBRNPC', 'H1299', 'HA1E', 'HCC15', 'HCC515', 'HCT116', 'HEC108', 'HEK293T', 'HEPG2', 'HL60', 'HT115', 'HT29', 'HUH7', 'JHUEM2', 'JURKAT', 'LOVO', 'MCF7', 'MDST8', 'NCIH1694', 'NCIH1836', 'NCIH2073', 'NCIH508', 'NCIH596', 'NEU', 'NKDBA', 'NOMO1', 'NPC', 'OV7', 'PC3', 'PHH', 'PL21', 'RKO', 'RMGI', 'RMUGS', 'SKB', 'SKLU1', 'SKM1', 'SKMEL1', 'SKMEL28', 'SNGM', 'SNU1040', 'SNUC4', 'SNUC5', 'SW480', 'SW620', 'SW948', 'T3M10', 'THP1', 'TYKNU', 'U266', 'U937', 'VCAP', 'WSUDLCL2']",1006
sirolimus,62,"['A375', 'A549', 'A673', 'AGS', 'ASC', 'BT20', 'CL34', 'CORL23', 'COV644', 'DV90', 'EFO27', 'FIBRNPC', 'H1299', 'HA1E', 'HCC15', 'HCC515', 'HCT116', 'HEC108', 'HEPG2', 'HS578T', 'HT115', 'HT29', 'JHUEM2', 'LOVO', 'MCF10A', 'MCF7', 'MDAMB231', 'MDST8', 'NCIH1694', 'NCIH1836', 'NCIH2073', 'NCIH508', 'NCIH596', 'NEU', 'NOMO1', 'NPC', 'OV7', 'PC3', 'PHH', 'PL21', 'RKO', 'RMGI', 'RMUGS', 'SKB', 'SKBR3', 'SKLU1', 'SKM1', 'SKMEL1', 'SKMEL28', 'SNGM', 'SNU1040', 'SNUC4', 'SNUC5', 'SW480', 'SW620', 'SW948', 'T3M10', 'THP1', 'TYKNU', 'U937', 'VCAP', 'WSUDLCL2']",470
vemurafenib,61,"['A375', 'A549', 'A673', 'AGS', 'ASC', 'BT20', 'CL34', 'CORL23', 'COV644', 'DV90', 'EFO27', 'H1299', 'HA1E', 'HCC15', 'HCC515', 'HCT116', 'HEC108', 'HEK293T', 'HEPG2', 'HS578T', 'HT115', 'HT29', 'JHUEM2', 'LOVO', 'MCF10A', 'MCF7', 'MDAMB231', 'MDST8', 'NCIH1694', 'NCIH1836', 'NCIH2073', 'NCIH508', 'NCIH596', 'NEU', 'NOMO1', 'NPC', 'OV7', 'PC3', 'PHH', 'PL21', 'RKO', 'RMGI', 'RMUGS', 'SKB', 'SKBR3', 'SKLU1', 'SKM1', 'SKMEL1', 'SKMEL28', 'SNGM', 'SNU1040', 'SNUC4', 'SNUC5', 'SW480', 'SW620', 'SW948', 'THP1', 'TYKNU', 'U937', 'VCAP', 'WSUDLCL2']",140
wortmannin,61,"['A375', 'A549', 'A673', 'AGS', 'ASC', 'CD34', 'CL34', 'CORL23', 'COV644', 'DV90', 'EFO27', 'FIBRNPC', 'H1299', 'HA1E', 'HCC15', 'HCC515', 'HCT116', 'HEC108', 'HEPG2', 'HL60', 'HT115', 'HT29', 'HUH7', 'JHUEM2', 'LOVO', 'MCF7', 'MDST8', 'NCIH1694', 'NCIH1836', 'NCIH2073', 'NCIH508', 'NCIH596', 'NEU', 'NKDBA', 'NOMO1', 'NPC', 'OV7', 'PC3', 'PHH', 'PL21', 'RKO', 'RMGI', 'RMUGS', 'SKB', 'SKLU1', 'SKM1', 'SKMEL1', 'SKMEL28', 'SNGM', 'SNU1040', 'SNUC4', 'SNUC5', 'SW480', 'SW620', 'SW948', 'T3M10', 'THP1', 'TYKNU', 'U937', 'VCAP', 'WSUDLCL2']",997
geldanamycin,61,"['A375', 'A549', 'A673', 'AGS', 'ASC', 'CD34', 'CL34', 'CORL23', 'COV644', 'DV90', 'EFO27', 'FIBRNPC', 'H1299', 'HA1E', 'HCC15', 'HCC515', 'HCT116', 'HEC108', 'HEPG2', 'HL60', 'HT115', 'HT29', 'HUH7', 'JHUEM2', 'LOVO', 'MCF7', 'MDST8', 'NCIH1694', 'NCIH1836', 'NCIH2073', 'NCIH508', 'NCIH596', 'NEU', 'NKDBA', 'NOMO1', 'NPC', 'OV7', 'PC3', 'PHH', 'PL21', 'RKO', 'RMGI', 'RMUGS', 'SKB', 'SKLU1', 'SKM1', 'SKMEL1', 'SKMEL28', 'SNGM', 'SNU1040', 'SNUC4', 'SNUC5', 'SW480', 'SW620', 'SW948', 'T3M10', 'THP1', 'TYKNU', 'U937', 'VCAP', 'WSUDLCL2']",934
tozasertib,60,"['A375', 'A549', 'A673', 'AGS', 'ASC', 'BT20', 'CL34', 'CORL23', 'COV644', 'DV90', 'EFO27', 'H1299', 'HA1E', 'HCC15', 'HCC515', 'HCT116', 'HEC108', 'HEPG2', 'HS578T', 'HT115', 'HT29', 'JHUEM2', 'LOVO', 'MCF10A', 'MCF7', 'MDAMB231', 'MDST8', 'NCIH1694', 'NCIH1836', 'NCIH2073', 'NCIH508', 'NCIH596', 'NEU', 'NOMO1', 'NPC', 'OV7', 'PC3', 'PL21', 'RKO', 'RMGI', 'RMUGS', 'SKB', 'SKBR3', 'SKLU1', 'SKM1', 'SKMEL1', 'SKMEL28', 'SNGM', 'SNU1040', 'SNUC4', 'SNUC5', 'SW480', 'SW620', 'SW948', 'T3M10', 'THP1', 'TYKNU', 'U937', 'VCAP', 'WSUDLCL2']",279
GW-843682X,60,"['A375', 'A549', 'A673', 'AGS', 'ASC', 'BT20', 'CL34', 'CORL23', 'COV644', 'DV90', 'EFO27', 'H1299', 'HA1E', 'HCC15', 'HCC515', 'HCT116', 'HEC108', 'HEPG2', 'HS578T', 'HT115', 'HT29', 'JHUEM2', 'LOVO', 'MCF10A', 'MCF7', 'MDAMB231', 'MDST8', 'NCIH1694', 'NCIH1836', 'NCIH2073', 'NCIH508', 'NCIH596', 'NEU', 'NOMO1', 'NPC', 'OV7', 'PC3', 'PL21', 'RKO', 'RMGI', 'RMUGS', 'SKB', 'SKBR3', 'SKLU1', 'SKM1', 'SKMEL1', 'SKMEL28', 'SNGM', 'SNU1040', 'SNUC4', 'SNUC5', 'SW480', 'SW620', 'SW948', 'T3M10', 'THP1', 'TYKNU', 'U937', 'VCAP', 'WSUDLCL2']",134
vorinostat,60,"['A375', 'A549', 'A673', 'AGS', 'ASC', 'CL34', 'CORL23', 'COV644', 'DV90', 'EFO27', 'FIBRNPC', 'H1299', 'HA1E', 'HCC15', 'HCC515', 'HCT116', 'HEC108', 'HEK293T', 'HEPG2', 'HT115', 'HT29', 'HUH7', 'JHUEM2', 'LOVO', 'MCF7', 'MDST8', 'NCIH1694', 'NCIH1836', 'NCIH2073', 'NCIH508', 'NCIH596', 'NEU', 'NKDBA', 'NOMO1', 'NPC', 'OV7', 'PC3', 'PHH', 'PL21', 'RKO', 'RMGI', 'RMUGS', 'SKB', 'SKLU1', 'SKM1', 'SKMEL1', 'SKMEL28', 'SNGM', 'SNU1040', 'SNUC4', 'SNUC5', 'SW480', 'SW620', 'SW948', 'T3M10', 'THP1', 'TYKNU', 'U937', 'VCAP', 'WSUDLCL2']",1323
tamoxifen,59,"['A375', 'A549', 'A673', 'AGS', 'ASC', 'CD34', 'CL34', 'CORL23', 'COV644', 'DV90', 'EFO27', 'FIBRNPC', 'H1299', 'HA1E', 'HCC15', 'HCC515', 'HCT116', 'HEC108', 'HEPG2', 'HL60', 'HT115', 'HT29', 'JHUEM2', 'LOVO', 'MCF7', 'MDST8', 'NCIH1694', 'NCIH1836', 'NCIH2073', 'NCIH508', 'NCIH596', 'NEU', 'NOMO1', 'NPC', 'OV7', 'PC3', 'PHH', 'PL21', 'RKO', 'RMGI', 'RMUGS', 'SKB', 'SKLU1', 'SKM1', 'SKMEL1', 'SKMEL28', 'SNGM', 'SNU1040', 'SNUC4', 'SNUC5', 'SW480', 'SW620', 'SW948', 'T3M10', 'THP1', 'TYKNU', 'U937', 'VCAP', 'WSUDLCL2']",261
AS-605240,59,"['A375', 'A549', 'A673', 'AGS', 'BT20', 'CL34', 'CORL23', 'COV644', 'DV90', 'EFO27', 'FIBRNPC', 'H1299', 'HA1E', 'HCC15', 'HCC515', 'HCT116', 'HEC108', 'HEPG2', 'HS578T', 'HT115', 'HT29', 'JHUEM2', 'LOVO', 'MCF10A', 'MCF7', 'MDAMB231', 'MDST8', 'NCIH1694', 'NCIH1836', 'NCIH2073', 'NCIH508', 'NCIH596', 'NEU', 'NOMO1', 'NPC', 'OV7', 'PC3', 'PL21', 'RKO', 'RMGI', 'RMUGS', 'SKBR3', 'SKLU1', 'SKM1', 'SKMEL1', 'SKMEL28', 'SNGM', 'SNU1040', 'SNUC4', 'SNUC5', 'SW480', 'SW620', 'SW948', 'T3M10', 'THP1', 'TYKNU', 'U937', 'VCAP', 'WSUDLCL2']",113
SB-216763,59,"['A375', 'A549', 'A673', 'AGS', 'BT20', 'CL34', 'CORL23', 'COV644', 'DV90', 'EFO27', 'FIBRNPC', 'H1299', 'HA1E', 'HCC15', 'HCC515', 'HCT116', 'HEC108', 'HEPG2', 'HS578T', 'HT115', 'HT29', 'JHUEM2', 'LOVO', 'MCF10A', 'MCF7', 'MDAMB231', 'MDST8', 'NCIH1694', 'NCIH1836', 'NCIH2073', 'NCIH508', 'NCIH596', 'NEU', 'NOMO1', 'NPC', 'OV7', 'PC3', 'PL21', 'RKO', 'RMGI', 'RMUGS', 'SKBR3', 'SKLU1', 'SKM1', 'SKMEL1', 'SKMEL28', 'SNGM', 'SNU1040', 'SNUC4', 'SNUC5', 'SW480', 'SW620', 'SW948', 'T3M10', 'THP1', 'TYKNU', 'U937', 'VCAP', 'WSUDLCL2']",113
PI-103,59,"['A375', 'A549', 'A673', 'AGS', 'BT20', 'CL34', 'CORL23', 'COV644', 'DV90', 'EFO27', 'FIBRNPC', 'H1299', 'HA1E', 'HCC15', 'HCC515', 'HCT116', 'HEC108', 'HEPG2', 'HS578T', 'HT115', 'HT29', 'JHUEM2', 'LOVO', 'MCF10A', 'MCF7', 'MDAMB231', 'MDST8', 'NCIH1694', 'NCIH1836', 'NCIH2073', 'NCIH508', 'NCIH596', 'NEU', 'NOMO1', 'NPC', 'OV7', 'PC3', 'PL21', 'RKO', 'RMGI', 'RMUGS', 'SKBR3', 'SKLU1', 'SKM1', 'SKMEL1', 'SKMEL28', 'SNGM', 'SNU1040', 'SNUC4', 'SNUC5', 'SW480', 'SW620', 'SW948', 'T3M10', 'THP1', 'TYKNU', 'U937', 'VCAP', 'WSUDLCL2']",113
calcitriol,59,"['A375', 'A549', 'A673', 'AGS', 'ASC', 'CD34', 'CL34', 'CORL23', 'COV644', 'DV90', 'EFO27', 'FIBRNPC', 'H1299', 'HA1E', 'HCC15', 'HCC515', 'HCT116', 'HEC108', 'HEPG2', 'HL60', 'HT115', 'HT29', 'JHUEM2', 'LOVO', 'MCF7', 'MDST8', 'NCIH1694', 'NCIH1836', 'NCIH2073', 'NCIH508', 'NCIH596', 'NEU', 'NOMO1', 'NPC', 'OV7', 'PC3', 'PHH', 'PL21', 'RKO', 'RMGI', 'RMUGS', 'SKB', 'SKLU1', 'SKM1', 'SKMEL1', 'SKMEL28', 'SNGM', 'SNU1040', 'SNUC4', 'SNUC5', 'SW480', 'SW620', 'SW948', 'T3M10', 'THP1', 'TYKNU', 'U937', 'VCAP', 'WSUDLCL2']",125
forskolin,58,"['A375', 'A549', 'A673', 'AGS', 'ASC', 'CL34', 'CORL23', 'COV644', 'DV90', 'EFO27', 'FIBRNPC', 'H1299', 'HA1E', 'HCC15', 'HCC515', 'HCT116', 'HEC108', 'HEPG2', 'HT115', 'HT29', 'JHUEM2', 'LOVO', 'MCF7', 'MDST8', 'NCIH1694', 'NCIH1836', 'NCIH2073', 'NCIH508', 'NCIH596', 'NEU', 'NKDBA', 'NOMO1', 'NPC', 'OV7', 'PC3', 'PHH', 'PL21', 'RKO', 'RMGI', 'RMUGS', 'SKB', 'SKLU1', 'SKM1', 'SKMEL1', 'SKMEL28', 'SNGM', 'SNU1040', 'SNUC4', 'SNUC5', 'SW480', 'SW620', 'SW948', 'T3M10', 'THP1', 'TYKNU', 'U937', 'VCAP', 'WSUDLCL2']",141
PD-98059,58,"['A375', 'A549', 'A673', 'AGS', 'ASC', 'CL34', 'CORL23', 'COV644', 'DV90', 'EFO27', 'FIBRNPC', 'H1299', 'HA1E', 'HCC15', 'HCC515', 'HCT116', 'HEC108', 'HEPG2', 'HT115', 'HT29', 'HUH7', 'JHUEM2', 'LOVO', 'MCF7', 'MDST8', 'NCIH1694', 'NCIH1836', 'NCIH2073', 'NCIH508', 'NCIH596', 'NEU', 'NOMO1', 'NPC', 'OV7', 'PC3', 'PHH', 'PL21', 'RKO', 'RMGI', 'RMUGS', 'SKB', 'SKLU1', 'SKM1', 'SKMEL1', 'SKMEL28', 'SNGM', 'SNU1040', 'SNUC4', 'SNUC5', 'SW480', 'SW620', 'SW948', 'T3M10', 'THP1', 'TYKNU', 'U937', 'VCAP', 'WSUDLCL2']",96
niclosamide,58,"['A375', 'A549', 'A673', 'AGS', 'ASC', 'CL34', 'CORL23', 'COV644', 'DV90', 'EFO27', 'FIBRNPC', 'H1299', 'HA1E', 'HCC15', 'HCC515', 'HCT116', 'HEC108', 'HEPG2', 'HT115', 'HT29', 'JHUEM2', 'LOVO', 'MCF7', 'MDST8', 'NCIH1694', 'NCIH1836', 'NCIH2073', 'NCIH508', 'NCIH596', 'NEU', 'NKDBA', 'NOMO1', 'NPC', 'OV7', 'PC3', 'PHH', 'PL21', 'RKO', 'RMGI', 'RMUGS', 'SKB', 'SKLU1', 'SKM1', 'SKMEL1', 'SKMEL28', 'SNGM', 'SNU1040', 'SNUC4', 'SNUC5', 'SW480', 'SW620', 'SW948', 'T3M10', 'THP1', 'TYKNU', 'U937', 'VCAP', 'WSUDLCL2']",139
simvastatin,58,"['A375', 'A549', 'A673', 'AGS', 'ASC', 'CL34', 'CORL23', 'COV644', 'DV90', 'EFO27', 'FIBRNPC', 'H1299', 'HA1E', 'HCC15', 'HCC515', 'HCT116', 'HEC108', 'HEPG2', 'HT115', 'HT29', 'HUH7', 'JHUEM2', 'LOVO', 'MCF7', 'MDST8', 'NCIH1694', 'NCIH1836', 'NCIH2073', 'NCIH508', 'NCIH596', 'NEU', 'NOMO1', 'NPC', 'OV7', 'PC3', 'PHH', 'PL21', 'RKO', 'RMGI', 'RMUGS', 'SKB', 'SKLU1', 'SKM1', 'SKMEL1', 'SKMEL28', 'SNGM', 'SNU1040', 'SNUC4', 'SNUC5', 'SW480', 'SW620', 'SW948', 'T3M10', 'THP1', 'TYKNU', 'U937', 'VCAP', 'WSUDLCL2']",119
AM-580,58,"['A375', 'A549', 'A673', 'AGS', 'ASC', 'CL34', 'CORL23', 'COV644', 'DV90', 'EFO27', 'FIBRNPC', 'H1299', 'HA1E', 'HCC15', 'HCC515', 'HCT116', 'HEC108', 'HEPG2', 'HT115', 'HT29', 'JHUEM2', 'LOVO', 'MCF7', 'MDST8', 'NCIH1694', 'NCIH1836', 'NCIH2073', 'NCIH508', 'NCIH596', 'NEU', 'NKDBA', 'NOMO1', 'NPC', 'OV7', 'PC3', 'PHH', 'PL21', 'RKO', 'RMGI', 'RMUGS', 'SKB', 'SKLU1', 'SKM1', 'SKMEL1', 'SKMEL28', 'SNGM', 'SNU1040', 'SNUC4', 'SNUC5', 'SW480', 'SW620', 'SW948', 'T3M10', 'THP1', 'TYKNU', 'U937', 'VCAP', 'WSUDLCL2']",132
parthenolide,58,"['A375', 'A549', 'A673', 'AGS', 'ASC', 'CL34', 'CORL23', 'COV644', 'DV90', 'EFO27', 'H1299', 'HA1E', 'HCC15', 'HCC515', 'HCT116', 'HEC108', 'HEPG2', 'HS27A', 'HT115', 'HT29', 'JHUEM2', 'LOVO', 'MCF7', 'MDST8', 'NCIH1694', 'NCIH1836', 'NCIH2073', 'NCIH508', 'NCIH596', 'NEU', 'NKDBA', 'NOMO1', 'NPC', 'OV7', 'PC3', 'PHH', 'PL21', 'RKO', 'RMGI', 'RMUGS', 'SKB', 'SKLU1', 'SKM1', 'SKMEL1', 'SKMEL28', 'SNGM', 'SNU1040', 'SNUC4', 'SNUC5', 'SW480', 'SW620', 'SW948', 'T3M10', 'THP1', 'TYKNU', 'U937', 'VCAP', 'WSUDLCL2']",174
tretinoin,58,"['A375', 'A549', 'A673', 'AGS', 'ASC', 'CD34', 'CL34', 'CORL23', 'COV644', 'DV90', 'EFO27', 'FIBRNPC', 'H1299', 'HA1E', 'HCC15', 'HCC515', 'HCT116', 'HEC108', 'HEPG2', 'HL60', 'HT29', 'JHUEM2', 'LOVO', 'MCF7', 'MDST8', 'NCIH1694', 'NCIH1836', 'NCIH2073', 'NCIH508', 'NCIH596', 'NEU', 'NKDBA', 'NPC', 'OV7', 'PC3', 'PHH', 'PL21', 'RKO', 'RMGI', 'RMUGS', 'SKB', 'SKLU1', 'SKM1', 'SKMEL1', 'SKMEL28', 'SNGM', 'SNU1040', 'SNUC4', 'SNUC5', 'SW480', 'SW620', 'SW948', 'T3M10', 'THP1', 'TYKNU', 'U937', 'VCAP', 'WSUDLCL2']",221
lovastatin,58,"['A375', 'A549', 'A673', 'AGS', 'ASC', 'CL34', 'CORL23', 'COV644', 'DV90', 'EFO27', 'FIBRNPC', 'H1299', 'HA1E', 'HCC15', 'HCC515', 'HCT116', 'HEC108', 'HEPG2', 'HS27A', 'HT115', 'HT29', 'JHUEM2', 'LOVO', 'MCF7', 'MDST8', 'NCIH1694', 'NCIH1836', 'NCIH2073', 'NCIH508', 'NCIH596', 'NEU', 'NOMO1', 'NPC', 'OV7', 'PC3', 'PHH', 'PL21', 'RKO', 'RMGI', 'RMUGS', 'SKB', 'SKLU1', 'SKM1', 'SKMEL1', 'SKMEL28', 'SNGM', 'SNU1040', 'SNUC4', 'SNUC5', 'SW480', 'SW620', 'SW948', 'T3M10', 'THP1', 'TYKNU', 'U937', 'VCAP', 'WSUDLCL2']",109
clonidine,57,"['A375', 'A549', 'A673', 'AGS', 'ASC', 'CL34', 'CORL23', 'COV644', 'DV90', 'EFO27', 'FIBRNPC', 'H1299', 'HA1E', 'HCC15', 'HCC515', 'HCT116', 'HEC108', 'HEPG2', 'HT115', 'HT29', 'JHUEM2', 'LOVO', 'MCF7', 'MDST8', 'NCIH1694', 'NCIH1836', 'NCIH2073', 'NCIH508', 'NCIH596', 'NEU', 'NOMO1', 'NPC', 'OV7', 'PC3', 'PHH', 'PL21', 'RKO', 'RMGI', 'RMUGS', 'SKB', 'SKLU1', 'SKM1', 'SKMEL1', 'SKMEL28', 'SNGM', 'SNU1040', 'SNUC4', 'SNUC5', 'SW480', 'SW620', 'SW948', 'T3M10', 'THP1', 'TYKNU', 'U937', 'VCAP', 'WSUDLCL2']",99
15-delta-prostaglandin-j2,57,"['A375', 'A549', 'A673', 'AGS', 'ASC', 'CL34', 'CORL23', 'COV644', 'DV90', 'EFO27', 'FIBRNPC', 'H1299', 'HA1E', 'HCC15', 'HCC515', 'HCT116', 'HEC108', 'HEPG2', 'HT115', 'HT29', 'JHUEM2', 'LOVO', 'MCF7', 'MDST8', 'NCIH1694', 'NCIH1836', 'NCIH2073', 'NCIH508', 'NCIH596', 'NEU', 'NOMO1', 'NPC', 'OV7', 'PC3', 'PHH', 'PL21', 'RKO', 'RMGI', 'RMUGS', 'SKB', 'SKLU1', 'SKM1', 'SKMEL1', 'SKMEL28', 'SNGM', 'SNU1040', 'SNUC4', 'SNUC5', 'SW480', 'SW620', 'SW948', 'T3M10', 'THP1', 'TYKNU', 'U937', 'VCAP', 'WSUDLCL2']",109
loperamide,57,"['A375', 'A549', 'A673', 'AGS', 'ASC', 'CL34', 'CORL23', 'COV644', 'DV90', 'EFO27', 'FIBRNPC', 'H1299', 'HA1E', 'HCC15', 'HCC515', 'HCT116', 'HEC108', 'HEPG2', 'HT115', 'HT29', 'JHUEM2', 'LOVO', 'MCF7', 'MDST8', 'NCIH1694', 'NCIH1836', 'NCIH2073', 'NCIH508', 'NCIH596', 'NEU', 'NOMO1', 'NPC', 'OV7', 'PC3', 'PHH', 'PL21', 'RKO', 'RMGI', 'RMUGS', 'SKB', 'SKLU1', 'SKM1', 'SKMEL1', 'SKMEL28', 'SNGM', 'SNU1040', 'SNUC4', 'SNUC5', 'SW480', 'SW620', 'SW948', 'T3M10', 'THP1', 'TYKNU', 'U937', 'VCAP', 'WSUDLCL2']",95
resveratrol,57,"['A375', 'A549', 'A673', 'AGS', 'ASC', 'CL34', 'CORL23', 'COV644', 'DV90', 'EFO27', 'FIBRNPC', 'H1299', 'HA1E', 'HCC15', 'HCC515', 'HCT116', 'HEC108', 'HEPG2', 'HT115', 'HT29', 'JHUEM2', 'LOVO', 'MCF7', 'MDST8', 'NCIH1694', 'NCIH1836', 'NCIH2073', 'NCIH508', 'NCIH596', 'NEU', 'NOMO1', 'NPC', 'OV7', 'PC3', 'PHH', 'PL21', 'RKO', 'RMGI', 'RMUGS', 'SKB', 'SKLU1', 'SKM1', 'SKMEL1', 'SKMEL28', 'SNGM', 'SNU1040', 'SNUC4', 'SNUC5', 'SW480', 'SW620', 'SW948', 'T3M10', 'THP1', 'TYKNU', 'U937', 'VCAP', 'WSUDLCL2']",170
rolipram,57,"['A375', 'A549', 'A673', 'AGS', 'ASC', 'CL34', 'CORL23', 'COV644', 'DV90', 'EFO27', 'FIBRNPC', 'H1299', 'HA1E', 'HCC15', 'HCC515', 'HCT116', 'HEC108', 'HEPG2', 'HT115', 'HT29', 'JHUEM2', 'LOVO', 'MCF7', 'MDST8', 'NCIH1694', 'NCIH1836', 'NCIH2073', 'NCIH508', 'NCIH596', 'NEU', 'NOMO1', 'NPC', 'OV7', 'PC3', 'PHH', 'PL21', 'RKO', 'RMGI', 'RMUGS', 'SKB', 'SKLU1', 'SKM1', 'SKMEL1', 'SKMEL28', 'SNGM', 'SNU1040', 'SNUC4', 'SNUC5', 'SW480', 'SW620', 'SW948', 'T3M10', 'THP1', 'TYKNU', 'U937', 'VCAP', 'WSUDLCL2']",103
tolazamide,57,"['A375', 'A549', 'A673', 'AGS', 'ASC', 'CL34', 'CORL23', 'COV644', 'DV90', 'EFO27', 'FIBRNPC', 'H1299', 'HA1E', 'HCC15', 'HCC515', 'HCT116', 'HEC108', 'HEPG2', 'HT115', 'HT29', 'JHUEM2', 'LOVO', 'MCF7', 'MDST8', 'NCIH1694', 'NCIH1836', 'NCIH2073', 'NCIH508', 'NCIH596', 'NEU', 'NOMO1', 'NPC', 'OV7', 'PC3', 'PHH', 'PL21', 'RKO', 'RMGI', 'RMUGS', 'SKB', 'SKLU1', 'SKM1', 'SKMEL1', 'SKMEL28', 'SNGM', 'SNU1040', 'SNUC4', 'SNUC5', 'SW480', 'SW620', 'SW948', 'T3M10', 'THP1', 'TYKNU', 'U937', 'VCAP', 'WSUDLCL2']",107
verapamil,57,"['A375', 'A549', 'A673', 'AGS', 'ASC', 'CL34', 'CORL23', 'COV644', 'DV90', 'EFO27', 'FIBRNPC', 'H1299', 'HA1E', 'HCC15', 'HCC515', 'HCT116', 'HEC108', 'HEPG2', 'HT115', 'HT29', 'JHUEM2', 'LOVO', 'MCF7', 'MDST8', 'NCIH1694', 'NCIH1836', 'NCIH2073', 'NCIH508', 'NCIH596', 'NEU', 'NOMO1', 'NPC', 'OV7', 'PC3', 'PHH', 'PL21', 'RKO', 'RMGI', 'RMUGS', 'SKB', 'SKLU1', 'SKM1', 'SKMEL1', 'SKMEL28', 'SNGM', 'SNU1040', 'SNUC4', 'SNUC5', 'SW480', 'SW620', 'SW948', 'T3M10', 'THP1', 'TYKNU', 'U937', 'VCAP', 'WSUDLCL2']",98
fluspirilene,57,"['A375', 'A549', 'A673', 'AGS', 'ASC', 'CL34', 'CORL23', 'COV644', 'DV90', 'EFO27', 'FIBRNPC', 'H1299', 'HA1E', 'HCC15', 'HCC515', 'HCT116', 'HEC108', 'HEPG2', 'HT115', 'HT29', 'JHUEM2', 'LOVO', 'MCF7', 'MDST8', 'NCIH1694', 'NCIH1836', 'NCIH2073', 'NCIH508', 'NCIH596', 'NEU', 'NOMO1', 'NPC', 'OV7', 'PC3', 'PHH', 'PL21', 'RKO', 'RMGI', 'RMUGS', 'SKB', 'SKLU1', 'SKM1', 'SKMEL1', 'SKMEL28', 'SNGM', 'SNU1040', 'SNUC4', 'SNUC5', 'SW480', 'SW620', 'SW948', 'T3M10', 'THP1', 'TYKNU', 'U937', 'VCAP', 'WSUDLCL2']",92
rottlerin,57,"['A375', 'A549', 'A673', 'AGS', 'ASC', 'CL34', 'CORL23', 'COV644', 'DV90', 'EFO27', 'FIBRNPC', 'H1299', 'HA1E', 'HCC15', 'HCC515', 'HCT116', 'HEC108', 'HEPG2', 'HT115', 'HT29', 'JHUEM2', 'LOVO', 'MCF7', 'MDST8', 'NCIH1694', 'NCIH1836', 'NCIH2073', 'NCIH508', 'NCIH596', 'NEU', 'NOMO1', 'NPC', 'OV7', 'PC3', 'PHH', 'PL21', 'RKO', 'RMGI', 'RMUGS', 'SKB', 'SKLU1', 'SKM1', 'SKMEL1', 'SKMEL28', 'SNGM', 'SNU1040', 'SNUC4', 'SNUC5', 'SW480', 'SW620', 'SW948', 'T3M10', 'THP1', 'TYKNU', 'U937', 'VCAP', 'WSUDLCL2']",119
dexamethasone,57,"['A375', 'A549', 'A673', 'AGS', 'ASC', 'CL34', 'CORL23', 'COV644', 'DV90', 'EFO27', 'FIBRNPC', 'H1299', 'HA1E', 'HCC15', 'HCC515', 'HCT116', 'HEC108', 'HEPG2', 'HT115', 'HT29', 'JHUEM2', 'LOVO', 'MCF7', 'MDST8', 'NCIH1694', 'NCIH1836', 'NCIH2073', 'NCIH508', 'NCIH596', 'NEU', 'NOMO1', 'NPC', 'OV7', 'PC3', 'PHH', 'PL21', 'RKO', 'RMGI', 'RMUGS', 'SKB', 'SKLU1', 'SKM1', 'SKMEL1', 'SKMEL28', 'SNGM', 'SNU1040', 'SNUC4', 'SNUC5', 'SW480', 'SW620', 'SW948', 'T3M10', 'THP1', 'TYKNU', 'U937', 'VCAP', 'WSUDLCL2']",221
nimodipine,57,"['A375', 'A549', 'A673', 'AGS', 'ASC', 'CL34', 'CORL23', 'COV644', 'DV90', 'EFO27', 'FIBRNPC', 'H1299', 'HA1E', 'HCC15', 'HCC515', 'HCT116', 'HEC108', 'HEPG2', 'HT115', 'HT29', 'JHUEM2', 'LOVO', 'MCF7', 'MDST8', 'NCIH1694', 'NCIH1836', 'NCIH2073', 'NCIH508', 'NCIH596', 'NEU', 'NOMO1', 'NPC', 'OV7', 'PC3', 'PHH', 'PL21', 'RKO', 'RMGI', 'RMUGS', 'SKB', 'SKLU1', 'SKM1', 'SKMEL1', 'SKMEL28', 'SNGM', 'SNU1040', 'SNUC4', 'SNUC5', 'SW480', 'SW620', 'SW948', 'T3M10', 'THP1', 'TYKNU', 'U937', 'VCAP', 'WSUDLCL2']",105
pifithrin-mu,57,"['A375', 'A549', 'A673', 'AGS', 'ASC', 'CORL23', 'COV644', 'DV90', 'EFO27', 'FIBRNPC', 'H1299', 'HA1E', 'HCC15', 'HCC515', 'HCT116', 'HEC108', 'HEPG2', 'HT115', 'HT29', 'JHUEM2', 'LOVO', 'MCF7', 'MDST8', 'NCIH1694', 'NCIH1836', 'NCIH2073', 'NCIH508', 'NCIH596', 'NEU', 'NKDBA', 'NOMO1', 'NPC', 'OV7', 'PC3', 'PHH', 'PL21', 'RKO', 'RMGI', 'RMUGS', 'SKB', 'SKLU1', 'SKM1', 'SKMEL1', 'SKMEL28', 'SNGM', 'SNU1040', 'SNUC4', 'SNUC5', 'SW480', 'SW620', 'SW948', 'T3M10', 'THP1', 'TYKNU', 'U937', 'VCAP', 'WSUDLCL2']",146
carbamazepine,57,"['A375', 'A549', 'A673', 'AGS', 'ASC', 'CL34', 'CORL23', 'COV644', 'DV90', 'EFO27', 'FIBRNPC', 'H1299', 'HA1E', 'HCC15', 'HCC515', 'HCT116', 'HEC108', 'HEPG2', 'HT115', 'HT29', 'JHUEM2', 'LOVO', 'MCF7', 'MDST8', 'NCIH1694', 'NCIH1836', 'NCIH2073', 'NCIH508', 'NCIH596', 'NEU', 'NOMO1', 'NPC', 'OV7', 'PC3', 'PHH', 'PL21', 'RKO', 'RMGI', 'RMUGS', 'SKB', 'SKLU1', 'SKM1', 'SKMEL1', 'SKMEL28', 'SNGM', 'SNU1040', 'SNUC4', 'SNUC5', 'SW480', 'SW620', 'SW948', 'T3M10', 'THP1', 'TYKNU', 'U937', 'VCAP', 'WSUDLCL2']",102
rosiglitazone,57,"['A375', 'A549', 'A673', 'AGS', 'ASC', 'CL34', 'CORL23', 'COV644', 'DV90', 'EFO27', 'FIBRNPC', 'H1299', 'HA1E', 'HCC15', 'HCC515', 'HCT116', 'HEC108', 'HEPG2', 'HT115', 'HT29', 'JHUEM2', 'LOVO', 'MCF7', 'MDST8', 'NCIH1694', 'NCIH1836', 'NCIH2073', 'NCIH508', 'NCIH596', 'NEU', 'NOMO1', 'NPC', 'OV7', 'PC3', 'PHH', 'PL21', 'RKO', 'RMGI', 'RMUGS', 'SKB', 'SKLU1', 'SKM1', 'SKMEL1', 'SKMEL28', 'SNGM', 'SNU1040', 'SNUC4', 'SNUC5', 'SW480', 'SW620', 'SW948', 'T3M10', 'THP1', 'TYKNU', 'U937', 'VCAP', 'WSUDLCL2']",110
nitrendipine,57,"['A375', 'A549', 'A673', 'AGS', 'ASC', 'CL34', 'CORL23', 'COV644', 'DV90', 'EFO27', 'FIBRNPC', 'H1299', 'HA1E', 'HCC15', 'HCC515', 'HCT116', 'HEC108', 'HEPG2', 'HT115', 'HT29', 'JHUEM2', 'LOVO', 'MCF7', 'MDST8', 'NCIH1694', 'NCIH1836', 'NCIH2073', 'NCIH508', 'NCIH596', 'NEU', 'NOMO1', 'NPC', 'OV7', 'PC3', 'PHH', 'PL21', 'RKO', 'RMGI', 'RMUGS', 'SKB', 'SKLU1', 'SKM1', 'SKMEL1', 'SKMEL28', 'SNGM', 'SNU1040', 'SNUC4', 'SNUC5', 'SW480', 'SW620', 'SW948', 'T3M10', 'THP1', 'TYKNU', 'U937', 'VCAP', 'WSUDLCL2']",103
LY-2183240,57,"['A375', 'A549', 'A673', 'AGS', 'ASC', 'CL34', 'CORL23', 'COV644', 'DV90', 'EFO27', 'H1299', 'HA1E', 'HCC15', 'HCC515', 'HCT116', 'HEC108', 'HEPG2', 'HT115', 'HT29', 'HUH7', 'JHUEM2', 'LOVO', 'MCF7', 'MDST8', 'NCIH1694', 'NCIH1836', 'NCIH2073', 'NCIH508', 'NCIH596', 'NEU', 'NOMO1', 'NPC', 'OV7', 'PC3', 'PHH', 'PL21', 'RKO', 'RMGI', 'RMUGS', 'SKB', 'SKLU1', 'SKM1', 'SKMEL1', 'SKMEL28', 'SNGM', 'SNU1040', 'SNUC4', 'SNUC5', 'SW480', 'SW620', 'SW948', 'T3M10', 'THP1', 'TYKNU', 'U937', 'VCAP', 'WSUDLCL2']",90
thalidomide,57,"['A375', 'A549', 'A673', 'AGS', 'ASC', 'CL34', 'CORL23', 'COV644', 'DV90', 'EFO27', 'FIBRNPC', 'H1299', 'HA1E', 'HCC15', 'HCC515', 'HCT116', 'HEC108', 'HEPG2', 'HT115', 'HT29', 'JHUEM2', 'LOVO', 'MCF7', 'MDST8', 'NCIH1694', 'NCIH1836', 'NCIH2073', 'NCIH508', 'NCIH596', 'NEU', 'NOMO1', 'NPC', 'OV7', 'PC3', 'PHH', 'PL21', 'RKO', 'RMGI', 'RMUGS', 'SKB', 'SKLU1', 'SKM1', 'SKMEL1', 'SKMEL28', 'SNGM', 'SNU1040', 'SNUC4', 'SNUC5', 'SW480', 'SW620', 'SW948', 'T3M10', 'THP1', 'TYKNU', 'U937', 'VCAP', 'WSUDLCL2']",102
niguldipine,57,"['A375', 'A549', 'A673', 'AGS', 'ASC', 'CL34', 'CORL23', 'COV644', 'DV90', 'EFO27', 'FIBRNPC', 'H1299', 'HA1E', 'HCC15', 'HCC515', 'HCT116', 'HEC108', 'HEPG2', 'HT115', 'HT29', 'JHUEM2', 'LOVO', 'MCF7', 'MDST8', 'NCIH1694', 'NCIH1836', 'NCIH2073', 'NCIH508', 'NCIH596', 'NEU', 'NOMO1', 'NPC', 'OV7', 'PC3', 'PHH', 'PL21', 'RKO', 'RMGI', 'RMUGS', 'SKB', 'SKLU1', 'SKM1', 'SKMEL1', 'SKMEL28', 'SNGM', 'SNU1040', 'SNUC4', 'SNUC5', 'SW480', 'SW620', 'SW948', 'T3M10', 'THP1', 'TYKNU', 'U937', 'VCAP', 'WSUDLCL2']",82
pimozide,57,"['A375', 'A549', 'A673', 'AGS', 'ASC', 'CL34', 'CORL23', 'COV644', 'DV90', 'EFO27', 'FIBRNPC', 'H1299', 'HA1E', 'HCC15', 'HCC515', 'HCT116', 'HEC108', 'HEPG2', 'HT115', 'HT29', 'JHUEM2', 'LOVO', 'MCF7', 'MDST8', 'NCIH1694', 'NCIH1836', 'NCIH2073', 'NCIH508', 'NCIH596', 'NEU', 'NOMO1', 'NPC', 'OV7', 'PC3', 'PHH', 'PL21', 'RKO', 'RMGI', 'RMUGS', 'SKB', 'SKLU1', 'SKM1', 'SKMEL1', 'SKMEL28', 'SNGM', 'SNU1040', 'SNUC4', 'SNUC5', 'SW480', 'SW620', 'SW948', 'T3M10', 'THP1', 'TYKNU', 'U937', 'VCAP', 'WSUDLCL2']",86
rilmenidine,57,"['A375', 'A549', 'A673', 'AGS', 'ASC', 'CL34', 'CORL23', 'COV644', 'DV90', 'EFO27', 'FIBRNPC', 'H1299', 'HA1E', 'HCC15', 'HCC515', 'HCT116', 'HEC108', 'HEPG2', 'HT115', 'HT29', 'JHUEM2', 'LOVO', 'MCF7', 'MDST8', 'NCIH1694', 'NCIH1836', 'NCIH2073', 'NCIH508', 'NCIH596', 'NEU', 'NOMO1', 'NPC', 'OV7', 'PC3', 'PHH', 'PL21', 'RKO', 'RMGI', 'RMUGS', 'SKB', 'SKLU1', 'SKM1', 'SKMEL1', 'SKMEL28', 'SNGM', 'SNU1040', 'SNUC4', 'SNUC5', 'SW480', 'SW620', 'SW948', 'T3M10', 'THP1', 'TYKNU', 'U937', 'VCAP', 'WSUDLCL2']",84
minoxidil,57,"['A375', 'A549', 'A673', 'AGS', 'ASC', 'CL34', 'CORL23', 'COV644', 'DV90', 'EFO27', 'FIBRNPC', 'H1299', 'HA1E', 'HCC15', 'HCC515', 'HCT116', 'HEC108', 'HEPG2', 'HT115', 'HT29', 'JHUEM2', 'LOVO', 'MCF7', 'MDST8', 'NCIH1694', 'NCIH1836', 'NCIH2073', 'NCIH508', 'NCIH596', 'NEU', 'NOMO1', 'NPC', 'OV7', 'PC3', 'PHH', 'PL21', 'RKO', 'RMGI', 'RMUGS', 'SKB', 'SKLU1', 'SKM1', 'SKMEL1', 'SKMEL28', 'SNGM', 'SNU1040', 'SNUC4', 'SNUC5', 'SW480', 'SW620', 'SW948', 'T3M10', 'THP1', 'TYKNU', 'U937', 'VCAP', 'WSUDLCL2']",98
ARP-101,56,"['A375', 'A549', 'A673', 'AGS', 'ASC', 'CL34', 'CORL23', 'COV644', 'DV90', 'EFO27', 'H1299', 'HA1E', 'HCC15', 'HCC515', 'HCT116', 'HEC108', 'HEPG2', 'HT115', 'HT29', 'JHUEM2', 'LOVO', 'MCF7', 'MDST8', 'NCIH1694', 'NCIH1836', 'NCIH2073', 'NCIH508', 'NCIH596', 'NKDBA', 'NOMO1', 'NPC', 'OV7', 'PC3', 'PHH', 'PL21', 'RKO', 'RMGI', 'RMUGS', 'SKB', 'SKLU1', 'SKM1', 'SKMEL1', 'SKMEL28', 'SNGM', 'SNU1040', 'SNUC4', 'SNUC5', 'SW480', 'SW620', 'SW948', 'T3M10', 'THP1', 'TYKNU', 'U937', 'VCAP', 'WSUDLCL2']",90
AZD-8055,56,"['A375', 'A549', 'A673', 'AGS', 'BT20', 'CL34', 'CORL23', 'COV644', 'DV90', 'EFO27', 'H1299', 'HA1E', 'HCC15', 'HCC515', 'HCT116', 'HEC108', 'HEPG2', 'HS578T', 'HT115', 'HT29', 'JHUEM2', 'LOVO', 'MCF10A', 'MCF7', 'MDAMB231', 'MDST8', 'NCIH1694', 'NCIH1836', 'NCIH2073', 'NCIH508', 'NCIH596', 'NOMO1', 'OV7', 'PC3', 'PL21', 'RKO', 'RMGI', 'RMUGS', 'SKBR3', 'SKLU1', 'SKM1', 'SKMEL1', 'SKMEL28', 'SNGM', 'SNU1040', 'SNUC4', 'SNUC5', 'SW480', 'SW620', 'SW948', 'T3M10', 'THP1', 'TYKNU', 'U937', 'VCAP', 'WSUDLCL2']",107
emetine,56,"['A375', 'A549', 'A673', 'AGS', 'ASC', 'CL34', 'CORL23', 'COV644', 'DV90', 'EFO27', 'H1299', 'HA1E', 'HCC15', 'HCC515', 'HCT116', 'HEC108', 'HEPG2', 'HT115', 'HT29', 'HUH7', 'JHUEM2', 'LOVO', 'MCF7', 'MDST8', 'NCIH1694', 'NCIH1836', 'NCIH2073', 'NCIH508', 'NCIH596', 'NOMO1', 'NPC', 'OV7', 'PC3', 'PHH', 'PL21', 'RKO', 'RMGI', 'RMUGS', 'SKB', 'SKLU1', 'SKM1', 'SKMEL1', 'SKMEL28', 'SNGM', 'SNU1040', 'SNUC4', 'SNUC5', 'SW480', 'SW620', 'SW948', 'T3M10', 'THP1', 'TYKNU', 'U937', 'VCAP', 'WSUDLCL2']",141
BI-2536,56,"['A375', 'A549', 'A673', 'AGS', 'BT20', 'CL34', 'CORL23', 'COV644', 'DV90', 'EFO27', 'H1299', 'HA1E', 'HCC15', 'HCC515', 'HCT116', 'HEC108', 'HEPG2', 'HS578T', 'HT115', 'HT29', 'JHUEM2', 'LOVO', 'MCF10A', 'MCF7', 'MDAMB231', 'MDST8', 'NCIH1694', 'NCIH1836', 'NCIH2073', 'NCIH508', 'NCIH596', 'NOMO1', 'OV7', 'PC3', 'PL21', 'RKO', 'RMGI', 'RMUGS', 'SKBR3', 'SKLU1', 'SKM1', 'SKMEL1', 'SKMEL28', 'SNGM', 'SNU1040', 'SNUC4', 'SNUC5', 'SW480', 'SW620', 'SW948', 'T3M10', 'THP1', 'TYKNU', 'U937', 'VCAP', 'WSUDLCL2']",115
bucladesine,56,"['A375', 'A549', 'A673', 'AGS', 'ASC', 'CL34', 'CORL23', 'COV644', 'DV90', 'EFO27', 'H1299', 'HA1E', 'HCC15', 'HCC515', 'HCT116', 'HEC108', 'HEPG2', 'HT115', 'HT29', 'HUH7', 'JHUEM2', 'LOVO', 'MCF7', 'MDST8', 'NCIH1694', 'NCIH1836', 'NCIH2073', 'NCIH508', 'NCIH596', 'NOMO1', 'NPC', 'OV7', 'PC3', 'PHH', 'PL21', 'RKO', 'RMGI', 'RMUGS', 'SKB', 'SKLU1', 'SKM1', 'SKMEL1', 'SKMEL28', 'SNGM', 'SNU1040', 'SNUC4', 'SNUC5', 'SW480', 'SW620', 'SW948', 'T3M10', 'THP1', 'TYKNU', 'U937', 'VCAP', 'WSUDLCL2']",132
Y-27632,56,"['A375', 'A549', 'A673', 'AGS', 'BT20', 'CL34', 'CORL23', 'COV644', 'DV90', 'EFO27', 'H1299', 'HA1E', 'HCC15', 'HCC515', 'HCT116', 'HEC108', 'HEPG2', 'HS578T', 'HT115', 'HT29', 'JHUEM2', 'LOVO', 'MCF10A', 'MCF7', 'MDAMB231', 'MDST8', 'NCIH1694', 'NCIH1836', 'NCIH2073', 'NCIH508', 'NCIH596', 'NOMO1', 'OV7', 'PC3', 'PL21', 'RKO', 'RMGI', 'RMUGS', 'SKBR3', 'SKLU1', 'SKM1', 'SKMEL1', 'SKMEL28', 'SNGM', 'SNU1040', 'SNUC4', 'SNUC5', 'SW480', 'SW620', 'SW948', 'T3M10', 'THP1', 'TYKNU', 'U937', 'VCAP', 'WSUDLCL2']",122
MK-2206,56,"['A375', 'A549', 'A673', 'AGS', 'BT20', 'CL34', 'CORL23', 'COV644', 'DV90', 'EFO27', 'H1299', 'HA1E', 'HCC15', 'HCC515', 'HCT116', 'HEC108', 'HEPG2', 'HS578T', 'HT115', 'HT29', 'JHUEM2', 'LOVO', 'MCF10A', 'MCF7', 'MDAMB231', 'MDST8', 'NCIH1694', 'NCIH1836', 'NCIH2073', 'NCIH508', 'NCIH596', 'NOMO1', 'OV7', 'PC3', 'PL21', 'RKO', 'RMGI', 'RMUGS', 'SKBR3', 'SKLU1', 'SKM1', 'SKMEL1', 'SKMEL28', 'SNGM', 'SNU1040', 'SNUC4', 'SNUC5', 'SW480', 'SW620', 'SW948', 'T3M10', 'THP1', 'TYKNU', 'U937', 'VCAP', 'WSUDLCL2']",107
MK-1775,56,"['A375', 'A549', 'A673', 'AGS', 'BT20', 'CL34', 'CORL23', 'COV644', 'DV90', 'EFO27', 'H1299', 'HA1E', 'HCC15', 'HCC515', 'HCT116', 'HEC108', 'HEPG2', 'HS578T', 'HT115', 'HT29', 'JHUEM2', 'LOVO', 'MCF10A', 'MCF7', 'MDAMB231', 'MDST8', 'NCIH1694', 'NCIH1836', 'NCIH2073', 'NCIH508', 'NCIH596', 'NOMO1', 'OV7', 'PC3', 'PL21', 'RKO', 'RMGI', 'RMUGS', 'SKBR3', 'SKLU1', 'SKM1', 'SKMEL1', 'SKMEL28', 'SNGM', 'SNU1040', 'SNUC4', 'SNUC5', 'SW480', 'SW620', 'SW948', 'T3M10', 'THP1', 'TYKNU', 'U937', 'VCAP', 'WSUDLCL2']",107
etomoxir,56,"['A375', 'A549', 'A673', 'AGS', 'ASC', 'CL34', 'CORL23', 'COV644', 'DV90', 'EFO27', 'H1299', 'HA1E', 'HCC15', 'HCC515', 'HCT116', 'HEC108', 'HEPG2', 'HT115', 'HT29', 'JHUEM2', 'LOVO', 'MCF7', 'MDST8', 'NCIH1694', 'NCIH1836', 'NCIH2073', 'NCIH508', 'NCIH596', 'NEU', 'NOMO1', 'NPC', 'OV7', 'PC3', 'PHH', 'PL21', 'RKO', 'RMGI', 'RMUGS', 'SKB', 'SKLU1', 'SKM1', 'SKMEL1', 'SKMEL28', 'SNGM', 'SNU1040', 'SNUC4', 'SNUC5', 'SW480', 'SW620', 'SW948', 'T3M10', 'THP1', 'TYKNU', 'U937', 'VCAP', 'WSUDLCL2']",88
veliparib,56,"['A375', 'A549', 'A673', 'AGS', 'BT20', 'CL34', 'CORL23', 'COV644', 'DV90', 'EFO27', 'H1299', 'HA1E', 'HCC15', 'HCC515', 'HCT116', 'HEC108', 'HEPG2', 'HS578T', 'HT115', 'HT29', 'JHUEM2', 'LOVO', 'MCF10A', 'MCF7', 'MDAMB231', 'MDST8', 'NCIH1694', 'NCIH1836', 'NCIH2073', 'NCIH508', 'NCIH596', 'NOMO1', 'OV7', 'PC3', 'PL21', 'RKO', 'RMGI', 'RMUGS', 'SKBR3', 'SKLU1', 'SKM1', 'SKMEL1', 'SKMEL28', 'SNGM', 'SNU1040', 'SNUC4', 'SNUC5', 'SW480', 'SW620', 'SW948', 'T3M10', 'THP1', 'TYKNU', 'U937', 'VCAP', 'WSUDLCL2']",143
amiodarone,56,"['A375', 'A549', 'A673', 'AGS', 'ASC', 'CORL23', 'COV644', 'DV90', 'EFO27', 'FIBRNPC', 'H1299', 'HA1E', 'HCC15', 'HCC515', 'HCT116', 'HEC108', 'HEPG2', 'HT115', 'HT29', 'JHUEM2', 'LOVO', 'MCF7', 'MDST8', 'NCIH1694', 'NCIH1836', 'NCIH2073', 'NCIH508', 'NCIH596', 'NEU', 'NOMO1', 'NPC', 'OV7', 'PC3', 'PHH', 'PL21', 'RKO', 'RMGI', 'RMUGS', 'SKB', 'SKLU1', 'SKM1', 'SKMEL1', 'SKMEL28', 'SNGM', 'SNU1040', 'SNUC4', 'SNUC5', 'SW480', 'SW620', 'SW948', 'T3M10', 'THP1', 'TYKNU', 'U937', 'VCAP', 'WSUDLCL2']",113
neratinib,56,"['A375', 'A549', 'A673', 'AGS', 'BT20', 'CL34', 'CORL23', 'COV644', 'DV90', 'EFO27', 'H1299', 'HA1E', 'HCC15', 'HCC515', 'HCT116', 'HEC108', 'HEPG2', 'HS578T', 'HT115', 'HT29', 'JHUEM2', 'LOVO', 'MCF10A', 'MCF7', 'MDAMB231', 'MDST8', 'NCIH1694', 'NCIH1836', 'NCIH2073', 'NCIH508', 'NCIH596', 'NOMO1', 'OV7', 'PC3', 'PL21', 'RKO', 'RMGI', 'RMUGS', 'SKBR3', 'SKLU1', 'SKM1', 'SKMEL1', 'SKMEL28', 'SNGM', 'SNU1040', 'SNUC4', 'SNUC5', 'SW480', 'SW620', 'SW948', 'T3M10', 'THP1', 'TYKNU', 'U937', 'VCAP', 'WSUDLCL2']",106
TG-101348,56,"['A375', 'A549', 'A673', 'AGS', 'BT20', 'CL34', 'CORL23', 'COV644', 'DV90', 'EFO27', 'H1299', 'HA1E', 'HCC15', 'HCC515', 'HCT116', 'HEC108', 'HEPG2', 'HS578T', 'HT115', 'HT29', 'JHUEM2', 'LOVO', 'MCF10A', 'MCF7', 'MDAMB231', 'MDST8', 'NCIH1694', 'NCIH1836', 'NCIH2073', 'NCIH508', 'NCIH596', 'NOMO1', 'OV7', 'PC3', 'PL21', 'RKO', 'RMGI', 'RMUGS', 'SKBR3', 'SKLU1', 'SKM1', 'SKMEL1', 'SKMEL28', 'SNGM', 'SNU1040', 'SNUC4', 'SNUC5', 'SW480', 'SW620', 'SW948', 'T3M10', 'THP1', 'TYKNU', 'U937', 'VCAP', 'WSUDLCL2']",114
TPCA-1,56,"['A375', 'A549', 'A673', 'AGS', 'BT20', 'CL34', 'CORL23', 'COV644', 'DV90', 'EFO27', 'H1299', 'HA1E', 'HCC15', 'HCC515', 'HCT116', 'HEC108', 'HEPG2', 'HS578T', 'HT115', 'HT29', 'JHUEM2', 'LOVO', 'MCF10A', 'MCF7', 'MDAMB231', 'MDST8', 'NCIH1694', 'NCIH1836', 'NCIH2073', 'NCIH508', 'NCIH596', 'NOMO1', 'OV7', 'PC3', 'PL21', 'RKO', 'RMGI', 'RMUGS', 'SKBR3', 'SKLU1', 'SKM1', 'SKMEL1', 'SKMEL28', 'SNGM', 'SNU1040', 'SNUC4', 'SNUC5', 'SW480', 'SW620', 'SW948', 'T3M10', 'THP1', 'TYKNU', 'U937', 'VCAP', 'WSUDLCL2']",107
linsitinib,56,"['A375', 'A549', 'A673', 'AGS', 'BT20', 'CL34', 'CORL23', 'COV644', 'DV90', 'EFO27', 'H1299', 'HA1E', 'HCC15', 'HCC515', 'HCT116', 'HEC108', 'HEPG2', 'HS578T', 'HT115', 'HT29', 'JHUEM2', 'LOVO', 'MCF10A', 'MCF7', 'MDAMB231', 'MDST8', 'NCIH1694', 'NCIH1836', 'NCIH2073', 'NCIH508', 'NCIH596', 'NOMO1', 'OV7', 'PC3', 'PL21', 'RKO', 'RMGI', 'RMUGS', 'SKBR3', 'SKLU1', 'SKM1', 'SKMEL1', 'SKMEL28', 'SNGM', 'SNU1040', 'SNUC4', 'SNUC5', 'SW480', 'SW620', 'SW948', 'T3M10', 'THP1', 'TYKNU', 'U937', 'VCAP', 'WSUDLCL2']",107
tacrolimus,56,"['A375', 'A549', 'A673', 'AGS', 'ASC', 'CL34', 'CORL23', 'COV644', 'DV90', 'EFO27', 'H1299', 'HA1E', 'HCC15', 'HCC515', 'HCT116', 'HEC108', 'HEPG2', 'HT115', 'HT29', 'JHUEM2', 'LOVO', 'MCF7', 'MDST8', 'NCIH1694', 'NCIH1836', 'NCIH2073', 'NCIH508', 'NCIH596', 'NEU', 'NOMO1', 'NPC', 'OV7', 'PC3', 'PHH', 'PL21', 'RKO', 'RMGI', 'RMUGS', 'SKB', 'SKLU1', 'SKM1', 'SKMEL1', 'SKMEL28', 'SNGM', 'SNU1040', 'SNUC4', 'SNUC5', 'SW480', 'SW620', 'SW948', 'T3M10', 'THP1', 'TYKNU', 'U937', 'VCAP', 'WSUDLCL2']",110
curcumin,56,"['A375', 'A549', 'A673', 'AGS', 'CL34', 'CORL23', 'COV644', 'DV90', 'EFO27', 'FIBRNPC', 'H1299', 'HA1E', 'HCC15', 'HCC515', 'HCT116', 'HEC108', 'HEPG2', 'HT115', 'HT29', 'JHUEM2', 'JURKAT', 'LOVO', 'MCF7', 'MDST8', 'NCIH1694', 'NCIH1836', 'NCIH2073', 'NCIH508', 'NCIH596', 'NEU', 'NOMO1', 'NPC', 'OV7', 'PC3', 'PL21', 'RKO', 'RMGI', 'RMUGS', 'SKLU1', 'SKM1', 'SKMEL1', 'SKMEL28', 'SNGM', 'SNU1040', 'SNUC4', 'SNUC5', 'SW480', 'SW620', 'SW948', 'T3M10', 'THP1', 'TYKNU', 'U266', 'U937', 'VCAP', 'WSUDLCL2']",324
cucurbitacin-i,56,"['A375', 'A549', 'A673', 'AGS', 'ASC', 'CL34', 'CORL23', 'COV644', 'DV90', 'EFO27', 'H1299', 'HA1E', 'HCC15', 'HCC515', 'HCT116', 'HEC108', 'HEPG2', 'HT115', 'HT29', 'HUH7', 'JHUEM2', 'LOVO', 'MCF7', 'MDST8', 'NCIH1694', 'NCIH1836', 'NCIH2073', 'NCIH508', 'NCIH596', 'NEU', 'NOMO1', 'NPC', 'OV7', 'PC3', 'PHH', 'PL21', 'RKO', 'RMGI', 'RMUGS', 'SKB', 'SKLU1', 'SKMEL1', 'SKMEL28', 'SNGM', 'SNU1040', 'SNUC4', 'SNUC5', 'SW480', 'SW620', 'SW948', 'T3M10', 'THP1', 'TYKNU', 'U937', 'VCAP', 'WSUDLCL2']",124
PF-04217903,56,"['A375', 'A549', 'A673', 'AGS', 'BT20', 'CL34', 'CORL23', 'COV644', 'DV90', 'EFO27', 'H1299', 'HA1E', 'HCC15', 'HCC515', 'HCT116', 'HEC108', 'HEPG2', 'HS578T', 'HT115', 'HT29', 'JHUEM2', 'LOVO', 'MCF10A', 'MCF7', 'MDAMB231', 'MDST8', 'NCIH1694', 'NCIH1836', 'NCIH2073', 'NCIH508', 'NCIH596', 'NOMO1', 'OV7', 'PC3', 'PL21', 'RKO', 'RMGI', 'RMUGS', 'SKBR3', 'SKLU1', 'SKM1', 'SKMEL1', 'SKMEL28', 'SNGM', 'SNU1040', 'SNUC4', 'SNUC5', 'SW480', 'SW620', 'SW948', 'T3M10', 'THP1', 'TYKNU', 'U937', 'VCAP', 'WSUDLCL2']",143
NVP-AUY922,56,"['A375', 'A549', 'A673', 'AGS', 'BT20', 'CL34', 'CORL23', 'COV644', 'DV90', 'EFO27', 'H1299', 'HA1E', 'HCC15', 'HCC515', 'HCT116', 'HEC108', 'HEPG2', 'HS578T', 'HT115', 'HT29', 'JHUEM2', 'LOVO', 'MCF10A', 'MCF7', 'MDAMB231', 'MDST8', 'NCIH1694', 'NCIH1836', 'NCIH2073', 'NCIH508', 'NCIH596', 'NOMO1', 'OV7', 'PC3', 'PL21', 'RKO', 'RMGI', 'RMUGS', 'SKBR3', 'SKLU1', 'SKM1', 'SKMEL1', 'SKMEL28', 'SNGM', 'SNU1040', 'SNUC4', 'SNUC5', 'SW480', 'SW620', 'SW948', 'T3M10', 'THP1', 'TYKNU', 'U937', 'VCAP', 'WSUDLCL2']",143
NSC-95397,56,"['A375', 'A549', 'A673', 'AGS', 'ASC', 'CL34', 'CORL23', 'COV644', 'DV90', 'EFO27', 'H1299', 'HA1E', 'HCC15', 'HCC515', 'HCT116', 'HEC108', 'HEPG2', 'HT115', 'HT29', 'HUH7', 'JHUEM2', 'LOVO', 'MCF7', 'MDST8', 'NCIH1694', 'NCIH2073', 'NCIH508', 'NCIH596', 'NKDBA', 'NOMO1', 'NPC', 'OV7', 'PC3', 'PHH', 'PL21', 'RKO', 'RMGI', 'RMUGS', 'SKB', 'SKLU1', 'SKM1', 'SKMEL1', 'SKMEL28', 'SNGM', 'SNU1040', 'SNUC4', 'SNUC5', 'SW480', 'SW620', 'SW948', 'T3M10', 'THP1', 'TYKNU', 'U937', 'VCAP', 'WSUDLCL2']",98
tivozanib,56,"['A375', 'A549', 'A673', 'AGS', 'BT20', 'CL34', 'CORL23', 'COV644', 'DV90', 'EFO27', 'H1299', 'HA1E', 'HCC15', 'HCC515', 'HCT116', 'HEC108', 'HEPG2', 'HS578T', 'HT115', 'HT29', 'JHUEM2', 'LOVO', 'MCF10A', 'MCF7', 'MDAMB231', 'MDST8', 'NCIH1694', 'NCIH1836', 'NCIH2073', 'NCIH508', 'NCIH596', 'NOMO1', 'OV7', 'PC3', 'PL21', 'RKO', 'RMGI', 'RMUGS', 'SKBR3', 'SKLU1', 'SKM1', 'SKMEL1', 'SKMEL28', 'SNGM', 'SNU1040', 'SNUC4', 'SNUC5', 'SW480', 'SW620', 'SW948', 'T3M10', 'THP1', 'TYKNU', 'U937', 'VCAP', 'WSUDLCL2']",107
menadione,56,"['A375', 'A549', 'A673', 'AGS', 'ASC', 'CL34', 'CORL23', 'COV644', 'DV90', 'EFO27', 'H1299', 'HA1E', 'HCC15', 'HCC515', 'HCT116', 'HEC108', 'HEPG2', 'HT115', 'HT29', 'JHUEM2', 'LOVO', 'MCF7', 'MDST8', 'NCIH1694', 'NCIH1836', 'NCIH2073', 'NCIH508', 'NCIH596', 'NKDBA', 'NOMO1', 'NPC', 'OV7', 'PC3', 'PHH', 'PL21', 'RKO', 'RMGI', 'RMUGS', 'SKB', 'SKLU1', 'SKM1', 'SKMEL1', 'SKMEL28', 'SNGM', 'SNU1040', 'SNUC4', 'SNUC5', 'SW480', 'SW620', 'SW948', 'T3M10', 'THP1', 'TYKNU', 'U937', 'VCAP', 'WSUDLCL2']",130
atorvastatin,56,"['A375', 'A549', 'A673', 'AGS', 'CL34', 'CORL23', 'COV644', 'DV90', 'EFO27', 'FIBRNPC', 'H1299', 'HA1E', 'HCC15', 'HCC515', 'HCT116', 'HEC108', 'HEPG2', 'HT115', 'HT29', 'HUH7', 'JHUEM2', 'LOVO', 'MCF7', 'MDST8', 'NCIH1694', 'NCIH1836', 'NCIH2073', 'NCIH508', 'NCIH596', 'NEU', 'NOMO1', 'NPC', 'OV7', 'PC3', 'PHH', 'PL21', 'RKO', 'RMGI', 'RMUGS', 'SKLU1', 'SKM1', 'SKMEL1', 'SKMEL28', 'SNGM', 'SNU1040', 'SNUC4', 'SNUC5', 'SW480', 'SW620', 'SW948', 'T3M10', 'THP1', 'TYKNU', 'U937', 'VCAP', 'WSUDLCL2']",92
sildenafil,56,"['A375', 'A549', 'A673', 'AGS', 'ASC', 'CL34', 'CORL23', 'COV644', 'DV90', 'EFO27', 'H1299', 'HA1E', 'HCC15', 'HCC515', 'HCT116', 'HEC108', 'HEPG2', 'HT115', 'HT29', 'JHUEM2', 'LOVO', 'MCF7', 'MDST8', 'NCIH1694', 'NCIH1836', 'NCIH2073', 'NCIH508', 'NCIH596', 'NKDBA', 'NOMO1', 'NPC', 'OV7', 'PC3', 'PHH', 'PL21', 'RKO', 'RMGI', 'RMUGS', 'SKB', 'SKLU1', 'SKM1', 'SKMEL1', 'SKMEL28', 'SNGM', 'SNU1040', 'SNUC4', 'SNUC5', 'SW480', 'SW620', 'SW948', 'T3M10', 'THP1', 'TYKNU', 'U937', 'VCAP', 'WSUDLCL2']",133
serdemetan,56,"['A375', 'A549', 'A673', 'AGS', 'BT20', 'CL34', 'CORL23', 'COV644', 'DV90', 'EFO27', 'H1299', 'HA1E', 'HCC15', 'HCC515', 'HCT116', 'HEC108', 'HEPG2', 'HS578T', 'HT115', 'HT29', 'JHUEM2', 'LOVO', 'MCF10A', 'MCF7', 'MDAMB231', 'MDST8', 'NCIH1694', 'NCIH1836', 'NCIH2073', 'NCIH508', 'NCIH596', 'NOMO1', 'OV7', 'PC3', 'PL21', 'RKO', 'RMGI', 'RMUGS', 'SKBR3', 'SKLU1', 'SKM1', 'SKMEL1', 'SKMEL28', 'SNGM', 'SNU1040', 'SNUC4', 'SNUC5', 'SW480', 'SW620', 'SW948', 'T3M10', 'THP1', 'TYKNU', 'U937', 'VCAP', 'WSUDLCL2']",107
brefeldin-a,56,"['A375', 'A549', 'A673', 'AGS', 'ASC', 'CL34', 'CORL23', 'COV644', 'DV90', 'EFO27', 'FIBRNPC', 'H1299', 'HA1E', 'HCC15', 'HCC515', 'HCT116', 'HEC108', 'HEPG2', 'HT115', 'HT29', 'JHUEM2', 'LOVO', 'MCF7', 'MDST8', 'NCIH1694', 'NCIH1836', 'NCIH2073', 'NCIH508', 'NCIH596', 'NEU', 'NOMO1', 'NPC', 'OV7', 'PC3', 'PL21', 'RKO', 'RMGI', 'RMUGS', 'SKB', 'SKLU1', 'SKM1', 'SKMEL1', 'SKMEL28', 'SNGM', 'SNU1040', 'SNUC4', 'SNUC5', 'SW480', 'SW620', 'SW948', 'T3M10', 'THP1', 'TYKNU', 'U937', 'VCAP', 'WSUDLCL2']",84
chloroquine,56,"['A375', 'A549', 'A673', 'AGS', 'ASC', 'CL34', 'CORL23', 'COV644', 'DV90', 'EFO27', 'FIBRNPC', 'H1299', 'HA1E', 'HCC15', 'HCC515', 'HCT116', 'HEC108', 'HEPG2', 'HT115', 'HT29', 'JHUEM2', 'LOVO', 'MCF7', 'MDST8', 'NCIH1694', 'NCIH1836', 'NCIH2073', 'NCIH508', 'NCIH596', 'NEU', 'NPC', 'OV7', 'PC3', 'PHH', 'PL21', 'RKO', 'RMGI', 'RMUGS', 'SKB', 'SKLU1', 'SKM1', 'SKMEL1', 'SKMEL28', 'SNGM', 'SNU1040', 'SNUC4', 'SNUC5', 'SW480', 'SW620', 'SW948', 'T3M10', 'THP1', 'TYKNU', 'U937', 'VCAP', 'WSUDLCL2']",127
fostamatinib,56,"['A375', 'A549', 'A673', 'AGS', 'BT20', 'CL34', 'CORL23', 'COV644', 'DV90', 'EFO27', 'H1299', 'HA1E', 'HCC15', 'HCC515', 'HCT116', 'HEC108', 'HEPG2', 'HS578T', 'HT115', 'HT29', 'JHUEM2', 'LOVO', 'MCF10A', 'MCF7', 'MDAMB231', 'MDST8', 'NCIH1694', 'NCIH1836', 'NCIH2073', 'NCIH508', 'NCIH596', 'NOMO1', 'OV7', 'PC3', 'PL21', 'RKO', 'RMGI', 'RMUGS', 'SKBR3', 'SKLU1', 'SKM1', 'SKMEL1', 'SKMEL28', 'SNGM', 'SNU1040', 'SNUC4', 'SNUC5', 'SW480', 'SW620', 'SW948', 'T3M10', 'THP1', 'TYKNU', 'U937', 'VCAP', 'WSUDLCL2']",107
olaparib,56,"['A375', 'A549', 'A673', 'AGS', 'BT20', 'CL34', 'CORL23', 'COV644', 'DV90', 'EFO27', 'H1299', 'HA1E', 'HCC15', 'HCC515', 'HCT116', 'HEC108', 'HEPG2', 'HS578T', 'HT115', 'HT29', 'JHUEM2', 'LOVO', 'MCF10A', 'MCF7', 'MDAMB231', 'MDST8', 'NCIH1694', 'NCIH1836', 'NCIH2073', 'NCIH508', 'NCIH596', 'NOMO1', 'OV7', 'PC3', 'PL21', 'RKO', 'RMGI', 'RMUGS', 'SKBR3', 'SKLU1', 'SKM1', 'SKMEL1', 'SKMEL28', 'SNGM', 'SNU1040', 'SNUC4', 'SNUC5', 'SW480', 'SW620', 'SW948', 'T3M10', 'THP1', 'TYKNU', 'U937', 'VCAP', 'WSUDLCL2']",179
selumetinib,56,"['A375', 'A549', 'A673', 'AGS', 'BT20', 'CL34', 'CORL23', 'COV644', 'DV90', 'EFO27', 'H1299', 'HA1E', 'HCC15', 'HCC515', 'HCT116', 'HEC108', 'HEPG2', 'HS578T', 'HT115', 'HT29', 'JHUEM2', 'LOVO', 'MCF10A', 'MCF7', 'MDAMB231', 'MDST8', 'NCIH1694', 'NCIH1836', 'NCIH2073', 'NCIH508', 'NCIH596', 'NOMO1', 'OV7', 'PC3', 'PL21', 'RKO', 'RMGI', 'RMUGS', 'SKBR3', 'SKLU1', 'SKM1', 'SKMEL1', 'SKMEL28', 'SNGM', 'SNU1040', 'SNUC4', 'SNUC5', 'SW480', 'SW620', 'SW948', 'T3M10', 'THP1', 'TYKNU', 'U937', 'VCAP', 'WSUDLCL2']",166
rotenone,56,"['A375', 'A549', 'A673', 'AGS', 'CL34', 'CORL23', 'COV644', 'DV90', 'EFO27', 'FIBRNPC', 'H1299', 'HA1E', 'HCC15', 'HCC515', 'HCT116', 'HEC108', 'HEPG2', 'HT115', 'HT29', 'HUH7', 'JHUEM2', 'LOVO', 'MCF7', 'MDST8', 'NCIH1694', 'NCIH1836', 'NCIH2073', 'NCIH508', 'NCIH596', 'NEU', 'NOMO1', 'NPC', 'OV7', 'PC3', 'PHH', 'PL21', 'RKO', 'RMGI', 'RMUGS', 'SKLU1', 'SKM1', 'SKMEL1', 'SKMEL28', 'SNGM', 'SNU1040', 'SNUC4', 'SNUC5', 'SW480', 'SW620', 'SW948', 'T3M10', 'THP1', 'TYKNU', 'U937', 'VCAP', 'WSUDLCL2']",77
NSC-632839,56,"['A375', 'A549', 'A673', 'AGS', 'ASC', 'CL34', 'CORL23', 'COV644', 'DV90', 'EFO27', 'H1299', 'HA1E', 'HCC15', 'HCC515', 'HCT116', 'HEC108', 'HEPG2', 'HT115', 'HT29', 'HUH7', 'JHUEM2', 'LOVO', 'MCF7', 'MDST8', 'NCIH1694', 'NCIH1836', 'NCIH2073', 'NCIH508', 'NCIH596', 'NOMO1', 'NPC', 'OV7', 'PC3', 'PHH', 'PL21', 'RKO', 'RMGI', 'RMUGS', 'SKB', 'SKLU1', 'SKM1', 'SKMEL1', 'SKMEL28', 'SNGM', 'SNU1040', 'SNUC4', 'SNUC5', 'SW480', 'SW620', 'SW948', 'T3M10', 'THP1', 'TYKNU', 'U937', 'VCAP', 'WSUDLCL2']",125
orantinib,56,"['A375', 'A549', 'A673', 'AGS', 'ASC', 'CL34', 'CORL23', 'COV644', 'DV90', 'EFO27', 'H1299', 'HA1E', 'HCC15', 'HCC515', 'HCT116', 'HEC108', 'HEPG2', 'HT115', 'HT29', 'JHUEM2', 'LOVO', 'MCF7', 'MDST8', 'NCIH1694', 'NCIH1836', 'NCIH2073', 'NCIH508', 'NCIH596', 'NEU', 'NOMO1', 'NPC', 'OV7', 'PC3', 'PHH', 'PL21', 'RKO', 'RMGI', 'RMUGS', 'SKB', 'SKLU1', 'SKM1', 'SKMEL1', 'SKMEL28', 'SNGM', 'SNU1040', 'SNUC4', 'SNUC5', 'SW480', 'SW620', 'SW948', 'T3M10', 'THP1', 'TYKNU', 'U937', 'VCAP', 'WSUDLCL2']",77
cyclosporin-a,55,"['A375', 'A549', 'A673', 'AGS', 'ASC', 'CL34', 'CORL23', 'COV644', 'DV90', 'EFO27', 'H1299', 'HA1E', 'HCC15', 'HCC515', 'HCT116', 'HEC108', 'HEPG2', 'HT115', 'HT29', 'JHUEM2', 'LOVO', 'MCF7', 'MDST8', 'NCIH1836', 'NCIH2073', 'NCIH508', 'NCIH596', 'NEU', 'NOMO1', 'NPC', 'OV7', 'PC3', 'PHH', 'PL21', 'RKO', 'RMGI', 'RMUGS', 'SKB', 'SKLU1', 'SKM1', 'SKMEL1', 'SKMEL28', 'SNGM', 'SNU1040', 'SNUC4', 'SNUC5', 'SW480', 'SW620', 'SW948', 'T3M10', 'THP1', 'TYKNU', 'U937', 'VCAP', 'WSUDLCL2']",142
lenalidomide,55,"['A375', 'A549', 'A673', 'AGS', 'ASC', 'CL34', 'CORL23', 'COV644', 'DV90', 'EFO27', 'H1299', 'HA1E', 'HCC15', 'HCC515', 'HCT116', 'HEC108', 'HEPG2', 'HT115', 'HT29', 'JHUEM2', 'LOVO', 'MCF7', 'MDST8', 'NCIH1694', 'NCIH1836', 'NCIH2073', 'NCIH508', 'NCIH596', 'NEU', 'NOMO1', 'NPC', 'OV7', 'PC3', 'PL21', 'RKO', 'RMGI', 'RMUGS', 'SKB', 'SKLU1', 'SKM1', 'SKMEL1', 'SKMEL28', 'SNGM', 'SNU1040', 'SNUC4', 'SNUC5', 'SW480', 'SW620', 'SW948', 'T3M10', 'THP1', 'TYKNU', 'U937', 'VCAP', 'WSUDLCL2']",76
SKI-II,55,"['A375', 'A549', 'A673', 'AGS', 'ASC', 'CL34', 'CORL23', 'COV644', 'DV90', 'EFO27', 'H1299', 'HA1E', 'HCC15', 'HCC515', 'HCT116', 'HEC108', 'HEPG2', 'HT115', 'HT29', 'JHUEM2', 'LOVO', 'MCF7', 'MDST8', 'NCIH1694', 'NCIH1836', 'NCIH2073', 'NCIH508', 'NCIH596', 'NKDBA', 'NOMO1', 'OV7', 'PC3', 'PHH', 'PL21', 'RKO', 'RMGI', 'RMUGS', 'SKB', 'SKLU1', 'SKM1', 'SKMEL1', 'SKMEL28', 'SNGM', 'SNU1040', 'SNUC4', 'SNUC5', 'SW480', 'SW620', 'SW948', 'T3M10', 'THP1', 'TYKNU', 'U937', 'VCAP', 'WSUDLCL2']",125
glibenclamide,55,"['A375', 'A549', 'A673', 'AGS', 'ASC', 'CL34', 'CORL23', 'COV644', 'DV90', 'EFO27', 'H1299', 'HA1E', 'HCC15', 'HCC515', 'HCT116', 'HEC108', 'HEPG2', 'HT115', 'HT29', 'JHUEM2', 'LOVO', 'MCF7', 'MDST8', 'NCIH1694', 'NCIH1836', 'NCIH2073', 'NCIH508', 'NCIH596', 'NEU', 'NOMO1', 'NPC', 'OV7', 'PC3', 'PL21', 'RKO', 'RMGI', 'RMUGS', 'SKB', 'SKLU1', 'SKM1', 'SKMEL1', 'SKMEL28', 'SNGM', 'SNU1040', 'SNUC4', 'SNUC5', 'SW480', 'SW620', 'SW948', 'T3M10', 'THP1', 'TYKNU', 'U937', 'VCAP', 'WSUDLCL2']",92
losartan,55,"['A375', 'A549', 'A673', 'AGS', 'ASC', 'CL34', 'CORL23', 'COV644', 'DV90', 'EFO27', 'H1299', 'HA1E', 'HCC15', 'HCC515', 'HCT116', 'HEC108', 'HEPG2', 'HT115', 'HT29', 'JHUEM2', 'LOVO', 'MCF7', 'MDST8', 'NCIH1694', 'NCIH1836', 'NCIH2073', 'NCIH508', 'NCIH596', 'NOMO1', 'NPC', 'OV7', 'PC3', 'PHH', 'PL21', 'RKO', 'RMGI', 'RMUGS', 'SKB', 'SKLU1', 'SKM1', 'SKMEL1', 'SKMEL28', 'SNGM', 'SNU1040', 'SNUC4', 'SNUC5', 'SW480', 'SW620', 'SW948', 'T3M10', 'THP1', 'TYKNU', 'U937', 'VCAP', 'WSUDLCL2']",93
necrostatin-1,55,"['A375', 'A549', 'A673', 'AGS', 'ASC', 'CL34', 'CORL23', 'COV644', 'DV90', 'EFO27', 'H1299', 'HA1E', 'HCC15', 'HCC515', 'HCT116', 'HEC108', 'HEPG2', 'HT115', 'HT29', 'JHUEM2', 'LOVO', 'MCF7', 'MDST8', 'NCIH1694', 'NCIH1836', 'NCIH2073', 'NCIH508', 'NCIH596', 'NOMO1', 'NPC', 'OV7', 'PC3', 'PHH', 'PL21', 'RKO', 'RMGI', 'RMUGS', 'SKB', 'SKLU1', 'SKM1', 'SKMEL1', 'SKMEL28', 'SNGM', 'SNU1040', 'SNUC4', 'SNUC5', 'SW480', 'SW620', 'SW948', 'T3M10', 'THP1', 'TYKNU', 'U937', 'VCAP', 'WSUDLCL2']",78
BRD-K71726959,55,"['A375', 'A549', 'A673', 'AGS', 'ASC', 'CL34', 'CORL23', 'COV644', 'DV90', 'EFO27', 'H1299', 'HA1E', 'HCC15', 'HCC515', 'HCT116', 'HEC108', 'HEPG2', 'HT115', 'HT29', 'JHUEM2', 'LOVO', 'MCF7', 'MDST8', 'NCIH1694', 'NCIH1836', 'NCIH2073', 'NCIH508', 'NCIH596', 'NOMO1', 'NPC', 'OV7', 'PC3', 'PHH', 'PL21', 'RKO', 'RMGI', 'RMUGS', 'SKB', 'SKLU1', 'SKM1', 'SKMEL1', 'SKMEL28', 'SNGM', 'SNU1040', 'SNUC4', 'SNUC5', 'SW480', 'SW620', 'SW948', 'T3M10', 'THP1', 'TYKNU', 'U937', 'VCAP', 'WSUDLCL2']",78
GW-405833,55,"['A375', 'A549', 'A673', 'AGS', 'ASC', 'CL34', 'CORL23', 'COV644', 'DV90', 'EFO27', 'H1299', 'HA1E', 'HCC15', 'HCC515', 'HCT116', 'HEC108', 'HEPG2', 'HT115', 'HT29', 'JHUEM2', 'LOVO', 'MCF7', 'MDST8', 'NCIH1694', 'NCIH1836', 'NCIH2073', 'NCIH508', 'NCIH596', 'NOMO1', 'NPC', 'OV7', 'PC3', 'PHH', 'PL21', 'RKO', 'RMGI', 'RMUGS', 'SKB', 'SKLU1', 'SKM1', 'SKMEL1', 'SKMEL28', 'SNGM', 'SNU1040', 'SNUC4', 'SNUC5', 'SW480', 'SW620', 'SW948', 'T3M10', 'THP1', 'TYKNU', 'U937', 'VCAP', 'WSUDLCL2']",78
NU-1025,55,"['A375', 'A549', 'A673', 'AGS', 'ASC', 'CL34', 'CORL23', 'COV644', 'DV90', 'EFO27', 'H1299', 'HA1E', 'HCC15', 'HCC515', 'HCT116', 'HEC108', 'HEPG2', 'HT115', 'HT29', 'JHUEM2', 'LOVO', 'MCF7', 'MDST8', 'NCIH1694', 'NCIH1836', 'NCIH2073', 'NCIH508', 'NCIH596', 'NOMO1', 'NPC', 'OV7', 'PC3', 'PHH', 'PL21', 'RKO', 'RMGI', 'RMUGS', 'SKB', 'SKLU1', 'SKM1', 'SKMEL1', 'SKMEL28', 'SNGM', 'SNU1040', 'SNUC4', 'SNUC5', 'SW480', 'SW620', 'SW948', 'T3M10', 'THP1', 'TYKNU', 'U937', 'VCAP', 'WSUDLCL2']",106
m-3M3FBS,55,"['A375', 'A549', 'A673', 'AGS', 'ASC', 'CL34', 'CORL23', 'COV644', 'DV90', 'EFO27', 'H1299', 'HA1E', 'HCC15', 'HCC515', 'HCT116', 'HEC108', 'HEPG2', 'HT115', 'HT29', 'JHUEM2', 'LOVO', 'MCF7', 'MDST8', 'NCIH1694', 'NCIH1836', 'NCIH2073', 'NCIH508', 'NCIH596', 'NOMO1', 'NPC', 'OV7', 'PC3', 'PHH', 'PL21', 'RKO', 'RMGI', 'RMUGS', 'SKB', 'SKLU1', 'SKM1', 'SKMEL1', 'SKMEL28', 'SNGM', 'SNU1040', 'SNUC4', 'SNUC5', 'SW480', 'SW620', 'SW948', 'T3M10', 'THP1', 'TYKNU', 'U937', 'VCAP', 'WSUDLCL2']",78
lonidamine,55,"['A375', 'A549', 'A673', 'AGS', 'ASC', 'CL34', 'CORL23', 'COV644', 'DV90', 'EFO27', 'H1299', 'HA1E', 'HCC15', 'HCC515', 'HCT116', 'HEC108', 'HEPG2', 'HT115', 'HT29', 'JHUEM2', 'LOVO', 'MCF7', 'MDST8', 'NCIH1694', 'NCIH1836', 'NCIH2073', 'NCIH508', 'NCIH596', 'NEU', 'NOMO1', 'NPC', 'OV7', 'PC3', 'PL21', 'RKO', 'RMGI', 'RMUGS', 'SKB', 'SKLU1', 'SKM1', 'SKMEL1', 'SKMEL28', 'SNGM', 'SNU1040', 'SNUC4', 'SNUC5', 'SW480', 'SW620', 'SW948', 'T3M10', 'THP1', 'TYKNU', 'U937', 'VCAP', 'WSUDLCL2']",78
mesoridazine,55,"['A375', 'A549', 'A673', 'AGS', 'ASC', 'CL34', 'CORL23', 'COV644', 'DV90', 'EFO27', 'H1299', 'HA1E', 'HCC15', 'HCC515', 'HCT116', 'HEC108', 'HEPG2', 'HT115', 'HT29', 'JHUEM2', 'LOVO', 'MCF7', 'MDST8', 'NCIH1694', 'NCIH1836', 'NCIH2073', 'NCIH508', 'NCIH596', 'NOMO1', 'NPC', 'OV7', 'PC3', 'PHH', 'PL21', 'RKO', 'RMGI', 'RMUGS', 'SKB', 'SKLU1', 'SKM1', 'SKMEL1', 'SKMEL28', 'SNGM', 'SNU1040', 'SNUC4', 'SNUC5', 'SW480', 'SW620', 'SW948', 'T3M10', 'THP1', 'TYKNU', 'U937', 'VCAP', 'WSUDLCL2']",93
nifedipine,55,"['A375', 'A549', 'A673', 'AGS', 'ASC', 'CL34', 'CORL23', 'COV644', 'DV90', 'EFO27', 'H1299', 'HA1E', 'HCC15', 'HCC515', 'HCT116', 'HEC108', 'HEPG2', 'HT115', 'HT29', 'JHUEM2', 'LOVO', 'MCF7', 'MDST8', 'NCIH1694', 'NCIH1836', 'NCIH2073', 'NCIH508', 'NCIH596', 'NOMO1', 'NPC', 'OV7', 'PC3', 'PHH', 'PL21', 'RKO', 'RMGI', 'RMUGS', 'SKB', 'SKLU1', 'SKM1', 'SKMEL1', 'SKMEL28', 'SNGM', 'SNU1040', 'SNUC4', 'SNUC5', 'SW480', 'SW620', 'SW948', 'T3M10', 'THP1', 'TYKNU', 'U937', 'VCAP', 'WSUDLCL2']",92
flutamide,55,"['A375', 'A549', 'A673', 'AGS', 'ASC', 'CL34', 'CORL23', 'COV644', 'DV90', 'EFO27', 'H1299', 'HA1E', 'HCC15', 'HCC515', 'HCT116', 'HEC108', 'HEPG2', 'HT115', 'HT29', 'JHUEM2', 'LOVO', 'MCF7', 'MDST8', 'NCIH1694', 'NCIH1836', 'NCIH2073', 'NCIH508', 'NCIH596', 'NEU', 'NOMO1', 'NPC', 'OV7', 'PC3', 'PL21', 'RKO', 'RMGI', 'RMUGS', 'SKB', 'SKLU1', 'SKM1', 'SKMEL1', 'SKMEL28', 'SNGM', 'SNU1040', 'SNUC4', 'SNUC5', 'SW480', 'SW620', 'SW948', 'T3M10', 'THP1', 'TYKNU', 'U937', 'VCAP', 'WSUDLCL2']",139
SB-225002,55,"['A375', 'A549', 'A673', 'AGS', 'ASC', 'CL34', 'CORL23', 'COV644', 'DV90', 'EFO27', 'H1299', 'HA1E', 'HCC15', 'HCC515', 'HCT116', 'HEC108', 'HEPG2', 'HT115', 'HT29', 'JHUEM2', 'LOVO', 'MCF7', 'MDST8', 'NCIH1694', 'NCIH1836', 'NCIH2073', 'NCIH508', 'NCIH596', 'NOMO1', 'NPC', 'OV7', 'PC3', 'PHH', 'PL21', 'RKO', 'RMGI', 'RMUGS', 'SKB', 'SKLU1', 'SKM1', 'SKMEL1', 'SKMEL28', 'SNGM', 'SNU1040', 'SNUC4', 'SNUC5', 'SW480', 'SW620', 'SW948', 'T3M10', 'THP1', 'TYKNU', 'U937', 'VCAP', 'WSUDLCL2']",86
STK-064652,55,"['A375', 'A549', 'A673', 'AGS', 'ASC', 'CL34', 'CORL23', 'COV644', 'DV90', 'EFO27', 'H1299', 'HA1E', 'HCC15', 'HCC515', 'HCT116', 'HEC108', 'HEPG2', 'HT115', 'HT29', 'JHUEM2', 'LOVO', 'MCF7', 'MDST8', 'NCIH1694', 'NCIH1836', 'NCIH2073', 'NCIH508', 'NCIH596', 'NEU', 'NOMO1', 'NPC', 'OV7', 'PC3', 'PL21', 'RKO', 'RMGI', 'RMUGS', 'SKB', 'SKLU1', 'SKM1', 'SKMEL1', 'SKMEL28', 'SNGM', 'SNU1040', 'SNUC4', 'SNUC5', 'SW480', 'SW620', 'SW948', 'T3M10', 'THP1', 'TYKNU', 'U937', 'VCAP', 'WSUDLCL2']",76
BMS-191011,55,"['A375', 'A549', 'A673', 'AGS', 'ASC', 'CL34', 'CORL23', 'COV644', 'DV90', 'EFO27', 'H1299', 'HA1E', 'HCC15', 'HCC515', 'HCT116', 'HEC108', 'HEPG2', 'HT115', 'HT29', 'JHUEM2', 'LOVO', 'MCF7', 'MDST8', 'NCIH1694', 'NCIH1836', 'NCIH2073', 'NCIH508', 'NCIH596', 'NEU', 'NOMO1', 'NPC', 'OV7', 'PC3', 'PL21', 'RKO', 'RMGI', 'RMUGS', 'SKB', 'SKLU1', 'SKM1', 'SKMEL1', 'SKMEL28', 'SNGM', 'SNU1040', 'SNUC4', 'SNUC5', 'SW480', 'SW620', 'SW948', 'T3M10', 'THP1', 'TYKNU', 'U937', 'VCAP', 'WSUDLCL2']",78
IKK-2-inhibitor-V,55,"['A375', 'A549', 'A673', 'AGS', 'ASC', 'CL34', 'CORL23', 'COV644', 'DV90', 'EFO27', 'H1299', 'HA1E', 'HCC15', 'HCC515', 'HCT116', 'HEC108', 'HEPG2', 'HT115', 'HT29', 'HUH7', 'JHUEM2', 'LOVO', 'MCF7', 'MDST8', 'NCIH1694', 'NCIH1836', 'NCIH2073', 'NCIH508', 'NCIH596', 'NPC', 'OV7', 'PC3', 'PHH', 'PL21', 'RKO', 'RMGI', 'RMUGS', 'SKB', 'SKLU1', 'SKM1', 'SKMEL1', 'SKMEL28', 'SNGM', 'SNU1040', 'SNUC4', 'SNUC5', 'SW480', 'SW620', 'SW948', 'T3M10', 'THP1', 'TYKNU', 'U937', 'VCAP', 'WSUDLCL2']",89
promazine,55,"['A375', 'A549', 'A673', 'AGS', 'ASC', 'CL34', 'CORL23', 'COV644', 'DV90', 'EFO27', 'H1299', 'HA1E', 'HCC15', 'HCC515', 'HCT116', 'HEC108', 'HEPG2', 'HT115', 'HT29', 'JHUEM2', 'LOVO', 'MCF7', 'MDST8', 'NCIH1694', 'NCIH1836', 'NCIH2073', 'NCIH508', 'NCIH596', 'NOMO1', 'NPC', 'OV7', 'PC3', 'PHH', 'PL21', 'RKO', 'RMGI', 'RMUGS', 'SKB', 'SKLU1', 'SKM1', 'SKMEL1', 'SKMEL28', 'SNGM', 'SNU1040', 'SNUC4', 'SNUC5', 'SW480', 'SW620', 'SW948', 'T3M10', 'THP1', 'TYKNU', 'U937', 'VCAP', 'WSUDLCL2']",86
prostaglandin-a1,55,"['A375', 'A549', 'A673', 'AGS', 'ASC', 'CL34', 'CORL23', 'COV644', 'DV90', 'EFO27', 'H1299', 'HA1E', 'HCC15', 'HCC515', 'HCT116', 'HEC108', 'HEPG2', 'HT115', 'HT29', 'JHUEM2', 'LOVO', 'MCF7', 'MDST8', 'NCIH1694', 'NCIH1836', 'NCIH2073', 'NCIH508', 'NCIH596', 'NOMO1', 'NPC', 'OV7', 'PC3', 'PHH', 'PL21', 'RKO', 'RMGI', 'RMUGS', 'SKB', 'SKLU1', 'SKM1', 'SKMEL1', 'SKMEL28', 'SNGM', 'SNU1040', 'SNUC4', 'SNUC5', 'SW480', 'SW620', 'SW948', 'T3M10', 'THP1', 'TYKNU', 'U937', 'VCAP', 'WSUDLCL2']",78
oligomycin-a,55,"['A375', 'A549', 'A673', 'AGS', 'ASC', 'CL34', 'CORL23', 'COV644', 'DV90', 'EFO27', 'H1299', 'HA1E', 'HCC15', 'HCC515', 'HCT116', 'HEC108', 'HEPG2', 'HT115', 'HT29', 'JHUEM2', 'LOVO', 'MCF7', 'MDST8', 'NCIH1694', 'NCIH1836', 'NCIH2073', 'NCIH508', 'NCIH596', 'NEU', 'NOMO1', 'NPC', 'OV7', 'PC3', 'PL21', 'RKO', 'RMGI', 'RMUGS', 'SKB', 'SKLU1', 'SKM1', 'SKMEL1', 'SKMEL28', 'SNGM', 'SNU1040', 'SNUC4', 'SNUC5', 'SW480', 'SW620', 'SW948', 'T3M10', 'THP1', 'TYKNU', 'U937', 'VCAP', 'WSUDLCL2']",82
TH02453-036-P1,55,"['A375', 'A549', 'A673', 'AGS', 'ASC', 'CL34', 'CORL23', 'COV644', 'DV90', 'EFO27', 'H1299', 'HA1E', 'HCC15', 'HCC515', 'HCT116', 'HEC108', 'HEPG2', 'HT115', 'HT29', 'JHUEM2', 'LOVO', 'MCF7', 'MDST8', 'NCIH1694', 'NCIH1836', 'NCIH2073', 'NCIH508', 'NCIH596', 'NEU', 'NOMO1', 'NPC', 'OV7', 'PC3', 'PL21', 'RKO', 'RMGI', 'RMUGS', 'SKB', 'SKLU1', 'SKM1', 'SKMEL1', 'SKMEL28', 'SNGM', 'SNU1040', 'SNUC4', 'SNUC5', 'SW480', 'SW620', 'SW948', 'T3M10', 'THP1', 'TYKNU', 'U937', 'VCAP', 'WSUDLCL2']",76
piperlongumine,55,"['A375', 'A549', 'A673', 'AGS', 'ASC', 'CL34', 'CORL23', 'COV644', 'DV90', 'EFO27', 'H1299', 'HA1E', 'HCC15', 'HCC515', 'HCT116', 'HEC108', 'HEPG2', 'HT115', 'HT29', 'JHUEM2', 'LOVO', 'MCF7', 'MDST8', 'NCIH1694', 'NCIH1836', 'NCIH2073', 'NCIH508', 'NCIH596', 'NOMO1', 'NPC', 'OV7', 'PC3', 'PHH', 'PL21', 'RKO', 'RMGI', 'RMUGS', 'SKB', 'SKLU1', 'SKM1', 'SKMEL1', 'SKMEL28', 'SNGM', 'SNU1040', 'SNUC4', 'SNUC5', 'SW480', 'SW620', 'SW948', 'T3M10', 'THP1', 'TYKNU', 'U937', 'VCAP', 'WSUDLCL2']",126
pifithrin-alpha,55,"['A375', 'A549', 'A673', 'AGS', 'ASC', 'CL34', 'CORL23', 'COV644', 'DV90', 'EFO27', 'H1299', 'HA1E', 'HCC15', 'HCC515', 'HCT116', 'HEC108', 'HEPG2', 'HT115', 'HT29', 'JHUEM2', 'LOVO', 'MCF7', 'MDST8', 'NCIH1694', 'NCIH1836', 'NCIH2073', 'NCIH508', 'NCIH596', 'NOMO1', 'NPC', 'OV7', 'PC3', 'PHH', 'PL21', 'RKO', 'RMGI', 'RMUGS', 'SKB', 'SKLU1', 'SKM1', 'SKMEL1', 'SKMEL28', 'SNGM', 'SNU1040', 'SNUC4', 'SNUC5', 'SW480', 'SW620', 'SW948', 'T3M10', 'THP1', 'TYKNU', 'U937', 'VCAP', 'WSUDLCL2']",78
tyrphostin-1,55,"['A375', 'A549', 'A673', 'AGS', 'ASC', 'CL34', 'CORL23', 'COV644', 'DV90', 'EFO27', 'H1299', 'HA1E', 'HCC15', 'HCC515', 'HCT116', 'HEC108', 'HEPG2', 'HT115', 'HT29', 'JHUEM2', 'LOVO', 'MCF7', 'MDST8', 'NCIH1694', 'NCIH1836', 'NCIH2073', 'NCIH508', 'NCIH596', 'NOMO1', 'NPC', 'OV7', 'PC3', 'PHH', 'PL21', 'RKO', 'RMGI', 'RMUGS', 'SKB', 'SKLU1', 'SKM1', 'SKMEL1', 'SKMEL28', 'SNGM', 'SNU1040', 'SNUC4', 'SNUC5', 'SW480', 'SW620', 'SW948', 'T3M10', 'THP1', 'TYKNU', 'U937', 'VCAP', 'WSUDLCL2']",78
tyrphostin-AG-1478,55,"['A375', 'A549', 'A673', 'AGS', 'ASC', 'CL34', 'CORL23', 'COV644', 'DV90', 'EFO27', 'H1299', 'HA1E', 'HCC15', 'HCC515', 'HCT116', 'HEC108', 'HEPG2', 'HT115', 'HT29', 'JHUEM2', 'LOVO', 'MCF7', 'MDST8', 'NCIH1694', 'NCIH1836', 'NCIH2073', 'NCIH508', 'NCIH596', 'NOMO1', 'NPC', 'OV7', 'PC3', 'PHH', 'PL21', 'RKO', 'RMGI', 'RMUGS', 'SKB', 'SKLU1', 'SKM1', 'SKMEL1', 'SKMEL28', 'SNGM', 'SNU1040', 'SNUC4', 'SNUC5', 'SW480', 'SW620', 'SW948', 'T3M10', 'THP1', 'TYKNU', 'U937', 'VCAP', 'WSUDLCL2']",78
LE-135,55,"['A375', 'A549', 'A673', 'AGS', 'ASC', 'CL34', 'CORL23', 'COV644', 'DV90', 'EFO27', 'H1299', 'HA1E', 'HCC15', 'HCC515', 'HCT116', 'HEC108', 'HEPG2', 'HT115', 'HT29', 'JHUEM2', 'LOVO', 'MCF7', 'MDST8', 'NCIH1694', 'NCIH1836', 'NCIH2073', 'NCIH508', 'NCIH596', 'NOMO1', 'NPC', 'OV7', 'PC3', 'PHH', 'PL21', 'RKO', 'RMGI', 'RMUGS', 'SKB', 'SKLU1', 'SKM1', 'SKMEL1', 'SKMEL28', 'SNGM', 'SNU1040', 'SNUC4', 'SNUC5', 'SW480', 'SW620', 'SW948', 'T3M10', 'THP1', 'TYKNU', 'U937', 'VCAP', 'WSUDLCL2']",78
LFM-A13,55,"['A375', 'A549', 'A673', 'AGS', 'ASC', 'CL34', 'CORL23', 'COV644', 'DV90', 'EFO27', 'H1299', 'HA1E', 'HCC15', 'HCC515', 'HCT116', 'HEC108', 'HEPG2', 'HT115', 'HT29', 'JHUEM2', 'LOVO', 'MCF7', 'MDST8', 'NCIH1694', 'NCIH1836', 'NCIH2073', 'NCIH508', 'NCIH596', 'NEU', 'NOMO1', 'NPC', 'OV7', 'PC3', 'PL21', 'RKO', 'RMGI', 'RMUGS', 'SKB', 'SKLU1', 'SKM1', 'SKMEL1', 'SKMEL28', 'SNGM', 'SNU1040', 'SNUC4', 'SNUC5', 'SW480', 'SW620', 'SW948', 'T3M10', 'THP1', 'TYKNU', 'U937', 'VCAP', 'WSUDLCL2']",78
purmorphamine,55,"['A375', 'A549', 'A673', 'AGS', 'ASC', 'CL34', 'CORL23', 'COV644', 'DV90', 'EFO27', 'H1299', 'HA1E', 'HCC15', 'HCC515', 'HCT116', 'HEC108', 'HEPG2', 'HT115', 'HT29', 'JHUEM2', 'LOVO', 'MCF7', 'MDST8', 'NCIH1694', 'NCIH1836', 'NCIH2073', 'NCIH508', 'NCIH596', 'NOMO1', 'NPC', 'OV7', 'PC3', 'PHH', 'PL21', 'RKO', 'RMGI', 'RMUGS', 'SKB', 'SKLU1', 'SKM1', 'SKMEL1', 'SKMEL28', 'SNGM', 'SNU1040', 'SNUC4', 'SNUC5', 'SW480', 'SW620', 'SW948', 'T3M10', 'THP1', 'TYKNU', 'U937', 'VCAP', 'WSUDLCL2']",78
dorsomorphin,55,"['A375', 'A549', 'A673', 'AGS', 'ASC', 'CL34', 'CORL23', 'COV644', 'DV90', 'EFO27', 'H1299', 'HA1E', 'HCC15', 'HCC515', 'HCT116', 'HEC108', 'HEPG2', 'HT115', 'HT29', 'JHUEM2', 'LOVO', 'MCF7', 'MDST8', 'NCIH1694', 'NCIH1836', 'NCIH2073', 'NCIH508', 'NCIH596', 'NOMO1', 'NPC', 'OV7', 'PC3', 'PHH', 'PL21', 'RKO', 'RMGI', 'RMUGS', 'SKB', 'SKLU1', 'SKM1', 'SKMEL1', 'SKMEL28', 'SNGM', 'SNU1040', 'SNUC4', 'SNUC5', 'SW480', 'SW620', 'SW948', 'T3M10', 'THP1', 'TYKNU', 'U937', 'VCAP', 'WSUDLCL2']",81
calpeptin,55,"['A375', 'A549', 'A673', 'AGS', 'ASC', 'CL34', 'CORL23', 'COV644', 'DV90', 'EFO27', 'H1299', 'HA1E', 'HCC15', 'HCC515', 'HCT116', 'HEC108', 'HEPG2', 'HT115', 'HT29', 'JHUEM2', 'LOVO', 'MCF7', 'MDST8', 'NCIH1694', 'NCIH1836', 'NCIH2073', 'NCIH508', 'NCIH596', 'NOMO1', 'NPC', 'OV7', 'PC3', 'PHH', 'PL21', 'RKO', 'RMGI', 'RMUGS', 'SKB', 'SKLU1', 'SKM1', 'SKMEL1', 'SKMEL28', 'SNGM', 'SNU1040', 'SNUC4', 'SNUC5', 'SW480', 'SW620', 'SW948', 'T3M10', 'THP1', 'TYKNU', 'U937', 'VCAP', 'WSUDLCL2']",78
ABT-737,55,"['A375', 'A549', 'A673', 'AGS', 'BT20', 'CL34', 'CORL23', 'COV644', 'DV90', 'EFO27', 'H1299', 'HA1E', 'HCC15', 'HCC515', 'HCT116', 'HEC108', 'HEPG2', 'HS578T', 'HT115', 'HT29', 'JHUEM2', 'LOVO', 'MCF10A', 'MCF7', 'MDAMB231', 'MDST8', 'NCIH1694', 'NCIH2073', 'NCIH508', 'NCIH596', 'NOMO1', 'OV7', 'PC3', 'PL21', 'RKO', 'RMGI', 'RMUGS', 'SKBR3', 'SKLU1', 'SKM1', 'SKMEL1', 'SKMEL28', 'SNGM', 'SNU1040', 'SNUC4', 'SNUC5', 'SW480', 'SW620', 'SW948', 'T3M10', 'THP1', 'TYKNU', 'U937', 'VCAP', 'WSUDLCL2']",106
bisindolylmaleimide,54,"['A375', 'A549', 'A673', 'AGS', 'CL34', 'CORL23', 'COV644', 'DV90', 'EFO27', 'FIBRNPC', 'H1299', 'HA1E', 'HCC15', 'HCC515', 'HCT116', 'HEC108', 'HEPG2', 'HT115', 'HT29', 'JHUEM2', 'LOVO', 'MCF7', 'MDST8', 'NCIH1694', 'NCIH1836', 'NCIH2073', 'NCIH508', 'NCIH596', 'NEU', 'NOMO1', 'NPC', 'OV7', 'PC3', 'PL21', 'RKO', 'RMGI', 'RMUGS', 'SKLU1', 'SKM1', 'SKMEL1', 'SKMEL28', 'SNGM', 'SNU1040', 'SNUC4', 'SNUC5', 'SW480', 'SW620', 'SW948', 'T3M10', 'THP1', 'TYKNU', 'U937', 'VCAP', 'WSUDLCL2']",95
trifluoperazine,54,"['A375', 'A549', 'A673', 'AGS', 'CL34', 'CORL23', 'COV644', 'DV90', 'EFO27', 'FIBRNPC', 'H1299', 'HA1E', 'HCC15', 'HCC515', 'HCT116', 'HEC108', 'HEPG2', 'HT115', 'HT29', 'JHUEM2', 'LOVO', 'MCF7', 'MDST8', 'NCIH1694', 'NCIH1836', 'NCIH2073', 'NCIH508', 'NCIH596', 'NEU', 'NOMO1', 'NPC', 'OV7', 'PC3', 'PL21', 'RKO', 'RMGI', 'RMUGS', 'SKLU1', 'SKM1', 'SKMEL1', 'SKMEL28', 'SNGM', 'SNU1040', 'SNUC4', 'SNUC5', 'SW480', 'SW620', 'SW948', 'T3M10', 'THP1', 'TYKNU', 'U937', 'VCAP', 'WSUDLCL2']",134
valproic-acid,54,"['A375', 'A549', 'A673', 'AGS', 'CL34', 'CORL23', 'COV644', 'DV90', 'EFO27', 'FIBRNPC', 'H1299', 'HA1E', 'HCC15', 'HCC515', 'HCT116', 'HEC108', 'HEPG2', 'HT115', 'HT29', 'JHUEM2', 'LOVO', 'MCF7', 'MDST8', 'NCIH1694', 'NCIH1836', 'NCIH2073', 'NCIH508', 'NCIH596', 'NEU', 'NOMO1', 'NPC', 'OV7', 'PC3', 'PL21', 'RKO', 'RMGI', 'RMUGS', 'SKLU1', 'SKM1', 'SKMEL1', 'SKMEL28', 'SNGM', 'SNU1040', 'SNUC4', 'SNUC5', 'SW480', 'SW620', 'SW948', 'T3M10', 'THP1', 'TYKNU', 'U937', 'VCAP', 'WSUDLCL2']",107
phenothiazine,54,"['A375', 'A549', 'A673', 'AGS', 'CL34', 'CORL23', 'COV644', 'DV90', 'EFO27', 'FIBRNPC', 'H1299', 'HA1E', 'HCC15', 'HCC515', 'HCT116', 'HEC108', 'HEPG2', 'HT115', 'HT29', 'JHUEM2', 'LOVO', 'MCF7', 'MDST8', 'NCIH1694', 'NCIH1836', 'NCIH2073', 'NCIH508', 'NCIH596', 'NEU', 'NOMO1', 'NPC', 'OV7', 'PC3', 'PL21', 'RKO', 'RMGI', 'RMUGS', 'SKLU1', 'SKM1', 'SKMEL1', 'SKMEL28', 'SNGM', 'SNU1040', 'SNUC4', 'SNUC5', 'SW480', 'SW620', 'SW948', 'T3M10', 'THP1', 'TYKNU', 'U937', 'VCAP', 'WSUDLCL2']",93
BRD-K81647657,54,"['A375', 'A549', 'A673', 'AGS', 'CL34', 'CORL23', 'COV644', 'DV90', 'EFO27', 'FIBRNPC', 'H1299', 'HA1E', 'HCC15', 'HCC515', 'HCT116', 'HEC108', 'HEPG2', 'HT115', 'HT29', 'JHUEM2', 'LOVO', 'MCF7', 'MDST8', 'NCIH1694', 'NCIH1836', 'NCIH2073', 'NCIH508', 'NCIH596', 'NEU', 'NOMO1', 'NPC', 'OV7', 'PC3', 'PL21', 'RKO', 'RMGI', 'RMUGS', 'SKLU1', 'SKM1', 'SKMEL1', 'SKMEL28', 'SNGM', 'SNU1040', 'SNUC4', 'SNUC5', 'SW480', 'SW620', 'SW948', 'T3M10', 'THP1', 'TYKNU', 'U937', 'VCAP', 'WSUDLCL2']",65
XAV-939,54,"['A375', 'A549', 'A673', 'AGS', 'CL34', 'CORL23', 'COV644', 'DV90', 'EFO27', 'FIBRNPC', 'H1299', 'HA1E', 'HCC15', 'HCC515', 'HCT116', 'HEC108', 'HEPG2', 'HT115', 'HT29', 'JHUEM2', 'LOVO', 'MCF7', 'MDST8', 'NCIH1694', 'NCIH1836', 'NCIH2073', 'NCIH508', 'NCIH596', 'NEU', 'NOMO1', 'NPC', 'OV7', 'PC3', 'PL21', 'RKO', 'RMGI', 'RMUGS', 'SKLU1', 'SKM1', 'SKMEL1', 'SKMEL28', 'SNGM', 'SNU1040', 'SNUC4', 'SNUC5', 'SW480', 'SW620', 'SW948', 'T3M10', 'THP1', 'TYKNU', 'U937', 'VCAP', 'WSUDLCL2']",107
cerulenin,54,"['A375', 'A549', 'A673', 'AGS', 'CL34', 'CORL23', 'COV644', 'DV90', 'EFO27', 'FIBRNPC', 'H1299', 'HA1E', 'HCC15', 'HCC515', 'HCT116', 'HEC108', 'HEPG2', 'HT115', 'HT29', 'JHUEM2', 'LOVO', 'MCF7', 'MDST8', 'NCIH1694', 'NCIH1836', 'NCIH2073', 'NCIH508', 'NCIH596', 'NEU', 'NOMO1', 'NPC', 'OV7', 'PC3', 'PL21', 'RKO', 'RMGI', 'RMUGS', 'SKLU1', 'SKM1', 'SKMEL1', 'SKMEL28', 'SNGM', 'SNU1040', 'SNUC4', 'SNUC5', 'SW480', 'SW620', 'SW948', 'T3M10', 'THP1', 'TYKNU', 'U937', 'VCAP', 'WSUDLCL2']",73
teniposide,54,"['A375', 'A549', 'A673', 'AGS', 'ASC', 'CL34', 'CORL23', 'COV644', 'DV90', 'EFO27', 'H1299', 'HA1E', 'HCC15', 'HCC515', 'HCT116', 'HEC108', 'HEPG2', 'HT115', 'HT29', 'JHUEM2', 'LOVO', 'MCF7', 'MDST8', 'NCIH1694', 'NCIH1836', 'NCIH2073', 'NCIH508', 'NCIH596', 'NOMO1', 'NPC', 'OV7', 'PC3', 'PL21', 'RKO', 'RMGI', 'RMUGS', 'SKB', 'SKLU1', 'SKM1', 'SKMEL1', 'SKMEL28', 'SNGM', 'SNU1040', 'SNUC4', 'SNUC5', 'SW480', 'SW620', 'SW948', 'T3M10', 'THP1', 'TYKNU', 'U937', 'VCAP', 'WSUDLCL2']",116
YM-155,54,"['A375', 'A549', 'A673', 'AGS', 'ASC', 'CL34', 'CORL23', 'COV644', 'DV90', 'EFO27', 'H1299', 'HA1E', 'HCC15', 'HCC515', 'HCT116', 'HEC108', 'HEPG2', 'HT115', 'HT29', 'JHUEM2', 'LOVO', 'MCF7', 'MDST8', 'NCIH1694', 'NCIH1836', 'NCIH2073', 'NCIH508', 'NCIH596', 'NEU', 'NOMO1', 'NPC', 'OV7', 'PC3', 'PL21', 'RKO', 'RMGI', 'RMUGS', 'SKB', 'SKLU1', 'SKM1', 'SKMEL1', 'SKMEL28', 'SNGM', 'SNU1040', 'SNUC4', 'SNUC5', 'SW480', 'SW620', 'SW948', 'THP1', 'TYKNU', 'U937', 'VCAP', 'WSUDLCL2']",73
zebularine,54,"['A375', 'A549', 'A673', 'AGS', 'CL34', 'CORL23', 'COV644', 'DV90', 'EFO27', 'FIBRNPC', 'H1299', 'HA1E', 'HCC15', 'HCC515', 'HCT116', 'HEC108', 'HEPG2', 'HT115', 'HT29', 'JHUEM2', 'LOVO', 'MCF7', 'MDST8', 'NCIH1694', 'NCIH1836', 'NCIH2073', 'NCIH508', 'NCIH596', 'NEU', 'NOMO1', 'NPC', 'OV7', 'PC3', 'PL21', 'RKO', 'RMGI', 'RMUGS', 'SKLU1', 'SKM1', 'SKMEL1', 'SKMEL28', 'SNGM', 'SNU1040', 'SNUC4', 'SNUC5', 'SW480', 'SW620', 'SW948', 'T3M10', 'THP1', 'TYKNU', 'U937', 'VCAP', 'WSUDLCL2']",101
AGK-2,54,"['A375', 'A549', 'A673', 'AGS', 'CL34', 'CORL23', 'COV644', 'DV90', 'EFO27', 'FIBRNPC', 'H1299', 'HA1E', 'HCC15', 'HCC515', 'HCT116', 'HEC108', 'HEPG2', 'HT115', 'HT29', 'JHUEM2', 'LOVO', 'MCF7', 'MDST8', 'NCIH1694', 'NCIH1836', 'NCIH2073', 'NCIH508', 'NCIH596', 'NEU', 'NOMO1', 'NPC', 'OV7', 'PC3', 'PL21', 'RKO', 'RMGI', 'RMUGS', 'SKLU1', 'SKM1', 'SKMEL1', 'SKMEL28', 'SNGM', 'SNU1040', 'SNUC4', 'SNUC5', 'SW480', 'SW620', 'SW948', 'T3M10', 'THP1', 'TYKNU', 'U937', 'VCAP', 'WSUDLCL2']",71
tanespimycin,54,"['A375', 'A549', 'A673', 'AGS', 'CL34', 'CORL23', 'COV644', 'DV90', 'EFO27', 'FIBRNPC', 'H1299', 'HA1E', 'HCC15', 'HCC515', 'HCT116', 'HEC108', 'HEPG2', 'HT115', 'HT29', 'JHUEM2', 'LOVO', 'MCF7', 'MDST8', 'NCIH1694', 'NCIH1836', 'NCIH2073', 'NCIH508', 'NCIH596', 'NEU', 'NOMO1', 'NPC', 'OV7', 'PC3', 'PL21', 'RKO', 'RMGI', 'RMUGS', 'SKLU1', 'SKM1', 'SKMEL1', 'SKMEL28', 'SNGM', 'SNU1040', 'SNUC4', 'SNUC5', 'SW480', 'SW620', 'SW948', 'T3M10', 'THP1', 'TYKNU', 'U937', 'VCAP', 'WSUDLCL2']",198
EX-527,54,"['A375', 'A549', 'A673', 'AGS', 'CL34', 'CORL23', 'COV644', 'DV90', 'EFO27', 'FIBRNPC', 'H1299', 'HA1E', 'HCC15', 'HCC515', 'HCT116', 'HEC108', 'HEPG2', 'HT115', 'HT29', 'JHUEM2', 'LOVO', 'MCF7', 'MDST8', 'NCIH1694', 'NCIH1836', 'NCIH2073', 'NCIH508', 'NCIH596', 'NEU', 'NOMO1', 'NPC', 'OV7', 'PC3', 'PL21', 'RKO', 'RMGI', 'RMUGS', 'SKLU1', 'SKM1', 'SKMEL1', 'SKMEL28', 'SNGM', 'SNU1040', 'SNUC4', 'SNUC5', 'SW480', 'SW620', 'SW948', 'T3M10', 'THP1', 'TYKNU', 'U937', 'VCAP', 'WSUDLCL2']",71
ISOX,54,"['A375', 'A549', 'A673', 'AGS', 'CL34', 'CORL23', 'COV644', 'DV90', 'EFO27', 'FIBRNPC', 'H1299', 'HA1E', 'HCC15', 'HCC515', 'HCT116', 'HEC108', 'HEPG2', 'HT115', 'HT29', 'JHUEM2', 'LOVO', 'MCF7', 'MDST8', 'NCIH1694', 'NCIH1836', 'NCIH2073', 'NCIH508', 'NCIH596', 'NEU', 'NOMO1', 'NPC', 'OV7', 'PC3', 'PL21', 'RKO', 'RMGI', 'RMUGS', 'SKLU1', 'SKM1', 'SKMEL1', 'SKMEL28', 'SNGM', 'SNU1040', 'SNUC4', 'SNUC5', 'SW480', 'SW620', 'SW948', 'T3M10', 'THP1', 'TYKNU', 'U937', 'VCAP', 'WSUDLCL2']",65
imiquimod,54,"['A375', 'A549', 'A673', 'AGS', 'CL34', 'CORL23', 'COV644', 'DV90', 'EFO27', 'FIBRNPC', 'H1299', 'HA1E', 'HCC15', 'HCC515', 'HCT116', 'HEC108', 'HEPG2', 'HT115', 'HT29', 'JHUEM2', 'LOVO', 'MCF7', 'MDST8', 'NCIH1694', 'NCIH1836', 'NCIH2073', 'NCIH508', 'NCIH596', 'NEU', 'NOMO1', 'NPC', 'OV7', 'PC3', 'PL21', 'RKO', 'RMGI', 'RMUGS', 'SKLU1', 'SKM1', 'SKMEL1', 'SKMEL28', 'SNGM', 'SNU1040', 'SNUC4', 'SNUC5', 'SW480', 'SW620', 'SW948', 'T3M10', 'THP1', 'TYKNU', 'U937', 'VCAP', 'WSUDLCL2']",65
tyrphostin-AG-112,54,"['A375', 'A549', 'A673', 'AGS', 'CL34', 'CORL23', 'COV644', 'DV90', 'EFO27', 'FIBRNPC', 'H1299', 'HA1E', 'HCC15', 'HCC515', 'HCT116', 'HEC108', 'HEPG2', 'HT115', 'HT29', 'JHUEM2', 'LOVO', 'MCF7', 'MDST8', 'NCIH1694', 'NCIH1836', 'NCIH2073', 'NCIH508', 'NCIH596', 'NEU', 'NOMO1', 'NPC', 'OV7', 'PC3', 'PL21', 'RKO', 'RMGI', 'RMUGS', 'SKLU1', 'SKM1', 'SKMEL1', 'SKMEL28', 'SNGM', 'SNU1040', 'SNUC4', 'SNUC5', 'SW480', 'SW620', 'SW948', 'T3M10', 'THP1', 'TYKNU', 'U937', 'VCAP', 'WSUDLCL2']",65
troglitazone,54,"['A375', 'A549', 'A673', 'AGS', 'CL34', 'CORL23', 'COV644', 'DV90', 'EFO27', 'FIBRNPC', 'H1299', 'HA1E', 'HCC15', 'HCC515', 'HCT116', 'HEC108', 'HEPG2', 'HT115', 'HT29', 'JHUEM2', 'LOVO', 'MCF7', 'MDST8', 'NCIH1694', 'NCIH1836', 'NCIH2073', 'NCIH508', 'NCIH596', 'NEU', 'NOMO1', 'NPC', 'OV7', 'PC3', 'PL21', 'RKO', 'RMGI', 'RMUGS', 'SKLU1', 'SKM1', 'SKMEL1', 'SKMEL28', 'SNGM', 'SNU1040', 'SNUC4', 'SNUC5', 'SW480', 'SW620', 'SW948', 'T3M10', 'THP1', 'TYKNU', 'U937', 'VCAP', 'WSUDLCL2']",187
RLM-2-12,54,"['A375', 'A549', 'A673', 'AGS', 'CL34', 'CORL23', 'COV644', 'DV90', 'EFO27', 'FIBRNPC', 'H1299', 'HA1E', 'HCC15', 'HCC515', 'HCT116', 'HEC108', 'HEPG2', 'HT115', 'HT29', 'JHUEM2', 'LOVO', 'MCF7', 'MDST8', 'NCIH1694', 'NCIH1836', 'NCIH2073', 'NCIH508', 'NCIH596', 'NEU', 'NOMO1', 'NPC', 'OV7', 'PC3', 'PL21', 'RKO', 'RMGI', 'RMUGS', 'SKLU1', 'SKM1', 'SKMEL1', 'SKMEL28', 'SNGM', 'SNU1040', 'SNUC4', 'SNUC5', 'SW480', 'SW620', 'SW948', 'T3M10', 'THP1', 'TYKNU', 'U937', 'VCAP', 'WSUDLCL2']",65
temozolomide,54,"['A375', 'A549', 'A673', 'AGS', 'CL34', 'CORL23', 'COV644', 'DV90', 'EFO27', 'FIBRNPC', 'H1299', 'HA1E', 'HCC15', 'HCC515', 'HCT116', 'HEC108', 'HEPG2', 'HT115', 'HT29', 'JHUEM2', 'LOVO', 'MCF7', 'MDST8', 'NCIH1694', 'NCIH1836', 'NCIH2073', 'NCIH508', 'NCIH596', 'NEU', 'NOMO1', 'NPC', 'OV7', 'PC3', 'PL21', 'RKO', 'RMGI', 'RMUGS', 'SKLU1', 'SKM1', 'SKMEL1', 'SKMEL28', 'SNGM', 'SNU1040', 'SNUC4', 'SNUC5', 'SW480', 'SW620', 'SW948', 'T3M10', 'THP1', 'TYKNU', 'U937', 'VCAP', 'WSUDLCL2']",134
FK-866,54,"['A375', 'A549', 'A673', 'AGS', 'CL34', 'CORL23', 'COV644', 'DV90', 'EFO27', 'FIBRNPC', 'H1299', 'HA1E', 'HCC15', 'HCC515', 'HCT116', 'HEC108', 'HEPG2', 'HT115', 'HT29', 'JHUEM2', 'LOVO', 'MCF7', 'MDST8', 'NCIH1694', 'NCIH1836', 'NCIH2073', 'NCIH508', 'NCIH596', 'NEU', 'NOMO1', 'NPC', 'OV7', 'PC3', 'PL21', 'RKO', 'RMGI', 'RMUGS', 'SKLU1', 'SKM1', 'SKMEL1', 'SKMEL28', 'SNGM', 'SNU1040', 'SNUC4', 'SNUC5', 'SW480', 'SW620', 'SW948', 'T3M10', 'THP1', 'TYKNU', 'U937', 'VCAP', 'WSUDLCL2']",71
NVP-BEZ235,54,"['A375', 'A549', 'A673', 'AGS', 'CL34', 'CORL23', 'COV644', 'DV90', 'EFO27', 'FIBRNPC', 'H1299', 'HA1E', 'HCC15', 'HCC515', 'HCT116', 'HEC108', 'HEPG2', 'HT115', 'HT29', 'JHUEM2', 'LOVO', 'MCF7', 'MDST8', 'NCIH1694', 'NCIH1836', 'NCIH2073', 'NCIH508', 'NCIH596', 'NEU', 'NOMO1', 'NPC', 'OV7', 'PC3', 'PL21', 'RKO', 'RMGI', 'RMUGS', 'SKLU1', 'SKM1', 'SKMEL1', 'SKMEL28', 'SNGM', 'SNU1040', 'SNUC4', 'SNUC5', 'SW480', 'SW620', 'SW948', 'T3M10', 'THP1', 'TYKNU', 'U937', 'VCAP', 'WSUDLCL2']",101
QS-11,54,"['A375', 'A549', 'A673', 'AGS', 'CL34', 'CORL23', 'COV644', 'DV90', 'EFO27', 'FIBRNPC', 'H1299', 'HA1E', 'HCC15', 'HCC515', 'HCT116', 'HEC108', 'HEPG2', 'HT115', 'HT29', 'JHUEM2', 'LOVO', 'MCF7', 'MDST8', 'NCIH1694', 'NCIH1836', 'NCIH2073', 'NCIH508', 'NCIH596', 'NEU', 'NOMO1', 'NPC', 'OV7', 'PC3', 'PL21', 'RKO', 'RMGI', 'RMUGS', 'SKLU1', 'SKM1', 'SKMEL1', 'SKMEL28', 'SNGM', 'SNU1040', 'SNUC4', 'SNUC5', 'SW480', 'SW620', 'SW948', 'T3M10', 'THP1', 'TYKNU', 'U937', 'VCAP', 'WSUDLCL2']",65
PK-11195,54,"['A375', 'A549', 'A673', 'AGS', 'ASC', 'CORL23', 'COV644', 'DV90', 'EFO27', 'H1299', 'HA1E', 'HCC15', 'HCC515', 'HCT116', 'HEC108', 'HEPG2', 'HT115', 'HT29', 'JHUEM2', 'LOVO', 'MCF7', 'MDST8', 'NCIH1694', 'NCIH1836', 'NCIH2073', 'NCIH508', 'NCIH596', 'NOMO1', 'NPC', 'OV7', 'PC3', 'PHH', 'PL21', 'RKO', 'RMGI', 'RMUGS', 'SKB', 'SKLU1', 'SKM1', 'SKMEL1', 'SKMEL28', 'SNGM', 'SNU1040', 'SNUC4', 'SNUC5', 'SW480', 'SW620', 'SW948', 'T3M10', 'THP1', 'TYKNU', 'U937', 'VCAP', 'WSUDLCL2']",77
PIK-75,54,"['A375', 'A549', 'A673', 'AGS', 'ASC', 'CL34', 'CORL23', 'COV644', 'DV90', 'EFO27', 'H1299', 'HA1E', 'HCC15', 'HCC515', 'HCT116', 'HEC108', 'HEPG2', 'HT115', 'HT29', 'JHUEM2', 'LOVO', 'MCF7', 'MDST8', 'NCIH1694', 'NCIH1836', 'NCIH2073', 'NCIH508', 'NCIH596', 'NEU', 'NOMO1', 'NPC', 'OV7', 'PC3', 'PHH', 'PL21', 'RKO', 'RMGI', 'RMUGS', 'SKB', 'SKLU1', 'SKM1', 'SKMEL1', 'SKMEL28', 'SNGM', 'SNU1040', 'SNUC4', 'SW480', 'SW620', 'SW948', 'T3M10', 'TYKNU', 'U937', 'VCAP', 'WSUDLCL2']",74
RHO-kinase-inhibitor-III[rockout],54,"['A375', 'A549', 'A673', 'AGS', 'CL34', 'CORL23', 'COV644', 'DV90', 'EFO27', 'FIBRNPC', 'H1299', 'HA1E', 'HCC15', 'HCC515', 'HCT116', 'HEC108', 'HEPG2', 'HT115', 'HT29', 'JHUEM2', 'LOVO', 'MCF7', 'MDST8', 'NCIH1694', 'NCIH1836', 'NCIH2073', 'NCIH508', 'NCIH596', 'NEU', 'NOMO1', 'NPC', 'OV7', 'PC3', 'PL21', 'RKO', 'RMGI', 'RMUGS', 'SKLU1', 'SKM1', 'SKMEL1', 'SKMEL28', 'SNGM', 'SNU1040', 'SNUC4', 'SNUC5', 'SW480', 'SW620', 'SW948', 'T3M10', 'THP1', 'TYKNU', 'U937', 'VCAP', 'WSUDLCL2']",65
PNU-74654,54,"['A375', 'A549', 'A673', 'AGS', 'CL34', 'CORL23', 'COV644', 'DV90', 'EFO27', 'FIBRNPC', 'H1299', 'HA1E', 'HCC15', 'HCC515', 'HCT116', 'HEC108', 'HEPG2', 'HT115', 'HT29', 'JHUEM2', 'LOVO', 'MCF7', 'MDST8', 'NCIH1694', 'NCIH1836', 'NCIH2073', 'NCIH508', 'NCIH596', 'NEU', 'NOMO1', 'NPC', 'OV7', 'PC3', 'PL21', 'RKO', 'RMGI', 'RMUGS', 'SKLU1', 'SKM1', 'SKMEL1', 'SKMEL28', 'SNGM', 'SNU1040', 'SNUC4', 'SNUC5', 'SW480', 'SW620', 'SW948', 'T3M10', 'THP1', 'TYKNU', 'U937', 'VCAP', 'WSUDLCL2']",65
AKT-inhibitor-1-2,54,"['A375', 'A549', 'A673', 'AGS', 'BT20', 'CL34', 'CORL23', 'COV644', 'DV90', 'EFO27', 'H1299', 'HA1E', 'HCC15', 'HCC515', 'HCT116', 'HEC108', 'HEPG2', 'HS578T', 'HT115', 'HT29', 'JHUEM2', 'LOVO', 'MCF10A', 'MCF7', 'MDAMB231', 'NCIH1694', 'NCIH1836', 'NCIH2073', 'NCIH508', 'NCIH596', 'NOMO1', 'OV7', 'PC3', 'PL21', 'RKO', 'RMUGS', 'SKBR3', 'SKLU1', 'SKM1', 'SKMEL1', 'SKMEL28', 'SNGM', 'SNU1040', 'SNUC4', 'SNUC5', 'SW480', 'SW620', 'SW948', 'T3M10', 'THP1', 'TYKNU', 'U937', 'VCAP', 'WSUDLCL2']",104
BRD-K86574132,53,"['A375', 'A549', 'A673', 'AGS', 'CL34', 'CORL23', 'COV644', 'DV90', 'EFO27', 'H1299', 'HA1E', 'HCC15', 'HCC515', 'HCT116', 'HEC108', 'HEPG2', 'HT115', 'HT29', 'HUH7', 'JHUEM2', 'LOVO', 'MCF7', 'MDST8', 'NCIH1694', 'NCIH1836', 'NCIH2073', 'NCIH508', 'NCIH596', 'NOMO1', 'OV7', 'PC3', 'PHH', 'PL21', 'RKO', 'RMGI', 'RMUGS', 'SKLU1', 'SKM1', 'SKMEL1', 'SKMEL28', 'SNGM', 'SNU1040', 'SNUC4', 'SNUC5', 'SW480', 'SW620', 'SW948', 'T3M10', 'THP1', 'TYKNU', 'U937', 'VCAP', 'WSUDLCL2']",71
FPL-64176,53,"['A375', 'A549', 'A673', 'AGS', 'ASC', 'CL34', 'CORL23', 'COV644', 'DV90', 'EFO27', 'H1299', 'HA1E', 'HCC15', 'HCC515', 'HCT116', 'HEC108', 'HEPG2', 'HT29', 'JHUEM2', 'LOVO', 'MCF7', 'MDST8', 'NCIH1694', 'NCIH1836', 'NCIH2073', 'NCIH508', 'NCIH596', 'NOMO1', 'NPC', 'OV7', 'PC3', 'PHH', 'PL21', 'RKO', 'RMGI', 'RMUGS', 'SKB', 'SKLU1', 'SKM1', 'SKMEL1', 'SKMEL28', 'SNGM', 'SNU1040', 'SNUC4', 'SNUC5', 'SW480', 'SW620', 'SW948', 'THP1', 'TYKNU', 'U937', 'VCAP', 'WSUDLCL2']",76
capsaicin,53,"['A375', 'A549', 'A673', 'AGS', 'CL34', 'CORL23', 'COV644', 'DV90', 'EFO27', 'FIBRNPC', 'H1299', 'HA1E', 'HCC15', 'HCC515', 'HCT116', 'HEC108', 'HEPG2', 'HT115', 'HT29', 'JHUEM2', 'LOVO', 'MCF7', 'MDST8', 'NCIH1836', 'NCIH2073', 'NCIH508', 'NCIH596', 'NEU', 'NOMO1', 'NPC', 'OV7', 'PC3', 'PL21', 'RKO', 'RMGI', 'RMUGS', 'SKLU1', 'SKM1', 'SKMEL1', 'SKMEL28', 'SNGM', 'SNU1040', 'SNUC4', 'SNUC5', 'SW480', 'SW620', 'SW948', 'T3M10', 'THP1', 'TYKNU', 'U937', 'VCAP', 'WSUDLCL2']",75
sulforaphane,53,"['A375', 'A549', 'A673', 'AGS', 'CL34', 'CORL23', 'COV644', 'DV90', 'EFO27', 'H1299', 'HA1E', 'HCC15', 'HCC515', 'HCT116', 'HEC108', 'HEPG2', 'HT115', 'HT29', 'JHUEM2', 'JURKAT', 'LOVO', 'MCF7', 'MDST8', 'NCIH1694', 'NCIH1836', 'NCIH2073', 'NCIH508', 'NCIH596', 'NOMO1', 'OV7', 'PC3', 'PL21', 'RKO', 'RMGI', 'RMUGS', 'SKLU1', 'SKM1', 'SKMEL1', 'SKMEL28', 'SNGM', 'SNU1040', 'SNUC4', 'SNUC5', 'SW480', 'SW620', 'SW948', 'T3M10', 'THP1', 'TYKNU', 'U266', 'U937', 'VCAP', 'WSUDLCL2']",262
10-DEBC,53,"['A375', 'A549', 'A673', 'AGS', 'CL34', 'CORL23', 'COV644', 'DV90', 'EFO27', 'FIBRNPC', 'H1299', 'HA1E', 'HCC15', 'HCC515', 'HCT116', 'HEC108', 'HEPG2', 'HT115', 'HT29', 'JHUEM2', 'LOVO', 'MCF7', 'MDST8', 'NCIH1694', 'NCIH1836', 'NCIH2073', 'NCIH508', 'NCIH596', 'NEU', 'NOMO1', 'OV7', 'PC3', 'PL21', 'RKO', 'RMGI', 'RMUGS', 'SKLU1', 'SKM1', 'SKMEL1', 'SKMEL28', 'SNGM', 'SNU1040', 'SNUC4', 'SNUC5', 'SW480', 'SW620', 'SW948', 'T3M10', 'THP1', 'TYKNU', 'U937', 'VCAP', 'WSUDLCL2']",63
thapsigargin,53,"['A375', 'A549', 'A673', 'AGS', 'CL34', 'CORL23', 'COV644', 'DV90', 'EFO27', 'FIBRNPC', 'H1299', 'HA1E', 'HCC15', 'HCC515', 'HCT116', 'HEC108', 'HEPG2', 'HT115', 'HT29', 'JHUEM2', 'LOVO', 'MCF7', 'MDST8', 'NCIH1694', 'NCIH1836', 'NCIH2073', 'NCIH508', 'NCIH596', 'NEU', 'NOMO1', 'OV7', 'PC3', 'PL21', 'RKO', 'RMGI', 'RMUGS', 'SKLU1', 'SKM1', 'SKMEL1', 'SKMEL28', 'SNGM', 'SNU1040', 'SNUC4', 'SNUC5', 'SW480', 'SW620', 'SW948', 'T3M10', 'THP1', 'TYKNU', 'U937', 'VCAP', 'WSUDLCL2']",84
endo-IWR-1,53,"['A375', 'A549', 'A673', 'AGS', 'CL34', 'CORL23', 'COV644', 'DV90', 'EFO27', 'FIBRNPC', 'H1299', 'HA1E', 'HCC15', 'HCC515', 'HCT116', 'HEC108', 'HEPG2', 'HT29', 'JHUEM2', 'LOVO', 'MCF7', 'MDST8', 'NCIH1694', 'NCIH1836', 'NCIH2073', 'NCIH508', 'NCIH596', 'NEU', 'NOMO1', 'NPC', 'OV7', 'PC3', 'PL21', 'RKO', 'RMGI', 'RMUGS', 'SKLU1', 'SKM1', 'SKMEL1', 'SKMEL28', 'SNGM', 'SNU1040', 'SNUC4', 'SNUC5', 'SW480', 'SW620', 'SW948', 'T3M10', 'THP1', 'TYKNU', 'U937', 'VCAP', 'WSUDLCL2']",100
kinetin-riboside,52,"['A375', 'A549', 'A673', 'AGS', 'CL34', 'CORL23', 'COV644', 'DV90', 'EFO27', 'H1299', 'HA1E', 'HCC15', 'HCC515', 'HCT116', 'HEC108', 'HEPG2', 'HT115', 'HT29', 'JHUEM2', 'LOVO', 'MCF7', 'MDST8', 'NCIH1694', 'NCIH1836', 'NCIH2073', 'NCIH508', 'NCIH596', 'NKDBA', 'NOMO1', 'OV7', 'PC3', 'PL21', 'RKO', 'RMGI', 'RMUGS', 'SKLU1', 'SKM1', 'SKMEL1', 'SKMEL28', 'SNGM', 'SNU1040', 'SNUC4', 'SNUC5', 'SW480', 'SW620', 'SW948', 'T3M10', 'THP1', 'TYKNU', 'U937', 'VCAP', 'WSUDLCL2']",71
ixazomib,52,"['A375', 'A549', 'A673', 'AGS', 'CL34', 'CORL23', 'COV644', 'DV90', 'EFO27', 'H1299', 'HA1E', 'HCC15', 'HCC515', 'HCT116', 'HEC108', 'HEPG2', 'HT115', 'HT29', 'JHUEM2', 'LOVO', 'MCF7', 'MDST8', 'NCIH1694', 'NCIH1836', 'NCIH2073', 'NCIH508', 'NCIH596', 'NKDBA', 'NOMO1', 'OV7', 'PC3', 'PL21', 'RKO', 'RMGI', 'RMUGS', 'SKLU1', 'SKM1', 'SKMEL1', 'SKMEL28', 'SNGM', 'SNU1040', 'SNUC4', 'SNUC5', 'SW480', 'SW620', 'SW948', 'T3M10', 'THP1', 'TYKNU', 'U937', 'VCAP', 'WSUDLCL2']",70
methylene-blue,52,"['A375', 'A549', 'A673', 'AGS', 'CL34', 'CORL23', 'COV644', 'DV90', 'EFO27', 'H1299', 'HA1E', 'HCC15', 'HCC515', 'HCT116', 'HEC108', 'HEPG2', 'HT115', 'HT29', 'JHUEM2', 'LOVO', 'MCF7', 'MDST8', 'NCIH1694', 'NCIH1836', 'NCIH2073', 'NCIH508', 'NCIH596', 'NKDBA', 'NOMO1', 'OV7', 'PC3', 'PL21', 'RKO', 'RMGI', 'RMUGS', 'SKLU1', 'SKM1', 'SKMEL1', 'SKMEL28', 'SNGM', 'SNU1040', 'SNUC4', 'SNUC5', 'SW480', 'SW620', 'SW948', 'T3M10', 'THP1', 'TYKNU', 'U937', 'VCAP', 'WSUDLCL2']",107
pevonedistat,52,"['A375', 'A549', 'A673', 'AGS', 'CL34', 'CORL23', 'COV644', 'DV90', 'EFO27', 'H1299', 'HA1E', 'HCC15', 'HCC515', 'HCT116', 'HEC108', 'HEPG2', 'HT115', 'HT29', 'JHUEM2', 'LOVO', 'MCF7', 'MDST8', 'NCIH1694', 'NCIH1836', 'NCIH2073', 'NCIH508', 'NCIH596', 'NKDBA', 'NOMO1', 'OV7', 'PC3', 'PL21', 'RKO', 'RMGI', 'RMUGS', 'SKLU1', 'SKM1', 'SKMEL1', 'SKMEL28', 'SNGM', 'SNU1040', 'SNUC4', 'SNUC5', 'SW480', 'SW620', 'SW948', 'T3M10', 'THP1', 'TYKNU', 'U937', 'VCAP', 'WSUDLCL2']",71
BRD-K61053657,52,"['A375', 'A549', 'A673', 'AGS', 'CL34', 'CORL23', 'COV644', 'DV90', 'EFO27', 'H1299', 'HA1E', 'HCC15', 'HCC515', 'HCT116', 'HEC108', 'HEPG2', 'HT115', 'HT29', 'JHUEM2', 'LOVO', 'MCF7', 'MDST8', 'NCIH1694', 'NCIH1836', 'NCIH2073', 'NCIH508', 'NCIH596', 'NKDBA', 'NOMO1', 'OV7', 'PC3', 'PL21', 'RKO', 'RMGI', 'RMUGS', 'SKLU1', 'SKM1', 'SKMEL1', 'SKMEL28', 'SNGM', 'SNU1040', 'SNUC4', 'SNUC5', 'SW480', 'SW620', 'SW948', 'T3M10', 'THP1', 'TYKNU', 'U937', 'VCAP', 'WSUDLCL2']",71
ursolic-acid,52,"['A375', 'A549', 'A673', 'AGS', 'CL34', 'CORL23', 'COV644', 'DV90', 'EFO27', 'H1299', 'HA1E', 'HCC15', 'HCC515', 'HCT116', 'HEC108', 'HEPG2', 'HT115', 'HT29', 'JHUEM2', 'LOVO', 'MCF7', 'MDST8', 'NCIH1694', 'NCIH1836', 'NCIH2073', 'NCIH508', 'NCIH596', 'NKDBA', 'NOMO1', 'OV7', 'PC3', 'PL21', 'RKO', 'RMGI', 'RMUGS', 'SKLU1', 'SKM1', 'SKMEL1', 'SKMEL28', 'SNGM', 'SNU1040', 'SNUC4', 'SNUC5', 'SW480', 'SW620', 'SW948', 'T3M10', 'THP1', 'TYKNU', 'U937', 'VCAP', 'WSUDLCL2']",70
ingenol,52,"['A375', 'A549', 'A673', 'AGS', 'CL34', 'CORL23', 'COV644', 'DV90', 'EFO27', 'H1299', 'HA1E', 'HCC15', 'HCC515', 'HCT116', 'HEC108', 'HEPG2', 'HT115', 'HT29', 'JHUEM2', 'LOVO', 'MCF7', 'MDST8', 'NCIH1694', 'NCIH1836', 'NCIH2073', 'NCIH508', 'NCIH596', 'NKDBA', 'NOMO1', 'OV7', 'PC3', 'PL21', 'RKO', 'RMGI', 'RMUGS', 'SKLU1', 'SKM1', 'SKMEL1', 'SKMEL28', 'SNGM', 'SNU1040', 'SNUC4', 'SNUC5', 'SW480', 'SW620', 'SW948', 'T3M10', 'THP1', 'TYKNU', 'U937', 'VCAP', 'WSUDLCL2']",107
parbendazole,52,"['A375', 'A549', 'A673', 'AGS', 'CL34', 'CORL23', 'COV644', 'DV90', 'EFO27', 'H1299', 'HA1E', 'HCC15', 'HCC515', 'HCT116', 'HEC108', 'HEPG2', 'HT115', 'HT29', 'JHUEM2', 'LOVO', 'MCF7', 'MDST8', 'NCIH1694', 'NCIH1836', 'NCIH2073', 'NCIH508', 'NCIH596', 'NKDBA', 'NOMO1', 'OV7', 'PC3', 'PL21', 'RKO', 'RMGI', 'RMUGS', 'SKLU1', 'SKM1', 'SKMEL1', 'SKMEL28', 'SNGM', 'SNU1040', 'SNUC4', 'SNUC5', 'SW480', 'SW620', 'SW948', 'T3M10', 'THP1', 'TYKNU', 'U937', 'VCAP', 'WSUDLCL2']",75
L-690330,52,"['A375', 'A549', 'A673', 'AGS', 'CL34', 'CORL23', 'COV644', 'DV90', 'EFO27', 'FIBRNPC', 'H1299', 'HA1E', 'HCC15', 'HCC515', 'HCT116', 'HEC108', 'HEPG2', 'HT115', 'HT29', 'JHUEM2', 'LOVO', 'MCF7', 'MDST8', 'NCIH1694', 'NCIH1836', 'NCIH2073', 'NCIH508', 'NCIH596', 'NEU', 'NOMO1', 'NPC', 'OV7', 'PC3', 'PL21', 'RKO', 'RMGI', 'RMUGS', 'SKLU1', 'SKM1', 'SKMEL1', 'SKMEL28', 'SNGM', 'SNU1040', 'SNUC4', 'SW480', 'SW620', 'SW948', 'THP1', 'TYKNU', 'U937', 'VCAP', 'WSUDLCL2']",63
4-iodo-6-phenylpyrimidine,51,"['A375', 'A549', 'A673', 'AGS', 'CL34', 'CORL23', 'COV644', 'DV90', 'EFO27', 'H1299', 'HA1E', 'HCC15', 'HCC515', 'HCT116', 'HEC108', 'HEPG2', 'HT115', 'HT29', 'JHUEM2', 'LOVO', 'MCF7', 'MDST8', 'NCIH1694', 'NCIH1836', 'NCIH2073', 'NCIH508', 'NCIH596', 'NOMO1', 'OV7', 'PC3', 'PL21', 'RKO', 'RMGI', 'RMUGS', 'SKLU1', 'SKM1', 'SKMEL1', 'SKMEL28', 'SNGM', 'SNU1040', 'SNUC4', 'SNUC5', 'SW480', 'SW620', 'SW948', 'T3M10', 'THP1', 'TYKNU', 'U937', 'VCAP', 'WSUDLCL2']",59
GANT-58,51,"['A375', 'A549', 'A673', 'AGS', 'CL34', 'CORL23', 'COV644', 'DV90', 'EFO27', 'H1299', 'HA1E', 'HCC15', 'HCC515', 'HCT116', 'HEC108', 'HEPG2', 'HT115', 'HT29', 'JHUEM2', 'LOVO', 'MCF7', 'MDST8', 'NCIH1694', 'NCIH1836', 'NCIH2073', 'NCIH508', 'NCIH596', 'NOMO1', 'OV7', 'PC3', 'PL21', 'RKO', 'RMGI', 'RMUGS', 'SKLU1', 'SKM1', 'SKMEL1', 'SKMEL28', 'SNGM', 'SNU1040', 'SNUC4', 'SNUC5', 'SW480', 'SW620', 'SW948', 'T3M10', 'THP1', 'TYKNU', 'U937', 'VCAP', 'WSUDLCL2']",59
AC-55649,51,"['A375', 'A549', 'A673', 'AGS', 'CL34', 'CORL23', 'COV644', 'DV90', 'EFO27', 'H1299', 'HA1E', 'HCC15', 'HCC515', 'HCT116', 'HEC108', 'HEPG2', 'HT115', 'HT29', 'JHUEM2', 'LOVO', 'MCF7', 'MDST8', 'NCIH1694', 'NCIH1836', 'NCIH2073', 'NCIH508', 'NCIH596', 'NOMO1', 'OV7', 'PC3', 'PL21', 'RKO', 'RMGI', 'RMUGS', 'SKLU1', 'SKM1', 'SKMEL1', 'SKMEL28', 'SNGM', 'SNU1040', 'SNUC4', 'SNUC5', 'SW480', 'SW620', 'SW948', 'T3M10', 'THP1', 'TYKNU', 'U937', 'VCAP', 'WSUDLCL2']",59
thiazolopyrimidine,51,"['A375', 'A549', 'A673', 'AGS', 'CL34', 'CORL23', 'COV644', 'DV90', 'EFO27', 'H1299', 'HA1E', 'HCC15', 'HCC515', 'HCT116', 'HEC108', 'HEPG2', 'HT115', 'HT29', 'JHUEM2', 'LOVO', 'MCF7', 'MDST8', 'NCIH1694', 'NCIH1836', 'NCIH2073', 'NCIH508', 'NCIH596', 'NOMO1', 'OV7', 'PC3', 'PL21', 'RKO', 'RMGI', 'RMUGS', 'SKLU1', 'SKM1', 'SKMEL1', 'SKMEL28', 'SNGM', 'SNU1040', 'SNUC4', 'SNUC5', 'SW480', 'SW620', 'SW948', 'T3M10', 'THP1', 'TYKNU', 'U937', 'VCAP', 'WSUDLCL2']",95
AG-14361,51,"['A375', 'A549', 'A673', 'AGS', 'CL34', 'CORL23', 'COV644', 'DV90', 'EFO27', 'H1299', 'HA1E', 'HCC15', 'HCC515', 'HCT116', 'HEC108', 'HEPG2', 'HT115', 'HT29', 'JHUEM2', 'LOVO', 'MCF7', 'MDST8', 'NCIH1694', 'NCIH1836', 'NCIH2073', 'NCIH508', 'NCIH596', 'NOMO1', 'OV7', 'PC3', 'PL21', 'RKO', 'RMGI', 'RMUGS', 'SKLU1', 'SKM1', 'SKMEL1', 'SKMEL28', 'SNGM', 'SNU1040', 'SNUC4', 'SNUC5', 'SW480', 'SW620', 'SW948', 'T3M10', 'THP1', 'TYKNU', 'U937', 'VCAP', 'WSUDLCL2']",110
"16,16-dimethylprostaglandin-e2",51,"['A375', 'A549', 'A673', 'AGS', 'CL34', 'CORL23', 'COV644', 'DV90', 'EFO27', 'H1299', 'HA1E', 'HCC15', 'HCC515', 'HCT116', 'HEC108', 'HEPG2', 'HT115', 'HT29', 'JHUEM2', 'LOVO', 'MCF7', 'MDST8', 'NCIH1694', 'NCIH1836', 'NCIH2073', 'NCIH508', 'NCIH596', 'NOMO1', 'OV7', 'PC3', 'PL21', 'RKO', 'RMGI', 'RMUGS', 'SKLU1', 'SKM1', 'SKMEL1', 'SKMEL28', 'SNGM', 'SNU1040', 'SNUC4', 'SNUC5', 'SW480', 'SW620', 'SW948', 'T3M10', 'THP1', 'TYKNU', 'U937', 'VCAP', 'WSUDLCL2']",59
phloretin,51,"['A375', 'A549', 'A673', 'AGS', 'CL34', 'CORL23', 'COV644', 'DV90', 'EFO27', 'H1299', 'HA1E', 'HCC15', 'HCC515', 'HCT116', 'HEC108', 'HEPG2', 'HT115', 'HT29', 'JHUEM2', 'LOVO', 'MCF7', 'MDST8', 'NCIH1694', 'NCIH1836', 'NCIH2073', 'NCIH508', 'NCIH596', 'NOMO1', 'OV7', 'PC3', 'PL21', 'RKO', 'RMGI', 'RMUGS', 'SKLU1', 'SKM1', 'SKMEL1', 'SKMEL28', 'SNGM', 'SNU1040', 'SNUC4', 'SNUC5', 'SW480', 'SW620', 'SW948', 'T3M10', 'THP1', 'TYKNU', 'U937', 'VCAP', 'WSUDLCL2']",95
UK-356618,51,"['A375', 'A549', 'A673', 'AGS', 'CL34', 'CORL23', 'COV644', 'DV90', 'EFO27', 'H1299', 'HA1E', 'HCC15', 'HCC515', 'HCT116', 'HEC108', 'HEPG2', 'HT115', 'HT29', 'JHUEM2', 'LOVO', 'MCF7', 'MDST8', 'NCIH1694', 'NCIH1836', 'NCIH2073', 'NCIH508', 'NCIH596', 'NOMO1', 'OV7', 'PC3', 'PL21', 'RKO', 'RMGI', 'RMUGS', 'SKLU1', 'SKM1', 'SKMEL1', 'SKMEL28', 'SNGM', 'SNU1040', 'SNUC4', 'SNUC5', 'SW480', 'SW620', 'SW948', 'T3M10', 'THP1', 'TYKNU', 'U937', 'VCAP', 'WSUDLCL2']",59
UNC-0321,51,"['A375', 'A549', 'A673', 'AGS', 'CL34', 'CORL23', 'COV644', 'DV90', 'EFO27', 'H1299', 'HA1E', 'HCC15', 'HCC515', 'HCT116', 'HEC108', 'HEPG2', 'HT115', 'HT29', 'JHUEM2', 'LOVO', 'MCF7', 'MDST8', 'NCIH1694', 'NCIH1836', 'NCIH2073', 'NCIH508', 'NCIH596', 'NOMO1', 'OV7', 'PC3', 'PL21', 'RKO', 'RMGI', 'RMUGS', 'SKLU1', 'SKM1', 'SKMEL1', 'SKMEL28', 'SNGM', 'SNU1040', 'SNUC4', 'SNUC5', 'SW480', 'SW620', 'SW948', 'T3M10', 'THP1', 'TYKNU', 'U937', 'VCAP', 'WSUDLCL2']",59
VER-155008,51,"['A375', 'A549', 'A673', 'AGS', 'CL34', 'CORL23', 'COV644', 'DV90', 'EFO27', 'H1299', 'HA1E', 'HCC15', 'HCC515', 'HCT116', 'HEC108', 'HEPG2', 'HT115', 'HT29', 'JHUEM2', 'LOVO', 'MCF7', 'MDST8', 'NCIH1694', 'NCIH1836', 'NCIH2073', 'NCIH508', 'NCIH596', 'NOMO1', 'OV7', 'PC3', 'PL21', 'RKO', 'RMGI', 'RMUGS', 'SKLU1', 'SKM1', 'SKMEL1', 'SKMEL28', 'SNGM', 'SNU1040', 'SNUC4', 'SNUC5', 'SW480', 'SW620', 'SW948', 'T3M10', 'THP1', 'TYKNU', 'U937', 'VCAP', 'WSUDLCL2']",59
prima-1-met,51,"['A375', 'A549', 'A673', 'AGS', 'CL34', 'CORL23', 'COV644', 'DV90', 'EFO27', 'H1299', 'HA1E', 'HCC15', 'HCC515', 'HCT116', 'HEC108', 'HEPG2', 'HT115', 'HT29', 'JHUEM2', 'LOVO', 'MCF7', 'MDST8', 'NCIH1694', 'NCIH1836', 'NCIH2073', 'NCIH508', 'NCIH596', 'NOMO1', 'OV7', 'PC3', 'PL21', 'RKO', 'RMGI', 'RMUGS', 'SKLU1', 'SKM1', 'SKMEL1', 'SKMEL28', 'SNGM', 'SNU1040', 'SNUC4', 'SNUC5', 'SW480', 'SW620', 'SW948', 'T3M10', 'THP1', 'TYKNU', 'U937', 'VCAP', 'WSUDLCL2']",59
L-690488,51,"['A375', 'A549', 'A673', 'AGS', 'CL34', 'CORL23', 'COV644', 'DV90', 'EFO27', 'H1299', 'HA1E', 'HCC15', 'HCC515', 'HCT116', 'HEC108', 'HEPG2', 'HT115', 'HT29', 'JHUEM2', 'LOVO', 'MCF7', 'MDST8', 'NCIH1694', 'NCIH1836', 'NCIH2073', 'NCIH508', 'NCIH596', 'NOMO1', 'OV7', 'PC3', 'PL21', 'RKO', 'RMGI', 'RMUGS', 'SKLU1', 'SKM1', 'SKMEL1', 'SKMEL28', 'SNGM', 'SNU1040', 'SNUC4', 'SNUC5', 'SW480', 'SW620', 'SW948', 'T3M10', 'THP1', 'TYKNU', 'U937', 'VCAP', 'WSUDLCL2']",59
BRD-K30064966,51,"['A375', 'A549', 'A673', 'AGS', 'CL34', 'CORL23', 'COV644', 'DV90', 'EFO27', 'H1299', 'HA1E', 'HCC15', 'HCC515', 'HCT116', 'HEC108', 'HEPG2', 'HT115', 'HT29', 'JHUEM2', 'LOVO', 'MCF7', 'MDST8', 'NCIH1694', 'NCIH1836', 'NCIH2073', 'NCIH508', 'NCIH596', 'NOMO1', 'OV7', 'PC3', 'PL21', 'RKO', 'RMGI', 'RMUGS', 'SKLU1', 'SKM1', 'SKMEL1', 'SKMEL28', 'SNGM', 'SNU1040', 'SNUC4', 'SNUC5', 'SW480', 'SW620', 'SW948', 'T3M10', 'THP1', 'TYKNU', 'U937', 'VCAP', 'WSUDLCL2']",59
2-fluoropalmitic-acid,51,"['A375', 'A549', 'A673', 'AGS', 'CL34', 'CORL23', 'COV644', 'DV90', 'EFO27', 'H1299', 'HA1E', 'HCC15', 'HCC515', 'HCT116', 'HEC108', 'HEPG2', 'HT115', 'HT29', 'JHUEM2', 'LOVO', 'MCF7', 'MDST8', 'NCIH1694', 'NCIH1836', 'NCIH2073', 'NCIH508', 'NCIH596', 'NOMO1', 'OV7', 'PC3', 'PL21', 'RKO', 'RMGI', 'RMUGS', 'SKLU1', 'SKM1', 'SKMEL1', 'SKMEL28', 'SNGM', 'SNU1040', 'SNUC4', 'SNUC5', 'SW480', 'SW620', 'SW948', 'T3M10', 'THP1', 'TYKNU', 'U937', 'VCAP', 'WSUDLCL2']",59
FTI-276,51,"['A375', 'A549', 'A673', 'AGS', 'CL34', 'CORL23', 'COV644', 'DV90', 'EFO27', 'H1299', 'HA1E', 'HCC15', 'HCC515', 'HCT116', 'HEC108', 'HEPG2', 'HT115', 'HT29', 'JHUEM2', 'LOVO', 'MCF7', 'MDST8', 'NCIH1694', 'NCIH1836', 'NCIH2073', 'NCIH508', 'NCIH596', 'NOMO1', 'OV7', 'PC3', 'PL21', 'RKO', 'RMGI', 'RMUGS', 'SKLU1', 'SKM1', 'SKMEL1', 'SKMEL28', 'SNGM', 'SNU1040', 'SNUC4', 'SNUC5', 'SW480', 'SW620', 'SW948', 'T3M10', 'THP1', 'TYKNU', 'U937', 'VCAP', 'WSUDLCL2']",95
temsirolimus,51,"['A375', 'A549', 'A673', 'AGS', 'CL34', 'CORL23', 'COV644', 'DV90', 'EFO27', 'H1299', 'HA1E', 'HCC15', 'HCC515', 'HCT116', 'HEC108', 'HEPG2', 'HT115', 'HT29', 'JHUEM2', 'LOVO', 'MCF7', 'MDST8', 'NCIH1694', 'NCIH1836', 'NCIH2073', 'NCIH508', 'NCIH596', 'NOMO1', 'OV7', 'PC3', 'PL21', 'RKO', 'RMGI', 'RMUGS', 'SKLU1', 'SKM1', 'SKMEL1', 'SKMEL28', 'SNGM', 'SNU1040', 'SNUC4', 'SNUC5', 'SW480', 'SW620', 'SW948', 'T3M10', 'THP1', 'TYKNU', 'U937', 'VCAP', 'WSUDLCL2']",59
tipifarnib-P2,51,"['A375', 'A549', 'A673', 'AGS', 'CL34', 'CORL23', 'COV644', 'DV90', 'EFO27', 'H1299', 'HA1E', 'HCC15', 'HCC515', 'HCT116', 'HEC108', 'HEPG2', 'HT115', 'HT29', 'JHUEM2', 'LOVO', 'MCF7', 'MDST8', 'NCIH1694', 'NCIH1836', 'NCIH2073', 'NCIH508', 'NCIH596', 'NOMO1', 'OV7', 'PC3', 'PL21', 'RKO', 'RMGI', 'RMUGS', 'SKLU1', 'SKM1', 'SKMEL1', 'SKMEL28', 'SNGM', 'SNU1040', 'SNUC4', 'SNUC5', 'SW480', 'SW620', 'SW948', 'T3M10', 'THP1', 'TYKNU', 'U937', 'VCAP', 'WSUDLCL2']",59
tipifarnib,51,"['A375', 'A549', 'A673', 'AGS', 'CL34', 'CORL23', 'COV644', 'DV90', 'EFO27', 'H1299', 'HA1E', 'HCC15', 'HCC515', 'HCT116', 'HEC108', 'HEPG2', 'HT115', 'HT29', 'JHUEM2', 'LOVO', 'MCF7', 'MDST8', 'NCIH1694', 'NCIH1836', 'NCIH2073', 'NCIH508', 'NCIH596', 'NOMO1', 'OV7', 'PC3', 'PL21', 'RKO', 'RMGI', 'RMUGS', 'SKLU1', 'SKM1', 'SKMEL1', 'SKMEL28', 'SNGM', 'SNU1040', 'SNUC4', 'SNUC5', 'SW480', 'SW620', 'SW948', 'T3M10', 'THP1', 'TYKNU', 'U937', 'VCAP', 'WSUDLCL2']",59
GMX-1778,51,"['A375', 'A549', 'A673', 'AGS', 'CL34', 'CORL23', 'COV644', 'DV90', 'EFO27', 'H1299', 'HA1E', 'HCC15', 'HCC515', 'HCT116', 'HEC108', 'HEPG2', 'HT115', 'HT29', 'JHUEM2', 'LOVO', 'MCF7', 'MDST8', 'NCIH1694', 'NCIH1836', 'NCIH2073', 'NCIH508', 'NCIH596', 'NOMO1', 'OV7', 'PC3', 'PL21', 'RKO', 'RMGI', 'RMUGS', 'SKLU1', 'SKM1', 'SKMEL1', 'SKMEL28', 'SNGM', 'SNU1040', 'SNUC4', 'SNUC5', 'SW480', 'SW620', 'SW948', 'T3M10', 'THP1', 'TYKNU', 'U937', 'VCAP', 'WSUDLCL2']",59
"2',5'-dideoxyadenosine",51,"['A375', 'A549', 'A673', 'AGS', 'CL34', 'CORL23', 'COV644', 'DV90', 'EFO27', 'H1299', 'HA1E', 'HCC15', 'HCC515', 'HCT116', 'HEC108', 'HEPG2', 'HT115', 'HT29', 'JHUEM2', 'LOVO', 'MCF7', 'MDST8', 'NCIH1694', 'NCIH1836', 'NCIH2073', 'NCIH508', 'NCIH596', 'NOMO1', 'OV7', 'PC3', 'PL21', 'RKO', 'RMGI', 'RMUGS', 'SKLU1', 'SKM1', 'SKMEL1', 'SKMEL28', 'SNGM', 'SNU1040', 'SNUC4', 'SNUC5', 'SW480', 'SW620', 'SW948', 'T3M10', 'THP1', 'TYKNU', 'U937', 'VCAP', 'WSUDLCL2']",59
chaetocin,51,"['A375', 'A549', 'A673', 'AGS', 'CL34', 'CORL23', 'COV644', 'DV90', 'EFO27', 'H1299', 'HA1E', 'HCC15', 'HCC515', 'HCT116', 'HEC108', 'HEPG2', 'HT115', 'HT29', 'JHUEM2', 'LOVO', 'MCF7', 'MDST8', 'NCIH1694', 'NCIH1836', 'NCIH2073', 'NCIH508', 'NCIH596', 'NOMO1', 'OV7', 'PC3', 'PL21', 'RKO', 'RMGI', 'RMUGS', 'SKLU1', 'SKM1', 'SKMEL1', 'SKMEL28', 'SNGM', 'SNU1040', 'SNUC4', 'SNUC5', 'SW480', 'SW620', 'SW948', 'T3M10', 'THP1', 'TYKNU', 'U937', 'VCAP', 'WSUDLCL2']",94
BRD-K05402890,51,"['A375', 'A549', 'A673', 'AGS', 'CL34', 'CORL23', 'COV644', 'DV90', 'EFO27', 'H1299', 'HA1E', 'HCC15', 'HCC515', 'HCT116', 'HEC108', 'HEPG2', 'HT115', 'HT29', 'JHUEM2', 'LOVO', 'MCF7', 'MDST8', 'NCIH1694', 'NCIH1836', 'NCIH2073', 'NCIH508', 'NCIH596', 'NOMO1', 'OV7', 'PC3', 'PL21', 'RKO', 'RMGI', 'RMUGS', 'SKLU1', 'SKM1', 'SKMEL1', 'SKMEL28', 'SNGM', 'SNU1040', 'SNUC4', 'SNUC5', 'SW480', 'SW620', 'SW948', 'T3M10', 'THP1', 'TYKNU', 'U937', 'VCAP', 'WSUDLCL2']",74
quinoclamine,51,"['A375', 'A549', 'A673', 'AGS', 'CL34', 'CORL23', 'COV644', 'DV90', 'EFO27', 'H1299', 'HA1E', 'HCC15', 'HCC515', 'HCT116', 'HEC108', 'HEPG2', 'HT115', 'HT29', 'JHUEM2', 'LOVO', 'MCF7', 'MDST8', 'NCIH1694', 'NCIH1836', 'NCIH2073', 'NCIH508', 'NCIH596', 'NKDBA', 'NOMO1', 'OV7', 'PC3', 'PL21', 'RKO', 'RMGI', 'RMUGS', 'SKLU1', 'SKM1', 'SKMEL1', 'SKMEL28', 'SNGM', 'SNU1040', 'SNUC4', 'SW480', 'SW620', 'SW948', 'T3M10', 'THP1', 'TYKNU', 'U937', 'VCAP', 'WSUDLCL2']",70
pyrvinium-pamoate,51,"['A375', 'A549', 'A673', 'AGS', 'CL34', 'CORL23', 'COV644', 'DV90', 'EFO27', 'H1299', 'HA1E', 'HCC15', 'HCC515', 'HCT116', 'HEC108', 'HEPG2', 'HT115', 'HT29', 'JHUEM2', 'LOVO', 'MCF7', 'MDST8', 'NCIH1694', 'NCIH1836', 'NCIH2073', 'NCIH508', 'NCIH596', 'NKDBA', 'NOMO1', 'OV7', 'PC3', 'PL21', 'RKO', 'RMGI', 'RMUGS', 'SKLU1', 'SKM1', 'SKMEL1', 'SKMEL28', 'SNGM', 'SNU1040', 'SNUC4', 'SNUC5', 'SW480', 'SW620', 'SW948', 'T3M10', 'THP1', 'TYKNU', 'U937', 'VCAP']",74
quiflapon,51,"['A375', 'A549', 'A673', 'AGS', 'CL34', 'CORL23', 'COV644', 'DV90', 'EFO27', 'H1299', 'HA1E', 'HCC15', 'HCC515', 'HCT116', 'HEC108', 'HEPG2', 'HT115', 'HT29', 'JHUEM2', 'LOVO', 'MCF7', 'MDST8', 'NCIH1694', 'NCIH1836', 'NCIH2073', 'NCIH508', 'NCIH596', 'NOMO1', 'OV7', 'PC3', 'PL21', 'RKO', 'RMGI', 'RMUGS', 'SKLU1', 'SKM1', 'SKMEL1', 'SKMEL28', 'SNGM', 'SNU1040', 'SNUC4', 'SNUC5', 'SW480', 'SW620', 'SW948', 'T3M10', 'THP1', 'TYKNU', 'U937', 'VCAP', 'WSUDLCL2']",59
BRD-A12083771,51,"['A375', 'A549', 'A673', 'AGS', 'CL34', 'CORL23', 'COV644', 'DV90', 'EFO27', 'H1299', 'HA1E', 'HCC15', 'HCC515', 'HCT116', 'HEC108', 'HEPG2', 'HT115', 'HT29', 'JHUEM2', 'LOVO', 'MCF7', 'MDST8', 'NCIH1694', 'NCIH1836', 'NCIH2073', 'NCIH508', 'NCIH596', 'NOMO1', 'OV7', 'PC3', 'PL21', 'RKO', 'RMGI', 'RMUGS', 'SKLU1', 'SKM1', 'SKMEL1', 'SKMEL28', 'SNGM', 'SNU1040', 'SNUC4', 'SNUC5', 'SW480', 'SW620', 'SW948', 'T3M10', 'THP1', 'TYKNU', 'U937', 'VCAP', 'WSUDLCL2']",74
BRD-K90735586,51,"['A375', 'A549', 'A673', 'AGS', 'CL34', 'CORL23', 'COV644', 'DV90', 'EFO27', 'H1299', 'HA1E', 'HCC15', 'HCC515', 'HCT116', 'HEC108', 'HEPG2', 'HT115', 'HT29', 'JHUEM2', 'LOVO', 'MCF7', 'MDST8', 'NCIH1694', 'NCIH1836', 'NCIH2073', 'NCIH508', 'NCIH596', 'NOMO1', 'OV7', 'PC3', 'PL21', 'RKO', 'RMGI', 'RMUGS', 'SKLU1', 'SKM1', 'SKMEL1', 'SKMEL28', 'SNGM', 'SNU1040', 'SNUC4', 'SNUC5', 'SW480', 'SW620', 'SW948', 'T3M10', 'THP1', 'TYKNU', 'U937', 'VCAP', 'WSUDLCL2']",67
elesclomol,51,"['A375', 'A549', 'A673', 'AGS', 'CL34', 'CORL23', 'COV644', 'DV90', 'EFO27', 'H1299', 'HA1E', 'HCC15', 'HCC515', 'HCT116', 'HEC108', 'HEPG2', 'HT115', 'HT29', 'JHUEM2', 'LOVO', 'MCF7', 'MDST8', 'NCIH1694', 'NCIH1836', 'NCIH2073', 'NCIH508', 'NCIH596', 'NOMO1', 'OV7', 'PC3', 'PL21', 'RKO', 'RMGI', 'RMUGS', 'SKLU1', 'SKM1', 'SKMEL1', 'SKMEL28', 'SNGM', 'SNU1040', 'SNUC4', 'SNUC5', 'SW480', 'SW620', 'SW948', 'T3M10', 'THP1', 'TYKNU', 'U937', 'VCAP', 'WSUDLCL2']",59
BRD-K90826279,51,"['A375', 'A549', 'A673', 'AGS', 'CL34', 'CORL23', 'COV644', 'DV90', 'EFO27', 'H1299', 'HA1E', 'HCC15', 'HCC515', 'HCT116', 'HEC108', 'HEPG2', 'HT115', 'HT29', 'JHUEM2', 'LOVO', 'MCF7', 'MDST8', 'NCIH1694', 'NCIH1836', 'NCIH2073', 'NCIH508', 'NCIH596', 'NOMO1', 'OV7', 'PC3', 'PL21', 'RKO', 'RMGI', 'RMUGS', 'SKLU1', 'SKM1', 'SKMEL1', 'SKMEL28', 'SNGM', 'SNU1040', 'SNUC4', 'SNUC5', 'SW480', 'SW620', 'SW948', 'T3M10', 'THP1', 'TYKNU', 'U937', 'VCAP', 'WSUDLCL2']",74
BRD-K90999434,51,"['A375', 'A549', 'A673', 'AGS', 'CL34', 'CORL23', 'COV644', 'DV90', 'EFO27', 'H1299', 'HA1E', 'HCC15', 'HCC515', 'HCT116', 'HEC108', 'HEPG2', 'HT115', 'HT29', 'JHUEM2', 'LOVO', 'MCF7', 'MDST8', 'NCIH1694', 'NCIH1836', 'NCIH2073', 'NCIH508', 'NCIH596', 'NOMO1', 'OV7', 'PC3', 'PL21', 'RKO', 'RMGI', 'RMUGS', 'SKLU1', 'SKM1', 'SKMEL1', 'SKMEL28', 'SNGM', 'SNU1040', 'SNUC4', 'SNUC5', 'SW480', 'SW620', 'SW948', 'T3M10', 'THP1', 'TYKNU', 'U937', 'VCAP', 'WSUDLCL2']",59
BRD-K01121114,51,"['A375', 'A549', 'A673', 'AGS', 'CL34', 'CORL23', 'COV644', 'DV90', 'EFO27', 'H1299', 'HA1E', 'HCC15', 'HCC515', 'HCT116', 'HEC108', 'HEPG2', 'HT115', 'HT29', 'JHUEM2', 'LOVO', 'MCF7', 'MDST8', 'NCIH1694', 'NCIH1836', 'NCIH2073', 'NCIH508', 'NCIH596', 'NOMO1', 'OV7', 'PC3', 'PL21', 'RKO', 'RMGI', 'RMUGS', 'SKLU1', 'SKM1', 'SKMEL1', 'SKMEL28', 'SNGM', 'SNU1040', 'SNUC4', 'SNUC5', 'SW480', 'SW620', 'SW948', 'T3M10', 'THP1', 'TYKNU', 'U937', 'VCAP', 'WSUDLCL2']",95
APO-866,51,"['A375', 'A549', 'A673', 'AGS', 'CL34', 'CORL23', 'COV644', 'DV90', 'EFO27', 'H1299', 'HA1E', 'HCC15', 'HCC515', 'HCT116', 'HEC108', 'HEPG2', 'HT115', 'HT29', 'JHUEM2', 'LOVO', 'MCF7', 'MDST8', 'NCIH1694', 'NCIH1836', 'NCIH2073', 'NCIH508', 'NCIH596', 'NOMO1', 'OV7', 'PC3', 'PL21', 'RKO', 'RMGI', 'RMUGS', 'SKLU1', 'SKM1', 'SKMEL1', 'SKMEL28', 'SNGM', 'SNU1040', 'SNUC4', 'SNUC5', 'SW480', 'SW620', 'SW948', 'T3M10', 'THP1', 'TYKNU', 'U937', 'VCAP', 'WSUDLCL2']",59
BRD-K64970062,51,"['A375', 'A549', 'A673', 'AGS', 'CL34', 'CORL23', 'COV644', 'DV90', 'EFO27', 'H1299', 'HA1E', 'HCC15', 'HCC515', 'HCT116', 'HEC108', 'HEPG2', 'HT115', 'HT29', 'JHUEM2', 'LOVO', 'MCF7', 'MDST8', 'NCIH1694', 'NCIH1836', 'NCIH2073', 'NCIH508', 'NCIH596', 'NOMO1', 'OV7', 'PC3', 'PL21', 'RKO', 'RMGI', 'RMUGS', 'SKLU1', 'SKM1', 'SKMEL1', 'SKMEL28', 'SNGM', 'SNU1040', 'SNUC4', 'SNUC5', 'SW480', 'SW620', 'SW948', 'T3M10', 'THP1', 'TYKNU', 'U937', 'VCAP', 'WSUDLCL2']",59
KU-0063794,51,"['A375', 'A549', 'A673', 'AGS', 'CL34', 'CORL23', 'COV644', 'DV90', 'EFO27', 'H1299', 'HA1E', 'HCC15', 'HCC515', 'HCT116', 'HEC108', 'HEPG2', 'HT115', 'HT29', 'JHUEM2', 'LOVO', 'MCF7', 'MDST8', 'NCIH1694', 'NCIH1836', 'NCIH2073', 'NCIH508', 'NCIH596', 'NOMO1', 'OV7', 'PC3', 'PL21', 'RKO', 'RMGI', 'RMUGS', 'SKLU1', 'SKM1', 'SKMEL1', 'SKMEL28', 'SNGM', 'SNU1040', 'SNUC4', 'SNUC5', 'SW480', 'SW620', 'SW948', 'T3M10', 'THP1', 'TYKNU', 'U937', 'VCAP', 'WSUDLCL2']",59
KO-143,51,"['A375', 'A549', 'A673', 'AGS', 'CL34', 'CORL23', 'COV644', 'DV90', 'EFO27', 'H1299', 'HA1E', 'HCC15', 'HCC515', 'HCT116', 'HEC108', 'HEPG2', 'HT115', 'HT29', 'JHUEM2', 'LOVO', 'MCF7', 'MDST8', 'NCIH1694', 'NCIH1836', 'NCIH2073', 'NCIH508', 'NCIH596', 'NOMO1', 'OV7', 'PC3', 'PL21', 'RKO', 'RMGI', 'RMUGS', 'SKLU1', 'SKM1', 'SKMEL1', 'SKMEL28', 'SNGM', 'SNU1040', 'SNUC4', 'SNUC5', 'SW480', 'SW620', 'SW948', 'T3M10', 'THP1', 'TYKNU', 'U937', 'VCAP', 'WSUDLCL2']",59
3-amino-benzamide,51,"['A375', 'A549', 'A673', 'AGS', 'CL34', 'CORL23', 'COV644', 'DV90', 'EFO27', 'H1299', 'HA1E', 'HCC15', 'HCC515', 'HCT116', 'HEC108', 'HEPG2', 'HT115', 'HT29', 'JHUEM2', 'LOVO', 'MCF7', 'MDST8', 'NCIH1694', 'NCIH1836', 'NCIH2073', 'NCIH508', 'NCIH596', 'NOMO1', 'OV7', 'PC3', 'PL21', 'RKO', 'RMGI', 'RMUGS', 'SKLU1', 'SKM1', 'SKMEL1', 'SKMEL28', 'SNGM', 'SNU1040', 'SNUC4', 'SNUC5', 'SW480', 'SW620', 'SW948', 'T3M10', 'THP1', 'TYKNU', 'U937', 'VCAP', 'WSUDLCL2']",95
GSK-2334470,51,"['A375', 'A549', 'A673', 'AGS', 'CL34', 'CORL23', 'COV644', 'DV90', 'EFO27', 'H1299', 'HA1E', 'HCC15', 'HCC515', 'HCT116', 'HEC108', 'HEPG2', 'HT115', 'HT29', 'JHUEM2', 'LOVO', 'MCF7', 'MDST8', 'NCIH1694', 'NCIH1836', 'NCIH2073', 'NCIH508', 'NCIH596', 'NOMO1', 'OV7', 'PC3', 'PL21', 'RKO', 'RMGI', 'RMUGS', 'SKLU1', 'SKM1', 'SKMEL1', 'SKMEL28', 'SNGM', 'SNU1040', 'SNUC4', 'SNUC5', 'SW480', 'SW620', 'SW948', 'T3M10', 'THP1', 'TYKNU', 'U937', 'VCAP', 'WSUDLCL2']",59
zileuton,51,"['A375', 'A549', 'A673', 'AGS', 'CL34', 'CORL23', 'COV644', 'DV90', 'EFO27', 'H1299', 'HA1E', 'HCC15', 'HCC515', 'HCT116', 'HEC108', 'HEPG2', 'HT115', 'HT29', 'JHUEM2', 'LOVO', 'MCF7', 'MDST8', 'NCIH1694', 'NCIH1836', 'NCIH2073', 'NCIH508', 'NCIH596', 'NOMO1', 'OV7', 'PC3', 'PL21', 'RKO', 'RMGI', 'RMUGS', 'SKLU1', 'SKM1', 'SKMEL1', 'SKMEL28', 'SNGM', 'SNU1040', 'SNUC4', 'SNUC5', 'SW480', 'SW620', 'SW948', 'T3M10', 'THP1', 'TYKNU', 'U937', 'VCAP', 'WSUDLCL2']",74
BMS-536924,51,"['A375', 'A549', 'A673', 'AGS', 'CL34', 'CORL23', 'COV644', 'DV90', 'EFO27', 'H1299', 'HA1E', 'HCC15', 'HCC515', 'HCT116', 'HEC108', 'HEPG2', 'HT115', 'HT29', 'JHUEM2', 'LOVO', 'MCF7', 'MDST8', 'NCIH1694', 'NCIH1836', 'NCIH2073', 'NCIH508', 'NCIH596', 'NOMO1', 'OV7', 'PC3', 'PL21', 'RKO', 'RMGI', 'RMUGS', 'SKLU1', 'SKM1', 'SKMEL1', 'SKMEL28', 'SNGM', 'SNU1040', 'SNUC4', 'SNUC5', 'SW480', 'SW620', 'SW948', 'T3M10', 'THP1', 'TYKNU', 'U937', 'VCAP', 'WSUDLCL2']",95
T-5345967,51,"['A375', 'A549', 'A673', 'AGS', 'CL34', 'CORL23', 'COV644', 'DV90', 'EFO27', 'H1299', 'HA1E', 'HCC15', 'HCC515', 'HCT116', 'HEC108', 'HEPG2', 'HT115', 'HT29', 'JHUEM2', 'LOVO', 'MCF7', 'MDST8', 'NCIH1694', 'NCIH1836', 'NCIH2073', 'NCIH508', 'NCIH596', 'NOMO1', 'OV7', 'PC3', 'PL21', 'RKO', 'RMGI', 'RMUGS', 'SKLU1', 'SKM1', 'SKMEL1', 'SKMEL28', 'SNGM', 'SNU1040', 'SNUC4', 'SNUC5', 'SW480', 'SW620', 'SW948', 'T3M10', 'THP1', 'TYKNU', 'U937', 'VCAP', 'WSUDLCL2']",72
TGX-115,51,"['A375', 'A549', 'A673', 'AGS', 'CL34', 'CORL23', 'COV644', 'DV90', 'EFO27', 'H1299', 'HA1E', 'HCC15', 'HCC515', 'HCT116', 'HEC108', 'HEPG2', 'HT115', 'HT29', 'JHUEM2', 'LOVO', 'MCF7', 'MDST8', 'NCIH1694', 'NCIH1836', 'NCIH2073', 'NCIH508', 'NCIH596', 'NOMO1', 'OV7', 'PC3', 'PL21', 'RKO', 'RMGI', 'RMUGS', 'SKLU1', 'SKM1', 'SKMEL1', 'SKMEL28', 'SNGM', 'SNU1040', 'SNUC4', 'SNUC5', 'SW480', 'SW620', 'SW948', 'T3M10', 'THP1', 'TYKNU', 'U937', 'VCAP', 'WSUDLCL2']",59
erastin,51,"['A375', 'A549', 'A673', 'AGS', 'CL34', 'CORL23', 'COV644', 'DV90', 'EFO27', 'H1299', 'HA1E', 'HCC15', 'HCC515', 'HCT116', 'HEC108', 'HEPG2', 'HT115', 'HT29', 'JHUEM2', 'LOVO', 'MCF7', 'MDST8', 'NCIH1694', 'NCIH1836', 'NCIH2073', 'NCIH508', 'NCIH596', 'NOMO1', 'OV7', 'PC3', 'PL21', 'RKO', 'RMGI', 'RMUGS', 'SKLU1', 'SKM1', 'SKMEL1', 'SKMEL28', 'SNGM', 'SNU1040', 'SNUC4', 'SNUC5', 'SW480', 'SW620', 'SW948', 'T3M10', 'THP1', 'TYKNU', 'U937', 'VCAP', 'WSUDLCL2']",107
enzalutamide,51,"['A375', 'A549', 'A673', 'AGS', 'CL34', 'CORL23', 'COV644', 'DV90', 'EFO27', 'H1299', 'HA1E', 'HCC15', 'HCC515', 'HCT116', 'HEC108', 'HEPG2', 'HT115', 'HT29', 'JHUEM2', 'LOVO', 'MCF7', 'MDST8', 'NCIH1694', 'NCIH1836', 'NCIH2073', 'NCIH508', 'NCIH596', 'NOMO1', 'OV7', 'PC3', 'PL21', 'RKO', 'RMGI', 'RMUGS', 'SKLU1', 'SKM1', 'SKMEL1', 'SKMEL28', 'SNGM', 'SNU1040', 'SNUC4', 'SNUC5', 'SW480', 'SW620', 'SW948', 'T3M10', 'THP1', 'TYKNU', 'U937', 'VCAP', 'WSUDLCL2']",65
epigallocatechin,51,"['A375', 'A549', 'A673', 'AGS', 'CL34', 'CORL23', 'COV644', 'DV90', 'EFO27', 'H1299', 'HA1E', 'HCC15', 'HCC515', 'HCT116', 'HEC108', 'HEPG2', 'HT115', 'HT29', 'JHUEM2', 'LOVO', 'MCF7', 'MDST8', 'NCIH1694', 'NCIH1836', 'NCIH2073', 'NCIH508', 'NCIH596', 'NOMO1', 'OV7', 'PC3', 'PL21', 'RKO', 'RMGI', 'RMUGS', 'SKLU1', 'SKM1', 'SKMEL1', 'SKMEL28', 'SNGM', 'SNU1040', 'SNUC4', 'SNUC5', 'SW480', 'SW620', 'SW948', 'T3M10', 'THP1', 'TYKNU', 'U937', 'VCAP', 'WSUDLCL2']",59
phenethyl-isothiocyanate,51,"['A375', 'A549', 'A673', 'AGS', 'CL34', 'CORL23', 'COV644', 'DV90', 'EFO27', 'H1299', 'HA1E', 'HCC15', 'HCC515', 'HCT116', 'HEC108', 'HEPG2', 'HT115', 'HT29', 'JHUEM2', 'LOVO', 'MCF7', 'MDST8', 'NCIH1694', 'NCIH1836', 'NCIH2073', 'NCIH508', 'NCIH596', 'NOMO1', 'OV7', 'PC3', 'PL21', 'RKO', 'RMGI', 'RMUGS', 'SKLU1', 'SKM1', 'SKMEL1', 'SKMEL28', 'SNGM', 'SNU1040', 'SNUC4', 'SNUC5', 'SW480', 'SW620', 'SW948', 'T3M10', 'THP1', 'TYKNU', 'U937', 'VCAP', 'WSUDLCL2']",59
DG-041,51,"['A375', 'A549', 'A673', 'AGS', 'CL34', 'CORL23', 'COV644', 'DV90', 'EFO27', 'H1299', 'HA1E', 'HCC15', 'HCC515', 'HCT116', 'HEC108', 'HEPG2', 'HT115', 'HT29', 'JHUEM2', 'LOVO', 'MCF7', 'MDST8', 'NCIH1694', 'NCIH1836', 'NCIH2073', 'NCIH508', 'NCIH596', 'NOMO1', 'OV7', 'PC3', 'PL21', 'RKO', 'RMGI', 'RMUGS', 'SKLU1', 'SKM1', 'SKMEL1', 'SKMEL28', 'SNGM', 'SNU1040', 'SNUC4', 'SNUC5', 'SW480', 'SW620', 'SW948', 'T3M10', 'THP1', 'TYKNU', 'U937', 'VCAP', 'WSUDLCL2']",59
fatostatin,51,"['A375', 'A549', 'A673', 'AGS', 'CL34', 'CORL23', 'COV644', 'DV90', 'EFO27', 'H1299', 'HA1E', 'HCC15', 'HCC515', 'HCT116', 'HEC108', 'HEPG2', 'HT115', 'HT29', 'JHUEM2', 'LOVO', 'MCF7', 'MDST8', 'NCIH1694', 'NCIH1836', 'NCIH2073', 'NCIH508', 'NCIH596', 'NOMO1', 'OV7', 'PC3', 'PL21', 'RKO', 'RMGI', 'RMUGS', 'SKLU1', 'SKM1', 'SKMEL1', 'SKMEL28', 'SNGM', 'SNU1040', 'SNUC4', 'SNUC5', 'SW480', 'SW620', 'SW948', 'T3M10', 'THP1', 'TYKNU', 'U937', 'VCAP', 'WSUDLCL2']",59
DL-PDMP,51,"['A375', 'A549', 'A673', 'AGS', 'CL34', 'CORL23', 'COV644', 'DV90', 'EFO27', 'H1299', 'HA1E', 'HCC15', 'HCC515', 'HCT116', 'HEC108', 'HEPG2', 'HT115', 'HT29', 'JHUEM2', 'LOVO', 'MCF7', 'MDST8', 'NCIH1694', 'NCIH1836', 'NCIH2073', 'NCIH508', 'NCIH596', 'NOMO1', 'OV7', 'PC3', 'PL21', 'RKO', 'RMGI', 'RMUGS', 'SKLU1', 'SKM1', 'SKMEL1', 'SKMEL28', 'SNGM', 'SNU1040', 'SNUC4', 'SNUC5', 'SW480', 'SW620', 'SW948', 'T3M10', 'THP1', 'TYKNU', 'U937', 'VCAP', 'WSUDLCL2']",95
DL-TBOA,51,"['A375', 'A549', 'A673', 'AGS', 'CL34', 'CORL23', 'COV644', 'DV90', 'EFO27', 'H1299', 'HA1E', 'HCC15', 'HCC515', 'HCT116', 'HEC108', 'HEPG2', 'HT115', 'HT29', 'JHUEM2', 'LOVO', 'MCF7', 'MDST8', 'NCIH1694', 'NCIH1836', 'NCIH2073', 'NCIH508', 'NCIH596', 'NOMO1', 'OV7', 'PC3', 'PL21', 'RKO', 'RMGI', 'RMUGS', 'SKLU1', 'SKM1', 'SKMEL1', 'SKMEL28', 'SNGM', 'SNU1040', 'SNUC4', 'SNUC5', 'SW480', 'SW620', 'SW948', 'T3M10', 'THP1', 'TYKNU', 'U937', 'VCAP', 'WSUDLCL2']",59
BRD-K28100108,51,"['A375', 'A549', 'A673', 'AGS', 'CL34', 'CORL23', 'COV644', 'DV90', 'EFO27', 'H1299', 'HA1E', 'HCC15', 'HCC515', 'HCT116', 'HEC108', 'HEPG2', 'HT115', 'HT29', 'JHUEM2', 'LOVO', 'MCF7', 'MDST8', 'NCIH1694', 'NCIH1836', 'NCIH2073', 'NCIH508', 'NCIH596', 'NOMO1', 'OV7', 'PC3', 'PL21', 'RKO', 'RMGI', 'RMUGS', 'SKLU1', 'SKM1', 'SKMEL1', 'SKMEL28', 'SNGM', 'SNU1040', 'SNUC4', 'SNUC5', 'SW480', 'SW620', 'SW948', 'T3M10', 'THP1', 'TYKNU', 'U937', 'VCAP', 'WSUDLCL2']",59
phorbol-12-myristate-13-acetate,51,"['A375', 'A549', 'A673', 'AGS', 'CL34', 'CORL23', 'COV644', 'DV90', 'EFO27', 'H1299', 'HA1E', 'HCC15', 'HCC515', 'HCT116', 'HEC108', 'HEPG2', 'HT115', 'HT29', 'JHUEM2', 'LOVO', 'MCF7', 'MDST8', 'NCIH1694', 'NCIH1836', 'NCIH2073', 'NCIH508', 'NCIH596', 'NOMO1', 'OV7', 'PC3', 'PL21', 'RKO', 'RMGI', 'RMUGS', 'SKLU1', 'SKM1', 'SKMEL1', 'SKMEL28', 'SNGM', 'SNU1040', 'SNUC4', 'SNUC5', 'SW480', 'SW620', 'SW948', 'T3M10', 'THP1', 'TYKNU', 'U937', 'VCAP', 'WSUDLCL2']",95
BRD-K28112517,51,"['A375', 'A549', 'A673', 'AGS', 'CL34', 'CORL23', 'COV644', 'DV90', 'EFO27', 'H1299', 'HA1E', 'HCC15', 'HCC515', 'HCT116', 'HEC108', 'HEPG2', 'HT115', 'HT29', 'JHUEM2', 'LOVO', 'MCF7', 'MDST8', 'NCIH1694', 'NCIH1836', 'NCIH2073', 'NCIH508', 'NCIH596', 'NOMO1', 'OV7', 'PC3', 'PL21', 'RKO', 'RMGI', 'RMUGS', 'SKLU1', 'SKM1', 'SKMEL1', 'SKMEL28', 'SNGM', 'SNU1040', 'SNUC4', 'SNUC5', 'SW480', 'SW620', 'SW948', 'T3M10', 'THP1', 'TYKNU', 'U937', 'VCAP', 'WSUDLCL2']",74
M2-PK-activator,51,"['A375', 'A549', 'A673', 'AGS', 'CL34', 'CORL23', 'COV644', 'DV90', 'EFO27', 'H1299', 'HA1E', 'HCC15', 'HCC515', 'HCT116', 'HEC108', 'HEPG2', 'HT115', 'HT29', 'JHUEM2', 'LOVO', 'MCF7', 'MDST8', 'NCIH1694', 'NCIH1836', 'NCIH2073', 'NCIH508', 'NCIH596', 'NOMO1', 'OV7', 'PC3', 'PL21', 'RKO', 'RMGI', 'RMUGS', 'SKLU1', 'SKM1', 'SKMEL1', 'SKMEL28', 'SNGM', 'SNU1040', 'SNUC4', 'SNUC5', 'SW480', 'SW620', 'SW948', 'T3M10', 'THP1', 'TYKNU', 'U937', 'VCAP', 'WSUDLCL2']",72
BRD-K73261812,51,"['A375', 'A549', 'A673', 'AGS', 'CL34', 'CORL23', 'COV644', 'DV90', 'EFO27', 'H1299', 'HA1E', 'HCC15', 'HCC515', 'HCT116', 'HEC108', 'HEPG2', 'HT115', 'HT29', 'JHUEM2', 'LOVO', 'MCF7', 'MDST8', 'NCIH1694', 'NCIH1836', 'NCIH2073', 'NCIH508', 'NCIH596', 'NOMO1', 'OV7', 'PC3', 'PL21', 'RKO', 'RMGI', 'RMUGS', 'SKLU1', 'SKM1', 'SKMEL1', 'SKMEL28', 'SNGM', 'SNU1040', 'SNUC4', 'SNUC5', 'SW480', 'SW620', 'SW948', 'T3M10', 'THP1', 'TYKNU', 'U937', 'VCAP', 'WSUDLCL2']",59
BO2-inhibits-RAD51,51,"['A375', 'A549', 'A673', 'AGS', 'CL34', 'CORL23', 'COV644', 'DV90', 'EFO27', 'H1299', 'HA1E', 'HCC15', 'HCC515', 'HCT116', 'HEC108', 'HEPG2', 'HT115', 'HT29', 'JHUEM2', 'LOVO', 'MCF7', 'MDST8', 'NCIH1694', 'NCIH1836', 'NCIH2073', 'NCIH508', 'NCIH596', 'NOMO1', 'OV7', 'PC3', 'PL21', 'RKO', 'RMGI', 'RMUGS', 'SKLU1', 'SKM1', 'SKMEL1', 'SKMEL28', 'SNGM', 'SNU1040', 'SNUC4', 'SNUC5', 'SW480', 'SW620', 'SW948', 'T3M10', 'THP1', 'TYKNU', 'U937', 'VCAP', 'WSUDLCL2']",59
BRD-K89329876,51,"['A375', 'A549', 'A673', 'AGS', 'CL34', 'CORL23', 'COV644', 'DV90', 'EFO27', 'H1299', 'HA1E', 'HCC15', 'HCC515', 'HCT116', 'HEC108', 'HEPG2', 'HT115', 'HT29', 'JHUEM2', 'LOVO', 'MCF7', 'MDST8', 'NCIH1694', 'NCIH1836', 'NCIH2073', 'NCIH508', 'NCIH596', 'NOMO1', 'OV7', 'PC3', 'PL21', 'RKO', 'RMGI', 'RMUGS', 'SKLU1', 'SKM1', 'SKMEL1', 'SKMEL28', 'SNGM', 'SNU1040', 'SNUC4', 'SNUC5', 'SW480', 'SW620', 'SW948', 'T3M10', 'THP1', 'TYKNU', 'U937', 'VCAP', 'WSUDLCL2']",59
promethazine,51,"['A375', 'A549', 'A673', 'AGS', 'CL34', 'CORL23', 'COV644', 'DV90', 'EFO27', 'H1299', 'HA1E', 'HCC15', 'HCC515', 'HCT116', 'HEC108', 'HEPG2', 'HT115', 'HT29', 'JHUEM2', 'LOVO', 'MCF7', 'MDST8', 'NCIH1694', 'NCIH1836', 'NCIH2073', 'NCIH508', 'NCIH596', 'NOMO1', 'OV7', 'PC3', 'PL21', 'RKO', 'RMGI', 'RMUGS', 'SKLU1', 'SKM1', 'SKMEL1', 'SKMEL28', 'SNGM', 'SNU1040', 'SNUC4', 'SNUC5', 'SW480', 'SW620', 'SW948', 'T3M10', 'THP1', 'TYKNU', 'U937', 'VCAP', 'WSUDLCL2']",59
YK-4279,51,"['A375', 'A549', 'A673', 'AGS', 'CL34', 'CORL23', 'COV644', 'DV90', 'EFO27', 'H1299', 'HA1E', 'HCC15', 'HCC515', 'HCT116', 'HEC108', 'HEPG2', 'HT115', 'HT29', 'JHUEM2', 'LOVO', 'MCF7', 'MDST8', 'NCIH1694', 'NCIH1836', 'NCIH2073', 'NCIH508', 'NCIH596', 'NOMO1', 'OV7', 'PC3', 'PL21', 'RKO', 'RMGI', 'RMUGS', 'SKLU1', 'SKM1', 'SKMEL1', 'SKMEL28', 'SNGM', 'SNU1040', 'SNUC4', 'SNUC5', 'SW480', 'SW620', 'SW948', 'T3M10', 'THP1', 'TYKNU', 'U937', 'VCAP', 'WSUDLCL2']",73
BIBR-1532,51,"['A375', 'A549', 'A673', 'AGS', 'CL34', 'CORL23', 'COV644', 'DV90', 'EFO27', 'H1299', 'HA1E', 'HCC15', 'HCC515', 'HCT116', 'HEC108', 'HEPG2', 'HT115', 'HT29', 'JHUEM2', 'LOVO', 'MCF7', 'MDST8', 'NCIH1694', 'NCIH1836', 'NCIH2073', 'NCIH508', 'NCIH596', 'NOMO1', 'OV7', 'PC3', 'PL21', 'RKO', 'RMGI', 'RMUGS', 'SKLU1', 'SKM1', 'SKMEL1', 'SKMEL28', 'SNGM', 'SNU1040', 'SNUC4', 'SNUC5', 'SW480', 'SW620', 'SW948', 'T3M10', 'THP1', 'TYKNU', 'U937', 'VCAP', 'WSUDLCL2']",59
ZM-336372,51,"['A375', 'A549', 'A673', 'AGS', 'CL34', 'CORL23', 'COV644', 'DV90', 'EFO27', 'H1299', 'HA1E', 'HCC15', 'HCC515', 'HCT116', 'HEC108', 'HEPG2', 'HT115', 'HT29', 'JHUEM2', 'LOVO', 'MCF7', 'MDST8', 'NCIH1694', 'NCIH1836', 'NCIH2073', 'NCIH508', 'NCIH596', 'NOMO1', 'OV7', 'PC3', 'PL21', 'RKO', 'RMGI', 'RMUGS', 'SKLU1', 'SKM1', 'SKMEL1', 'SKMEL28', 'SNGM', 'SNU1040', 'SNUC4', 'SNUC5', 'SW480', 'SW620', 'SW948', 'T3M10', 'THP1', 'TYKNU', 'U937', 'VCAP', 'WSUDLCL2']",59
BRD-K08451418,51,"['A375', 'A549', 'A673', 'AGS', 'CL34', 'CORL23', 'COV644', 'DV90', 'EFO27', 'H1299', 'HA1E', 'HCC15', 'HCC515', 'HCT116', 'HEC108', 'HEPG2', 'HT115', 'HT29', 'JHUEM2', 'LOVO', 'MCF7', 'MDST8', 'NCIH1694', 'NCIH1836', 'NCIH2073', 'NCIH508', 'NCIH596', 'NOMO1', 'OV7', 'PC3', 'PL21', 'RKO', 'RMGI', 'RMUGS', 'SKLU1', 'SKM1', 'SKMEL1', 'SKMEL28', 'SNGM', 'SNU1040', 'SNUC4', 'SNUC5', 'SW480', 'SW620', 'SW948', 'T3M10', 'THP1', 'TYKNU', 'U937', 'VCAP', 'WSUDLCL2']",59
BRD-K67778494,51,"['A375', 'A549', 'A673', 'AGS', 'CL34', 'CORL23', 'COV644', 'DV90', 'EFO27', 'H1299', 'HA1E', 'HCC15', 'HCC515', 'HCT116', 'HEC108', 'HEPG2', 'HT115', 'HT29', 'JHUEM2', 'LOVO', 'MCF7', 'MDST8', 'NCIH1694', 'NCIH1836', 'NCIH2073', 'NCIH508', 'NCIH596', 'NOMO1', 'OV7', 'PC3', 'PL21', 'RKO', 'RMGI', 'RMUGS', 'SKLU1', 'SKM1', 'SKMEL1', 'SKMEL28', 'SNGM', 'SNU1040', 'SNUC4', 'SNUC5', 'SW480', 'SW620', 'SW948', 'T3M10', 'THP1', 'TYKNU', 'U937', 'VCAP', 'WSUDLCL2']",72
phenoxazine,51,"['A375', 'A549', 'A673', 'AGS', 'CL34', 'CORL23', 'COV644', 'DV90', 'EFO27', 'H1299', 'HA1E', 'HCC15', 'HCC515', 'HCT116', 'HEC108', 'HEPG2', 'HT115', 'HT29', 'JHUEM2', 'LOVO', 'MCF7', 'MDST8', 'NCIH1694', 'NCIH1836', 'NCIH2073', 'NCIH508', 'NCIH596', 'NOMO1', 'OV7', 'PC3', 'PL21', 'RKO', 'RMGI', 'RMUGS', 'SKLU1', 'SKM1', 'SKMEL1', 'SKMEL28', 'SNGM', 'SNU1040', 'SNUC4', 'SNUC5', 'SW480', 'SW620', 'SW948', 'T3M10', 'THP1', 'TYKNU', 'U937', 'VCAP', 'WSUDLCL2']",59
BRD-K68548958,51,"['A375', 'A549', 'A673', 'AGS', 'CL34', 'CORL23', 'COV644', 'DV90', 'EFO27', 'H1299', 'HA1E', 'HCC15', 'HCC515', 'HCT116', 'HEC108', 'HEPG2', 'HT115', 'HT29', 'JHUEM2', 'LOVO', 'MCF7', 'MDST8', 'NCIH1694', 'NCIH1836', 'NCIH2073', 'NCIH508', 'NCIH596', 'NOMO1', 'OV7', 'PC3', 'PL21', 'RKO', 'RMGI', 'RMUGS', 'SKLU1', 'SKM1', 'SKMEL1', 'SKMEL28', 'SNGM', 'SNU1040', 'SNUC4', 'SNUC5', 'SW480', 'SW620', 'SW948', 'T3M10', 'THP1', 'TYKNU', 'U937', 'VCAP', 'WSUDLCL2']",59
triptolide,51,"['A375', 'A549', 'A673', 'AGS', 'CL34', 'CORL23', 'COV644', 'DV90', 'EFO27', 'H1299', 'HA1E', 'HCC15', 'HCC515', 'HCT116', 'HEC108', 'HEPG2', 'HT115', 'HT29', 'JHUEM2', 'LOVO', 'MCF7', 'MDST8', 'NCIH1694', 'NCIH1836', 'NCIH2073', 'NCIH508', 'NCIH596', 'NOMO1', 'OV7', 'PC3', 'PL21', 'RKO', 'RMGI', 'RMUGS', 'SKLU1', 'SKM1', 'SKMEL1', 'SKMEL28', 'SNGM', 'SNU1040', 'SNUC4', 'SNUC5', 'SW480', 'SW620', 'SW948', 'T3M10', 'THP1', 'TYKNU', 'U937', 'VCAP', 'WSUDLCL2']",104
BAX-channel-blocker,51,"['A375', 'A549', 'A673', 'AGS', 'CL34', 'CORL23', 'COV644', 'DV90', 'EFO27', 'H1299', 'HA1E', 'HCC15', 'HCC515', 'HCT116', 'HEC108', 'HEPG2', 'HT115', 'HT29', 'JHUEM2', 'LOVO', 'MCF7', 'MDST8', 'NCIH1694', 'NCIH1836', 'NCIH2073', 'NCIH508', 'NCIH596', 'NOMO1', 'OV7', 'PC3', 'PL21', 'RKO', 'RMGI', 'RMUGS', 'SKLU1', 'SKM1', 'SKMEL1', 'SKMEL28', 'SNGM', 'SNU1040', 'SNUC4', 'SNUC5', 'SW480', 'SW620', 'SW948', 'T3M10', 'THP1', 'TYKNU', 'U937', 'VCAP', 'WSUDLCL2']",95
IKK3-inhibitor-IX,51,"['A375', 'A549', 'A673', 'AGS', 'CL34', 'CORL23', 'COV644', 'DV90', 'EFO27', 'H1299', 'HA1E', 'HCC15', 'HCC515', 'HCT116', 'HEC108', 'HEPG2', 'HT115', 'HT29', 'JHUEM2', 'LOVO', 'MCF7', 'MDST8', 'NCIH1694', 'NCIH1836', 'NCIH2073', 'NCIH508', 'NCIH596', 'NOMO1', 'OV7', 'PC3', 'PL21', 'RKO', 'RMGI', 'RMUGS', 'SKLU1', 'SKM1', 'SKMEL1', 'SKMEL28', 'SNGM', 'SNU1040', 'SNUC4', 'SNUC5', 'SW480', 'SW620', 'SW948', 'T3M10', 'THP1', 'TYKNU', 'U937', 'VCAP', 'WSUDLCL2']",59
IKK-inhibitor-X,51,"['A375', 'A549', 'A673', 'AGS', 'CL34', 'CORL23', 'COV644', 'DV90', 'EFO27', 'H1299', 'HA1E', 'HCC15', 'HCC515', 'HCT116', 'HEC108', 'HEPG2', 'HT115', 'HT29', 'JHUEM2', 'LOVO', 'MCF7', 'MDST8', 'NCIH1694', 'NCIH1836', 'NCIH2073', 'NCIH508', 'NCIH596', 'NOMO1', 'OV7', 'PC3', 'PL21', 'RKO', 'RMGI', 'RMUGS', 'SKLU1', 'SKM1', 'SKMEL1', 'SKMEL28', 'SNGM', 'SNU1040', 'SNUC4', 'SNUC5', 'SW480', 'SW620', 'SW948', 'T3M10', 'THP1', 'TYKNU', 'U937', 'VCAP', 'WSUDLCL2']",59
rucaparib,51,"['A375', 'A549', 'A673', 'AGS', 'CL34', 'CORL23', 'COV644', 'DV90', 'EFO27', 'H1299', 'HA1E', 'HCC15', 'HCC515', 'HCT116', 'HEC108', 'HEPG2', 'HT115', 'HT29', 'JHUEM2', 'LOVO', 'MCF7', 'MDST8', 'NCIH1694', 'NCIH1836', 'NCIH2073', 'NCIH508', 'NCIH596', 'NOMO1', 'OV7', 'PC3', 'PL21', 'RKO', 'RMGI', 'RMUGS', 'SKLU1', 'SKM1', 'SKMEL1', 'SKMEL28', 'SNGM', 'SNU1040', 'SNUC4', 'SNUC5', 'SW480', 'SW620', 'SW948', 'T3M10', 'THP1', 'TYKNU', 'U937', 'VCAP', 'WSUDLCL2']",59
alda-1,51,"['A375', 'A549', 'A673', 'AGS', 'CL34', 'CORL23', 'COV644', 'DV90', 'EFO27', 'H1299', 'HA1E', 'HCC15', 'HCC515', 'HCT116', 'HEC108', 'HEPG2', 'HT115', 'HT29', 'JHUEM2', 'LOVO', 'MCF7', 'MDST8', 'NCIH1694', 'NCIH1836', 'NCIH2073', 'NCIH508', 'NCIH596', 'NOMO1', 'OV7', 'PC3', 'PL21', 'RKO', 'RMGI', 'RMUGS', 'SKLU1', 'SKM1', 'SKMEL1', 'SKMEL28', 'SNGM', 'SNU1040', 'SNUC4', 'SNUC5', 'SW480', 'SW620', 'SW948', 'T3M10', 'THP1', 'TYKNU', 'U937', 'VCAP', 'WSUDLCL2']",59
CHEMBL-374350,51,"['A375', 'A549', 'A673', 'AGS', 'CL34', 'CORL23', 'COV644', 'DV90', 'EFO27', 'H1299', 'HA1E', 'HCC15', 'HCC515', 'HCT116', 'HEC108', 'HEPG2', 'HT115', 'HT29', 'JHUEM2', 'LOVO', 'MCF7', 'MDST8', 'NCIH1694', 'NCIH1836', 'NCIH2073', 'NCIH508', 'NCIH596', 'NOMO1', 'OV7', 'PC3', 'PL21', 'RKO', 'RMGI', 'RMUGS', 'SKLU1', 'SKM1', 'SKMEL1', 'SKMEL28', 'SNGM', 'SNU1040', 'SNUC4', 'SNUC5', 'SW480', 'SW620', 'SW948', 'T3M10', 'THP1', 'TYKNU', 'U937', 'VCAP', 'WSUDLCL2']",72
CI-976,51,"['A375', 'A549', 'A673', 'AGS', 'CL34', 'CORL23', 'COV644', 'DV90', 'EFO27', 'H1299', 'HA1E', 'HCC15', 'HCC515', 'HCT116', 'HEC108', 'HEPG2', 'HT115', 'HT29', 'JHUEM2', 'LOVO', 'MCF7', 'MDST8', 'NCIH1694', 'NCIH1836', 'NCIH2073', 'NCIH508', 'NCIH596', 'NOMO1', 'OV7', 'PC3', 'PL21', 'RKO', 'RMGI', 'RMUGS', 'SKLU1', 'SKM1', 'SKMEL1', 'SKMEL28', 'SNGM', 'SNU1040', 'SNUC4', 'SNUC5', 'SW480', 'SW620', 'SW948', 'T3M10', 'THP1', 'TYKNU', 'U937', 'VCAP', 'WSUDLCL2']",59
BRD-A98248982,51,"['A375', 'A549', 'A673', 'AGS', 'CL34', 'CORL23', 'COV644', 'DV90', 'EFO27', 'H1299', 'HA1E', 'HCC15', 'HCC515', 'HCT116', 'HEC108', 'HEPG2', 'HT115', 'HT29', 'JHUEM2', 'LOVO', 'MCF7', 'MDST8', 'NCIH1694', 'NCIH1836', 'NCIH2073', 'NCIH508', 'NCIH596', 'NOMO1', 'OV7', 'PC3', 'PL21', 'RKO', 'RMGI', 'RMUGS', 'SKLU1', 'SKM1', 'SKMEL1', 'SKMEL28', 'SNGM', 'SNU1040', 'SNUC4', 'SNUC5', 'SW480', 'SW620', 'SW948', 'T3M10', 'THP1', 'TYKNU', 'U937', 'VCAP', 'WSUDLCL2']",89
idarubicin,51,"['A375', 'A549', 'A673', 'AGS', 'CL34', 'CORL23', 'COV644', 'DV90', 'EFO27', 'H1299', 'HA1E', 'HCC15', 'HCC515', 'HCT116', 'HEC108', 'HEPG2', 'HT115', 'HT29', 'JHUEM2', 'LOVO', 'MCF7', 'MDST8', 'NCIH1694', 'NCIH1836', 'NCIH2073', 'NCIH508', 'NCIH596', 'NOMO1', 'OV7', 'PC3', 'PL21', 'RKO', 'RMGI', 'RMUGS', 'SKLU1', 'SKM1', 'SKMEL1', 'SKMEL28', 'SNGM', 'SNU1040', 'SNUC4', 'SNUC5', 'SW480', 'SW620', 'SW948', 'T3M10', 'THP1', 'TYKNU', 'U937', 'VCAP', 'WSUDLCL2']",105
BRD-K59470558,51,"['A375', 'A549', 'A673', 'AGS', 'CL34', 'CORL23', 'COV644', 'DV90', 'EFO27', 'H1299', 'HA1E', 'HCC15', 'HCC515', 'HCT116', 'HEC108', 'HEPG2', 'HT115', 'HT29', 'JHUEM2', 'LOVO', 'MCF7', 'MDST8', 'NCIH1694', 'NCIH1836', 'NCIH2073', 'NCIH508', 'NCIH596', 'NOMO1', 'OV7', 'PC3', 'PL21', 'RKO', 'RMGI', 'RMUGS', 'SKLU1', 'SKM1', 'SKMEL1', 'SKMEL28', 'SNGM', 'SNU1040', 'SNUC4', 'SNUC5', 'SW480', 'SW620', 'SW948', 'T3M10', 'THP1', 'TYKNU', 'U937', 'VCAP', 'WSUDLCL2']",71
NF-449,51,"['A375', 'A549', 'A673', 'AGS', 'CL34', 'CORL23', 'COV644', 'DV90', 'EFO27', 'H1299', 'HA1E', 'HCC15', 'HCC515', 'HCT116', 'HEC108', 'HEPG2', 'HT115', 'HT29', 'JHUEM2', 'LOVO', 'MCF7', 'MDST8', 'NCIH1694', 'NCIH1836', 'NCIH2073', 'NCIH508', 'NCIH596', 'NOMO1', 'OV7', 'PC3', 'PL21', 'RKO', 'RMGI', 'RMUGS', 'SKLU1', 'SKM1', 'SKMEL1', 'SKMEL28', 'SNGM', 'SNU1040', 'SNUC4', 'SNUC5', 'SW480', 'SW620', 'SW948', 'T3M10', 'THP1', 'TYKNU', 'U937', 'VCAP', 'WSUDLCL2']",59
sonidegib,51,"['A375', 'A549', 'A673', 'AGS', 'CL34', 'CORL23', 'COV644', 'DV90', 'EFO27', 'H1299', 'HA1E', 'HCC15', 'HCC515', 'HCT116', 'HEC108', 'HEPG2', 'HT115', 'HT29', 'JHUEM2', 'LOVO', 'MCF7', 'MDST8', 'NCIH1694', 'NCIH1836', 'NCIH2073', 'NCIH508', 'NCIH596', 'NOMO1', 'OV7', 'PC3', 'PL21', 'RKO', 'RMGI', 'RMUGS', 'SKLU1', 'SKM1', 'SKMEL1', 'SKMEL28', 'SNGM', 'SNU1040', 'SNUC4', 'SNUC5', 'SW480', 'SW620', 'SW948', 'T3M10', 'THP1', 'TYKNU', 'U937', 'VCAP', 'WSUDLCL2']",59
CHEMBL-1222381,51,"['A375', 'A549', 'A673', 'AGS', 'CL34', 'CORL23', 'COV644', 'DV90', 'EFO27', 'H1299', 'HA1E', 'HCC15', 'HCC515', 'HCT116', 'HEC108', 'HEPG2', 'HT115', 'HT29', 'JHUEM2', 'LOVO', 'MCF7', 'MDST8', 'NCIH1694', 'NCIH1836', 'NCIH2073', 'NCIH508', 'NCIH596', 'NOMO1', 'OV7', 'PC3', 'PL21', 'RKO', 'RMGI', 'RMUGS', 'SKLU1', 'SKM1', 'SKMEL1', 'SKMEL28', 'SNGM', 'SNU1040', 'SNUC4', 'SNUC5', 'SW480', 'SW620', 'SW948', 'T3M10', 'THP1', 'TYKNU', 'U937', 'VCAP', 'WSUDLCL2']",59
BMS-754807,51,"['A375', 'A549', 'A673', 'AGS', 'CL34', 'CORL23', 'COV644', 'DV90', 'EFO27', 'H1299', 'HA1E', 'HCC15', 'HCC515', 'HCT116', 'HEC108', 'HEPG2', 'HT115', 'HT29', 'JHUEM2', 'LOVO', 'MCF7', 'MDST8', 'NCIH1694', 'NCIH1836', 'NCIH2073', 'NCIH508', 'NCIH596', 'NOMO1', 'OV7', 'PC3', 'PL21', 'RKO', 'RMGI', 'RMUGS', 'SKLU1', 'SKM1', 'SKMEL1', 'SKMEL28', 'SNGM', 'SNU1040', 'SNUC4', 'SNUC5', 'SW480', 'SW620', 'SW948', 'T3M10', 'THP1', 'TYKNU', 'U937', 'VCAP', 'WSUDLCL2']",59
HLI-373,51,"['A375', 'A549', 'A673', 'AGS', 'CL34', 'CORL23', 'COV644', 'DV90', 'EFO27', 'H1299', 'HA1E', 'HCC15', 'HCC515', 'HCT116', 'HEC108', 'HEPG2', 'HT115', 'HT29', 'JHUEM2', 'LOVO', 'MCF7', 'MDST8', 'NCIH1694', 'NCIH1836', 'NCIH2073', 'NCIH508', 'NCIH596', 'NOMO1', 'OV7', 'PC3', 'PL21', 'RKO', 'RMGI', 'RMUGS', 'SKLU1', 'SKM1', 'SKMEL1', 'SKMEL28', 'SNGM', 'SNU1040', 'SNUC4', 'SNUC5', 'SW480', 'SW620', 'SW948', 'T3M10', 'THP1', 'TYKNU', 'U937', 'VCAP', 'WSUDLCL2']",59
BMS-641988,51,"['A375', 'A549', 'A673', 'AGS', 'CL34', 'CORL23', 'COV644', 'DV90', 'EFO27', 'H1299', 'HA1E', 'HCC15', 'HCC515', 'HCT116', 'HEC108', 'HEPG2', 'HT115', 'HT29', 'JHUEM2', 'LOVO', 'MCF7', 'MDST8', 'NCIH1694', 'NCIH1836', 'NCIH2073', 'NCIH508', 'NCIH596', 'NOMO1', 'OV7', 'PC3', 'PL21', 'RKO', 'RMGI', 'RMUGS', 'SKLU1', 'SKM1', 'SKMEL1', 'SKMEL28', 'SNGM', 'SNU1040', 'SNUC4', 'SNUC5', 'SW480', 'SW620', 'SW948', 'T3M10', 'THP1', 'TYKNU', 'U937', 'VCAP', 'WSUDLCL2']",59
NSC-23766,51,"['A375', 'A549', 'A673', 'AGS', 'CL34', 'CORL23', 'COV644', 'DV90', 'EFO27', 'H1299', 'HA1E', 'HCC15', 'HCC515', 'HCT116', 'HEC108', 'HEPG2', 'HT115', 'HT29', 'JHUEM2', 'LOVO', 'MCF7', 'MDST8', 'NCIH1694', 'NCIH1836', 'NCIH2073', 'NCIH508', 'NCIH596', 'NOMO1', 'OV7', 'PC3', 'PL21', 'RKO', 'RMGI', 'RMUGS', 'SKLU1', 'SKM1', 'SKMEL1', 'SKMEL28', 'SNGM', 'SNU1040', 'SNUC4', 'SNUC5', 'SW480', 'SW620', 'SW948', 'T3M10', 'THP1', 'TYKNU', 'U937', 'VCAP', 'WSUDLCL2']",74
STAT3-inhibitor-VI,51,"['A375', 'A549', 'A673', 'AGS', 'CL34', 'CORL23', 'COV644', 'DV90', 'EFO27', 'H1299', 'HA1E', 'HCC15', 'HCC515', 'HCT116', 'HEC108', 'HEPG2', 'HT115', 'HT29', 'JHUEM2', 'LOVO', 'MCF7', 'MDST8', 'NCIH1694', 'NCIH1836', 'NCIH2073', 'NCIH508', 'NCIH596', 'NOMO1', 'OV7', 'PC3', 'PL21', 'RKO', 'RMGI', 'RMUGS', 'SKLU1', 'SKM1', 'SKMEL1', 'SKMEL28', 'SNGM', 'SNU1040', 'SNUC4', 'SNUC5', 'SW480', 'SW620', 'SW948', 'T3M10', 'THP1', 'TYKNU', 'U937', 'VCAP', 'WSUDLCL2']",59
triacsin-c,51,"['A375', 'A549', 'A673', 'AGS', 'CL34', 'CORL23', 'COV644', 'DV90', 'EFO27', 'H1299', 'HA1E', 'HCC15', 'HCC515', 'HCT116', 'HEC108', 'HEPG2', 'HT115', 'HT29', 'JHUEM2', 'LOVO', 'MCF7', 'MDST8', 'NCIH1694', 'NCIH1836', 'NCIH2073', 'NCIH508', 'NCIH596', 'NOMO1', 'OV7', 'PC3', 'PL21', 'RKO', 'RMGI', 'RMUGS', 'SKLU1', 'SKM1', 'SKMEL1', 'SKMEL28', 'SNGM', 'SNU1040', 'SNUC4', 'SNUC5', 'SW480', 'SW620', 'SW948', 'T3M10', 'THP1', 'TYKNU', 'U937', 'VCAP', 'WSUDLCL2']",59
sparfosic-acid,51,"['A375', 'A549', 'A673', 'AGS', 'CL34', 'CORL23', 'COV644', 'DV90', 'EFO27', 'H1299', 'HA1E', 'HCC15', 'HCC515', 'HCT116', 'HEC108', 'HEPG2', 'HT115', 'HT29', 'JHUEM2', 'LOVO', 'MCF7', 'MDST8', 'NCIH1694', 'NCIH1836', 'NCIH2073', 'NCIH508', 'NCIH596', 'NOMO1', 'OV7', 'PC3', 'PL21', 'RKO', 'RMGI', 'RMUGS', 'SKLU1', 'SKM1', 'SKMEL1', 'SKMEL28', 'SNGM', 'SNU1040', 'SNUC4', 'SNUC5', 'SW480', 'SW620', 'SW948', 'T3M10', 'THP1', 'TYKNU', 'U937', 'VCAP', 'WSUDLCL2']",59
darinaparsin,51,"['A375', 'A549', 'A673', 'AGS', 'CL34', 'CORL23', 'COV644', 'DV90', 'EFO27', 'H1299', 'HA1E', 'HCC15', 'HCC515', 'HCT116', 'HEC108', 'HEPG2', 'HT115', 'HT29', 'JHUEM2', 'LOVO', 'MCF7', 'MDST8', 'NCIH1694', 'NCIH1836', 'NCIH2073', 'NCIH508', 'NCIH596', 'NOMO1', 'OV7', 'PC3', 'PL21', 'RKO', 'RMGI', 'RMUGS', 'SKLU1', 'SKM1', 'SKMEL1', 'SKMEL28', 'SNGM', 'SNU1040', 'SNUC4', 'SNUC5', 'SW480', 'SW620', 'SW948', 'T3M10', 'THP1', 'TYKNU', 'U937', 'VCAP', 'WSUDLCL2']",59
BRD-K92317137,51,"['A375', 'A549', 'A673', 'AGS', 'CL34', 'CORL23', 'COV644', 'DV90', 'EFO27', 'H1299', 'HA1E', 'HCC15', 'HCC515', 'HCT116', 'HEC108', 'HEPG2', 'HT115', 'HT29', 'JHUEM2', 'LOVO', 'MCF7', 'MDST8', 'NCIH1694', 'NCIH1836', 'NCIH2073', 'NCIH508', 'NCIH596', 'NOMO1', 'OV7', 'PC3', 'PL21', 'RKO', 'RMGI', 'RMUGS', 'SKLU1', 'SKM1', 'SKMEL1', 'SKMEL28', 'SNGM', 'SNU1040', 'SNUC4', 'SNUC5', 'SW480', 'SW620', 'SW948', 'T3M10', 'THP1', 'TYKNU', 'U937', 'VCAP', 'WSUDLCL2']",108
BRD-K78716413,51,"['A375', 'A549', 'A673', 'AGS', 'CL34', 'CORL23', 'COV644', 'DV90', 'EFO27', 'H1299', 'HA1E', 'HCC15', 'HCC515', 'HCT116', 'HEC108', 'HEPG2', 'HT115', 'HT29', 'JHUEM2', 'LOVO', 'MCF7', 'MDST8', 'NCIH1694', 'NCIH1836', 'NCIH2073', 'NCIH508', 'NCIH596', 'NOMO1', 'OV7', 'PC3', 'PL21', 'RKO', 'RMGI', 'RMUGS', 'SKLU1', 'SKM1', 'SKMEL1', 'SKMEL28', 'SNGM', 'SNU1040', 'SNUC4', 'SNUC5', 'SW480', 'SW620', 'SW948', 'T3M10', 'THP1', 'TYKNU', 'U937', 'VCAP', 'WSUDLCL2']",67
BRD-K95606637,51,"['A375', 'A549', 'A673', 'AGS', 'CL34', 'CORL23', 'COV644', 'DV90', 'EFO27', 'H1299', 'HA1E', 'HCC15', 'HCC515', 'HCT116', 'HEC108', 'HEPG2', 'HT115', 'HT29', 'JHUEM2', 'LOVO', 'MCF7', 'MDST8', 'NCIH1694', 'NCIH1836', 'NCIH2073', 'NCIH508', 'NCIH596', 'NOMO1', 'OV7', 'PC3', 'PL21', 'RKO', 'RMGI', 'RMUGS', 'SKLU1', 'SKM1', 'SKMEL1', 'SKMEL28', 'SNGM', 'SNU1040', 'SNUC4', 'SNUC5', 'SW480', 'SW620', 'SW948', 'T3M10', 'THP1', 'TYKNU', 'U937', 'VCAP', 'WSUDLCL2']",59
fumonisin-b1,51,"['A375', 'A549', 'A673', 'AGS', 'CL34', 'CORL23', 'COV644', 'DV90', 'EFO27', 'H1299', 'HA1E', 'HCC15', 'HCC515', 'HCT116', 'HEC108', 'HEPG2', 'HT115', 'HT29', 'JHUEM2', 'LOVO', 'MCF7', 'MDST8', 'NCIH1694', 'NCIH1836', 'NCIH2073', 'NCIH508', 'NCIH596', 'NOMO1', 'OV7', 'PC3', 'PL21', 'RKO', 'RMGI', 'RMUGS', 'SKLU1', 'SKM1', 'SKMEL1', 'SKMEL28', 'SNGM', 'SNU1040', 'SNUC4', 'SNUC5', 'SW480', 'SW620', 'SW948', 'T3M10', 'THP1', 'TYKNU', 'U937', 'VCAP', 'WSUDLCL2']",59
gemcitabine,51,"['A375', 'A549', 'A673', 'AGS', 'CL34', 'CORL23', 'COV644', 'DV90', 'EFO27', 'H1299', 'HA1E', 'HCC15', 'HCC515', 'HCT116', 'HEC108', 'HEPG2', 'HT115', 'HT29', 'JHUEM2', 'LOVO', 'MCF7', 'MDST8', 'NCIH1694', 'NCIH1836', 'NCIH2073', 'NCIH508', 'NCIH596', 'NOMO1', 'OV7', 'PC3', 'PL21', 'RKO', 'RMGI', 'RMUGS', 'SKLU1', 'SKM1', 'SKMEL1', 'SKMEL28', 'SNGM', 'SNU1040', 'SNUC4', 'SNUC5', 'SW480', 'SW620', 'SW948', 'T3M10', 'THP1', 'TYKNU', 'U937', 'VCAP', 'WSUDLCL2']",153
gossypol,51,"['A375', 'A549', 'A673', 'AGS', 'CL34', 'CORL23', 'COV644', 'DV90', 'EFO27', 'H1299', 'HA1E', 'HCC15', 'HCC515', 'HCT116', 'HEC108', 'HEPG2', 'HT115', 'HT29', 'JHUEM2', 'LOVO', 'MCF7', 'MDST8', 'NCIH1694', 'NCIH1836', 'NCIH2073', 'NCIH508', 'NCIH596', 'NOMO1', 'OV7', 'PC3', 'PL21', 'RKO', 'RMGI', 'RMUGS', 'SKLU1', 'SKM1', 'SKMEL1', 'SKMEL28', 'SNGM', 'SNU1040', 'SNUC4', 'SNUC5', 'SW480', 'SW620', 'SW948', 'T3M10', 'THP1', 'TYKNU', 'U937', 'VCAP', 'WSUDLCL2']",64
BRD-K59019422,51,"['A375', 'A549', 'A673', 'AGS', 'CL34', 'CORL23', 'COV644', 'DV90', 'EFO27', 'H1299', 'HA1E', 'HCC15', 'HCC515', 'HCT116', 'HEC108', 'HEPG2', 'HT115', 'HT29', 'JHUEM2', 'LOVO', 'MCF7', 'MDST8', 'NCIH1694', 'NCIH1836', 'NCIH2073', 'NCIH508', 'NCIH596', 'NOMO1', 'OV7', 'PC3', 'PL21', 'RKO', 'RMGI', 'RMUGS', 'SKLU1', 'SKM1', 'SKMEL1', 'SKMEL28', 'SNGM', 'SNU1040', 'SNUC4', 'SNUC5', 'SW480', 'SW620', 'SW948', 'T3M10', 'THP1', 'TYKNU', 'U937', 'VCAP', 'WSUDLCL2']",107
CT-200783,51,"['A375', 'A549', 'A673', 'AGS', 'CL34', 'CORL23', 'COV644', 'DV90', 'EFO27', 'H1299', 'HA1E', 'HCC15', 'HCC515', 'HCT116', 'HEC108', 'HEPG2', 'HT115', 'HT29', 'JHUEM2', 'LOVO', 'MCF7', 'MDST8', 'NCIH1694', 'NCIH1836', 'NCIH2073', 'NCIH508', 'NCIH596', 'NOMO1', 'OV7', 'PC3', 'PL21', 'RKO', 'RMGI', 'RMUGS', 'SKLU1', 'SKM1', 'SKMEL1', 'SKMEL28', 'SNGM', 'SNU1040', 'SNUC4', 'SNUC5', 'SW480', 'SW620', 'SW948', 'T3M10', 'THP1', 'TYKNU', 'U937', 'VCAP', 'WSUDLCL2']",59
COT-10b,51,"['A375', 'A549', 'A673', 'AGS', 'CL34', 'CORL23', 'COV644', 'DV90', 'EFO27', 'H1299', 'HA1E', 'HCC15', 'HCC515', 'HCT116', 'HEC108', 'HEPG2', 'HT115', 'HT29', 'JHUEM2', 'LOVO', 'MCF7', 'MDST8', 'NCIH1694', 'NCIH1836', 'NCIH2073', 'NCIH508', 'NCIH596', 'NOMO1', 'OV7', 'PC3', 'PL21', 'RKO', 'RMGI', 'RMUGS', 'SKLU1', 'SKM1', 'SKMEL1', 'SKMEL28', 'SNGM', 'SNU1040', 'SNUC4', 'SNUC5', 'SW480', 'SW620', 'SW948', 'T3M10', 'THP1', 'TYKNU', 'U937', 'VCAP', 'WSUDLCL2']",93
nutlin-3,51,"['A375', 'A549', 'A673', 'AGS', 'CL34', 'CORL23', 'COV644', 'DV90', 'EFO27', 'H1299', 'HA1E', 'HCC15', 'HCC515', 'HCT116', 'HEC108', 'HEPG2', 'HT115', 'HT29', 'JHUEM2', 'LOVO', 'MCF7', 'MDST8', 'NCIH1694', 'NCIH1836', 'NCIH2073', 'NCIH508', 'NCIH596', 'NOMO1', 'OV7', 'PC3', 'PL21', 'RKO', 'RMGI', 'RMUGS', 'SKLU1', 'SKM1', 'SKMEL1', 'SKMEL28', 'SNGM', 'SNU1040', 'SNUC4', 'SNUC5', 'SW480', 'SW620', 'SW948', 'T3M10', 'THP1', 'TYKNU', 'U937', 'VCAP', 'WSUDLCL2']",59
BRD-K89692698,51,"['A375', 'A549', 'A673', 'AGS', 'CL34', 'CORL23', 'COV644', 'DV90', 'EFO27', 'H1299', 'HA1E', 'HCC15', 'HCC515', 'HCT116', 'HEC108', 'HEPG2', 'HT115', 'HT29', 'JHUEM2', 'LOVO', 'MCF7', 'MDST8', 'NCIH1694', 'NCIH1836', 'NCIH2073', 'NCIH508', 'NCIH596', 'NOMO1', 'OV7', 'PC3', 'PL21', 'RKO', 'RMGI', 'RMUGS', 'SKLU1', 'SKM1', 'SKMEL1', 'SKMEL28', 'SNGM', 'SNU1040', 'SNUC4', 'SNUC5', 'SW480', 'SW620', 'SW948', 'T3M10', 'THP1', 'TYKNU', 'U937', 'VCAP', 'WSUDLCL2']",74
JZL-184,51,"['A375', 'A549', 'A673', 'AGS', 'CL34', 'CORL23', 'COV644', 'DV90', 'EFO27', 'H1299', 'HA1E', 'HCC15', 'HCC515', 'HCT116', 'HEC108', 'HEPG2', 'HT115', 'HT29', 'JHUEM2', 'LOVO', 'MCF7', 'MDST8', 'NCIH1694', 'NCIH1836', 'NCIH2073', 'NCIH508', 'NCIH596', 'NOMO1', 'OV7', 'PC3', 'PL21', 'RKO', 'RMGI', 'RMUGS', 'SKLU1', 'SKM1', 'SKMEL1', 'SKMEL28', 'SNGM', 'SNU1040', 'SNUC4', 'SNUC5', 'SW480', 'SW620', 'SW948', 'T3M10', 'THP1', 'TYKNU', 'U937', 'VCAP', 'WSUDLCL2']",59
fluoropyruvate,51,"['A375', 'A549', 'A673', 'AGS', 'CL34', 'CORL23', 'COV644', 'DV90', 'EFO27', 'H1299', 'HA1E', 'HCC15', 'HCC515', 'HCT116', 'HEC108', 'HEPG2', 'HT115', 'HT29', 'JHUEM2', 'LOVO', 'MCF7', 'MDST8', 'NCIH1694', 'NCIH1836', 'NCIH2073', 'NCIH508', 'NCIH596', 'NOMO1', 'OV7', 'PC3', 'PL21', 'RKO', 'RMGI', 'RMUGS', 'SKLU1', 'SKM1', 'SKMEL1', 'SKMEL28', 'SNGM', 'SNU1040', 'SNUC4', 'SNUC5', 'SW480', 'SW620', 'SW948', 'T3M10', 'THP1', 'TYKNU', 'U937', 'VCAP', 'WSUDLCL2']",95
MW-A1-12,51,"['A375', 'A549', 'A673', 'AGS', 'CL34', 'CORL23', 'COV644', 'DV90', 'EFO27', 'H1299', 'HA1E', 'HCC15', 'HCC515', 'HCT116', 'HEC108', 'HEPG2', 'HT115', 'HT29', 'JHUEM2', 'LOVO', 'MCF7', 'MDST8', 'NCIH1694', 'NCIH1836', 'NCIH2073', 'NCIH508', 'NCIH596', 'NOMO1', 'OV7', 'PC3', 'PL21', 'RKO', 'RMGI', 'RMUGS', 'SKLU1', 'SKM1', 'SKMEL1', 'SKMEL28', 'SNGM', 'SNU1040', 'SNUC4', 'SNUC5', 'SW480', 'SW620', 'SW948', 'T3M10', 'THP1', 'TYKNU', 'U937', 'VCAP', 'WSUDLCL2']",59
evodiamine,51,"['A375', 'A549', 'A673', 'AGS', 'CL34', 'CORL23', 'COV644', 'DV90', 'EFO27', 'H1299', 'HA1E', 'HCC15', 'HCC515', 'HCT116', 'HEC108', 'HEPG2', 'HT115', 'HT29', 'JHUEM2', 'LOVO', 'MCF7', 'MDST8', 'NCIH1694', 'NCIH1836', 'NCIH2073', 'NCIH508', 'NCIH596', 'NOMO1', 'OV7', 'PC3', 'PL21', 'RKO', 'RMGI', 'RMUGS', 'SKLU1', 'SKM1', 'SKMEL1', 'SKMEL28', 'SNGM', 'SNU1040', 'SNUC4', 'SNUC5', 'SW480', 'SW620', 'SW948', 'T3M10', 'THP1', 'TYKNU', 'U937', 'VCAP', 'WSUDLCL2']",59
BRD-K92980438,51,"['A375', 'A549', 'A673', 'AGS', 'CL34', 'CORL23', 'COV644', 'DV90', 'EFO27', 'H1299', 'HA1E', 'HCC15', 'HCC515', 'HCT116', 'HEC108', 'HEPG2', 'HT115', 'HT29', 'JHUEM2', 'LOVO', 'MCF7', 'MDST8', 'NCIH1694', 'NCIH1836', 'NCIH2073', 'NCIH508', 'NCIH596', 'NOMO1', 'OV7', 'PC3', 'PL21', 'RKO', 'RMGI', 'RMUGS', 'SKLU1', 'SKM1', 'SKMEL1', 'SKMEL28', 'SNGM', 'SNU1040', 'SNUC4', 'SNUC5', 'SW480', 'SW620', 'SW948', 'T3M10', 'THP1', 'TYKNU', 'U937', 'VCAP', 'WSUDLCL2']",59
RS-23597-190,51,"['A375', 'A549', 'A673', 'AGS', 'CL34', 'CORL23', 'COV644', 'DV90', 'EFO27', 'H1299', 'HA1E', 'HCC15', 'HCC515', 'HCT116', 'HEC108', 'HEPG2', 'HT115', 'HT29', 'JHUEM2', 'LOVO', 'MCF7', 'MDST8', 'NCIH1694', 'NCIH1836', 'NCIH2073', 'NCIH508', 'NCIH596', 'NOMO1', 'OV7', 'PC3', 'PL21', 'RKO', 'RMGI', 'RMUGS', 'SKLU1', 'SKM1', 'SKMEL1', 'SKMEL28', 'SNGM', 'SNU1040', 'SNUC4', 'SNUC5', 'SW480', 'SW620', 'SW948', 'T3M10', 'THP1', 'TYKNU', 'U937', 'VCAP', 'WSUDLCL2']",59
BRD-K50776152,51,"['A375', 'A549', 'A673', 'AGS', 'CL34', 'CORL23', 'COV644', 'DV90', 'EFO27', 'H1299', 'HA1E', 'HCC15', 'HCC515', 'HCT116', 'HEC108', 'HEPG2', 'HT115', 'HT29', 'JHUEM2', 'LOVO', 'MCF7', 'MDST8', 'NCIH1694', 'NCIH1836', 'NCIH2073', 'NCIH508', 'NCIH596', 'NOMO1', 'OV7', 'PC3', 'PL21', 'RKO', 'RMGI', 'RMUGS', 'SKLU1', 'SKM1', 'SKMEL1', 'SKMEL28', 'SNGM', 'SNU1040', 'SNUC4', 'SNUC5', 'SW480', 'SW620', 'SW948', 'T3M10', 'THP1', 'TYKNU', 'U937', 'VCAP', 'WSUDLCL2']",108
SJ-172550,51,"['A375', 'A549', 'A673', 'AGS', 'CL34', 'CORL23', 'COV644', 'DV90', 'EFO27', 'H1299', 'HA1E', 'HCC15', 'HCC515', 'HCT116', 'HEC108', 'HEPG2', 'HT115', 'HT29', 'JHUEM2', 'LOVO', 'MCF7', 'MDST8', 'NCIH1694', 'NCIH1836', 'NCIH2073', 'NCIH508', 'NCIH596', 'NOMO1', 'OV7', 'PC3', 'PL21', 'RKO', 'RMGI', 'RMUGS', 'SKLU1', 'SKM1', 'SKMEL1', 'SKMEL28', 'SNGM', 'SNU1040', 'SNUC4', 'SNUC5', 'SW480', 'SW620', 'SW948', 'T3M10', 'THP1', 'TYKNU', 'U937', 'VCAP', 'WSUDLCL2']",59
SN-38,51,"['A375', 'A549', 'A673', 'AGS', 'CL34', 'CORL23', 'COV644', 'DV90', 'EFO27', 'H1299', 'HA1E', 'HCC15', 'HCC515', 'HCT116', 'HEC108', 'HEPG2', 'HT115', 'HT29', 'JHUEM2', 'LOVO', 'MCF7', 'MDST8', 'NCIH1694', 'NCIH1836', 'NCIH2073', 'NCIH508', 'NCIH596', 'NOMO1', 'OV7', 'PC3', 'PL21', 'RKO', 'RMGI', 'RMUGS', 'SKLU1', 'SKM1', 'SKMEL1', 'SKMEL28', 'SNGM', 'SNU1040', 'SNUC4', 'SNUC5', 'SW480', 'SW620', 'SW948', 'T3M10', 'THP1', 'TYKNU', 'U937', 'VCAP', 'WSUDLCL2']",95
SRT-1720,51,"['A375', 'A549', 'A673', 'AGS', 'CL34', 'CORL23', 'COV644', 'DV90', 'EFO27', 'H1299', 'HA1E', 'HCC15', 'HCC515', 'HCT116', 'HEC108', 'HEPG2', 'HT115', 'HT29', 'JHUEM2', 'LOVO', 'MCF7', 'MDST8', 'NCIH1694', 'NCIH1836', 'NCIH2073', 'NCIH508', 'NCIH596', 'NOMO1', 'OV7', 'PC3', 'PL21', 'RKO', 'RMGI', 'RMUGS', 'SKLU1', 'SKM1', 'SKMEL1', 'SKMEL28', 'SNGM', 'SNU1040', 'SNUC4', 'SNUC5', 'SW480', 'SW620', 'SW948', 'T3M10', 'THP1', 'TYKNU', 'U937', 'VCAP', 'WSUDLCL2']",59
Ro-28-1675,51,"['A375', 'A549', 'A673', 'AGS', 'CL34', 'CORL23', 'COV644', 'DV90', 'EFO27', 'H1299', 'HA1E', 'HCC15', 'HCC515', 'HCT116', 'HEC108', 'HEPG2', 'HT115', 'HT29', 'JHUEM2', 'LOVO', 'MCF7', 'MDST8', 'NCIH1694', 'NCIH1836', 'NCIH2073', 'NCIH508', 'NCIH596', 'NOMO1', 'OV7', 'PC3', 'PL21', 'RKO', 'RMGI', 'RMUGS', 'SKLU1', 'SKM1', 'SKMEL1', 'SKMEL28', 'SNGM', 'SNU1040', 'SNUC4', 'SNUC5', 'SW480', 'SW620', 'SW948', 'T3M10', 'THP1', 'TYKNU', 'U937', 'VCAP', 'WSUDLCL2']",95
BRD-K52904470,51,"['A375', 'A549', 'A673', 'AGS', 'CL34', 'CORL23', 'COV644', 'DV90', 'EFO27', 'H1299', 'HA1E', 'HCC15', 'HCC515', 'HCT116', 'HEC108', 'HEPG2', 'HT115', 'HT29', 'JHUEM2', 'LOVO', 'MCF7', 'MDST8', 'NCIH1694', 'NCIH1836', 'NCIH2073', 'NCIH508', 'NCIH596', 'NOMO1', 'OV7', 'PC3', 'PL21', 'RKO', 'RMGI', 'RMUGS', 'SKLU1', 'SKM1', 'SKMEL1', 'SKMEL28', 'SNGM', 'SNU1040', 'SNUC4', 'SNUC5', 'SW480', 'SW620', 'SW948', 'T3M10', 'THP1', 'TYKNU', 'U937', 'VCAP', 'WSUDLCL2']",75
isoliquiritigenin,51,"['A375', 'A549', 'A673', 'AGS', 'CL34', 'CORL23', 'COV644', 'DV90', 'EFO27', 'H1299', 'HA1E', 'HCC15', 'HCC515', 'HCT116', 'HEC108', 'HEPG2', 'HT115', 'HT29', 'JHUEM2', 'LOVO', 'MCF7', 'MDST8', 'NCIH1694', 'NCIH1836', 'NCIH2073', 'NCIH508', 'NCIH596', 'NOMO1', 'OV7', 'PC3', 'PL21', 'RKO', 'RMGI', 'RMUGS', 'SKLU1', 'SKM1', 'SKMEL1', 'SKMEL28', 'SNGM', 'SNU1040', 'SNUC4', 'SNUC5', 'SW480', 'SW620', 'SW948', 'T3M10', 'THP1', 'TYKNU', 'U937', 'VCAP', 'WSUDLCL2']",59
cytochalasin-b,51,"['A375', 'A549', 'A673', 'AGS', 'CL34', 'CORL23', 'COV644', 'DV90', 'EFO27', 'H1299', 'HA1E', 'HCC15', 'HCC515', 'HCT116', 'HEC108', 'HEPG2', 'HT115', 'HT29', 'JHUEM2', 'LOVO', 'MCF7', 'MDST8', 'NCIH1694', 'NCIH1836', 'NCIH2073', 'NCIH508', 'NCIH596', 'NOMO1', 'OV7', 'PC3', 'PL21', 'RKO', 'RMGI', 'RMUGS', 'SKLU1', 'SKM1', 'SKMEL1', 'SKMEL28', 'SNGM', 'SNU1040', 'SNUC4', 'SNUC5', 'SW480', 'SW620', 'SW948', 'T3M10', 'THP1', 'TYKNU', 'U937', 'VCAP', 'WSUDLCL2']",59
cytosporone-b,51,"['A375', 'A549', 'A673', 'AGS', 'CL34', 'CORL23', 'COV644', 'DV90', 'EFO27', 'H1299', 'HA1E', 'HCC15', 'HCC515', 'HCT116', 'HEC108', 'HEPG2', 'HT115', 'HT29', 'JHUEM2', 'LOVO', 'MCF7', 'MDST8', 'NCIH1694', 'NCIH1836', 'NCIH2073', 'NCIH508', 'NCIH596', 'NOMO1', 'OV7', 'PC3', 'PL21', 'RKO', 'RMGI', 'RMUGS', 'SKLU1', 'SKM1', 'SKMEL1', 'SKMEL28', 'SNGM', 'SNU1040', 'SNUC4', 'SNUC5', 'SW480', 'SW620', 'SW948', 'T3M10', 'THP1', 'TYKNU', 'U937', 'VCAP', 'WSUDLCL2']",59
ERK-inhibitor-11E,51,"['A375', 'A549', 'A673', 'AGS', 'CL34', 'CORL23', 'COV644', 'DV90', 'EFO27', 'H1299', 'HA1E', 'HCC15', 'HCC515', 'HCT116', 'HEC108', 'HEPG2', 'HT115', 'HT29', 'JHUEM2', 'LOVO', 'MCF7', 'MDST8', 'NCIH1694', 'NCIH1836', 'NCIH2073', 'NCIH508', 'NCIH596', 'NOMO1', 'OV7', 'PC3', 'PL21', 'RKO', 'RMGI', 'RMUGS', 'SKLU1', 'SKM1', 'SKMEL1', 'SKMEL28', 'SNGM', 'SNU1040', 'SNUC4', 'SNUC5', 'SW480', 'SW620', 'SW948', 'T3M10', 'THP1', 'TYKNU', 'U937', 'VCAP', 'WSUDLCL2']",59
BRD-K05649647,51,"['A375', 'A549', 'A673', 'AGS', 'CL34', 'CORL23', 'COV644', 'DV90', 'EFO27', 'H1299', 'HA1E', 'HCC15', 'HCC515', 'HCT116', 'HEC108', 'HEPG2', 'HT115', 'HT29', 'JHUEM2', 'LOVO', 'MCF7', 'MDST8', 'NCIH1694', 'NCIH1836', 'NCIH2073', 'NCIH508', 'NCIH596', 'NOMO1', 'OV7', 'PC3', 'PL21', 'RKO', 'RMGI', 'RMUGS', 'SKLU1', 'SKM1', 'SKMEL1', 'SKMEL28', 'SNGM', 'SNU1040', 'SNUC4', 'SNUC5', 'SW480', 'SW620', 'SW948', 'T3M10', 'THP1', 'TYKNU', 'U937', 'VCAP', 'WSUDLCL2']",95
tosedostat,51,"['A375', 'A549', 'A673', 'AGS', 'CL34', 'CORL23', 'COV644', 'DV90', 'EFO27', 'H1299', 'HA1E', 'HCC15', 'HCC515', 'HCT116', 'HEC108', 'HEPG2', 'HT115', 'HT29', 'JHUEM2', 'LOVO', 'MCF7', 'MDST8', 'NCIH1694', 'NCIH1836', 'NCIH2073', 'NCIH508', 'NCIH596', 'NOMO1', 'OV7', 'PC3', 'PL21', 'RKO', 'RMGI', 'RMUGS', 'SKLU1', 'SKM1', 'SKMEL1', 'SKMEL28', 'SNGM', 'SNU1040', 'SNUC4', 'SNUC5', 'SW480', 'SW620', 'SW948', 'T3M10', 'THP1', 'TYKNU', 'U937', 'VCAP', 'WSUDLCL2']",67
BRD-K59036917,51,"['A375', 'A549', 'A673', 'AGS', 'CL34', 'CORL23', 'COV644', 'DV90', 'EFO27', 'H1299', 'HA1E', 'HCC15', 'HCC515', 'HCT116', 'HEC108', 'HEPG2', 'HT115', 'HT29', 'JHUEM2', 'LOVO', 'MCF7', 'MDST8', 'NCIH1694', 'NCIH1836', 'NCIH2073', 'NCIH508', 'NCIH596', 'NOMO1', 'OV7', 'PC3', 'PL21', 'RKO', 'RMGI', 'RMUGS', 'SKLU1', 'SKM1', 'SKMEL1', 'SKMEL28', 'SNGM', 'SNU1040', 'SNUC4', 'SNUC5', 'SW480', 'SW620', 'SW948', 'T3M10', 'THP1', 'TYKNU', 'U937', 'VCAP', 'WSUDLCL2']",72
BRD-K98404142,51,"['A375', 'A549', 'A673', 'AGS', 'CL34', 'CORL23', 'COV644', 'DV90', 'EFO27', 'H1299', 'HA1E', 'HCC15', 'HCC515', 'HCT116', 'HEC108', 'HEPG2', 'HT115', 'HT29', 'JHUEM2', 'LOVO', 'MCF7', 'MDST8', 'NCIH1694', 'NCIH1836', 'NCIH2073', 'NCIH508', 'NCIH596', 'NOMO1', 'OV7', 'PC3', 'PL21', 'RKO', 'RMGI', 'RMUGS', 'SKLU1', 'SKM1', 'SKMEL1', 'SKMEL28', 'SNGM', 'SNU1040', 'SNUC4', 'SNUC5', 'SW480', 'SW620', 'SW948', 'T3M10', 'THP1', 'TYKNU', 'U937', 'VCAP', 'WSUDLCL2']",59
inhibitor-BEC,51,"['A375', 'A549', 'A673', 'AGS', 'CL34', 'CORL23', 'COV644', 'DV90', 'EFO27', 'H1299', 'HA1E', 'HCC15', 'HCC515', 'HCT116', 'HEC108', 'HEPG2', 'HT115', 'HT29', 'JHUEM2', 'LOVO', 'MCF7', 'MDST8', 'NCIH1694', 'NCIH1836', 'NCIH2073', 'NCIH508', 'NCIH596', 'NOMO1', 'OV7', 'PC3', 'PL21', 'RKO', 'RMGI', 'RMUGS', 'SKLU1', 'SKM1', 'SKMEL1', 'SKMEL28', 'SNGM', 'SNU1040', 'SNUC4', 'SNUC5', 'SW480', 'SW620', 'SW948', 'T3M10', 'THP1', 'TYKNU', 'U937', 'VCAP', 'WSUDLCL2']",59
maraviroc,51,"['A375', 'A549', 'A673', 'AGS', 'CL34', 'CORL23', 'COV644', 'DV90', 'EFO27', 'H1299', 'HA1E', 'HCC15', 'HCC515', 'HCT116', 'HEC108', 'HEPG2', 'HT115', 'HT29', 'JHUEM2', 'LOVO', 'MCF7', 'MDST8', 'NCIH1694', 'NCIH1836', 'NCIH2073', 'NCIH508', 'NCIH596', 'NOMO1', 'OV7', 'PC3', 'PL21', 'RKO', 'RMGI', 'RMUGS', 'SKLU1', 'SKM1', 'SKMEL1', 'SKMEL28', 'SNGM', 'SNU1040', 'SNUC4', 'SNUC5', 'SW480', 'SW620', 'SW948', 'T3M10', 'THP1', 'TYKNU', 'U937', 'VCAP', 'WSUDLCL2']",59
BX-795,51,"['A375', 'A549', 'A673', 'AGS', 'CL34', 'CORL23', 'COV644', 'DV90', 'EFO27', 'H1299', 'HA1E', 'HCC15', 'HCC515', 'HCT116', 'HEC108', 'HEPG2', 'HT115', 'HT29', 'JHUEM2', 'LOVO', 'MCF7', 'MDST8', 'NCIH1694', 'NCIH1836', 'NCIH2073', 'NCIH508', 'NCIH596', 'NOMO1', 'OV7', 'PC3', 'PL21', 'RKO', 'RMGI', 'RMUGS', 'SKLU1', 'SKM1', 'SKMEL1', 'SKMEL28', 'SNGM', 'SNU1040', 'SNUC4', 'SNUC5', 'SW480', 'SW620', 'SW948', 'T3M10', 'THP1', 'TYKNU', 'U937', 'VCAP', 'WSUDLCL2']",59
CAM-9-027-3,51,"['A375', 'A549', 'A673', 'AGS', 'CL34', 'CORL23', 'COV644', 'DV90', 'EFO27', 'H1299', 'HA1E', 'HCC15', 'HCC515', 'HCT116', 'HEC108', 'HEPG2', 'HT115', 'HT29', 'JHUEM2', 'LOVO', 'MCF7', 'MDST8', 'NCIH1694', 'NCIH1836', 'NCIH2073', 'NCIH508', 'NCIH596', 'NOMO1', 'OV7', 'PC3', 'PL21', 'RKO', 'RMGI', 'RMUGS', 'SKLU1', 'SKM1', 'SKMEL1', 'SKMEL28', 'SNGM', 'SNU1040', 'SNUC4', 'SNUC5', 'SW480', 'SW620', 'SW948', 'T3M10', 'THP1', 'TYKNU', 'U937', 'VCAP', 'WSUDLCL2']",71
BRD-K19922318,51,"['A375', 'A549', 'A673', 'AGS', 'CL34', 'CORL23', 'COV644', 'DV90', 'EFO27', 'H1299', 'HA1E', 'HCC15', 'HCC515', 'HCT116', 'HEC108', 'HEPG2', 'HT115', 'HT29', 'JHUEM2', 'LOVO', 'MCF7', 'MDST8', 'NCIH1694', 'NCIH1836', 'NCIH2073', 'NCIH508', 'NCIH596', 'NOMO1', 'OV7', 'PC3', 'PL21', 'RKO', 'RMGI', 'RMUGS', 'SKLU1', 'SKM1', 'SKMEL1', 'SKMEL28', 'SNGM', 'SNU1040', 'SNUC4', 'SNUC5', 'SW480', 'SW620', 'SW948', 'T3M10', 'THP1', 'TYKNU', 'U937', 'VCAP', 'WSUDLCL2']",59
PAC-1,51,"['A375', 'A549', 'A673', 'AGS', 'CL34', 'CORL23', 'COV644', 'DV90', 'EFO27', 'H1299', 'HA1E', 'HCC15', 'HCC515', 'HCT116', 'HEC108', 'HEPG2', 'HT115', 'HT29', 'JHUEM2', 'LOVO', 'MCF7', 'MDST8', 'NCIH1694', 'NCIH1836', 'NCIH2073', 'NCIH508', 'NCIH596', 'NOMO1', 'OV7', 'PC3', 'PL21', 'RKO', 'RMGI', 'RMUGS', 'SKLU1', 'SKM1', 'SKMEL1', 'SKMEL28', 'SNGM', 'SNU1040', 'SNUC4', 'SNUC5', 'SW480', 'SW620', 'SW948', 'T3M10', 'THP1', 'TYKNU', 'U937', 'VCAP', 'WSUDLCL2']",74
PF-3845,51,"['A375', 'A549', 'A673', 'AGS', 'CL34', 'CORL23', 'COV644', 'DV90', 'EFO27', 'H1299', 'HA1E', 'HCC15', 'HCC515', 'HCT116', 'HEC108', 'HEPG2', 'HT115', 'HT29', 'JHUEM2', 'LOVO', 'MCF7', 'MDST8', 'NCIH1694', 'NCIH1836', 'NCIH2073', 'NCIH508', 'NCIH596', 'NOMO1', 'OV7', 'PC3', 'PL21', 'RKO', 'RMGI', 'RMUGS', 'SKLU1', 'SKM1', 'SKMEL1', 'SKMEL28', 'SNGM', 'SNU1040', 'SNUC4', 'SNUC5', 'SW480', 'SW620', 'SW948', 'T3M10', 'THP1', 'TYKNU', 'U937', 'VCAP', 'WSUDLCL2']",59
itraconazole,51,"['A375', 'A549', 'A673', 'AGS', 'CL34', 'CORL23', 'COV644', 'DV90', 'EFO27', 'H1299', 'HA1E', 'HCC15', 'HCC515', 'HCT116', 'HEC108', 'HEPG2', 'HT115', 'HT29', 'JHUEM2', 'LOVO', 'MCF7', 'MDST8', 'NCIH1694', 'NCIH1836', 'NCIH2073', 'NCIH508', 'NCIH596', 'NOMO1', 'OV7', 'PC3', 'PL21', 'RKO', 'RMGI', 'RMUGS', 'SKLU1', 'SKM1', 'SKMEL1', 'SKMEL28', 'SNGM', 'SNU1040', 'SNUC4', 'SNUC5', 'SW480', 'SW620', 'SW948', 'T3M10', 'THP1', 'TYKNU', 'U937', 'VCAP', 'WSUDLCL2']",74
FGIN-1-27,51,"['A375', 'A549', 'A673', 'AGS', 'CL34', 'CORL23', 'COV644', 'DV90', 'EFO27', 'H1299', 'HA1E', 'HCC15', 'HCC515', 'HCT116', 'HEC108', 'HEPG2', 'HT115', 'HT29', 'JHUEM2', 'LOVO', 'MCF7', 'MDST8', 'NCIH1694', 'NCIH1836', 'NCIH2073', 'NCIH508', 'NCIH596', 'NOMO1', 'OV7', 'PC3', 'PL21', 'RKO', 'RMGI', 'RMUGS', 'SKLU1', 'SKM1', 'SKMEL1', 'SKMEL28', 'SNGM', 'SNU1040', 'SNUC4', 'SNUC5', 'SW480', 'SW620', 'SW948', 'T3M10', 'THP1', 'TYKNU', 'U937', 'VCAP', 'WSUDLCL2']",74
BAY-K-8644-(S)-(-),51,"['A375', 'A549', 'A673', 'AGS', 'CL34', 'CORL23', 'COV644', 'DV90', 'EFO27', 'H1299', 'HA1E', 'HCC15', 'HCC515', 'HCT116', 'HEC108', 'HEPG2', 'HT115', 'HT29', 'JHUEM2', 'LOVO', 'MCF7', 'MDST8', 'NCIH1694', 'NCIH1836', 'NCIH2073', 'NCIH508', 'NCIH596', 'NOMO1', 'OV7', 'PC3', 'PL21', 'RKO', 'RMGI', 'RMUGS', 'SKLU1', 'SKM1', 'SKMEL1', 'SKMEL28', 'SNGM', 'SNU1040', 'SNUC4', 'SNUC5', 'SW480', 'SW620', 'SW948', 'T3M10', 'THP1', 'TYKNU', 'U937', 'VCAP', 'WSUDLCL2']",59
ASN-05257430,51,"['A375', 'A549', 'A673', 'AGS', 'CL34', 'CORL23', 'COV644', 'DV90', 'EFO27', 'H1299', 'HA1E', 'HCC15', 'HCC515', 'HCT116', 'HEC108', 'HEPG2', 'HT115', 'HT29', 'JHUEM2', 'LOVO', 'MCF7', 'MDST8', 'NCIH1694', 'NCIH1836', 'NCIH2073', 'NCIH508', 'NCIH596', 'NOMO1', 'OV7', 'PC3', 'PL21', 'RKO', 'RMGI', 'RMUGS', 'SKLU1', 'SKM1', 'SKMEL1', 'SKMEL28', 'SNGM', 'SNU1040', 'SNUC4', 'SNUC5', 'SW480', 'SW620', 'SW948', 'T3M10', 'THP1', 'TYKNU', 'U937', 'VCAP', 'WSUDLCL2']",74
myriocin,51,"['A375', 'A549', 'A673', 'AGS', 'CL34', 'CORL23', 'COV644', 'DV90', 'EFO27', 'H1299', 'HA1E', 'HCC15', 'HCC515', 'HCT116', 'HEC108', 'HEPG2', 'HT115', 'HT29', 'JHUEM2', 'LOVO', 'MCF7', 'MDST8', 'NCIH1694', 'NCIH1836', 'NCIH2073', 'NCIH508', 'NCIH596', 'NOMO1', 'OV7', 'PC3', 'PL21', 'RKO', 'RMGI', 'RMUGS', 'SKLU1', 'SKM1', 'SKMEL1', 'SKMEL28', 'SNGM', 'SNU1040', 'SNUC4', 'SNUC5', 'SW480', 'SW620', 'SW948', 'T3M10', 'THP1', 'TYKNU', 'U937', 'VCAP', 'WSUDLCL2']",59
navitoclax,51,"['A375', 'A549', 'A673', 'AGS', 'CL34', 'CORL23', 'COV644', 'DV90', 'EFO27', 'H1299', 'HA1E', 'HCC15', 'HCC515', 'HCT116', 'HEC108', 'HEPG2', 'HT115', 'HT29', 'JHUEM2', 'LOVO', 'MCF7', 'MDST8', 'NCIH1694', 'NCIH1836', 'NCIH2073', 'NCIH508', 'NCIH596', 'NOMO1', 'OV7', 'PC3', 'PL21', 'RKO', 'RMGI', 'RMUGS', 'SKLU1', 'SKM1', 'SKMEL1', 'SKMEL28', 'SNGM', 'SNU1040', 'SNUC4', 'SNUC5', 'SW480', 'SW620', 'SW948', 'T3M10', 'THP1', 'TYKNU', 'U937', 'VCAP', 'WSUDLCL2']",59
nicardipine,51,"['A375', 'A549', 'A673', 'AGS', 'CL34', 'CORL23', 'COV644', 'DV90', 'EFO27', 'H1299', 'HA1E', 'HCC15', 'HCC515', 'HCT116', 'HEC108', 'HEPG2', 'HT115', 'HT29', 'JHUEM2', 'LOVO', 'MCF7', 'MDST8', 'NCIH1694', 'NCIH1836', 'NCIH2073', 'NCIH508', 'NCIH596', 'NOMO1', 'OV7', 'PC3', 'PL21', 'RKO', 'RMGI', 'RMUGS', 'SKLU1', 'SKM1', 'SKMEL1', 'SKMEL28', 'SNGM', 'SNU1040', 'SNUC4', 'SNUC5', 'SW480', 'SW620', 'SW948', 'T3M10', 'THP1', 'TYKNU', 'U937', 'VCAP', 'WSUDLCL2']",88
Gly-Gly-PALO,51,"['A375', 'A549', 'A673', 'AGS', 'CL34', 'CORL23', 'COV644', 'DV90', 'EFO27', 'H1299', 'HA1E', 'HCC15', 'HCC515', 'HCT116', 'HEC108', 'HEPG2', 'HT115', 'HT29', 'JHUEM2', 'LOVO', 'MCF7', 'MDST8', 'NCIH1694', 'NCIH1836', 'NCIH2073', 'NCIH508', 'NCIH596', 'NOMO1', 'OV7', 'PC3', 'PL21', 'RKO', 'RMGI', 'RMUGS', 'SKLU1', 'SKM1', 'SKMEL1', 'SKMEL28', 'SNGM', 'SNU1040', 'SNUC4', 'SNUC5', 'SW480', 'SW620', 'SW948', 'T3M10', 'THP1', 'TYKNU', 'U937', 'VCAP', 'WSUDLCL2']",59
cyanoquinoline-11,51,"['A375', 'A549', 'A673', 'AGS', 'CL34', 'CORL23', 'COV644', 'DV90', 'EFO27', 'H1299', 'HA1E', 'HCC15', 'HCC515', 'HCT116', 'HEC108', 'HEPG2', 'HT115', 'HT29', 'JHUEM2', 'LOVO', 'MCF7', 'MDST8', 'NCIH1694', 'NCIH1836', 'NCIH2073', 'NCIH508', 'NCIH596', 'NOMO1', 'OV7', 'PC3', 'PL21', 'RKO', 'RMGI', 'RMUGS', 'SKLU1', 'SKM1', 'SKMEL1', 'SKMEL28', 'SNGM', 'SNU1040', 'SNUC4', 'SNUC5', 'SW480', 'SW620', 'SW948', 'T3M10', 'THP1', 'TYKNU', 'U937', 'VCAP', 'WSUDLCL2']",59
BRD-K41087962,51,"['A375', 'A549', 'A673', 'AGS', 'CL34', 'CORL23', 'COV644', 'DV90', 'EFO27', 'H1299', 'HA1E', 'HCC15', 'HCC515', 'HCT116', 'HEC108', 'HEPG2', 'HT115', 'HT29', 'JHUEM2', 'LOVO', 'MCF7', 'MDST8', 'NCIH1694', 'NCIH1836', 'NCIH2073', 'NCIH508', 'NCIH596', 'NOMO1', 'OV7', 'PC3', 'PL21', 'RKO', 'RMGI', 'RMUGS', 'SKLU1', 'SKM1', 'SKMEL1', 'SKMEL28', 'SNGM', 'SNU1040', 'SNUC4', 'SNUC5', 'SW480', 'SW620', 'SW948', 'T3M10', 'THP1', 'TYKNU', 'U937', 'VCAP', 'WSUDLCL2']",59
PT-630,51,"['A375', 'A549', 'A673', 'AGS', 'CL34', 'CORL23', 'COV644', 'DV90', 'EFO27', 'H1299', 'HA1E', 'HCC15', 'HCC515', 'HCT116', 'HEC108', 'HEPG2', 'HT115', 'HT29', 'JHUEM2', 'LOVO', 'MCF7', 'MDST8', 'NCIH1694', 'NCIH1836', 'NCIH2073', 'NCIH508', 'NCIH596', 'NOMO1', 'OV7', 'PC3', 'PL21', 'RKO', 'RMGI', 'RMUGS', 'SKLU1', 'SKM1', 'SKMEL1', 'SKMEL28', 'SNGM', 'SNU1040', 'SNUC4', 'SNUC5', 'SW480', 'SW620', 'SW948', 'T3M10', 'THP1', 'TYKNU', 'U937', 'VCAP', 'WSUDLCL2']",95
PTB1,51,"['A375', 'A549', 'A673', 'AGS', 'CL34', 'CORL23', 'COV644', 'DV90', 'EFO27', 'H1299', 'HA1E', 'HCC15', 'HCC515', 'HCT116', 'HEC108', 'HEPG2', 'HT115', 'HT29', 'JHUEM2', 'LOVO', 'MCF7', 'MDST8', 'NCIH1694', 'NCIH1836', 'NCIH2073', 'NCIH508', 'NCIH596', 'NOMO1', 'OV7', 'PC3', 'PL21', 'RKO', 'RMGI', 'RMUGS', 'SKLU1', 'SKM1', 'SKMEL1', 'SKMEL28', 'SNGM', 'SNU1040', 'SNUC4', 'SNUC5', 'SW480', 'SW620', 'SW948', 'T3M10', 'THP1', 'TYKNU', 'U937', 'VCAP', 'WSUDLCL2']",59
PP-110,51,"['A375', 'A549', 'A673', 'AGS', 'CL34', 'CORL23', 'COV644', 'DV90', 'EFO27', 'H1299', 'HA1E', 'HCC15', 'HCC515', 'HCT116', 'HEC108', 'HEPG2', 'HT115', 'HT29', 'JHUEM2', 'LOVO', 'MCF7', 'MDST8', 'NCIH1694', 'NCIH1836', 'NCIH2073', 'NCIH508', 'NCIH596', 'NOMO1', 'OV7', 'PC3', 'PL21', 'RKO', 'RMGI', 'RMUGS', 'SKLU1', 'SKM1', 'SKMEL1', 'SKMEL28', 'SNGM', 'SNU1040', 'SNUC4', 'SNUC5', 'SW480', 'SW620', 'SW948', 'T3M10', 'THP1', 'TYKNU', 'U937', 'VCAP', 'WSUDLCL2']",95
CD-437,51,"['A375', 'A549', 'A673', 'AGS', 'CL34', 'CORL23', 'COV644', 'DV90', 'EFO27', 'H1299', 'HA1E', 'HCC15', 'HCC515', 'HCT116', 'HEC108', 'HEPG2', 'HT115', 'HT29', 'JHUEM2', 'LOVO', 'MCF7', 'MDST8', 'NCIH1694', 'NCIH1836', 'NCIH2073', 'NCIH508', 'NCIH596', 'NOMO1', 'OV7', 'PC3', 'PL21', 'RKO', 'RMGI', 'RMUGS', 'SKLU1', 'SKM1', 'SKMEL1', 'SKMEL28', 'SNGM', 'SNU1040', 'SNUC4', 'SNUC5', 'SW480', 'SW620', 'SW948', 'T3M10', 'THP1', 'TYKNU', 'U937', 'VCAP', 'WSUDLCL2']",95
BRD-A83255679,51,"['A375', 'A549', 'A673', 'AGS', 'CL34', 'CORL23', 'COV644', 'DV90', 'EFO27', 'H1299', 'HA1E', 'HCC15', 'HCC515', 'HCT116', 'HEC108', 'HEPG2', 'HT115', 'HT29', 'JHUEM2', 'LOVO', 'MCF7', 'MDST8', 'NCIH1694', 'NCIH1836', 'NCIH2073', 'NCIH508', 'NCIH596', 'NOMO1', 'OV7', 'PC3', 'PL21', 'RKO', 'RMGI', 'RMUGS', 'SKLU1', 'SKM1', 'SKMEL1', 'SKMEL28', 'SNGM', 'SNU1040', 'SNUC4', 'SNUC5', 'SW480', 'SW620', 'SW948', 'T3M10', 'THP1', 'TYKNU', 'U937', 'VCAP', 'WSUDLCL2']",71
BRD-A81936046,51,"['A375', 'A549', 'A673', 'AGS', 'CL34', 'CORL23', 'COV644', 'DV90', 'EFO27', 'H1299', 'HA1E', 'HCC15', 'HCC515', 'HCT116', 'HEC108', 'HEPG2', 'HT115', 'HT29', 'JHUEM2', 'LOVO', 'MCF7', 'MDST8', 'NCIH1694', 'NCIH1836', 'NCIH2073', 'NCIH508', 'NCIH596', 'NOMO1', 'OV7', 'PC3', 'PL21', 'RKO', 'RMGI', 'RMUGS', 'SKLU1', 'SKM1', 'SKMEL1', 'SKMEL28', 'SNGM', 'SNU1040', 'SNUC4', 'SNUC5', 'SW480', 'SW620', 'SW948', 'T3M10', 'THP1', 'TYKNU', 'U937', 'VCAP', 'WSUDLCL2']",59
PP-30,51,"['A375', 'A549', 'A673', 'AGS', 'CL34', 'CORL23', 'COV644', 'DV90', 'EFO27', 'H1299', 'HA1E', 'HCC15', 'HCC515', 'HCT116', 'HEC108', 'HEPG2', 'HT115', 'HT29', 'JHUEM2', 'LOVO', 'MCF7', 'MDST8', 'NCIH1694', 'NCIH1836', 'NCIH2073', 'NCIH508', 'NCIH596', 'NOMO1', 'OV7', 'PC3', 'PL21', 'RKO', 'RMGI', 'RMUGS', 'SKLU1', 'SKM1', 'SKMEL1', 'SKMEL28', 'SNGM', 'SNU1040', 'SNUC4', 'SNUC5', 'SW480', 'SW620', 'SW948', 'T3M10', 'THP1', 'TYKNU', 'U937', 'VCAP', 'WSUDLCL2']",59
BRD-K21614065,51,"['A375', 'A549', 'A673', 'AGS', 'CL34', 'CORL23', 'COV644', 'DV90', 'EFO27', 'H1299', 'HA1E', 'HCC15', 'HCC515', 'HCT116', 'HEC108', 'HEPG2', 'HT115', 'HT29', 'JHUEM2', 'LOVO', 'MCF7', 'MDST8', 'NCIH1694', 'NCIH1836', 'NCIH2073', 'NCIH508', 'NCIH596', 'NOMO1', 'OV7', 'PC3', 'PL21', 'RKO', 'RMGI', 'RMUGS', 'SKLU1', 'SKM1', 'SKMEL1', 'SKMEL28', 'SNGM', 'SNU1040', 'SNUC4', 'SNUC5', 'SW480', 'SW620', 'SW948', 'T3M10', 'THP1', 'TYKNU', 'U937', 'VCAP', 'WSUDLCL2']",72
PF-750,51,"['A375', 'A549', 'A673', 'AGS', 'CL34', 'CORL23', 'COV644', 'DV90', 'EFO27', 'H1299', 'HA1E', 'HCC15', 'HCC515', 'HCT116', 'HEC108', 'HEPG2', 'HT115', 'HT29', 'JHUEM2', 'LOVO', 'MCF7', 'MDST8', 'NCIH1694', 'NCIH1836', 'NCIH2073', 'NCIH508', 'NCIH596', 'NOMO1', 'OV7', 'PC3', 'PL21', 'RKO', 'RMGI', 'RMUGS', 'SKLU1', 'SKM1', 'SKMEL1', 'SKMEL28', 'SNGM', 'SNU1040', 'SNUC4', 'SNUC5', 'SW480', 'SW620', 'SW948', 'T3M10', 'THP1', 'TYKNU', 'U937', 'VCAP', 'WSUDLCL2']",59
AZD-7545,51,"['A375', 'A549', 'A673', 'AGS', 'CL34', 'CORL23', 'COV644', 'DV90', 'EFO27', 'H1299', 'HA1E', 'HCC15', 'HCC515', 'HCT116', 'HEC108', 'HEPG2', 'HT115', 'HT29', 'JHUEM2', 'LOVO', 'MCF7', 'MDST8', 'NCIH1694', 'NCIH1836', 'NCIH2073', 'NCIH508', 'NCIH596', 'NOMO1', 'OV7', 'PC3', 'PL21', 'RKO', 'RMGI', 'RMUGS', 'SKLU1', 'SKM1', 'SKMEL1', 'SKMEL28', 'SNGM', 'SNU1040', 'SNUC4', 'SNUC5', 'SW480', 'SW620', 'SW948', 'T3M10', 'THP1', 'TYKNU', 'U937', 'VCAP', 'WSUDLCL2']",59
BRD-K40758391,51,"['A375', 'A549', 'A673', 'AGS', 'CL34', 'CORL23', 'COV644', 'DV90', 'EFO27', 'H1299', 'HA1E', 'HCC15', 'HCC515', 'HCT116', 'HEC108', 'HEPG2', 'HT115', 'HT29', 'JHUEM2', 'LOVO', 'MCF7', 'MDST8', 'NCIH1694', 'NCIH1836', 'NCIH2073', 'NCIH508', 'NCIH596', 'NOMO1', 'OV7', 'PC3', 'PL21', 'RKO', 'RMGI', 'RMUGS', 'SKLU1', 'SKM1', 'SKMEL1', 'SKMEL28', 'SNGM', 'SNU1040', 'SNUC4', 'SNUC5', 'SW480', 'SW620', 'SW948', 'T3M10', 'THP1', 'TYKNU', 'U937', 'VCAP', 'WSUDLCL2']",110
PRIMA1,51,"['A375', 'A549', 'A673', 'AGS', 'CL34', 'CORL23', 'COV644', 'DV90', 'EFO27', 'H1299', 'HA1E', 'HCC15', 'HCC515', 'HCT116', 'HEC108', 'HEPG2', 'HT115', 'HT29', 'JHUEM2', 'LOVO', 'MCF7', 'MDST8', 'NCIH1694', 'NCIH1836', 'NCIH2073', 'NCIH508', 'NCIH596', 'NOMO1', 'OV7', 'PC3', 'PL21', 'RKO', 'RMGI', 'RMUGS', 'SKLU1', 'SKM1', 'SKMEL1', 'SKMEL28', 'SNGM', 'SNU1040', 'SNUC4', 'SNUC5', 'SW480', 'SW620', 'SW948', 'T3M10', 'THP1', 'TYKNU', 'U937', 'VCAP', 'WSUDLCL2']",59
AR-C133057XX,51,"['A375', 'A549', 'A673', 'AGS', 'CL34', 'CORL23', 'COV644', 'DV90', 'EFO27', 'H1299', 'HA1E', 'HCC15', 'HCC515', 'HCT116', 'HEC108', 'HEPG2', 'HT115', 'HT29', 'JHUEM2', 'LOVO', 'MCF7', 'MDST8', 'NCIH1694', 'NCIH1836', 'NCIH2073', 'NCIH508', 'NCIH596', 'NOMO1', 'OV7', 'PC3', 'PL21', 'RKO', 'RMGI', 'RMUGS', 'SKLU1', 'SKM1', 'SKMEL1', 'SKMEL28', 'SNGM', 'SNU1040', 'SNUC4', 'SNUC5', 'SW480', 'SW620', 'SW948', 'T3M10', 'THP1', 'TYKNU', 'U937', 'VCAP', 'WSUDLCL2']",59
CAY-10618,51,"['A375', 'A549', 'A673', 'AGS', 'CL34', 'CORL23', 'COV644', 'DV90', 'EFO27', 'H1299', 'HA1E', 'HCC15', 'HCC515', 'HCT116', 'HEC108', 'HEPG2', 'HT115', 'HT29', 'JHUEM2', 'LOVO', 'MCF7', 'MDST8', 'NCIH1694', 'NCIH1836', 'NCIH2073', 'NCIH508', 'NCIH596', 'NOMO1', 'OV7', 'PC3', 'PL21', 'RKO', 'RMGI', 'RMUGS', 'SKLU1', 'SKM1', 'SKMEL1', 'SKMEL28', 'SNGM', 'SNU1040', 'SNUC4', 'SNUC5', 'SW480', 'SW620', 'SW948', 'T3M10', 'THP1', 'TYKNU', 'U937', 'VCAP', 'WSUDLCL2']",59
mepacrine,51,"['A375', 'A549', 'A673', 'AGS', 'CL34', 'CORL23', 'COV644', 'DV90', 'EFO27', 'H1299', 'HA1E', 'HCC15', 'HCC515', 'HCT116', 'HEC108', 'HEPG2', 'HT115', 'HT29', 'JHUEM2', 'LOVO', 'MCF7', 'MDST8', 'NCIH1694', 'NCIH1836', 'NCIH2073', 'NCIH508', 'NCIH596', 'NOMO1', 'OV7', 'PC3', 'PL21', 'RKO', 'RMGI', 'RMUGS', 'SKLU1', 'SKM1', 'SKMEL1', 'SKMEL28', 'SNGM', 'SNU1040', 'SNUC4', 'SNUC5', 'SW480', 'SW620', 'SW948', 'T3M10', 'THP1', 'TYKNU', 'U937', 'VCAP', 'WSUDLCL2']",111
CAY-10594,51,"['A375', 'A549', 'A673', 'AGS', 'CL34', 'CORL23', 'COV644', 'DV90', 'EFO27', 'H1299', 'HA1E', 'HCC15', 'HCC515', 'HCT116', 'HEC108', 'HEPG2', 'HT115', 'HT29', 'JHUEM2', 'LOVO', 'MCF7', 'MDST8', 'NCIH1694', 'NCIH1836', 'NCIH2073', 'NCIH508', 'NCIH596', 'NOMO1', 'OV7', 'PC3', 'PL21', 'RKO', 'RMGI', 'RMUGS', 'SKLU1', 'SKM1', 'SKMEL1', 'SKMEL28', 'SNGM', 'SNU1040', 'SNUC4', 'SNUC5', 'SW480', 'SW620', 'SW948', 'T3M10', 'THP1', 'TYKNU', 'U937', 'VCAP', 'WSUDLCL2']",59
PJ-34,51,"['A375', 'A549', 'A673', 'AGS', 'CL34', 'CORL23', 'COV644', 'DV90', 'EFO27', 'H1299', 'HA1E', 'HCC15', 'HCC515', 'HCT116', 'HEC108', 'HEPG2', 'HT115', 'HT29', 'JHUEM2', 'LOVO', 'MCF7', 'MDST8', 'NCIH1694', 'NCIH1836', 'NCIH2073', 'NCIH508', 'NCIH596', 'NOMO1', 'OV7', 'PC3', 'PL21', 'RKO', 'RMGI', 'RMUGS', 'SKLU1', 'SKM1', 'SKMEL1', 'SKMEL28', 'SNGM', 'SNU1040', 'SNUC4', 'SNUC5', 'SW480', 'SW620', 'SW948', 'T3M10', 'THP1', 'TYKNU', 'U937', 'VCAP', 'WSUDLCL2']",95
PIK-90,51,"['A375', 'A549', 'A673', 'AGS', 'CL34', 'CORL23', 'COV644', 'DV90', 'EFO27', 'H1299', 'HA1E', 'HCC15', 'HCC515', 'HCT116', 'HEC108', 'HEPG2', 'HT115', 'HT29', 'JHUEM2', 'LOVO', 'MCF7', 'MDST8', 'NCIH1694', 'NCIH1836', 'NCIH2073', 'NCIH508', 'NCIH596', 'NOMO1', 'OV7', 'PC3', 'PL21', 'RKO', 'RMGI', 'RMUGS', 'SKLU1', 'SKM1', 'SKMEL1', 'SKMEL28', 'SNGM', 'SNU1040', 'SNUC4', 'SNUC5', 'SW480', 'SW620', 'SW948', 'T3M10', 'THP1', 'TYKNU', 'U937', 'VCAP', 'WSUDLCL2']",59
PKCbeta-inhibitor,51,"['A375', 'A549', 'A673', 'AGS', 'CL34', 'CORL23', 'COV644', 'DV90', 'EFO27', 'H1299', 'HA1E', 'HCC15', 'HCC515', 'HCT116', 'HEC108', 'HEPG2', 'HT115', 'HT29', 'JHUEM2', 'LOVO', 'MCF7', 'MDST8', 'NCIH1694', 'NCIH1836', 'NCIH2073', 'NCIH508', 'NCIH596', 'NOMO1', 'OV7', 'PC3', 'PL21', 'RKO', 'RMGI', 'RMUGS', 'SKLU1', 'SKM1', 'SKMEL1', 'SKMEL28', 'SNGM', 'SNU1040', 'SNUC4', 'SNUC5', 'SW480', 'SW620', 'SW948', 'T3M10', 'THP1', 'TYKNU', 'U937', 'VCAP', 'WSUDLCL2']",59
BRD-K56477805,51,"['A375', 'A549', 'A673', 'AGS', 'CL34', 'CORL23', 'COV644', 'DV90', 'EFO27', 'H1299', 'HA1E', 'HCC15', 'HCC515', 'HCT116', 'HEC108', 'HEPG2', 'HT115', 'HT29', 'JHUEM2', 'LOVO', 'MCF7', 'MDST8', 'NCIH1694', 'NCIH1836', 'NCIH2073', 'NCIH508', 'NCIH596', 'NOMO1', 'OV7', 'PC3', 'PL21', 'RKO', 'RMGI', 'RMUGS', 'SKLU1', 'SKM1', 'SKMEL1', 'SKMEL28', 'SNGM', 'SNU1040', 'SNUC4', 'SNUC5', 'SW480', 'SW620', 'SW948', 'T3M10', 'THP1', 'TYKNU', 'U937', 'VCAP', 'WSUDLCL2']",74
7b-cis,51,"['A375', 'A549', 'A673', 'AGS', 'CL34', 'CORL23', 'COV644', 'DV90', 'EFO27', 'H1299', 'HA1E', 'HCC15', 'HCC515', 'HCT116', 'HEC108', 'HEPG2', 'HT115', 'HT29', 'JHUEM2', 'LOVO', 'MCF7', 'MDST8', 'NCIH1694', 'NCIH1836', 'NCIH2073', 'NCIH508', 'NCIH596', 'NOMO1', 'OV7', 'PC3', 'PL21', 'RKO', 'RMGI', 'RMUGS', 'SKLU1', 'SKM1', 'SKMEL1', 'SKMEL28', 'SNGM', 'SNU1040', 'SNUC4', 'SNUC5', 'SW480', 'SW620', 'SW948', 'T3M10', 'THP1', 'TYKNU', 'U937', 'VCAP', 'WSUDLCL2']",59
RG-108,51,"['A375', 'A549', 'A673', 'AGS', 'CL34', 'CORL23', 'COV644', 'DV90', 'EFO27', 'H1299', 'HA1E', 'HCC15', 'HCC515', 'HCT116', 'HEC108', 'HEPG2', 'HT115', 'HT29', 'JHUEM2', 'LOVO', 'MCF7', 'MDST8', 'NCIH1694', 'NCIH1836', 'NCIH2073', 'NCIH508', 'NCIH596', 'NOMO1', 'OV7', 'PC3', 'PL21', 'RKO', 'RMGI', 'RMUGS', 'SKLU1', 'SKM1', 'SKMEL1', 'SKMEL28', 'SNGM', 'SNU1040', 'SNUC4', 'SNUC5', 'SW480', 'SW620', 'SW948', 'T3M10', 'THP1', 'TYKNU', 'U937', 'VCAP', 'WSUDLCL2']",59
ABT-751,51,"['A375', 'A549', 'A673', 'AGS', 'CL34', 'CORL23', 'COV644', 'DV90', 'EFO27', 'H1299', 'HA1E', 'HCC15', 'HCC515', 'HCT116', 'HEC108', 'HEPG2', 'HT115', 'HT29', 'JHUEM2', 'LOVO', 'MCF7', 'MDST8', 'NCIH1694', 'NCIH1836', 'NCIH2073', 'NCIH508', 'NCIH596', 'NOMO1', 'OV7', 'PC3', 'PL21', 'RKO', 'RMGI', 'RMUGS', 'SKLU1', 'SKM1', 'SKMEL1', 'SKMEL28', 'SNGM', 'SNU1040', 'SNUC4', 'SNUC5', 'SW480', 'SW620', 'SW948', 'T3M10', 'THP1', 'TYKNU', 'U937', 'VCAP', 'WSUDLCL2']",59
"9-methyl-5H-6-thia-4,5-diaza-chrysene-6,6-dioxide",51,"['A375', 'A549', 'A673', 'AGS', 'CL34', 'CORL23', 'COV644', 'DV90', 'EFO27', 'H1299', 'HA1E', 'HCC15', 'HCC515', 'HCT116', 'HEC108', 'HEPG2', 'HT115', 'HT29', 'JHUEM2', 'LOVO', 'MCF7', 'MDST8', 'NCIH1694', 'NCIH1836', 'NCIH2073', 'NCIH508', 'NCIH596', 'NOMO1', 'OV7', 'PC3', 'PL21', 'RKO', 'RMGI', 'RMUGS', 'SKLU1', 'SKM1', 'SKMEL1', 'SKMEL28', 'SNGM', 'SNU1040', 'SNUC4', 'SNUC5', 'SW480', 'SW620', 'SW948', 'T3M10', 'THP1', 'TYKNU', 'U937', 'VCAP', 'WSUDLCL2']",59
thioridazine,51,"['A375', 'A549', 'A673', 'AGS', 'CL34', 'CORL23', 'COV644', 'DV90', 'EFO27', 'H1299', 'HA1E', 'HCC15', 'HCC515', 'HCT116', 'HEC108', 'HEPG2', 'HT115', 'HT29', 'JHUEM2', 'LOVO', 'MCF7', 'MDST8', 'NCIH1694', 'NCIH1836', 'NCIH2073', 'NCIH508', 'NCIH596', 'NOMO1', 'OV7', 'PC3', 'PL21', 'RKO', 'RMGI', 'RMUGS', 'SKLU1', 'SKM1', 'SKMEL1', 'SKMEL28', 'SNGM', 'SNU1040', 'SNUC4', 'SNUC5', 'SW480', 'SW620', 'SW948', 'T3M10', 'THP1', 'TYKNU', 'U937', 'VCAP', 'WSUDLCL2']",208
BRD-K84924563,51,"['A375', 'A549', 'A673', 'AGS', 'CL34', 'CORL23', 'COV644', 'DV90', 'EFO27', 'H1299', 'HA1E', 'HCC15', 'HCC515', 'HCT116', 'HEC108', 'HEPG2', 'HT115', 'HT29', 'JHUEM2', 'LOVO', 'MCF7', 'MDST8', 'NCIH1694', 'NCIH1836', 'NCIH2073', 'NCIH508', 'NCIH596', 'NOMO1', 'OV7', 'PC3', 'PL21', 'RKO', 'RMGI', 'RMUGS', 'SKLU1', 'SKM1', 'SKMEL1', 'SKMEL28', 'SNGM', 'SNU1040', 'SNUC4', 'SNUC5', 'SW480', 'SW620', 'SW948', 'T3M10', 'THP1', 'TYKNU', 'U937', 'VCAP', 'WSUDLCL2']",59
7-nitroindazole,51,"['A375', 'A549', 'A673', 'AGS', 'CL34', 'CORL23', 'COV644', 'DV90', 'EFO27', 'H1299', 'HA1E', 'HCC15', 'HCC515', 'HCT116', 'HEC108', 'HEPG2', 'HT115', 'HT29', 'JHUEM2', 'LOVO', 'MCF7', 'MDST8', 'NCIH1694', 'NCIH1836', 'NCIH2073', 'NCIH508', 'NCIH596', 'NOMO1', 'OV7', 'PC3', 'PL21', 'RKO', 'RMGI', 'RMUGS', 'SKLU1', 'SKM1', 'SKMEL1', 'SKMEL28', 'SNGM', 'SNU1040', 'SNUC4', 'SNUC5', 'SW480', 'SW620', 'SW948', 'T3M10', 'THP1', 'TYKNU', 'U937', 'VCAP', 'WSUDLCL2']",72
batimastat,51,"['A375', 'A549', 'A673', 'AGS', 'CL34', 'CORL23', 'COV644', 'DV90', 'EFO27', 'H1299', 'HA1E', 'HCC15', 'HCC515', 'HCT116', 'HEC108', 'HEPG2', 'HT115', 'HT29', 'JHUEM2', 'LOVO', 'MCF7', 'MDST8', 'NCIH1694', 'NCIH1836', 'NCIH2073', 'NCIH508', 'NCIH596', 'NOMO1', 'OV7', 'PC3', 'PL21', 'RKO', 'RMGI', 'RMUGS', 'SKLU1', 'SKM1', 'SKMEL1', 'SKMEL28', 'SNGM', 'SNU1040', 'SNUC4', 'SNUC5', 'SW480', 'SW620', 'SW948', 'T3M10', 'THP1', 'TYKNU', 'U937', 'VCAP', 'WSUDLCL2']",59
blebbistatin,51,"['A375', 'A549', 'A673', 'AGS', 'CL34', 'CORL23', 'COV644', 'DV90', 'EFO27', 'H1299', 'HA1E', 'HCC15', 'HCC515', 'HCT116', 'HEC108', 'HEPG2', 'HT115', 'HT29', 'JHUEM2', 'LOVO', 'MCF7', 'MDST8', 'NCIH1694', 'NCIH1836', 'NCIH2073', 'NCIH508', 'NCIH596', 'NOMO1', 'OV7', 'PC3', 'PL21', 'RKO', 'RMGI', 'RMUGS', 'SKLU1', 'SKM1', 'SKMEL1', 'SKMEL28', 'SNGM', 'SNU1040', 'SNUC4', 'SNUC5', 'SW480', 'SW620', 'SW948', 'T3M10', 'THP1', 'TYKNU', 'U937', 'VCAP', 'WSUDLCL2']",59
bortezomib,51,"['A375', 'A549', 'A673', 'AGS', 'CL34', 'CORL23', 'COV644', 'DV90', 'EFO27', 'H1299', 'HA1E', 'HCC15', 'HCC515', 'HCT116', 'HEC108', 'HEPG2', 'HT115', 'HT29', 'JHUEM2', 'LOVO', 'MCF7', 'MDST8', 'NCIH1694', 'NCIH1836', 'NCIH2073', 'NCIH508', 'NCIH596', 'NOMO1', 'OV7', 'PC3', 'PL21', 'RKO', 'RMGI', 'RMUGS', 'SKLU1', 'SKM1', 'SKMEL1', 'SKMEL28', 'SNGM', 'SNU1040', 'SNUC4', 'SNUC5', 'SW480', 'SW620', 'SW948', 'T3M10', 'THP1', 'TYKNU', 'U937', 'VCAP', 'WSUDLCL2']",120
AICA-ribonucleotide,51,"['A375', 'A549', 'A673', 'AGS', 'CL34', 'CORL23', 'COV644', 'DV90', 'EFO27', 'H1299', 'HA1E', 'HCC15', 'HCC515', 'HCT116', 'HEC108', 'HEPG2', 'HT115', 'HT29', 'JHUEM2', 'LOVO', 'MCF7', 'MDST8', 'NCIH1694', 'NCIH1836', 'NCIH2073', 'NCIH508', 'NCIH596', 'NOMO1', 'OV7', 'PC3', 'PL21', 'RKO', 'RMGI', 'RMUGS', 'SKLU1', 'SKM1', 'SKMEL1', 'SKMEL28', 'SNGM', 'SNU1040', 'SNUC4', 'SNUC5', 'SW480', 'SW620', 'SW948', 'T3M10', 'THP1', 'TYKNU', 'U937', 'VCAP', 'WSUDLCL2']",59
BRD-K86682249,51,"['A375', 'A549', 'A673', 'AGS', 'CL34', 'CORL23', 'COV644', 'DV90', 'EFO27', 'H1299', 'HA1E', 'HCC15', 'HCC515', 'HCT116', 'HEC108', 'HEPG2', 'HT115', 'HT29', 'JHUEM2', 'LOVO', 'MCF7', 'MDST8', 'NCIH1694', 'NCIH1836', 'NCIH2073', 'NCIH508', 'NCIH596', 'NOMO1', 'OV7', 'PC3', 'PL21', 'RKO', 'RMGI', 'RMUGS', 'SKLU1', 'SKM1', 'SKMEL1', 'SKMEL28', 'SNGM', 'SNU1040', 'SNUC4', 'SNUC5', 'SW480', 'SW620', 'SW948', 'T3M10', 'THP1', 'TYKNU', 'U937', 'VCAP', 'WSUDLCL2']",74
artesunate,50,"['A375', 'A549', 'A673', 'AGS', 'CL34', 'CORL23', 'COV644', 'DV90', 'EFO27', 'H1299', 'HA1E', 'HCC15', 'HCC515', 'HCT116', 'HEC108', 'HEPG2', 'HT115', 'HT29', 'JHUEM2', 'LOVO', 'MCF7', 'MDST8', 'NCIH1694', 'NCIH1836', 'NCIH2073', 'NCIH508', 'NCIH596', 'NOMO1', 'OV7', 'PC3', 'PL21', 'RKO', 'RMGI', 'RMUGS', 'SKLU1', 'SKM1', 'SKMEL1', 'SKMEL28', 'SNGM', 'SNU1040', 'SNUC4', 'SNUC5', 'SW480', 'SW620', 'SW948', 'THP1', 'TYKNU', 'U937', 'VCAP', 'WSUDLCL2']",105
RITA,50,"['A375', 'A549', 'A673', 'AGS', 'CL34', 'CORL23', 'COV644', 'DV90', 'EFO27', 'H1299', 'HA1E', 'HCC15', 'HCC515', 'HCT116', 'HEC108', 'HEPG2', 'HT29', 'JHUEM2', 'LOVO', 'MCF7', 'MDST8', 'NCIH1694', 'NCIH1836', 'NCIH2073', 'NCIH508', 'NCIH596', 'NOMO1', 'OV7', 'PC3', 'PL21', 'RKO', 'RMGI', 'RMUGS', 'SKLU1', 'SKM1', 'SKMEL1', 'SKMEL28', 'SNGM', 'SNU1040', 'SNUC4', 'SNUC5', 'SW480', 'SW620', 'SW948', 'T3M10', 'THP1', 'TYKNU', 'U937', 'VCAP', 'WSUDLCL2']",58
BRD-K76188144,50,"['A375', 'A549', 'A673', 'AGS', 'CL34', 'CORL23', 'COV644', 'DV90', 'EFO27', 'H1299', 'HA1E', 'HCC15', 'HCC515', 'HCT116', 'HEC108', 'HEPG2', 'HT115', 'HT29', 'JHUEM2', 'LOVO', 'MCF7', 'MDST8', 'NCIH1694', 'NCIH2073', 'NCIH508', 'NCIH596', 'NOMO1', 'OV7', 'PC3', 'PL21', 'RKO', 'RMGI', 'RMUGS', 'SKLU1', 'SKM1', 'SKMEL1', 'SKMEL28', 'SNGM', 'SNU1040', 'SNUC4', 'SNUC5', 'SW480', 'SW620', 'SW948', 'T3M10', 'THP1', 'TYKNU', 'U937', 'VCAP', 'WSUDLCL2']",58
BAY-11-7082,50,"['A375', 'A549', 'A673', 'AGS', 'ASC', 'CL34', 'CORL23', 'COV644', 'DV90', 'EFO27', 'H1299', 'HA1E', 'HCC15', 'HCC515', 'HCT116', 'HEC108', 'HEPG2', 'HT115', 'HT29', 'LOVO', 'MCF7', 'MDST8', 'NCIH1694', 'NCIH2073', 'NCIH508', 'NCIH596', 'NOMO1', 'NPC', 'OV7', 'PC3', 'PHH', 'PL21', 'RKO', 'RMUGS', 'SKB', 'SKLU1', 'SKM1', 'SKMEL1', 'SKMEL28', 'SNU1040', 'SNUC4', 'SNUC5', 'SW480', 'SW620', 'SW948', 'T3M10', 'THP1', 'TYKNU', 'U937', 'VCAP']",71
BRD-K77432048,50,"['A375', 'A549', 'A673', 'AGS', 'CORL23', 'COV644', 'DV90', 'EFO27', 'H1299', 'HA1E', 'HCC15', 'HCC515', 'HCT116', 'HEC108', 'HEPG2', 'HT115', 'HT29', 'JHUEM2', 'LOVO', 'MCF7', 'MDST8', 'NCIH1694', 'NCIH1836', 'NCIH2073', 'NCIH508', 'NCIH596', 'NOMO1', 'OV7', 'PC3', 'PL21', 'RKO', 'RMGI', 'RMUGS', 'SKLU1', 'SKM1', 'SKMEL1', 'SKMEL28', 'SNGM', 'SNU1040', 'SNUC4', 'SNUC5', 'SW480', 'SW620', 'SW948', 'T3M10', 'THP1', 'TYKNU', 'U937', 'VCAP', 'WSUDLCL2']",102
TL-HRAS-61,50,"['A375', 'A549', 'A673', 'AGS', 'CL34', 'CORL23', 'COV644', 'DV90', 'EFO27', 'HA1E', 'HCC15', 'HCC515', 'HCT116', 'HEC108', 'HEPG2', 'HT115', 'HT29', 'JHUEM2', 'LOVO', 'MCF7', 'MDST8', 'NCIH1694', 'NCIH1836', 'NCIH2073', 'NCIH508', 'NCIH596', 'NOMO1', 'OV7', 'PC3', 'PL21', 'RKO', 'RMGI', 'RMUGS', 'SKLU1', 'SKM1', 'SKMEL1', 'SKMEL28', 'SNGM', 'SNU1040', 'SNUC4', 'SNUC5', 'SW480', 'SW620', 'SW948', 'T3M10', 'THP1', 'TYKNU', 'U937', 'VCAP', 'WSUDLCL2']",162
orteronel,50,"['A375', 'A549', 'A673', 'AGS', 'CL34', 'CORL23', 'COV644', 'DV90', 'EFO27', 'H1299', 'HA1E', 'HCC15', 'HCC515', 'HCT116', 'HEC108', 'HEPG2', 'HT115', 'HT29', 'JHUEM2', 'LOVO', 'MCF7', 'MDST8', 'NCIH1694', 'NCIH1836', 'NCIH2073', 'NCIH508', 'NCIH596', 'NOMO1', 'OV7', 'PC3', 'PL21', 'RKO', 'RMGI', 'RMUGS', 'SKLU1', 'SKM1', 'SKMEL1', 'SKMEL28', 'SNGM', 'SNU1040', 'SNUC4', 'SNUC5', 'SW480', 'SW620', 'SW948', 'THP1', 'TYKNU', 'U937', 'VCAP', 'WSUDLCL2']",58
dalcetrapib,50,"['A375', 'A549', 'A673', 'AGS', 'CL34', 'CORL23', 'COV644', 'DV90', 'EFO27', 'H1299', 'HA1E', 'HCC15', 'HCC515', 'HCT116', 'HEC108', 'HEPG2', 'HT29', 'JHUEM2', 'LOVO', 'MCF7', 'MDST8', 'NCIH1694', 'NCIH1836', 'NCIH2073', 'NCIH508', 'NCIH596', 'NOMO1', 'OV7', 'PC3', 'PL21', 'RKO', 'RMGI', 'RMUGS', 'SKLU1', 'SKM1', 'SKMEL1', 'SKMEL28', 'SNGM', 'SNU1040', 'SNUC4', 'SNUC5', 'SW480', 'SW620', 'SW948', 'T3M10', 'THP1', 'TYKNU', 'U937', 'VCAP', 'WSUDLCL2']",58
salermide,50,"['A375', 'A549', 'A673', 'AGS', 'CL34', 'CORL23', 'COV644', 'DV90', 'EFO27', 'FIBRNPC', 'H1299', 'HA1E', 'HCC15', 'HCC515', 'HCT116', 'HEC108', 'HEPG2', 'HT115', 'HT29', 'JHUEM2', 'LOVO', 'MCF7', 'MDST8', 'NCIH1694', 'NCIH1836', 'NCIH2073', 'NCIH508', 'NCIH596', 'NEU', 'NOMO1', 'NPC', 'OV7', 'PC3', 'RKO', 'RMGI', 'RMUGS', 'SKLU1', 'SKMEL1', 'SKMEL28', 'SNGM', 'SNU1040', 'SNUC4', 'SNUC5', 'SW480', 'SW620', 'SW948', 'T3M10', 'TYKNU', 'VCAP', 'WSUDLCL2']",60
SID-26681509,50,"['A375', 'A549', 'A673', 'AGS', 'CL34', 'CORL23', 'COV644', 'DV90', 'EFO27', 'H1299', 'HA1E', 'HCC15', 'HCC515', 'HCT116', 'HEC108', 'HEPG2', 'HT115', 'HT29', 'JHUEM2', 'LOVO', 'MCF7', 'MDST8', 'NCIH1694', 'NCIH1836', 'NCIH2073', 'NCIH508', 'NCIH596', 'NOMO1', 'OV7', 'PC3', 'PL21', 'RKO', 'RMGI', 'RMUGS', 'SKLU1', 'SKM1', 'SKMEL1', 'SKMEL28', 'SNGM', 'SNU1040', 'SNUC4', 'SW480', 'SW620', 'SW948', 'T3M10', 'THP1', 'TYKNU', 'U937', 'VCAP', 'WSUDLCL2']",94
BMS-299897,50,"['A375', 'A549', 'A673', 'AGS', 'CL34', 'CORL23', 'COV644', 'DV90', 'EFO27', 'H1299', 'HA1E', 'HCC15', 'HCC515', 'HCT116', 'HEC108', 'HEPG2', 'HT29', 'JHUEM2', 'LOVO', 'MCF7', 'MDST8', 'NCIH1694', 'NCIH1836', 'NCIH2073', 'NCIH508', 'NCIH596', 'NOMO1', 'OV7', 'PC3', 'PL21', 'RKO', 'RMGI', 'RMUGS', 'SKLU1', 'SKM1', 'SKMEL1', 'SKMEL28', 'SNGM', 'SNU1040', 'SNUC4', 'SNUC5', 'SW480', 'SW620', 'SW948', 'T3M10', 'THP1', 'TYKNU', 'U937', 'VCAP', 'WSUDLCL2']",58
BRD-A24054354,50,"['A375', 'A549', 'A673', 'AGS', 'CORL23', 'COV644', 'DV90', 'EFO27', 'H1299', 'HA1E', 'HCC15', 'HCC515', 'HCT116', 'HEC108', 'HEPG2', 'HT115', 'HT29', 'JHUEM2', 'LOVO', 'MCF7', 'MDST8', 'NCIH1694', 'NCIH1836', 'NCIH2073', 'NCIH508', 'NCIH596', 'NOMO1', 'OV7', 'PC3', 'PL21', 'RKO', 'RMGI', 'RMUGS', 'SKLU1', 'SKM1', 'SKMEL1', 'SKMEL28', 'SNGM', 'SNU1040', 'SNUC4', 'SNUC5', 'SW480', 'SW620', 'SW948', 'T3M10', 'THP1', 'TYKNU', 'U937', 'VCAP', 'WSUDLCL2']",58
ARG-CSC-91,50,"['A375', 'A549', 'A673', 'AGS', 'CL34', 'CORL23', 'COV644', 'DV90', 'EFO27', 'H1299', 'HA1E', 'HCC15', 'HCC515', 'HCT116', 'HEC108', 'HEPG2', 'HT115', 'HT29', 'JHUEM2', 'LOVO', 'MCF7', 'MDST8', 'NCIH1836', 'NCIH2073', 'NCIH508', 'NCIH596', 'NOMO1', 'OV7', 'PC3', 'PL21', 'RKO', 'RMGI', 'RMUGS', 'SKLU1', 'SKM1', 'SKMEL1', 'SKMEL28', 'SNGM', 'SNU1040', 'SNUC4', 'SNUC5', 'SW480', 'SW620', 'SW948', 'T3M10', 'THP1', 'TYKNU', 'U937', 'VCAP', 'WSUDLCL2']",58
PRL-3-inhibitor-I,50,"['A375', 'A549', 'A673', 'AGS', 'CL34', 'CORL23', 'COV644', 'DV90', 'EFO27', 'H1299', 'HA1E', 'HCC15', 'HCC515', 'HCT116', 'HEC108', 'HEPG2', 'HT115', 'HT29', 'JHUEM2', 'LOVO', 'MCF7', 'MDST8', 'NCIH1694', 'NCIH1836', 'NCIH2073', 'NCIH508', 'NCIH596', 'NOMO1', 'OV7', 'PC3', 'PL21', 'RKO', 'RMGI', 'RMUGS', 'SKLU1', 'SKM1', 'SKMEL1', 'SKMEL28', 'SNGM', 'SNU1040', 'SNUC4', 'SW480', 'SW620', 'SW948', 'T3M10', 'THP1', 'TYKNU', 'U937', 'VCAP', 'WSUDLCL2']",94
valdecoxib,50,"['A375', 'A549', 'A673', 'AGS', 'CL34', 'CORL23', 'COV644', 'DV90', 'EFO27', 'H1299', 'HA1E', 'HCC15', 'HCC515', 'HCT116', 'HEC108', 'HEPG2', 'HT115', 'HT29', 'JHUEM2', 'LOVO', 'MCF7', 'MDST8', 'NCIH1694', 'NCIH2073', 'NCIH508', 'NCIH596', 'NOMO1', 'OV7', 'PC3', 'PL21', 'RKO', 'RMGI', 'RMUGS', 'SKLU1', 'SKM1', 'SKMEL1', 'SKMEL28', 'SNGM', 'SNU1040', 'SNUC4', 'SNUC5', 'SW480', 'SW620', 'SW948', 'T3M10', 'THP1', 'TYKNU', 'U937', 'VCAP', 'WSUDLCL2']",69
CYT-997,50,"['A375', 'A549', 'A673', 'AGS', 'CL34', 'CORL23', 'DV90', 'EFO27', 'H1299', 'HA1E', 'HCC15', 'HCC515', 'HCT116', 'HEC108', 'HEPG2', 'HT115', 'HT29', 'JHUEM2', 'LOVO', 'MCF7', 'MDST8', 'NCIH1694', 'NCIH1836', 'NCIH2073', 'NCIH508', 'NCIH596', 'NOMO1', 'OV7', 'PC3', 'PL21', 'RKO', 'RMGI', 'RMUGS', 'SKLU1', 'SKM1', 'SKMEL1', 'SKMEL28', 'SNGM', 'SNU1040', 'SNUC4', 'SNUC5', 'SW480', 'SW620', 'SW948', 'T3M10', 'THP1', 'TYKNU', 'U937', 'VCAP', 'WSUDLCL2']",58
KU-0060648,50,"['A375', 'A549', 'A673', 'AGS', 'CL34', 'CORL23', 'COV644', 'DV90', 'EFO27', 'H1299', 'HA1E', 'HCC15', 'HCC515', 'HCT116', 'HEC108', 'HEPG2', 'HT115', 'HT29', 'JHUEM2', 'LOVO', 'MCF7', 'MDST8', 'NCIH1694', 'NCIH1836', 'NCIH2073', 'NCIH596', 'NOMO1', 'OV7', 'PC3', 'PL21', 'RKO', 'RMGI', 'RMUGS', 'SKLU1', 'SKM1', 'SKMEL1', 'SKMEL28', 'SNGM', 'SNU1040', 'SNUC4', 'SNUC5', 'SW480', 'SW620', 'SW948', 'T3M10', 'THP1', 'TYKNU', 'U937', 'VCAP', 'WSUDLCL2']",94
pemetrexed,50,"['A375', 'A549', 'A673', 'AGS', 'CL34', 'CORL23', 'COV644', 'DV90', 'EFO27', 'H1299', 'HA1E', 'HCC15', 'HCC515', 'HCT116', 'HEC108', 'HEPG2', 'HT115', 'HT29', 'JHUEM2', 'LOVO', 'MCF7', 'MDST8', 'NCIH1694', 'NCIH1836', 'NCIH2073', 'NCIH508', 'NCIH596', 'NOMO1', 'OV7', 'PC3', 'PL21', 'RKO', 'RMGI', 'RMUGS', 'SKLU1', 'SKM1', 'SKMEL1', 'SKMEL28', 'SNGM', 'SNU1040', 'SNUC4', 'SW480', 'SW620', 'SW948', 'T3M10', 'THP1', 'TYKNU', 'U937', 'VCAP', 'WSUDLCL2']",58
perhexiline,49,"['A375', 'A549', 'A673', 'AGS', 'CL34', 'CORL23', 'COV644', 'DV90', 'EFO27', 'H1299', 'HA1E', 'HCC15', 'HCC515', 'HCT116', 'HEC108', 'HEPG2', 'HT115', 'HT29', 'JHUEM2', 'LOVO', 'MCF7', 'MDST8', 'NCIH1694', 'NCIH2073', 'NCIH508', 'NCIH596', 'OV7', 'PC3', 'PL21', 'RKO', 'RMGI', 'RMUGS', 'SKLU1', 'SKM1', 'SKMEL1', 'SKMEL28', 'SNGM', 'SNU1040', 'SNUC4', 'SNUC5', 'SW480', 'SW620', 'SW948', 'T3M10', 'THP1', 'TYKNU', 'U937', 'VCAP', 'WSUDLCL2']",96
importazole,49,"['A375', 'A549', 'A673', 'AGS', 'CL34', 'CORL23', 'COV644', 'DV90', 'EFO27', 'H1299', 'HA1E', 'HCC15', 'HCC515', 'HCT116', 'HEC108', 'HEPG2', 'HT115', 'HT29', 'JHUEM2', 'LOVO', 'MCF7', 'MDST8', 'NCIH1694', 'NCIH1836', 'NCIH2073', 'NCIH508', 'NCIH596', 'NOMO1', 'OV7', 'PC3', 'PL21', 'RKO', 'RMGI', 'RMUGS', 'SKLU1', 'SKM1', 'SKMEL1', 'SKMEL28', 'SNGM', 'SNU1040', 'SNUC4', 'SNUC5', 'SW480', 'SW620', 'SW948', 'T3M10', 'TYKNU', 'U937', 'VCAP']",93
NFKB-activation-inhibitor-II,49,"['A375', 'A549', 'A673', 'AGS', 'CL34', 'CORL23', 'COV644', 'DV90', 'EFO27', 'H1299', 'HA1E', 'HCC15', 'HCC515', 'HCT116', 'HEC108', 'HEPG2', 'HT115', 'HT29', 'JHUEM2', 'LOVO', 'MCF7', 'MDST8', 'NCIH1694', 'NCIH1836', 'NCIH2073', 'NCIH508', 'NCIH596', 'OV7', 'PC3', 'PL21', 'RKO', 'RMGI', 'RMUGS', 'SKLU1', 'SKM1', 'SKMEL1', 'SKMEL28', 'SNGM', 'SNU1040', 'SNUC4', 'SW480', 'SW620', 'SW948', 'T3M10', 'THP1', 'TYKNU', 'U937', 'VCAP', 'WSUDLCL2']",57
BML-259,49,"['A375', 'A549', 'A673', 'AGS', 'CL34', 'CORL23', 'COV644', 'DV90', 'EFO27', 'H1299', 'HA1E', 'HCC15', 'HCC515', 'HCT116', 'HEC108', 'HEPG2', 'HT115', 'HT29', 'JHUEM2', 'LOVO', 'MCF7', 'MDST8', 'NCIH1694', 'NCIH1836', 'NCIH2073', 'NCIH596', 'OV7', 'PC3', 'PL21', 'RKO', 'RMGI', 'RMUGS', 'SKLU1', 'SKM1', 'SKMEL1', 'SKMEL28', 'SNGM', 'SNU1040', 'SNUC4', 'SNUC5', 'SW480', 'SW620', 'SW948', 'T3M10', 'THP1', 'TYKNU', 'U937', 'VCAP', 'WSUDLCL2']",57
TW-37,49,"['A375', 'A549', 'A673', 'AGS', 'CL34', 'CORL23', 'COV644', 'DV90', 'EFO27', 'H1299', 'HA1E', 'HCC15', 'HCC515', 'HCT116', 'HEC108', 'HEPG2', 'HT115', 'HT29', 'JHUEM2', 'LOVO', 'MCF7', 'MDST8', 'NCIH1694', 'NCIH1836', 'NCIH2073', 'NCIH508', 'NCIH596', 'NOMO1', 'OV7', 'PC3', 'PL21', 'RKO', 'RMGI', 'RMUGS', 'SKLU1', 'SKM1', 'SKMEL1', 'SKMEL28', 'SNGM', 'SNU1040', 'SNUC4', 'SW480', 'SW620', 'SW948', 'THP1', 'TYKNU', 'U937', 'VCAP', 'WSUDLCL2']",57
manumycin-a,48,"['A375', 'A549', 'A673', 'AGS', 'CL34', 'CORL23', 'COV644', 'DV90', 'EFO27', 'H1299', 'HA1E', 'HCC15', 'HCC515', 'HCT116', 'HEC108', 'HEPG2', 'HT115', 'HT29', 'JHUEM2', 'LOVO', 'MCF7', 'MDST8', 'NCIH1694', 'NCIH1836', 'NCIH2073', 'NCIH508', 'NCIH596', 'NKDBA', 'NOMO1', 'OV7', 'PC3', 'RKO', 'RMGI', 'RMUGS', 'SKLU1', 'SKMEL1', 'SKMEL28', 'SNGM', 'SNU1040', 'SNUC4', 'SNUC5', 'SW480', 'SW620', 'SW948', 'T3M10', 'THP1', 'TYKNU', 'VCAP']",145
CHEMBL-399379,48,"['A375', 'A549', 'A673', 'AGS', 'CL34', 'CORL23', 'COV644', 'EFO27', 'H1299', 'HCC15', 'HCC515', 'HCT116', 'HEC108', 'HEPG2', 'HT115', 'HT29', 'JHUEM2', 'LOVO', 'MCF7', 'MDST8', 'NCIH1694', 'NCIH1836', 'NCIH2073', 'NCIH508', 'NCIH596', 'NKDBA', 'NOMO1', 'OV7', 'PC3', 'PL21', 'RKO', 'RMGI', 'RMUGS', 'SKLU1', 'SKMEL1', 'SKMEL28', 'SNGM', 'SNU1040', 'SNUC4', 'SNUC5', 'SW480', 'SW620', 'SW948', 'T3M10', 'THP1', 'TYKNU', 'U937', 'VCAP']",64
PX-12,48,"['A375', 'A549', 'A673', 'AGS', 'CL34', 'CORL23', 'COV644', 'DV90', 'H1299', 'HA1E', 'HCC15', 'HCC515', 'HCT116', 'HEC108', 'HEPG2', 'HT115', 'HT29', 'JHUEM2', 'MCF7', 'MDST8', 'NCIH1694', 'NCIH1836', 'NCIH2073', 'NCIH508', 'NCIH596', 'NOMO1', 'OV7', 'PC3', 'PL21', 'RKO', 'RMGI', 'RMUGS', 'SKLU1', 'SKM1', 'SKMEL1', 'SKMEL28', 'SNU1040', 'SNUC4', 'SNUC5', 'SW480', 'SW620', 'SW948', 'T3M10', 'THP1', 'TYKNU', 'U937', 'VCAP', 'WSUDLCL2']",55
BRD-K35716340,48,"['A375', 'A549', 'A673', 'AGS', 'CL34', 'CORL23', 'COV644', 'DV90', 'EFO27', 'H1299', 'HA1E', 'HCC15', 'HCC515', 'HCT116', 'HEC108', 'HEPG2', 'HT115', 'HT29', 'JHUEM2', 'MCF7', 'MDST8', 'NCIH1694', 'NCIH1836', 'NCIH2073', 'NCIH508', 'NCIH596', 'NOMO1', 'OV7', 'PC3', 'PL21', 'RKO', 'RMUGS', 'SKM1', 'SKMEL1', 'SKMEL28', 'SNGM', 'SNU1040', 'SNUC4', 'SNUC5', 'SW480', 'SW620', 'SW948', 'T3M10', 'THP1', 'TYKNU', 'U937', 'VCAP', 'WSUDLCL2']",56
AKT-inhibitor-IV,48,"['A375', 'A549', 'A673', 'AGS', 'CL34', 'CORL23', 'COV644', 'DV90', 'EFO27', 'H1299', 'HA1E', 'HCC15', 'HCC515', 'HCT116', 'HEC108', 'HEPG2', 'HT115', 'HT29', 'JHUEM2', 'LOVO', 'MCF7', 'MDST8', 'NCIH1694', 'NCIH1836', 'NCIH2073', 'NCIH508', 'NCIH596', 'NOMO1', 'OV7', 'PC3', 'RKO', 'RMGI', 'RMUGS', 'SKLU1', 'SKMEL1', 'SKMEL28', 'SNGM', 'SNU1040', 'SNUC4', 'SNUC5', 'SW480', 'SW620', 'SW948', 'T3M10', 'THP1', 'TYKNU', 'VCAP', 'WSUDLCL2']",90
DC-45-A2,47,"['A375', 'A549', 'A673', 'AGS', 'CORL23', 'DV90', 'EFO27', 'H1299', 'HA1E', 'HCC15', 'HCC515', 'HCT116', 'HEC108', 'HEPG2', 'HT115', 'HT29', 'JHUEM2', 'LOVO', 'MCF7', 'MDST8', 'NCIH2073', 'NCIH508', 'NCIH596', 'NOMO1', 'OV7', 'PC3', 'PL21', 'RKO', 'RMGI', 'RMUGS', 'SKLU1', 'SKM1', 'SKMEL1', 'SKMEL28', 'SNGM', 'SNU1040', 'SNUC4', 'SNUC5', 'SW480', 'SW620', 'SW948', 'T3M10', 'THP1', 'TYKNU', 'U937', 'VCAP', 'WSUDLCL2']",55
arachidonyl-trifluoro-methane,47,"['A375', 'A549', 'A673', 'AGS', 'CL34', 'CORL23', 'COV644', 'DV90', 'EFO27', 'H1299', 'HA1E', 'HCC15', 'HCC515', 'HCT116', 'HEC108', 'HEPG2', 'HT115', 'HT29', 'JHUEM2', 'LOVO', 'MCF7', 'MDST8', 'NCIH1694', 'NCIH1836', 'NCIH2073', 'NCIH508', 'NCIH596', 'NOMO1', 'OV7', 'PC3', 'RKO', 'RMGI', 'RMUGS', 'SKLU1', 'SKMEL1', 'SKMEL28', 'SNGM', 'SNU1040', 'SNUC4', 'SNUC5', 'SW480', 'SW620', 'SW948', 'T3M10', 'TYKNU', 'VCAP', 'WSUDLCL2']",91
narciclasine,47,"['A375', 'A549', 'A673', 'AGS', 'CL34', 'CORL23', 'DV90', 'EFO27', 'H1299', 'HA1E', 'HCC15', 'HCC515', 'HCT116', 'HEC108', 'HEPG2', 'HT115', 'HT29', 'JHUEM2', 'LOVO', 'MCF7', 'MDST8', 'NCIH1694', 'NCIH1836', 'NCIH2073', 'NCIH508', 'NCIH596', 'OV7', 'PC3', 'PL21', 'RKO', 'RMGI', 'RMUGS', 'SKLU1', 'SKMEL1', 'SKMEL28', 'SNGM', 'SNU1040', 'SNUC4', 'SNUC5', 'SW480', 'SW620', 'SW948', 'T3M10', 'THP1', 'TYKNU', 'VCAP', 'WSUDLCL2']",90
CD-1530,45,"['A375', 'A549', 'A673', 'AGS', 'CL34', 'CORL23', 'COV644', 'DV90', 'EFO27', 'H1299', 'HCC15', 'HCC515', 'HCT116', 'HEC108', 'HEPG2', 'HT115', 'HT29', 'JHUEM2', 'LOVO', 'MCF7', 'MDST8', 'NCIH1694', 'NCIH1836', 'NCIH2073', 'NCIH508', 'NCIH596', 'NOMO1', 'OV7', 'PC3', 'PL21', 'RKO', 'RMGI', 'RMUGS', 'SKMEL1', 'SKMEL28', 'SNGM', 'SNU1040', 'SNUC4', 'SNUC5', 'SW480', 'SW620', 'SW948', 'T3M10', 'THP1', 'VCAP']",58
quinine,44,"['A375', 'A549', 'A673', 'AGS', 'CORL23', 'DV90', 'EFO27', 'H1299', 'HA1E', 'HCC15', 'HCC515', 'HCT116', 'HEC108', 'HEPG2', 'HT29', 'JHUEM2', 'LOVO', 'MCF7', 'MDST8', 'NCIH2073', 'NCIH508', 'NCIH596', 'OV7', 'PC3', 'PL21', 'RKO', 'RMGI', 'RMUGS', 'SKLU1', 'SKM1', 'SKMEL1', 'SKMEL28', 'SNGM', 'SNU1040', 'SNUC4', 'SNUC5', 'SW480', 'SW620', 'SW948', 'THP1', 'TYKNU', 'U937', 'VCAP', 'WSUDLCL2']",52
auranofin,44,"['A375', 'A549', 'A673', 'AGS', 'CL34', 'CORL23', 'COV644', 'HA1E', 'HCC15', 'HCC515', 'HCT116', 'HEC108', 'HEPG2', 'HT115', 'HT29', 'JHUEM2', 'LOVO', 'MCF7', 'MDST8', 'NCIH1694', 'NCIH1836', 'NCIH2073', 'NCIH508', 'NCIH596', 'OV7', 'PC3', 'PL21', 'RMUGS', 'SKM1', 'SKMEL1', 'SKMEL28', 'SNGM', 'SNU1040', 'SNUC4', 'SNUC5', 'SW480', 'SW620', 'SW948', 'T3M10', 'THP1', 'TYKNU', 'U937', 'VCAP', 'WSUDLCL2']",86
MST-312,43,"['A375', 'A549', 'A673', 'AGS', 'CORL23', 'DV90', 'EFO27', 'H1299', 'HA1E', 'HCC15', 'HCC515', 'HCT116', 'HEC108', 'HEPG2', 'HT29', 'JHUEM2', 'LOVO', 'MCF7', 'MDST8', 'NCIH2073', 'NCIH508', 'NCIH596', 'OV7', 'PC3', 'PL21', 'RKO', 'RMGI', 'RMUGS', 'SKLU1', 'SKM1', 'SKMEL1', 'SKMEL28', 'SNGM', 'SNU1040', 'SNUC4', 'SW480', 'SW620', 'SW948', 'THP1', 'TYKNU', 'U937', 'VCAP', 'WSUDLCL2']",51
SCH-79797,42,"['A375', 'A549', 'A673', 'AGS', 'CL34', 'CORL23', 'COV644', 'DV90', 'EFO27', 'H1299', 'HCC15', 'HCC515', 'HCT116', 'HEC108', 'HEPG2', 'HT115', 'HT29', 'JHUEM2', 'LOVO', 'MCF7', 'MDST8', 'NCIH1694', 'NCIH508', 'NCIH596', 'OV7', 'PC3', 'PL21', 'RKO', 'RMUGS', 'SKM1', 'SKMEL1', 'SNU1040', 'SNUC4', 'SW480', 'SW620', 'SW948', 'T3M10', 'THP1', 'TYKNU', 'U937', 'VCAP', 'WSUDLCL2']",46
LDN-193189,38,"['A549', 'A673', 'AGS', 'BT20', 'CL34', 'CORL23', 'COV644', 'EFO27', 'H1299', 'HCC15', 'HCC515', 'HCT116', 'HEC108', 'HEPG2', 'HS578T', 'HT115', 'HT29', 'JHUEM2', 'LOVO', 'MCF10A', 'MCF7', 'MDAMB231', 'NCIH2073', 'NCIH508', 'PC3', 'RKO', 'RMGI', 'RMUGS', 'SKBR3', 'SKM1', 'SKMEL1', 'SNU1040', 'SNUC4', 'SW480', 'SW620', 'T3M10', 'VCAP', 'WSUDLCL2']",87
BRD-K56411643,34,"['A375', 'A549', 'AGS', 'CL34', 'CORL23', 'COV644', 'DV90', 'EFO27', 'HA1E', 'HCC515', 'HCT116', 'HEC108', 'HEPG2', 'HT115', 'HT29', 'JHUEM2', 'MCF7', 'NCIH1694', 'NCIH1836', 'NCIH508', 'NCIH596', 'PC3', 'RKO', 'RMUGS', 'SKMEL1', 'SKMEL28', 'SNUC5', 'SW480', 'SW620', 'T3M10', 'THP1', 'TYKNU', 'U937', 'VCAP']",81
BRD-A36275421,34,"['A375', 'A549', 'A673', 'AGS', 'CL34', 'CORL23', 'COV644', 'EFO27', 'HA1E', 'HCC515', 'HCT116', 'HEC108', 'HEPG2', 'HT115', 'HT29', 'JHUEM2', 'MCF7', 'NCIH1836', 'NCIH2073', 'NCIH508', 'NCIH596', 'NOMO1', 'PC3', 'RMUGS', 'SKMEL1', 'SKMEL28', 'SNUC5', 'SW480', 'SW620', 'THP1', 'TYKNU', 'U937', 'VCAP', 'WSUDLCL2']",101
SU-11652,33,"['A375', 'A549', 'A673', 'CL34', 'CORL23', 'COV644', 'EFO27', 'FIBRNPC', 'H1299', 'HA1E', 'HCC15', 'HCC515', 'HCT116', 'HT115', 'HT29', 'LOVO', 'MCF7', 'NCIH1694', 'NCIH2073', 'NEU', 'PC3', 'RKO', 'RMGI', 'RMUGS', 'SKMEL1', 'SKMEL28', 'SNU1040', 'SNUC4', 'SW480', 'T3M10', 'THP1', 'TYKNU', 'VCAP']",40
penfluridol,28,"['A375', 'A549', 'A673', 'ASC', 'CL34', 'CORL23', 'COV644', 'EFO27', 'H1299', 'HA1E', 'HCC15', 'HCC515', 'HEC108', 'HEPG2', 'HT29', 'LOVO', 'MCF7', 'NCIH1694', 'NPC', 'PC3', 'PHH', 'RKO', 'RMUGS', 'SKB', 'SKMEL1', 'SNUC4', 'THP1', 'VCAP']",41
TWS-119,21,"['A375', 'A549', 'ASC', 'BT20', 'FIBRNPC', 'HA1E', 'HCC515', 'HEPG2', 'HS578T', 'HT29', 'MCF10A', 'MCF7', 'MDAMB231', 'NEU', 'NKDBA', 'NPC', 'PC3', 'PHH', 'SKB', 'SKBR3', 'VCAP']",85
PLX-4720,20,"['A375', 'A549', 'ASC', 'BT20', 'HA1E', 'HCC515', 'HEK293T', 'HEPG2', 'HS578T', 'HT29', 'MCF10A', 'MCF7', 'MDAMB231', 'NEU', 'NPC', 'PC3', 'PHH', 'SKB', 'SKBR3', 'VCAP']",99
XMD-1150,20,"['A375', 'A549', 'ASC', 'BT20', 'HA1E', 'HCC515', 'HEPG2', 'HS578T', 'HT29', 'MCF10A', 'MCF7', 'MDAMB231', 'NEU', 'NKDBA', 'NPC', 'PC3', 'PHH', 'SKB', 'SKBR3', 'VCAP']",78
GDC-0879,20,"['A375', 'A549', 'ASC', 'BT20', 'HA1E', 'HCC515', 'HEK293T', 'HEPG2', 'HS578T', 'HT29', 'MCF10A', 'MCF7', 'MDAMB231', 'NEU', 'NPC', 'PC3', 'PHH', 'SKB', 'SKBR3', 'VCAP']",82
sorafenib,20,"['A375', 'A549', 'ASC', 'BT20', 'FIBRNPC', 'HA1E', 'HCC515', 'HEK293T', 'HEPG2', 'HS578T', 'HT29', 'MCF10A', 'MCF7', 'MDAMB231', 'NEU', 'NPC', 'PC3', 'SKB', 'SKBR3', 'VCAP']",104
GSK-3-inhibitor-IX,20,"['A375', 'A549', 'ASC', 'BT20', 'FIBRNPC', 'HA1E', 'HCC515', 'HEPG2', 'HS578T', 'HT29', 'MCF10A', 'MCF7', 'MDAMB231', 'NEU', 'NPC', 'PC3', 'PHH', 'SKB', 'SKBR3', 'VCAP']",72
torin-1,19,"['A375', 'A549', 'ASC', 'BT20', 'HA1E', 'HCC515', 'HEPG2', 'HS578T', 'HT29', 'MCF10A', 'MCF7', 'MDAMB231', 'NEU', 'NPC', 'PC3', 'PHH', 'SKB', 'SKBR3', 'VCAP']",72
torin-2,19,"['A375', 'A549', 'ASC', 'BT20', 'HA1E', 'HCC515', 'HEPG2', 'HS578T', 'HT29', 'MCF10A', 'MCF7', 'MDAMB231', 'NEU', 'NPC', 'PC3', 'PHH', 'SKB', 'SKBR3', 'VCAP']",66
SB-239063,19,"['A375', 'A549', 'ASC', 'BT20', 'HA1E', 'HCC515', 'HEPG2', 'HS578T', 'HT29', 'MCF10A', 'MCF7', 'MDAMB231', 'NEU', 'NPC', 'PC3', 'PHH', 'SKB', 'SKBR3', 'VCAP']",85
daunorubicin,19,"['A375', 'A549', 'ASC', 'CD34', 'HA1E', 'HCC515', 'HEPG2', 'HL60', 'HS27A', 'HT29', 'MCF7', 'NEU', 'NPC', 'PC3', 'PHH', 'SKB', 'SKM1', 'U937', 'VCAP']",130
alvocidib,19,"['A375', 'A549', 'ASC', 'BT20', 'HA1E', 'HCC515', 'HEPG2', 'HS578T', 'HT29', 'MCF10A', 'MCF7', 'MDAMB231', 'NEU', 'NPC', 'PC3', 'PHH', 'SKB', 'SKBR3', 'VCAP']",122
HMN-214,19,"['A375', 'A549', 'ASC', 'BT20', 'HA1E', 'HCC515', 'HEPG2', 'HS578T', 'HT29', 'MCF10A', 'MCF7', 'MDAMB231', 'NEU', 'NPC', 'PC3', 'PHH', 'SKB', 'SKBR3', 'VCAP']",66
crizotinib,19,"['A375', 'A549', 'ASC', 'BT20', 'HA1E', 'HCC515', 'HEPG2', 'HS578T', 'HT29', 'MCF10A', 'MCF7', 'MDAMB231', 'NEU', 'NPC', 'PC3', 'PHH', 'SKB', 'SKBR3', 'VCAP']",112
masitinib,19,"['A375', 'A549', 'ASC', 'BT20', 'HA1E', 'HCC515', 'HEPG2', 'HS578T', 'HT29', 'MCF10A', 'MCF7', 'MDAMB231', 'NEU', 'NPC', 'PC3', 'PHH', 'SKB', 'SKBR3', 'VCAP']",66
PHA-793887,19,"['A375', 'A549', 'ASC', 'BT20', 'HA1E', 'HCC515', 'HEPG2', 'HS578T', 'HT29', 'MCF10A', 'MCF7', 'MDAMB231', 'NEU', 'NPC', 'PC3', 'PHH', 'SKB', 'SKBR3', 'VCAP']",66
CG-930,19,"['A375', 'A549', 'ASC', 'BT20', 'HA1E', 'HCC515', 'HEPG2', 'HS578T', 'HT29', 'MCF10A', 'MCF7', 'MDAMB231', 'NEU', 'NPC', 'PC3', 'PHH', 'SKB', 'SKBR3', 'VCAP']",66
THZ-2-98-01,19,"['A375', 'A549', 'ASC', 'BT20', 'HA1E', 'HCC515', 'HEPG2', 'HS578T', 'HT29', 'MCF10A', 'MCF7', 'MDAMB231', 'NEU', 'NPC', 'PC3', 'PHH', 'SKB', 'SKBR3', 'VCAP']",66
ruxolitinib,19,"['A375', 'A549', 'ASC', 'BT20', 'HA1E', 'HCC515', 'HEPG2', 'HS578T', 'HT29', 'MCF10A', 'MCF7', 'MDAMB231', 'NEU', 'NPC', 'PC3', 'PHH', 'SKB', 'SKBR3', 'VCAP']",84
JNK-9L,19,"['A375', 'A549', 'ASC', 'BT20', 'HA1E', 'HCC515', 'HEPG2', 'HS578T', 'HT29', 'MCF10A', 'MCF7', 'MDAMB231', 'NEU', 'NPC', 'PC3', 'PHH', 'SKB', 'SKBR3', 'VCAP']",66
TGX-221,19,"['A375', 'A549', 'ASC', 'BT20', 'HA1E', 'HCC515', 'HEPG2', 'HS578T', 'HT29', 'MCF10A', 'MCF7', 'MDAMB231', 'NEU', 'NPC', 'PC3', 'PHH', 'SKB', 'SKBR3', 'VCAP']",66
BMS-345541,19,"['A375', 'A549', 'ASC', 'BT20', 'HA1E', 'HCC515', 'HEPG2', 'HS578T', 'HT29', 'MCF10A', 'MCF7', 'MDAMB231', 'NEU', 'NPC', 'PC3', 'PHH', 'SKB', 'SKBR3', 'VCAP']",66
imatinib,19,"['A375', 'A549', 'ASC', 'BT20', 'FIBRNPC', 'HA1E', 'HCC515', 'HEPG2', 'HS578T', 'HT29', 'MCF10A', 'MCF7', 'MDAMB231', 'NEU', 'NPC', 'PC3', 'SKB', 'SKBR3', 'VCAP']",86
SB-203580,19,"['A375', 'A549', 'ASC', 'BT20', 'HA1E', 'HCC515', 'HEPG2', 'HS578T', 'HT29', 'MCF10A', 'MCF7', 'MDAMB231', 'NEU', 'NPC', 'PC3', 'PHH', 'SKB', 'SKBR3', 'VCAP']",93
NVP-TAE684,19,"['A375', 'A549', 'ASC', 'BT20', 'HA1E', 'HCC515', 'HEPG2', 'HS578T', 'HT29', 'MCF10A', 'MCF7', 'MDAMB231', 'NEU', 'NPC', 'PC3', 'PHH', 'SKB', 'SKBR3', 'VCAP']",101
lapatinib,19,"['A375', 'A549', 'ASC', 'BT20', 'HA1E', 'HCC515', 'HEPG2', 'HS578T', 'HT29', 'MCF10A', 'MCF7', 'MDAMB231', 'NEU', 'NPC', 'PC3', 'PHH', 'SKB', 'SKBR3', 'VCAP']",83
linifanib,19,"['A375', 'A549', 'ASC', 'BT20', 'HA1E', 'HCC515', 'HEPG2', 'HS578T', 'HT29', 'MCF10A', 'MCF7', 'MDAMB231', 'NEU', 'NPC', 'PC3', 'PHH', 'SKB', 'SKBR3', 'VCAP']",66
motesanib,19,"['A375', 'A549', 'ASC', 'BT20', 'HA1E', 'HCC515', 'HEPG2', 'HS578T', 'HT29', 'MCF10A', 'MCF7', 'MDAMB231', 'NEU', 'NPC', 'PC3', 'PHH', 'SKB', 'SKBR3', 'VCAP']",83
PD-0325901,19,"['A375', 'A549', 'ASC', 'BT20', 'HA1E', 'HCC515', 'HEPG2', 'HS578T', 'HT29', 'MCF10A', 'MCF7', 'MDAMB231', 'NEU', 'NPC', 'PC3', 'PHH', 'SKB', 'SKBR3', 'VCAP']",101
AZD-6482,19,"['A375', 'A549', 'ASC', 'BT20', 'HA1E', 'HCC515', 'HEPG2', 'HS578T', 'HT29', 'MCF10A', 'MCF7', 'MDAMB231', 'NEU', 'NPC', 'PC3', 'PHH', 'SKB', 'SKBR3', 'VCAP']",84
AZ-628,19,"['A375', 'A549', 'ASC', 'BT20', 'HA1E', 'HCC515', 'HEPG2', 'HS578T', 'HT29', 'MCF10A', 'MCF7', 'MDAMB231', 'NEU', 'NPC', 'PC3', 'PHH', 'SKB', 'SKBR3', 'VCAP']",66
saracatinib,19,"['A375', 'A549', 'ASC', 'BT20', 'HA1E', 'HCC515', 'HEPG2', 'HS578T', 'HT29', 'MCF10A', 'MCF7', 'MDAMB231', 'NEU', 'NPC', 'PC3', 'PHH', 'SKB', 'SKBR3', 'VCAP']",83
nilotinib,19,"['A375', 'A549', 'ASC', 'BT20', 'HA1E', 'HCC515', 'HEPG2', 'HS578T', 'HT29', 'MCF10A', 'MCF7', 'MDAMB231', 'NEU', 'NPC', 'PC3', 'PHH', 'SKB', 'SKBR3', 'VCAP']",120
SB-525334,19,"['A375', 'A549', 'ASC', 'BT20', 'HA1E', 'HCC515', 'HEPG2', 'HS578T', 'HT29', 'MCF10A', 'MCF7', 'MDAMB231', 'NEU', 'NPC', 'PC3', 'PHH', 'SKB', 'SKBR3', 'VCAP']",66
NU-7441,19,"['A375', 'A549', 'ASC', 'BT20', 'HA1E', 'HCC515', 'HEPG2', 'HS578T', 'HT29', 'MCF10A', 'MCF7', 'MDAMB231', 'NEU', 'NPC', 'PC3', 'PHH', 'SKB', 'SKBR3', 'VCAP']",66
OSI-027,19,"['A375', 'A549', 'ASC', 'BT20', 'HA1E', 'HCC515', 'HEPG2', 'HS578T', 'HT29', 'MCF10A', 'MCF7', 'MDAMB231', 'NEU', 'NPC', 'PC3', 'PHH', 'SKB', 'SKBR3', 'VCAP']",66
PD-173074,19,"['A375', 'A549', 'ASC', 'BT20', 'HA1E', 'HCC515', 'HEPG2', 'HS578T', 'HT29', 'MCF10A', 'MCF7', 'MDAMB231', 'NEU', 'NPC', 'PC3', 'PHH', 'SKB', 'SKBR3', 'VCAP']",112
GDC-0941,19,"['A375', 'A549', 'ASC', 'BT20', 'HA1E', 'HCC515', 'HEPG2', 'HS578T', 'HT29', 'MCF10A', 'MCF7', 'MDAMB231', 'NEU', 'NPC', 'PC3', 'PHH', 'SKB', 'SKBR3', 'VCAP']",84
GSK-1070916,19,"['A375', 'A549', 'ASC', 'BT20', 'HA1E', 'HCC515', 'HEPG2', 'HS578T', 'HT29', 'MCF10A', 'MCF7', 'MDAMB231', 'NEU', 'NPC', 'PC3', 'PHH', 'SKB', 'SKBR3', 'VCAP']",108
PD-184352,19,"['A375', 'A549', 'ASC', 'BT20', 'HA1E', 'HCC515', 'HEPG2', 'HS578T', 'HT29', 'MCF10A', 'MCF7', 'MDAMB231', 'NEU', 'NPC', 'PC3', 'PHH', 'SKB', 'SKBR3', 'VCAP']",83
BX-912,19,"['A375', 'A549', 'ASC', 'BT20', 'HA1E', 'HCC515', 'HEPG2', 'HS578T', 'HT29', 'MCF10A', 'MCF7', 'MDAMB231', 'NEU', 'NPC', 'PC3', 'PHH', 'SKB', 'SKBR3', 'VCAP']",72
WZ-4002,19,"['A375', 'A549', 'ASC', 'BT20', 'HA1E', 'HCC515', 'HEPG2', 'HS578T', 'HT29', 'MCF10A', 'MCF7', 'MDAMB231', 'NEU', 'NPC', 'PC3', 'PHH', 'SKB', 'SKBR3', 'VCAP']",83
pyrazolanthrone,19,"['A375', 'A549', 'ASC', 'BT20', 'FIBRNPC', 'HA1E', 'HCC515', 'HEPG2', 'HS578T', 'HT29', 'MCF10A', 'MCF7', 'MDAMB231', 'NEU', 'NPC', 'PC3', 'SKB', 'SKBR3', 'VCAP']",73
gefitinib,19,"['A375', 'A549', 'ASC', 'BT20', 'HA1E', 'HCC515', 'HEPG2', 'HS578T', 'HT29', 'MCF10A', 'MCF7', 'MDAMB231', 'NEU', 'NPC', 'PC3', 'PHH', 'SKB', 'SKBR3', 'VCAP']",142
NPK76-II-72-1,19,"['A375', 'A549', 'ASC', 'BT20', 'HA1E', 'HCC515', 'HEPG2', 'HS578T', 'HT29', 'MCF10A', 'MCF7', 'MDAMB231', 'NEU', 'NPC', 'PC3', 'PHH', 'SKB', 'SKBR3', 'VCAP']",66
ZSTK-474,19,"['A375', 'A549', 'ASC', 'BT20', 'HA1E', 'HCC515', 'HEPG2', 'HS578T', 'HT29', 'MCF10A', 'MCF7', 'MDAMB231', 'NEU', 'NPC', 'PC3', 'PHH', 'SKB', 'SKBR3', 'VCAP']",83
JWE-035,19,"['A375', 'A549', 'ASC', 'BT20', 'HA1E', 'HCC515', 'HEPG2', 'HS578T', 'HT29', 'MCF10A', 'MCF7', 'MDAMB231', 'NEU', 'NPC', 'PC3', 'PHH', 'SKB', 'SKBR3', 'VCAP']",66
ZG-10,19,"['A375', 'A549', 'ASC', 'BT20', 'HA1E', 'HCC515', 'HEPG2', 'HS578T', 'HT29', 'MCF10A', 'MCF7', 'MDAMB231', 'NEU', 'NPC', 'PC3', 'PHH', 'SKB', 'SKBR3', 'VCAP']",62
ZM-447439,19,"['A375', 'A549', 'ASC', 'BT20', 'HA1E', 'HCC515', 'HEPG2', 'HS578T', 'HT29', 'MCF10A', 'MCF7', 'MDAMB231', 'NEU', 'NPC', 'PC3', 'PHH', 'SKB', 'SKBR3', 'VCAP']",131
MLN-8054,19,"['A375', 'A549', 'ASC', 'BT20', 'HA1E', 'HCC515', 'HEPG2', 'HS578T', 'HT29', 'MCF10A', 'MCF7', 'MDAMB231', 'NEU', 'NPC', 'PC3', 'PHH', 'SKB', 'SKBR3', 'VCAP']",108
palbociclib,19,"['A375', 'A549', 'ASC', 'BT20', 'HA1E', 'HCC515', 'HEPG2', 'HS578T', 'HT29', 'MCF10A', 'MCF7', 'MDAMB231', 'NEU', 'NPC', 'PC3', 'PHH', 'SKB', 'SKBR3', 'VCAP']",66
SU-11274,19,"['A375', 'A549', 'ASC', 'BT20', 'HA1E', 'HCC515', 'HEPG2', 'HS578T', 'HT29', 'MCF10A', 'MCF7', 'MDAMB231', 'NEU', 'NPC', 'PC3', 'PHH', 'SKB', 'SKBR3', 'VCAP']",66
TAK-715,19,"['A375', 'A549', 'ASC', 'BT20', 'HA1E', 'HCC515', 'HEPG2', 'HS578T', 'HT29', 'MCF10A', 'MCF7', 'MDAMB231', 'NEU', 'NPC', 'PC3', 'PHH', 'SKB', 'SKBR3', 'VCAP']",66
XMD-132,19,"['A375', 'A549', 'ASC', 'BT20', 'HA1E', 'HCC515', 'HEPG2', 'HS578T', 'HT29', 'MCF10A', 'MCF7', 'MDAMB231', 'NEU', 'NPC', 'PC3', 'PHH', 'SKB', 'SKBR3', 'VCAP']",66
XMD-1185H,19,"['A375', 'A549', 'ASC', 'BT20', 'HA1E', 'HCC515', 'HEPG2', 'HS578T', 'HT29', 'MCF10A', 'MCF7', 'MDAMB231', 'NEU', 'NPC', 'PC3', 'PHH', 'SKB', 'SKBR3', 'VCAP']",66
WZ-7043,19,"['A375', 'A549', 'ASC', 'BT20', 'HA1E', 'HCC515', 'HEPG2', 'HS578T', 'HT29', 'MCF10A', 'MCF7', 'MDAMB231', 'NEU', 'NPC', 'PC3', 'PHH', 'SKB', 'SKBR3', 'VCAP']",66
XMD-1499,19,"['A375', 'A549', 'ASC', 'BT20', 'HA1E', 'HCC515', 'HEPG2', 'HS578T', 'HT29', 'MCF10A', 'MCF7', 'MDAMB231', 'NEU', 'NPC', 'PC3', 'PHH', 'SKB', 'SKBR3', 'VCAP']",66
KIN001-127,19,"['A375', 'A549', 'ASC', 'BT20', 'HA1E', 'HCC515', 'HEPG2', 'HS578T', 'HT29', 'MCF10A', 'MCF7', 'MDAMB231', 'NEU', 'NPC', 'PC3', 'PHH', 'SKB', 'SKBR3', 'VCAP']",66
KIN001-055,19,"['A375', 'A549', 'ASC', 'BT20', 'HA1E', 'HCC515', 'HEPG2', 'HS578T', 'HT29', 'MCF10A', 'MCF7', 'MDAMB231', 'NEU', 'NPC', 'PC3', 'PHH', 'SKB', 'SKBR3', 'VCAP']",66
KIN001-244,19,"['A375', 'A549', 'ASC', 'BT20', 'HA1E', 'HCC515', 'HEPG2', 'HS578T', 'HT29', 'MCF10A', 'MCF7', 'MDAMB231', 'NEU', 'NPC', 'PC3', 'PHH', 'SKB', 'SKBR3', 'VCAP']",66
KIN001-242,19,"['A375', 'A549', 'ASC', 'BT20', 'HA1E', 'HCC515', 'HEPG2', 'HS578T', 'HT29', 'MCF10A', 'MCF7', 'MDAMB231', 'NEU', 'NPC', 'PC3', 'PHH', 'SKB', 'SKBR3', 'VCAP']",66
quizartinib,19,"['A375', 'A549', 'ASC', 'BT20', 'HA1E', 'HCC515', 'HEPG2', 'HS578T', 'HT29', 'MCF10A', 'MCF7', 'MDAMB231', 'NEU', 'NPC', 'PC3', 'PHH', 'SKB', 'SKBR3', 'VCAP']",66
KU-55933,19,"['A375', 'A549', 'ASC', 'BT20', 'HA1E', 'HCC515', 'HEPG2', 'HS578T', 'HT29', 'MCF10A', 'MCF7', 'MDAMB231', 'NEU', 'NPC', 'PC3', 'PHH', 'SKB', 'SKBR3', 'VCAP']",84
XMD-1527,19,"['A375', 'A549', 'ASC', 'BT20', 'HA1E', 'HCC515', 'HEPG2', 'HS578T', 'HT29', 'MCF10A', 'MCF7', 'MDAMB231', 'NEU', 'NPC', 'PC3', 'PHH', 'SKB', 'SKBR3', 'VCAP']",66
pazopanib,19,"['A375', 'A549', 'ASC', 'BT20', 'HA1E', 'HCC515', 'HEPG2', 'HS578T', 'HT29', 'MCF10A', 'MCF7', 'MDAMB231', 'NEU', 'NPC', 'PC3', 'PHH', 'SKB', 'SKBR3', 'VCAP']",66
enzastaurin,19,"['A375', 'A549', 'ASC', 'BT20', 'HA1E', 'HCC515', 'HEPG2', 'HS578T', 'HT29', 'MCF10A', 'MCF7', 'MDAMB231', 'NEU', 'NPC', 'PC3', 'PHH', 'SKB', 'SKBR3', 'VCAP']",84
WH-4023,19,"['A375', 'A549', 'ASC', 'BT20', 'HA1E', 'HCC515', 'HEPG2', 'HS578T', 'HT29', 'MCF10A', 'MCF7', 'MDAMB231', 'NEU', 'NPC', 'PC3', 'PHH', 'SKB', 'SKBR3', 'VCAP']",66
VX-745,19,"['A375', 'A549', 'ASC', 'BT20', 'HA1E', 'HCC515', 'HEPG2', 'HS578T', 'HT29', 'MCF10A', 'MCF7', 'MDAMB231', 'NEU', 'NPC', 'PC3', 'PHH', 'SKB', 'SKBR3', 'VCAP']",66
erlotinib,19,"['A375', 'A549', 'ASC', 'BT20', 'HA1E', 'HCC515', 'HEPG2', 'HS578T', 'HT29', 'MCF10A', 'MCF7', 'MDAMB231', 'NEU', 'NPC', 'PC3', 'PHH', 'SKB', 'SKBR3', 'VCAP']",70
WYE-125132,19,"['A375', 'A549', 'ASC', 'BT20', 'HA1E', 'HCC515', 'HEPG2', 'HS578T', 'HT29', 'MCF10A', 'MCF7', 'MDAMB231', 'NEU', 'NPC', 'PC3', 'PHH', 'SKB', 'SKBR3', 'VCAP']",66
XMD-16144,19,"['A375', 'A549', 'ASC', 'BT20', 'HA1E', 'HCC515', 'HEPG2', 'HS578T', 'HT29', 'MCF10A', 'MCF7', 'MDAMB231', 'NEU', 'NPC', 'PC3', 'PHH', 'SKB', 'SKBR3', 'VCAP']",66
XMD-885,19,"['A375', 'A549', 'ASC', 'BT20', 'HA1E', 'HCC515', 'HEPG2', 'HS578T', 'HT29', 'MCF10A', 'MCF7', 'MDAMB231', 'NEU', 'NPC', 'PC3', 'PHH', 'SKB', 'SKBR3', 'VCAP']",66
XMD-892,19,"['A375', 'A549', 'ASC', 'BT20', 'HA1E', 'HCC515', 'HEPG2', 'HS578T', 'HT29', 'MCF10A', 'MCF7', 'MDAMB231', 'NEU', 'NPC', 'PC3', 'PHH', 'SKB', 'SKBR3', 'VCAP']",65
barasertib-HQPA,19,"['A375', 'A549', 'ASC', 'BT20', 'HA1E', 'HCC515', 'HEPG2', 'HS578T', 'HT29', 'MCF10A', 'MCF7', 'MDAMB231', 'NEU', 'NPC', 'PC3', 'PHH', 'SKB', 'SKBR3', 'VCAP']",166
aurora-a-inhibitor-i,19,"['A375', 'A549', 'ASC', 'BT20', 'HA1E', 'HCC515', 'HEPG2', 'HS578T', 'HT29', 'MCF10A', 'MCF7', 'MDAMB231', 'NEU', 'NPC', 'PC3', 'PHH', 'SKB', 'SKBR3', 'VCAP']",66
canertinib,19,"['A375', 'A549', 'ASC', 'BT20', 'HA1E', 'HCC515', 'HEPG2', 'HS578T', 'HT29', 'MCF10A', 'MCF7', 'MDAMB231', 'NEU', 'NPC', 'PC3', 'PHH', 'SKB', 'SKBR3', 'VCAP']",66
brivanib,19,"['A375', 'A549', 'ASC', 'BT20', 'HA1E', 'HCC515', 'HEPG2', 'HS578T', 'HT29', 'MCF10A', 'MCF7', 'MDAMB231', 'NEU', 'NPC', 'PC3', 'PHH', 'SKB', 'SKBR3', 'VCAP']",66
QL-X-138,19,"['A375', 'A549', 'ASC', 'BT20', 'HA1E', 'HCC515', 'HEPG2', 'HS578T', 'HT29', 'MCF10A', 'MCF7', 'MDAMB231', 'NEU', 'NPC', 'PC3', 'PHH', 'SKB', 'SKBR3', 'VCAP']",66
QL-XI-92,19,"['A375', 'A549', 'ASC', 'BT20', 'HA1E', 'HCC515', 'HEPG2', 'HS578T', 'HT29', 'MCF10A', 'MCF7', 'MDAMB231', 'NEU', 'NPC', 'PC3', 'PHH', 'SKB', 'SKBR3', 'VCAP']",66
QL-XII-47,19,"['A375', 'A549', 'ASC', 'BT20', 'HA1E', 'HCC515', 'HEPG2', 'HS578T', 'HT29', 'MCF10A', 'MCF7', 'MDAMB231', 'NEU', 'NPC', 'PC3', 'PHH', 'SKB', 'SKBR3', 'VCAP']",65
A-443644,19,"['A375', 'A549', 'ASC', 'BT20', 'HA1E', 'HCC515', 'HEPG2', 'HS578T', 'HT29', 'MCF10A', 'MCF7', 'MDAMB231', 'NEU', 'NPC', 'PC3', 'PHH', 'SKB', 'SKBR3', 'VCAP']",59
carbacyclin,18,"['A375', 'A549', 'ASC', 'CD34', 'FIBRNPC', 'HA1E', 'HCC515', 'HEPG2', 'HL60', 'HT29', 'MCF7', 'NEU', 'NPC', 'PC3', 'PHH', 'SKB', 'U937', 'VCAP']",53
celastrol,18,"['A375', 'A549', 'ASC', 'BT20', 'HA1E', 'HCC515', 'HEPG2', 'HS578T', 'HT29', 'MCF10A', 'MCF7', 'MDAMB231', 'NEU', 'PC3', 'PHH', 'SKB', 'SKBR3', 'VCAP']",60
ALW-II-38-3,18,"['A375', 'A549', 'ASC', 'BT20', 'HA1E', 'HCC515', 'HEPG2', 'HS578T', 'HT29', 'MCF10A', 'MCF7', 'MDAMB231', 'NEU', 'NPC', 'PC3', 'SKB', 'SKBR3', 'VCAP']",65
WZ-3105,18,"['A375', 'A549', 'ASC', 'BT20', 'HA1E', 'HCC515', 'HEPG2', 'HS578T', 'HT29', 'MCF10A', 'MCF7', 'MDAMB231', 'NPC', 'PC3', 'PHH', 'SKB', 'SKBR3', 'VCAP']",59
WZ-4-145,18,"['A375', 'A549', 'ASC', 'BT20', 'HA1E', 'HCC515', 'HEPG2', 'HS578T', 'HT29', 'MCF10A', 'MCF7', 'MDAMB231', 'NEU', 'PC3', 'PHH', 'SKB', 'SKBR3', 'VCAP']",65
GNF-2,18,"['A375', 'A549', 'ASC', 'BT20', 'HA1E', 'HCC515', 'HEPG2', 'HS578T', 'HT29', 'MCF10A', 'MCF7', 'MDAMB231', 'NEU', 'NPC', 'PC3', 'SKB', 'SKBR3', 'VCAP']",65
GSK-461364,18,"['A375', 'A549', 'ASC', 'BT20', 'HA1E', 'HCC515', 'HEPG2', 'HS578T', 'HT29', 'MCF10A', 'MCF7', 'MDAMB231', 'NEU', 'NPC', 'PC3', 'SKB', 'SKBR3', 'VCAP']",64
ALW-II-49-7,18,"['A375', 'A549', 'ASC', 'BT20', 'HA1E', 'HCC515', 'HEPG2', 'HS578T', 'HT29', 'MCF10A', 'MCF7', 'MDAMB231', 'NEU', 'NPC', 'PC3', 'SKB', 'SKBR3', 'VCAP']",65
PHA-665752,18,"['A375', 'A549', 'ASC', 'BT20', 'HA1E', 'HCC515', 'HEPG2', 'HS578T', 'HT29', 'MCF10A', 'MCF7', 'MDAMB231', 'NPC', 'PC3', 'PHH', 'SKB', 'SKBR3', 'VCAP']",67
GW-5074,18,"['A375', 'A549', 'ASC', 'BT20', 'HA1E', 'HCC515', 'HEPG2', 'HS578T', 'HT29', 'MCF10A', 'MCF7', 'MDAMB231', 'NPC', 'PC3', 'PHH', 'SKB', 'SKBR3', 'VCAP']",86
GSK-429286A,18,"['A375', 'A549', 'ASC', 'BT20', 'HA1E', 'HCC515', 'HEPG2', 'HS578T', 'HT29', 'MCF10A', 'MCF7', 'MDAMB231', 'NEU', 'NPC', 'PC3', 'SKB', 'SKBR3', 'VCAP']",82
SB-590885,18,"['A375', 'A549', 'ASC', 'BT20', 'HA1E', 'HCC515', 'HEPG2', 'HS578T', 'HT29', 'MCF10A', 'MCF7', 'MDAMB231', 'NPC', 'PC3', 'PHH', 'SKB', 'SKBR3', 'VCAP']",65
HG-5-113-01,18,"['A375', 'A549', 'ASC', 'BT20', 'HA1E', 'HCC515', 'HEPG2', 'HS578T', 'HT29', 'MCF10A', 'MCF7', 'MDAMB231', 'NEU', 'NPC', 'PC3', 'SKB', 'SKBR3', 'VCAP']",65
ON-01910,18,"['A375', 'A549', 'ASC', 'BT20', 'HA1E', 'HCC515', 'HEPG2', 'HS578T', 'HT29', 'MCF10A', 'MCF7', 'MDAMB231', 'NEU', 'NPC', 'PC3', 'SKB', 'SKBR3', 'VCAP']",65
AT-7519,18,"['A375', 'A549', 'ASC', 'BT20', 'HA1E', 'HCC515', 'HEPG2', 'HS578T', 'HT29', 'MCF10A', 'MCF7', 'MDAMB231', 'NEU', 'NPC', 'PC3', 'SKB', 'SKBR3', 'VCAP']",63
HG-5-88-01,18,"['A375', 'A549', 'ASC', 'BT20', 'HA1E', 'HCC515', 'HEPG2', 'HS578T', 'HT29', 'MCF10A', 'MCF7', 'MDAMB231', 'NEU', 'NPC', 'PC3', 'SKB', 'SKBR3', 'VCAP']",65
dasatinib,18,"['A375', 'A549', 'ASC', 'BT20', 'HA1E', 'HCC515', 'HEPG2', 'HS578T', 'HT29', 'MCF10A', 'MCF7', 'MDAMB231', 'NEU', 'NPC', 'PC3', 'SKB', 'SKBR3', 'VCAP']",65
AS-601245,18,"['A375', 'A549', 'ASC', 'BT20', 'HA1E', 'HCC515', 'HEPG2', 'HS578T', 'HT29', 'MCF10A', 'MCF7', 'MDAMB231', 'NPC', 'PC3', 'PHH', 'SKB', 'SKBR3', 'VCAP']",64
GSK-1904529A,18,"['A375', 'A549', 'ASC', 'BT20', 'HA1E', 'HCC515', 'HEPG2', 'HS578T', 'HT29', 'MCF10A', 'MCF7', 'MDAMB231', 'NEU', 'NPC', 'PC3', 'SKB', 'SKBR3', 'VCAP']",65
CGP-60474,18,"['A375', 'A549', 'ASC', 'BT20', 'HA1E', 'HCC515', 'HEPG2', 'HS578T', 'HT29', 'MCF10A', 'MCF7', 'MDAMB231', 'NEU', 'NPC', 'PC3', 'SKB', 'SKBR3', 'VCAP']",61
AZD-7762,18,"['A375', 'A549', 'ASC', 'BT20', 'HA1E', 'HCC515', 'HEPG2', 'HS578T', 'HT29', 'MCF10A', 'MCF7', 'MDAMB231', 'NEU', 'NPC', 'PC3', 'SKB', 'SKBR3', 'VCAP']",64
roscovitine,18,"['A375', 'A549', 'ASC', 'BT20', 'HA1E', 'HCC515', 'HEPG2', 'HS578T', 'HT29', 'MCF10A', 'MCF7', 'MDAMB231', 'NPC', 'PC3', 'PHH', 'SKB', 'SKBR3', 'VCAP']",67
CP-466722,18,"['A375', 'A549', 'ASC', 'BT20', 'HA1E', 'HCC515', 'HEPG2', 'HS578T', 'HT29', 'MCF10A', 'MCF7', 'MDAMB231', 'NEU', 'NPC', 'PC3', 'SKB', 'SKBR3', 'VCAP']",65
CP-724714,18,"['A375', 'A549', 'ASC', 'BT20', 'HA1E', 'HCC515', 'HEPG2', 'HS578T', 'HT29', 'MCF10A', 'MCF7', 'MDAMB231', 'NEU', 'NPC', 'PC3', 'SKB', 'SKBR3', 'VCAP']",82
SYK-inhibitor,18,"['A375', 'A549', 'ASC', 'BT20', 'HA1E', 'HCC515', 'HEPG2', 'HS578T', 'HT29', 'MCF10A', 'MCF7', 'MDAMB231', 'NPC', 'PC3', 'PHH', 'SKB', 'SKBR3', 'VCAP']",67
dovitinib,18,"['A375', 'A549', 'ASC', 'BT20', 'HA1E', 'HCC515', 'HEPG2', 'HS578T', 'HT29', 'MCF10A', 'MCF7', 'MDAMB231', 'NPC', 'PC3', 'PHH', 'SKB', 'SKBR3', 'VCAP']",65
WH-4025,18,"['A375', 'A549', 'ASC', 'BT20', 'HA1E', 'HCC515', 'HEPG2', 'HS578T', 'HT29', 'MCF10A', 'MCF7', 'MDAMB231', 'NEU', 'PC3', 'PHH', 'SKB', 'SKBR3', 'VCAP']",65
afatinib,17,"['A375', 'A549', 'ASC', 'BT20', 'HA1E', 'HCC515', 'HEPG2', 'HS578T', 'HT29', 'MCF10A', 'MCF7', 'MDAMB231', 'NEU', 'PC3', 'SKB', 'SKBR3', 'VCAP']",64
HG-6-64-01,17,"['A375', 'A549', 'ASC', 'BT20', 'HA1E', 'HCC515', 'HEPG2', 'HS578T', 'HT29', 'MCF10A', 'MCF7', 'MDAMB231', 'NEU', 'PC3', 'SKB', 'SKBR3', 'VCAP']",64
JW-7-24-1,17,"['A375', 'A549', 'ASC', 'BT20', 'HA1E', 'HCC515', 'HEPG2', 'HS578T', 'HT29', 'MCF10A', 'MCF7', 'MDAMB231', 'NEU', 'PC3', 'SKB', 'SKBR3', 'VCAP']",64
PF-562271,17,"['A375', 'A549', 'ASC', 'BT20', 'HA1E', 'HCC515', 'HEPG2', 'HS578T', 'HT29', 'MCF10A', 'MCF7', 'MDAMB231', 'NEU', 'PC3', 'PHH', 'SKB', 'SKBR3']",63
estradiol,16,"['A375', 'A549', 'ASC', 'FIBRNPC', 'HA1E', 'HCC515', 'HEPG2', 'HT29', 'MCF7', 'NEU', 'NKDBA', 'NPC', 'PC3', 'PHH', 'SKB', 'VCAP']",302
securinine,16,"['A375', 'A549', 'ASC', 'CD34', 'HA1E', 'HCC515', 'HEPG2', 'HL60', 'HT29', 'MCF7', 'NPC', 'PC3', 'PHH', 'SKB', 'U937', 'VCAP']",47
paclitaxel,16,"['A375', 'A549', 'ASC', 'HA1E', 'HCC515', 'HEPG2', 'HS27A', 'HT29', 'MCF7', 'NPC', 'PC3', 'PHH', 'SKB', 'SKM1', 'U937', 'VCAP']",105
AR-A014418,16,"['A375', 'A549', 'ASC', 'FIBRNPC', 'HA1E', 'HCC515', 'HEPG2', 'HT29', 'HUH7', 'MCF7', 'NEU', 'NPC', 'PC3', 'PHH', 'SKB', 'VCAP']",37
spiperone,16,"['A375', 'A549', 'ASC', 'FIBRNPC', 'HA1E', 'HCC515', 'HEPG2', 'HT29', 'HUH7', 'MCF7', 'NEU', 'NPC', 'PC3', 'PHH', 'SKB', 'VCAP']",44
fenretinide,16,"['A375', 'A549', 'ASC', 'FIBRNPC', 'HA1E', 'HCC515', 'HEPG2', 'HT29', 'MCF7', 'NEU', 'NKDBA', 'NPC', 'PC3', 'PHH', 'SKB', 'VCAP']",79
kenpaullone,16,"['A375', 'A549', 'ASC', 'FIBRNPC', 'HA1E', 'HCC515', 'HEPG2', 'HT29', 'HUH7', 'MCF7', 'NEU', 'NPC', 'PC3', 'PHH', 'SKB', 'VCAP']",37
MG-132,16,"['A375', 'A549', 'ASC', 'FIBRNPC', 'HA1E', 'HCC515', 'HEPG2', 'HT29', 'MCF7', 'NEU', 'NKDBA', 'NPC', 'PC3', 'PHH', 'SKB', 'VCAP']",72
cycloheximide,16,"['A375', 'A549', 'ASC', 'FIBRNPC', 'HA1E', 'HCC515', 'HEPG2', 'HT29', 'HUH7', 'MCF7', 'NEU', 'NPC', 'PC3', 'PHH', 'SKB', 'VCAP']",93
iloprost,16,"['A375', 'A549', 'ASC', 'CD34', 'HA1E', 'HCC515', 'HEPG2', 'HL60', 'HT29', 'MCF7', 'NEU', 'NPC', 'PC3', 'SKB', 'U937', 'VCAP']",73
vanoxerine,15,"['A375', 'A549', 'ASC', 'FIBRNPC', 'HA1E', 'HCC515', 'HEPG2', 'HT29', 'MCF7', 'NEU', 'NPC', 'PC3', 'PHH', 'SKB', 'VCAP']",42
piceatannol,15,"['A375', 'A549', 'ASC', 'FIBRNPC', 'HA1E', 'HCC515', 'HEPG2', 'HT29', 'MCF7', 'NEU', 'NPC', 'PC3', 'PHH', 'SKB', 'VCAP']",59
7-hydroxy-PIPAT,15,"['A375', 'A549', 'ASC', 'FIBRNPC', 'HA1E', 'HCC515', 'HEPG2', 'HT29', 'MCF7', 'NEU', 'NPC', 'PC3', 'PHH', 'SKB', 'VCAP']",25
4-hydroxyretinoic-acid,15,"['A375', 'A549', 'ASC', 'FIBRNPC', 'HA1E', 'HCC515', 'HEPG2', 'HT29', 'MCF7', 'NEU', 'NPC', 'PC3', 'PHH', 'SKB', 'VCAP']",24
"3,3'-diindolylmethane",15,"['A375', 'A549', 'ASC', 'FIBRNPC', 'HA1E', 'HCC515', 'HEPG2', 'HT29', 'MCF7', 'NEU', 'NPC', 'PC3', 'PHH', 'SKB', 'VCAP']",35
FTase-inhibitor-B581,15,"['A375', 'A549', 'ASC', 'FIBRNPC', 'HA1E', 'HCC515', 'HEPG2', 'HT29', 'MCF7', 'NEU', 'NPC', 'PC3', 'PHH', 'SKB', 'VCAP']",29
estrone,15,"['A375', 'A549', 'ASC', 'FIBRNPC', 'HA1E', 'HCC515', 'HEPG2', 'HT29', 'MCF7', 'NEU', 'NPC', 'PC3', 'PHH', 'SKB', 'VCAP']",92
BRD-K61463582,15,"['A375', 'A549', 'ASC', 'FIBRNPC', 'HA1E', 'HCC515', 'HEPG2', 'HT29', 'MCF7', 'NEU', 'NPC', 'PC3', 'PHH', 'SKB', 'VCAP']",24
epoxycholesterol,15,"['A375', 'A549', 'ASC', 'FIBRNPC', 'HA1E', 'HCC515', 'HEPG2', 'HT29', 'MCF7', 'NEU', 'NPC', 'PC3', 'PHH', 'SKB', 'VCAP']",24
W-7,15,"['A375', 'A549', 'ASC', 'FIBRNPC', 'HA1E', 'HCC515', 'HEPG2', 'HT29', 'MCF7', 'NEU', 'NPC', 'PC3', 'PHH', 'SKB', 'VCAP']",32
tetradecylthioacetic-acid,15,"['A375', 'A549', 'ASC', 'FIBRNPC', 'HA1E', 'HCC515', 'HEPG2', 'HT29', 'MCF7', 'NEU', 'NPC', 'PC3', 'PHH', 'SKB', 'VCAP']",24
terreic-acid-(-),15,"['A375', 'A549', 'ASC', 'FIBRNPC', 'HA1E', 'HCC515', 'HEPG2', 'HT29', 'MCF7', 'NEU', 'NPC', 'PC3', 'PHH', 'SKB', 'VCAP']",24
GR-206,15,"['A375', 'A549', 'ASC', 'FIBRNPC', 'HA1E', 'HCC515', 'HEPG2', 'HT29', 'MCF7', 'NEU', 'NPC', 'PC3', 'PHH', 'SKB', 'VCAP']",24
calcifediol,15,"['A375', 'A549', 'ASC', 'FIBRNPC', 'HA1E', 'HCC515', 'HEPG2', 'HT29', 'MCF7', 'NEU', 'NPC', 'PC3', 'PHH', 'SKB', 'VCAP']",27
PP-2,15,"['A375', 'A549', 'ASC', 'FIBRNPC', 'HA1E', 'HCC515', 'HEPG2', 'HT29', 'MCF7', 'NEU', 'NPC', 'PC3', 'PHH', 'SKB', 'VCAP']",25
ciglitazone,15,"['A375', 'A549', 'ASC', 'FIBRNPC', 'HA1E', 'HCC515', 'HEPG2', 'HT29', 'MCF7', 'NEU', 'NPC', 'PC3', 'PHH', 'SKB', 'VCAP']",28
cholic-acid,15,"['A375', 'A549', 'ASC', 'FIBRNPC', 'HA1E', 'HCC515', 'HEPG2', 'HT29', 'MCF7', 'NEU', 'NPC', 'PC3', 'PHH', 'SKB', 'VCAP']",24
bosutinib,15,"['A375', 'A549', 'ASC', 'FIBRNPC', 'HA1E', 'HCC515', 'HEPG2', 'HT29', 'MCF7', 'NEU', 'NPC', 'PC3', 'PHH', 'SKB', 'VCAP']",23
BRD-K82206012,15,"['A375', 'A549', 'ASC', 'FIBRNPC', 'HA1E', 'HCC515', 'HEPG2', 'HT29', 'MCF7', 'NEU', 'NPC', 'PC3', 'PHH', 'SKB', 'VCAP']",24
pioglitazone,15,"['A375', 'A549', 'ASC', 'FIBRNPC', 'HA1E', 'HCC515', 'HEPG2', 'HT29', 'MCF7', 'NEU', 'NPC', 'PC3', 'PHH', 'SKB', 'VCAP']",43
tyrphostin-A9,15,"['A375', 'A549', 'ASC', 'HA1E', 'HCC515', 'HEPG2', 'HT29', 'HUH7', 'MCF7', 'NEU', 'NPC', 'PC3', 'PHH', 'SKB', 'VCAP']",30
quinidine,15,"['A375', 'A549', 'ASC', 'FIBRNPC', 'HA1E', 'HCC515', 'HEPG2', 'HT29', 'MCF7', 'NEU', 'NPC', 'PC3', 'PHH', 'SKB', 'VCAP']",58
tunicamycin,15,"['A375', 'A549', 'ASC', 'FIBRNPC', 'HA1E', 'HCC515', 'HT29', 'MCF7', 'MCH58', 'NEU', 'NPC', 'PC3', 'PHH', 'SKB', 'VCAP']",24
dinoprostone,15,"['A375', 'A549', 'ASC', 'FIBRNPC', 'HA1E', 'HCC515', 'HEPG2', 'HT29', 'MCF7', 'NEU', 'NPC', 'PC3', 'PHH', 'SKB', 'VCAP']",25
acetyl-farnesyl-cysteine,15,"['A375', 'A549', 'ASC', 'FIBRNPC', 'HA1E', 'HCC515', 'HEPG2', 'HT29', 'MCF7', 'NEU', 'NPC', 'PC3', 'PHH', 'SKB', 'VCAP']",24
retinyl-acetate,15,"['A375', 'A549', 'ASC', 'FIBRNPC', 'HA1E', 'HCC515', 'HEPG2', 'HT29', 'MCF7', 'NEU', 'NPC', 'PC3', 'PHH', 'SKB', 'VCAP']",24
nocodazole,15,"['A375', 'A549', 'ASC', 'FIBRNPC', 'HA1E', 'HCC515', 'HEPG2', 'HT29', 'MCF7', 'NEU', 'NPC', 'PC3', 'PHH', 'SKB', 'VCAP']",40
reboxetine,15,"['A375', 'A549', 'ASC', 'FIBRNPC', 'HA1E', 'HCC515', 'HEPG2', 'HT29', 'MCF7', 'NEU', 'NPC', 'PC3', 'PHH', 'SKB', 'VCAP']",29
quercetin,15,"['A375', 'A549', 'ASC', 'FIBRNPC', 'HA1E', 'HCC515', 'HEPG2', 'HT29', 'MCF7', 'NEU', 'NPC', 'PC3', 'PHH', 'SKB', 'VCAP']",33
TUL-XXI039,15,"['A375', 'A549', 'ASC', 'HA1E', 'HCC515', 'HT29', 'MCF7', 'NEU', 'NOMO1', 'NPC', 'PC3', 'PHH', 'SKB', 'THP1', 'VCAP']",49
pregnenolone,15,"['A375', 'A549', 'ASC', 'FIBRNPC', 'HA1E', 'HCC515', 'HEPG2', 'HT29', 'MCF7', 'NEU', 'NPC', 'PC3', 'PHH', 'SKB', 'VCAP']",53
U-0126,15,"['A375', 'A549', 'ASC', 'HA1E', 'HCC515', 'HEPG2', 'HT29', 'HUH7', 'MCF7', 'NEU', 'NPC', 'PC3', 'PHH', 'SKB', 'VCAP']",49
ellipticine,15,"['A375', 'A549', 'ASC', 'HA1E', 'HCC515', 'HEPG2', 'HT29', 'HUH7', 'MCF7', 'NEU', 'NPC', 'PC3', 'PHH', 'SKB', 'VCAP']",30
eicosatetraynoic-acid,15,"['A375', 'A549', 'ASC', 'FIBRNPC', 'HA1E', 'HCC515', 'HEPG2', 'HT29', 'MCF7', 'NEU', 'NPC', 'PC3', 'PHH', 'SKB', 'VCAP']",24
farnesol,15,"['A375', 'A549', 'ASC', 'FIBRNPC', 'HA1E', 'HCC515', 'HEPG2', 'HT29', 'MCF7', 'NEU', 'NPC', 'PC3', 'PHH', 'SKB', 'VCAP']",24
farnesylcysteine-methyl-ester,15,"['A375', 'A549', 'ASC', 'FIBRNPC', 'HA1E', 'HCC515', 'HEPG2', 'HT29', 'MCF7', 'NEU', 'NPC', 'PC3', 'PHH', 'SKB', 'VCAP']",24
farnesylthioacetic-acid,15,"['A375', 'A549', 'ASC', 'FIBRNPC', 'HA1E', 'HCC515', 'HEPG2', 'HT29', 'MCF7', 'NEU', 'NPC', 'PC3', 'PHH', 'SKB', 'VCAP']",25
TTNPB,15,"['A375', 'A549', 'ASC', 'FIBRNPC', 'HA1E', 'HCC515', 'HEPG2', 'HT29', 'MCF7', 'NEU', 'NPC', 'PC3', 'PHH', 'SKB', 'VCAP']",43
TCPOBOP,15,"['A375', 'A549', 'ASC', 'FIBRNPC', 'HA1E', 'HCC515', 'HEPG2', 'HT29', 'MCF7', 'NEU', 'NPC', 'PC3', 'PHH', 'SKB', 'VCAP']",24
BRD-K59946561,15,"['A375', 'A549', 'ASC', 'FIBRNPC', 'HA1E', 'HCC515', 'HEPG2', 'HT29', 'MCF7', 'NEU', 'NPC', 'PC3', 'PHH', 'SKB', 'VCAP']",24
D-64131,15,"['A375', 'A549', 'ASC', 'HA1E', 'HCC515', 'HEPG2', 'HT29', 'HUH7', 'MCF7', 'NKDBA', 'NPC', 'PC3', 'PHH', 'SKB', 'VCAP']",43
penitrem-a,15,"['A375', 'A549', 'ASC', 'FIBRNPC', 'HA1E', 'HCC515', 'HEPG2', 'HT29', 'MCF7', 'NEU', 'NPC', 'PC3', 'PHH', 'SKB', 'VCAP']",28
D-4476,15,"['A375', 'A549', 'ASC', 'FIBRNPC', 'HA1E', 'HCC515', 'HEPG2', 'HT29', 'MCF7', 'NEU', 'NPC', 'PC3', 'PHH', 'SKB', 'VCAP']",25
panobinostat,15,"['A375', 'A549', 'ASC', 'HA1E', 'HCC515', 'HEPG2', 'HT29', 'MCF7', 'NEU', 'NKDBA', 'NPC', 'PC3', 'PHH', 'SKB', 'VCAP']",170
BRD-K65411918,15,"['A375', 'A549', 'ASC', 'FIBRNPC', 'HA1E', 'HCC515', 'HEPG2', 'HT29', 'MCF7', 'NEU', 'NPC', 'PC3', 'PHH', 'SKB', 'VCAP']",24
TUL-XX023,15,"['A375', 'A549', 'ASC', 'HA1E', 'HCC515', 'HEPG2', 'HT29', 'MCF7', 'NEU', 'NOMO1', 'NPC', 'PC3', 'SKB', 'THP1', 'VCAP']",49
pirinixic-acid,15,"['A375', 'A549', 'ASC', 'FIBRNPC', 'HA1E', 'HCC515', 'HEPG2', 'HT29', 'MCF7', 'NEU', 'NPC', 'PC3', 'PHH', 'SKB', 'VCAP']",25
pravastatin,15,"['A375', 'A549', 'ASC', 'FIBRNPC', 'HA1E', 'HCC515', 'HEPG2', 'HT29', 'MCF7', 'NEU', 'NPC', 'PC3', 'PHH', 'SKB', 'VCAP']",78
LY-165163,15,"['A375', 'A549', 'ASC', 'FIBRNPC', 'HA1E', 'HCC515', 'HEPG2', 'HT29', 'MCF7', 'NEU', 'NPC', 'PC3', 'PHH', 'SKB', 'VCAP']",25
epirubicin,15,"['A375', 'A549', 'ASC', 'FIBRNPC', 'HA1E', 'HCC515', 'HEPG2', 'HT29', 'MCF7', 'NEU', 'NPC', 'PC3', 'PHH', 'SKB', 'VCAP']",32
hydroxycholesterol,15,"['A375', 'A549', 'ASC', 'FIBRNPC', 'HA1E', 'HCC515', 'HEPG2', 'HT29', 'MCF7', 'NEU', 'NPC', 'PC3', 'PHH', 'SKB', 'VCAP']",24
SKF-81297,15,"['A375', 'A549', 'ASC', 'FIBRNPC', 'HA1E', 'HCC515', 'HEPG2', 'HT29', 'MCF7', 'NEU', 'NPC', 'PC3', 'PHH', 'SKB', 'VCAP']",25
glycocholic-acid,15,"['A375', 'A549', 'ASC', 'FIBRNPC', 'HA1E', 'HCC515', 'HEPG2', 'HT29', 'MCF7', 'NEU', 'NPC', 'PC3', 'PHH', 'SKB', 'VCAP']",29
glycodeoxycholic-acid,15,"['A375', 'A549', 'ASC', 'FIBRNPC', 'HA1E', 'HCC515', 'HEPG2', 'HT29', 'MCF7', 'NEU', 'NPC', 'PC3', 'PHH', 'SKB', 'VCAP']",39
isotretinoin,15,"['A375', 'A549', 'ASC', 'FIBRNPC', 'HA1E', 'HCC515', 'HEPG2', 'HT29', 'MCF7', 'NEU', 'NPC', 'PC3', 'PHH', 'SKB', 'VCAP']",35
alitretinoin,15,"['A375', 'A549', 'ASC', 'FIBRNPC', 'HA1E', 'HCC515', 'HEPG2', 'HT29', 'MCF7', 'NEU', 'NPC', 'PC3', 'PHH', 'SKB', 'VCAP']",41
alpha-linolenic-acid,15,"['A375', 'A549', 'ASC', 'HA1E', 'HCC515', 'HEPG2', 'HT29', 'HUH7', 'MCF7', 'NEU', 'NPC', 'PC3', 'PHH', 'SKB', 'VCAP']",31
risperidone,15,"['A375', 'A549', 'ASC', 'FIBRNPC', 'HA1E', 'HCC515', 'HEPG2', 'HT29', 'MCF7', 'NEU', 'NPC', 'PC3', 'PHH', 'SKB', 'VCAP']",40
doconexent,15,"['A375', 'A549', 'ASC', 'FIBRNPC', 'HA1E', 'HCC515', 'HEPG2', 'HT29', 'MCF7', 'NEU', 'NPC', 'PC3', 'PHH', 'SKB', 'VCAP']",31
JNJ-16259685,15,"['A375', 'A549', 'ASC', 'FIBRNPC', 'HA1E', 'HCC515', 'HEPG2', 'HT29', 'MCF7', 'NEU', 'NPC', 'PC3', 'PHH', 'SKB', 'VCAP']",25
triciribine,15,"['A375', 'A549', 'ASC', 'HA1E', 'HCC515', 'HEPG2', 'HT29', 'MCF7', 'NEU', 'NKDBA', 'NPC', 'PC3', 'PHH', 'SKB', 'VCAP']",71
rifampicin,15,"['A375', 'A549', 'ASC', 'FIBRNPC', 'HA1E', 'HCC515', 'HEPG2', 'HT29', 'MCF7', 'NEU', 'NPC', 'PC3', 'PHH', 'SKB', 'VCAP']",50
dopamine,15,"['A375', 'A549', 'ASC', 'FIBRNPC', 'HA1E', 'HCC515', 'HEPG2', 'HT29', 'MCF7', 'NEU', 'NPC', 'PC3', 'PHH', 'SKB', 'VCAP']",50
YM-298198,15,"['A375', 'A549', 'ASC', 'FIBRNPC', 'HA1E', 'HCC515', 'HEPG2', 'HT29', 'MCF7', 'NEU', 'NPC', 'PC3', 'PHH', 'SKB', 'VCAP']",40
vinblastine,15,"['A375', 'A549', 'ASC', 'HA1E', 'HCC515', 'HEPG2', 'HT29', 'HUH7', 'MCF7', 'NEU', 'NPC', 'PC3', 'PHH', 'SKB', 'VCAP']",61
oleoylethanolamide,15,"['A375', 'A549', 'ASC', 'FIBRNPC', 'HA1E', 'HCC515', 'HEPG2', 'HT29', 'MCF7', 'NEU', 'NPC', 'PC3', 'PHH', 'SKB', 'VCAP']",24
acetyl-geranygeranyl-cysteine,15,"['A375', 'A549', 'ASC', 'FIBRNPC', 'HA1E', 'HCC515', 'HEPG2', 'HT29', 'MCF7', 'NEU', 'NPC', 'PC3', 'PHH', 'SKB', 'VCAP']",24
retinol,15,"['A375', 'A549', 'ASC', 'FIBRNPC', 'HA1E', 'HCC515', 'HEPG2', 'HT29', 'MCF7', 'NEU', 'NPC', 'PC3', 'PHH', 'SKB', 'VCAP']",48
genistein,15,"['A375', 'A549', 'ASC', 'FIBRNPC', 'HA1E', 'HCC515', 'HEPG2', 'HT29', 'MCF7', 'NEU', 'NPC', 'PC3', 'PHH', 'SKB', 'VCAP']",274
noretynodrel,15,"['A375', 'A549', 'ASC', 'HA1E', 'HCC515', 'HEK293T', 'HEPG2', 'HT29', 'MCF7', 'NEU', 'NPC', 'PC3', 'PHH', 'SKB', 'VCAP']",57
geranylgeraniol,15,"['A375', 'A549', 'ASC', 'FIBRNPC', 'HA1E', 'HCC515', 'HEPG2', 'HT29', 'MCF7', 'NEU', 'NPC', 'PC3', 'PHH', 'SKB', 'VCAP']",24
fluvastatin,15,"['A375', 'A549', 'ASC', 'FIBRNPC', 'HA1E', 'HCC515', 'HEPG2', 'HT29', 'MCF7', 'NEU', 'NPC', 'PC3', 'PHH', 'SKB', 'VCAP']",33
BL-077,15,"['A375', 'A549', 'ASC', 'FIBRNPC', 'HA1E', 'HCC515', 'HEPG2', 'HT29', 'MCF7', 'NEU', 'NPC', 'PC3', 'PHH', 'SKB', 'VCAP']",24
anandamide,15,"['A375', 'A549', 'ASC', 'FIBRNPC', 'HA1E', 'HCC515', 'HEPG2', 'HT29', 'MCF7', 'NEU', 'NPC', 'PC3', 'PHH', 'SKB', 'VCAP']",44
kavain,15,"['A375', 'A549', 'ASC', 'FIBRNPC', 'HA1E', 'HCC515', 'HEPG2', 'HT29', 'MCF7', 'NEU', 'NPC', 'PC3', 'PHH', 'SKB', 'VCAP']",25
mifepristone,15,"['A375', 'A549', 'ASC', 'FIBRNPC', 'HA1E', 'HCC515', 'HEPG2', 'HT29', 'MCF7', 'NEU', 'NPC', 'PC3', 'PHH', 'SKB', 'VCAP']",58
BL-050,15,"['A375', 'A549', 'ASC', 'FIBRNPC', 'HA1E', 'HCC515', 'HEPG2', 'HT29', 'MCF7', 'NEU', 'NPC', 'PC3', 'PHH', 'SKB', 'VCAP']",24
salsolinol,15,"['A375', 'A549', 'ASC', 'FIBRNPC', 'HA1E', 'HCC515', 'HEPG2', 'HT29', 'MCF7', 'NEU', 'NPC', 'PC3', 'PHH', 'SKB', 'VCAP']",29
diclofenac,15,"['A375', 'A549', 'ASC', 'FIBRNPC', 'HA1E', 'HCC515', 'HEPG2', 'HT29', 'MCF7', 'NEU', 'NPC', 'PC3', 'PHH', 'SKB', 'VCAP']",44
acitretin,15,"['A375', 'A549', 'ASC', 'FIBRNPC', 'HA1E', 'HCC515', 'HEPG2', 'HT29', 'MCF7', 'NEU', 'NPC', 'PC3', 'PHH', 'SKB', 'VCAP']",28
acetyl-geranyl-cysteine,15,"['A375', 'A549', 'ASC', 'FIBRNPC', 'HA1E', 'HCC515', 'HEPG2', 'HT29', 'MCF7', 'NEU', 'NPC', 'PC3', 'PHH', 'SKB', 'VCAP']",24
NSC-3852,15,"['A375', 'A549', 'ASC', 'FIBRNPC', 'HA1E', 'HCC515', 'HEPG2', 'HT29', 'MCF7', 'NEU', 'NPC', 'PC3', 'PHH', 'SKB', 'VCAP']",24
apigenin,15,"['A375', 'A549', 'ASC', 'FIBRNPC', 'HA1E', 'HCC515', 'HEPG2', 'HT29', 'MCF7', 'NEU', 'NPC', 'PC3', 'PHH', 'SKB', 'VCAP']",65
BAY-36-7620,15,"['A375', 'A549', 'ASC', 'FIBRNPC', 'HA1E', 'HCC515', 'HEPG2', 'HT29', 'MCF7', 'NEU', 'NPC', 'PC3', 'PHH', 'SKB', 'VCAP']",25
staurosporine,15,"['A375', 'A549', 'ASC', 'FIBRNPC', 'HA1E', 'HCC515', 'HEPG2', 'HT29', 'MCF7', 'NEU', 'NPC', 'PC3', 'PHH', 'SKB', 'VCAP']",75
spiramide,15,"['A375', 'A549', 'ASC', 'HA1E', 'HCC515', 'HEPG2', 'HT29', 'HUH7', 'MCF7', 'NEU', 'NPC', 'PC3', 'PHH', 'SKB', 'VCAP']",35
RU-24969,15,"['A375', 'A549', 'ASC', 'FIBRNPC', 'HA1E', 'HCC515', 'HEPG2', 'HT29', 'MCF7', 'NEU', 'NPC', 'PC3', 'PHH', 'SKB', 'VCAP']",42
aminopurvalanol-a,15,"['A375', 'A549', 'ASC', 'HA1E', 'HCC515', 'HEPG2', 'HT29', 'HUH7', 'MCF7', 'NEU', 'NPC', 'PC3', 'PHH', 'SKB', 'VCAP']",39
deoxycholic-acid,15,"['A375', 'A549', 'ASC', 'FIBRNPC', 'HA1E', 'HCC515', 'HEPG2', 'HT29', 'MCF7', 'NEU', 'NPC', 'PC3', 'PHH', 'SKB', 'VCAP']",30
HO-013,15,"['A375', 'A549', 'ASC', 'FIBRNPC', 'HA1E', 'HCC515', 'HEPG2', 'HT29', 'MCF7', 'NEU', 'NPC', 'PC3', 'PHH', 'SKB', 'VCAP']",24
lestaurtinib,15,"['A375', 'A549', 'ASC', 'HA1E', 'HCC515', 'HEPG2', 'HT29', 'MCF7', 'NEU', 'NKDBA', 'NPC', 'PC3', 'PHH', 'SKB', 'VCAP']",30
EMF-sumo1-11,15,"['A375', 'A549', 'ASC', 'HA1E', 'HCC515', 'HEPG2', 'HT29', 'MCF7', 'NEU', 'NKDBA', 'NPC', 'PC3', 'PHH', 'SKB', 'VCAP']",30
scriptaid,15,"['A375', 'A549', 'ASC', 'FIBRNPC', 'HA1E', 'HCC515', 'HEPG2', 'HT29', 'MCF7', 'NEU', 'NPC', 'PC3', 'PHH', 'SKB', 'VCAP']",61
androstanol,15,"['A375', 'A549', 'ASC', 'FIBRNPC', 'HA1E', 'HCC515', 'HEPG2', 'HT29', 'MCF7', 'NEU', 'NPC', 'PC3', 'PHH', 'SKB', 'VCAP']",24
taurodeoxycholic-acid,15,"['A375', 'A549', 'ASC', 'FIBRNPC', 'HA1E', 'HCC515', 'HEPG2', 'HT29', 'MCF7', 'NEU', 'NPC', 'PC3', 'PHH', 'SKB', 'VCAP']",24
androstenedione,15,"['A375', 'A549', 'ASC', 'FIBRNPC', 'HA1E', 'HCC515', 'HEPG2', 'HT29', 'MCF7', 'NEU', 'NPC', 'PC3', 'PHH', 'SKB', 'VCAP']",24
androstenol,15,"['A375', 'A549', 'ASC', 'FIBRNPC', 'HA1E', 'HCC515', 'HEPG2', 'HT29', 'MCF7', 'NEU', 'NPC', 'PC3', 'PHH', 'SKB', 'VCAP']",24
aniracetam,15,"['A375', 'A549', 'ASC', 'FIBRNPC', 'HA1E', 'HCC515', 'HEPG2', 'HT29', 'MCF7', 'NEU', 'NPC', 'PC3', 'PHH', 'SKB', 'VCAP']",29
malonoben,15,"['A375', 'A549', 'ASC', 'HA1E', 'HCC515', 'HEPG2', 'HT29', 'HUH7', 'MCF7', 'NEU', 'NPC', 'PC3', 'PHH', 'SKB', 'VCAP']",31
luzindole,15,"['A375', 'A549', 'ASC', 'FIBRNPC', 'HA1E', 'HCC515', 'HEPG2', 'HT29', 'MCF7', 'NEU', 'NPC', 'PC3', 'PHH', 'SKB', 'VCAP']",25
methoprene-acid,15,"['A375', 'A549', 'ASC', 'FIBRNPC', 'HA1E', 'HCC515', 'HEPG2', 'HT29', 'MCF7', 'NEU', 'NPC', 'PC3', 'PHH', 'SKB', 'VCAP']",25
lithocholic-acid,15,"['A375', 'A549', 'ASC', 'FIBRNPC', 'HA1E', 'HCC515', 'HEPG2', 'HT29', 'MCF7', 'NEU', 'NPC', 'PC3', 'PHH', 'SKB', 'VCAP']",28
taurocholic-acid,15,"['A375', 'A549', 'ASC', 'FIBRNPC', 'HA1E', 'HCC515', 'HEPG2', 'HT29', 'MCF7', 'NEU', 'NPC', 'PC3', 'PHH', 'SKB', 'VCAP']",24
GW-7647,15,"['A375', 'A549', 'ASC', 'FIBRNPC', 'HA1E', 'HCC515', 'HEPG2', 'HT29', 'MCF7', 'NEU', 'NPC', 'PC3', 'PHH', 'SKB', 'VCAP']",28
GW-4064,15,"['A375', 'A549', 'ASC', 'FIBRNPC', 'HA1E', 'HCC515', 'HEPG2', 'HT29', 'MCF7', 'NEU', 'NPC', 'PC3', 'PHH', 'SKB', 'VCAP']",29
BADGE,15,"['A375', 'A549', 'ASC', 'FIBRNPC', 'HA1E', 'HCC515', 'HEPG2', 'HT29', 'MCF7', 'NEU', 'NPC', 'PC3', 'PHH', 'SKB', 'VCAP']",29
clozapine,15,"['A375', 'A549', 'ASC', 'FIBRNPC', 'HA1E', 'HCC515', 'HEPG2', 'HT29', 'MCF7', 'NEU', 'NPC', 'PC3', 'PHH', 'SKB', 'VCAP']",36
arctigenin,15,"['A375', 'A549', 'ASC', 'HA1E', 'HCC515', 'HEPG2', 'HT29', 'HUH7', 'MCF7', 'NEU', 'NPC', 'PC3', 'PHH', 'SKB', 'VCAP']",31
chenodeoxycholic-acid,15,"['A375', 'A549', 'ASC', 'FIBRNPC', 'HA1E', 'HCC515', 'HEPG2', 'HT29', 'MCF7', 'NEU', 'NPC', 'PC3', 'PHH', 'SKB', 'VCAP']",27
bezafibrate,15,"['A375', 'A549', 'ASC', 'FIBRNPC', 'HA1E', 'HCC515', 'HEPG2', 'HT29', 'MCF7', 'NEU', 'NPC', 'PC3', 'PHH', 'SKB', 'VCAP']",28
celecoxib,15,"['A375', 'A549', 'ASC', 'FIBRNPC', 'HA1E', 'HCC515', 'HEPG2', 'HT29', 'MCF7', 'NEU', 'NPC', 'PC3', 'PHH', 'SKB', 'VCAP']",46
chlorpromazine,15,"['A375', 'A549', 'ASC', 'FIBRNPC', 'HA1E', 'HCC515', 'HEPG2', 'HT29', 'MCF7', 'NEU', 'NPC', 'PC3', 'PHH', 'SKB', 'VCAP']",73
caffeine,15,"['A375', 'A549', 'ASC', 'FIBRNPC', 'HA1E', 'HCC515', 'HEPG2', 'HT29', 'MCF7', 'NEU', 'NPC', 'PC3', 'PHH', 'SKB', 'VCAP']",33
thioperamide,15,"['A375', 'A549', 'ASC', 'FIBRNPC', 'HA1E', 'HCC515', 'HEPG2', 'HT29', 'MCF7', 'NEU', 'NPC', 'PC3', 'PHH', 'SKB', 'VCAP']",48
BRD-A77577770,14,"['A375', 'A549', 'ASC', 'HA1E', 'HCC515', 'HEPG2', 'HT29', 'MCF7', 'NEU', 'NPC', 'PC3', 'PHH', 'SKB', 'VCAP']",18
BRD-K42419294,14,"['A375', 'A549', 'ASC', 'HA1E', 'HCC515', 'HEPG2', 'HT29', 'MCF7', 'NEU', 'NPC', 'PC3', 'PHH', 'SKB', 'VCAP']",18
BRD-K55630727,14,"['A375', 'A549', 'ASC', 'HA1E', 'HCC515', 'HEPG2', 'HT29', 'MCF7', 'NEU', 'NPC', 'PC3', 'PHH', 'SKB', 'VCAP']",30
PU-H71,14,"['A375', 'A549', 'ASC', 'HA1E', 'HCC515', 'HEPG2', 'HT29', 'MCF7', 'NEU', 'NPC', 'PC3', 'PHH', 'SKB', 'VCAP']",18
BRD-A82913781,14,"['A375', 'A549', 'ASC', 'HA1E', 'HCC515', 'HEPG2', 'HT29', 'MCF7', 'NEU', 'NPC', 'PC3', 'PHH', 'SKB', 'VCAP']",30
BRD-K75081836,14,"['A375', 'A549', 'ASC', 'HA1E', 'HCC515', 'HEPG2', 'HT29', 'MCF7', 'NEU', 'NPC', 'PC3', 'PHH', 'SKB', 'VCAP']",18
BRD-K19499941,14,"['A375', 'A549', 'ASC', 'HA1E', 'HCC515', 'HEPG2', 'HT29', 'MCF7', 'NEU', 'NPC', 'PC3', 'PHH', 'SKB', 'VCAP']",30
everolimus,14,"['A375', 'A549', 'ASC', 'HA1E', 'HCC515', 'HEPG2', 'HT29', 'MCF7', 'NEU', 'NPC', 'PC3', 'PHH', 'SKB', 'VCAP']",17
amitriptyline,14,"['A375', 'A549', 'ASC', 'HA1E', 'HCC515', 'HEK293T', 'HEPG2', 'HT29', 'MCF7', 'NPC', 'PC3', 'PHH', 'SKB', 'VCAP']",38
etodolac,14,"['A375', 'A549', 'ASC', 'HA1E', 'HCC515', 'HEPG2', 'HT29', 'MCF7', 'NEU', 'NPC', 'PC3', 'PHH', 'SKB', 'VCAP']",56
CGP-53353,14,"['A375', 'A549', 'ASC', 'HA1E', 'HCC515', 'HEPG2', 'HT29', 'HUH7', 'MCF7', 'NPC', 'PC3', 'PHH', 'SKB', 'VCAP']",31
BRD-A89067742,14,"['A375', 'A549', 'ASC', 'HA1E', 'HCC515', 'HEPG2', 'HT29', 'MCF7', 'NEU', 'NPC', 'PC3', 'PHH', 'SKB', 'VCAP']",18
mirin,14,"['A375', 'A549', 'ASC', 'HA1E', 'HCC515', 'HEPG2', 'HT29', 'MCF7', 'NEU', 'NPC', 'PC3', 'PHH', 'SKB', 'VCAP']",18
BRD-A26595446,14,"['A375', 'A549', 'ASC', 'HA1E', 'HCC515', 'HEPG2', 'HT29', 'MCF7', 'NEU', 'NPC', 'PC3', 'PHH', 'SKB', 'VCAP']",18
CGK-733,14,"['A375', 'A549', 'ASC', 'HA1E', 'HCC515', 'HEPG2', 'HT29', 'HUH7', 'MCF7', 'NPC', 'PC3', 'PHH', 'SKB', 'VCAP']",31
BRD-A26962727,14,"['A375', 'A549', 'ASC', 'HA1E', 'HCC515', 'HEPG2', 'HT29', 'MCF7', 'NEU', 'NPC', 'PC3', 'PHH', 'SKB', 'VCAP']",30
CGP-52411,14,"['A375', 'A549', 'ASC', 'HA1E', 'HCC515', 'HEPG2', 'HT29', 'MCF7', 'NEU', 'NPC', 'PC3', 'PHH', 'SKB', 'VCAP']",18
BRD-A36059655,14,"['A375', 'A549', 'ASC', 'HA1E', 'HCC515', 'HEPG2', 'HT29', 'MCF7', 'NEU', 'NPC', 'PC3', 'PHH', 'SKB', 'VCAP']",18
mevastatin,14,"['A375', 'A549', 'ASC', 'FIBRNPC', 'HA1E', 'HCC515', 'HEPG2', 'HT29', 'MCF7', 'NEU', 'NPC', 'PC3', 'SKB', 'VCAP']",40
BRD-A37656721,14,"['A375', 'A549', 'ASC', 'HA1E', 'HCC515', 'HEPG2', 'HT29', 'MCF7', 'NEU', 'NPC', 'PC3', 'PHH', 'SKB', 'VCAP']",31
mosapride,14,"['A375', 'A549', 'ASC', 'HA1E', 'HCC515', 'HEPG2', 'HT29', 'MCF7', 'NEU', 'NPC', 'PC3', 'PHH', 'SKB', 'VCAP']",29
moxifloxacin,14,"['A375', 'A549', 'ASC', 'HA1E', 'HCC515', 'HEPG2', 'HT29', 'MCF7', 'NEU', 'NPC', 'PC3', 'PHH', 'SKB', 'VCAP']",33
mycophenolic-acid,14,"['A375', 'A549', 'ASC', 'HA1E', 'HCC515', 'HEPG2', 'HT29', 'HUH7', 'MCF7', 'NPC', 'PC3', 'PHH', 'SKB', 'VCAP']",47
mocetinostat,14,"['A375', 'A549', 'ASC', 'HA1E', 'HCC515', 'HEPG2', 'HT29', 'MCF7', 'NEU', 'NPC', 'PC3', 'PHH', 'SKB', 'VCAP']",17
fenobam,14,"['A375', 'A549', 'ASC', 'FIBRNPC', 'HA1E', 'HCC515', 'HEPG2', 'HT29', 'MCF7', 'NEU', 'NPC', 'PC3', 'SKB', 'VCAP']",25
naltrexone,14,"['A375', 'A549', 'ASC', 'HA1E', 'HCC515', 'HEPG2', 'HT29', 'MCF7', 'NKDBA', 'NPC', 'PC3', 'PHH', 'SKB', 'VCAP']",81
BRD-A95937159,14,"['A375', 'A549', 'ASC', 'HA1E', 'HCC515', 'HEPG2', 'HT29', 'MCF7', 'NEU', 'NPC', 'PC3', 'PHH', 'SKB', 'VCAP']",30
flunarizine,14,"['A375', 'A549', 'ASC', 'HA1E', 'HCC515', 'HEPG2', 'HT29', 'MCF7', 'NEU', 'NPC', 'PC3', 'PHH', 'SKB', 'VCAP']",45
"7,8-dihydro-L-biopterin",14,"['A375', 'A549', 'ASC', 'HA1E', 'HCC515', 'HEPG2', 'HT29', 'MCF7', 'NEU', 'NPC', 'PC3', 'PHH', 'SKB', 'VCAP']",18
BRD-A89907244,14,"['A375', 'A549', 'ASC', 'HA1E', 'HCC515', 'HEPG2', 'HT29', 'MCF7', 'NEU', 'NPC', 'PC3', 'PHH', 'SKB', 'VCAP']",18
alvespimycin,14,"['A375', 'A549', 'ASC', 'HA1E', 'HCC515', 'HEPG2', 'HT29', 'MCF7', 'NEU', 'NPC', 'PC3', 'PHH', 'SKB', 'VCAP']",42
2-aminopurine,14,"['A375', 'A549', 'ASC', 'HA1E', 'HCC515', 'HEPG2', 'HT29', 'MCF7', 'NEU', 'NPC', 'PC3', 'PHH', 'SKB', 'VCAP']",18
BRD-A99518825,14,"['A375', 'A549', 'ASC', 'HA1E', 'HCC515', 'HEPG2', 'HT29', 'MCF7', 'NEU', 'NPC', 'PC3', 'PHH', 'SKB', 'VCAP']",31
GBR-12783,14,"['A375', 'A549', 'ASC', 'HA1E', 'HCC515', 'HEPG2', 'HT29', 'MCF7', 'NEU', 'NPC', 'PC3', 'PHH', 'SKB', 'VCAP']",38
nelfinavir,14,"['A375', 'A549', 'ASC', 'HA1E', 'HCC515', 'HEPG2', 'HT29', 'MCF7', 'NEU', 'NPC', 'PC3', 'PHH', 'SKB', 'VCAP']",29
BRD-K37160541,14,"['A375', 'A549', 'ASC', 'HA1E', 'HCC515', 'HEPG2', 'HT29', 'MCF7', 'NEU', 'NPC', 'PC3', 'PHH', 'SKB', 'VCAP']",18
nemonapride,14,"['A375', 'A549', 'ASC', 'FIBRNPC', 'HA1E', 'HCC515', 'HEPG2', 'HT29', 'MCF7', 'NEU', 'NPC', 'PC3', 'SKB', 'VCAP']",31
neurodazine,14,"['A375', 'A549', 'ASC', 'HA1E', 'HCC515', 'HEPG2', 'HT29', 'MCF7', 'NEU', 'NPC', 'PC3', 'PHH', 'SKB', 'VCAP']",18
5-iodotubercidin,14,"['A375', 'A549', 'ASC', 'HA1E', 'HCC515', 'HEPG2', 'HT29', 'MCF7', 'NEU', 'NPC', 'PC3', 'PHH', 'SKB', 'VCAP']",17
nisoxetine,14,"['A375', 'A549', 'ASC', 'FIBRNPC', 'HA1E', 'HCC515', 'HEPG2', 'HT29', 'MCF7', 'NEU', 'NPC', 'PC3', 'PHH', 'VCAP']",27
SU-4312,14,"['A375', 'A549', 'ASC', 'HA1E', 'HCC515', 'HEPG2', 'HT29', 'MCF7', 'NEU', 'NPC', 'PC3', 'PHH', 'SKB', 'VCAP']",38
cediranib,14,"['A375', 'A549', 'ASC', 'HA1E', 'HCC515', 'HEPG2', 'HT29', 'MCF7', 'NEU', 'NPC', 'PC3', 'PHH', 'SKB', 'VCAP']",18
CGS-21680,14,"['A375', 'A549', 'ASC', 'FIBRNPC', 'HA1E', 'HCC515', 'HEPG2', 'HT29', 'MCF7', 'NEU', 'NPC', 'PC3', 'SKB', 'VCAP']",25
BRD-K31841256,14,"['A375', 'A549', 'ASC', 'HA1E', 'HCC515', 'HEPG2', 'HT29', 'MCF7', 'NEU', 'NPC', 'PC3', 'PHH', 'SKB', 'VCAP']",18
bromocriptine,14,"['A375', 'A549', 'ASC', 'HA1E', 'HCC515', 'HEPG2', 'HT29', 'MCF7', 'NEU', 'NPC', 'PC3', 'PHH', 'SKB', 'VCAP']",60
warfarin,14,"['A375', 'A549', 'ASC', 'HA1E', 'HCC515', 'HEPG2', 'HT29', 'MCF7', 'NEU', 'NPC', 'PC3', 'PHH', 'SKB', 'VCAP']",48
vicriviroc,14,"['A375', 'A549', 'ASC', 'HA1E', 'HCC515', 'HEPG2', 'HT29', 'MCF7', 'NEU', 'NPC', 'PC3', 'PHH', 'SKB', 'VCAP']",17
vincristine,14,"['A375', 'A549', 'ASC', 'HA1E', 'HCC515', 'HEPG2', 'HT29', 'MCF7', 'NEU', 'NPC', 'PC3', 'PHH', 'SKB', 'VCAP']",60
fludarabine,14,"['A375', 'A549', 'ASC', 'HA1E', 'HCC515', 'HEPG2', 'HT29', 'MCF7', 'NEU', 'NPC', 'PC3', 'PHH', 'SKB', 'VCAP']",58
aloisine,14,"['A375', 'A549', 'ASC', 'HA1E', 'HCC515', 'HEPG2', 'HT29', 'MCF7', 'NEU', 'NPC', 'PC3', 'PHH', 'SKB', 'VCAP']",38
buddleoflavonoloside,14,"['A375', 'A549', 'ASC', 'HA1E', 'HCC515', 'HEPG2', 'HT29', 'MCF7', 'NKDBA', 'NPC', 'PC3', 'PHH', 'SKB', 'VCAP']",31
vinorelbine,14,"['A375', 'A549', 'ASC', 'HA1E', 'HCC515', 'HEPG2', 'HT29', 'MCF7', 'NEU', 'NPC', 'PC3', 'PHH', 'SKB', 'VCAP']",47
norethisterone,14,"['A375', 'A549', 'ASC', 'HA1E', 'HCC515', 'HEPG2', 'HT29', 'MCF7', 'NEU', 'NPC', 'PC3', 'PHH', 'SKB', 'VCAP']",49
flumetasone,14,"['A375', 'A549', 'ASC', 'HA1E', 'HCC515', 'HEPG2', 'HT29', 'MCF7', 'NEU', 'NPC', 'PC3', 'PHH', 'SKB', 'VCAP']",38
BRD-K42541148,14,"['A375', 'A549', 'ASC', 'HA1E', 'HCC515', 'HEPG2', 'HT29', 'MCF7', 'NEU', 'NPC', 'PC3', 'PHH', 'SKB', 'VCAP']",18
BRD-K87730440,14,"['A375', 'A549', 'ASC', 'HA1E', 'HCC515', 'HEPG2', 'HT29', 'MCF7', 'NEU', 'NPC', 'PC3', 'PHH', 'SKB', 'VCAP']",18
STK-661558,14,"['A375', 'A549', 'ASC', 'HA1E', 'HCC515', 'HEPG2', 'HT29', 'MCF7', 'NEU', 'NPC', 'PC3', 'PHH', 'SKB', 'VCAP']",30
ochratoxin-a,14,"['A375', 'A549', 'ASC', 'HA1E', 'HCC515', 'HEPG2', 'HT29', 'MCF7', 'NEU', 'NPC', 'PC3', 'PHH', 'SKB', 'VCAP']",18
fluticasone,14,"['A375', 'A549', 'ASC', 'HA1E', 'HCC515', 'HEPG2', 'HT29', 'MCF7', 'NEU', 'NPC', 'PC3', 'PHH', 'SKB', 'VCAP']",40
AT-SUMO-1,14,"['A375', 'A549', 'ASC', 'HA1E', 'HCC515', 'HEPG2', 'HT29', 'MCF7', 'NEU', 'NPC', 'PC3', 'PHH', 'SKB', 'VCAP']",18
BRD-K16331660,14,"['A375', 'A549', 'ASC', 'HA1E', 'HCC515', 'HEPG2', 'HT29', 'MCF7', 'NEU', 'NPC', 'PC3', 'PHH', 'SKB', 'VCAP']",18
BRD-K74109131,14,"['A375', 'A549', 'ASC', 'HA1E', 'HCC515', 'HEPG2', 'HT29', 'MCF7', 'NEU', 'NPC', 'PC3', 'PHH', 'SKB', 'VCAP']",18
dexketoprofen,14,"['A375', 'A549', 'ASC', 'HA1E', 'HCC515', 'HEPG2', 'HT29', 'MCF7', 'NEU', 'NPC', 'PC3', 'PHH', 'SKB', 'VCAP']",18
dexrazoxane,14,"['A375', 'A549', 'ASC', 'HA1E', 'HCC515', 'HEPG2', 'HT29', 'MCF7', 'NEU', 'NPC', 'PC3', 'PHH', 'SKB', 'VCAP']",18
APHA-compound-8,14,"['A375', 'A549', 'ASC', 'HA1E', 'HCC515', 'HEPG2', 'HT29', 'MCF7', 'NEU', 'NPC', 'PC3', 'PHH', 'SKB', 'VCAP']",18
dextromethorphan,14,"['A375', 'A549', 'ASC', 'HA1E', 'HCC515', 'HEPG2', 'HT29', 'MCF7', 'NEU', 'NPC', 'PC3', 'PHH', 'SKB', 'VCAP']",53
flupirtine,14,"['A375', 'A549', 'ASC', 'HA1E', 'HCC515', 'HEPG2', 'HT29', 'MCF7', 'NEU', 'NPC', 'PC3', 'PHH', 'SKB', 'VCAP']",18
benzonatate,14,"['A375', 'A549', 'ASC', 'HA1E', 'HCC515', 'HEK293T', 'HEPG2', 'HT29', 'MCF7', 'NEU', 'NPC', 'PC3', 'SKB', 'VCAP']",42
noscapine,14,"['A375', 'A549', 'ASC', 'HA1E', 'HCC515', 'HEPG2', 'HT29', 'MCF7', 'NEU', 'NPC', 'PC3', 'PHH', 'SKB', 'VCAP']",64
ouabain,14,"['A375', 'A549', 'ASC', 'HA1E', 'HCC515', 'HEPG2', 'HT29', 'MCF7', 'NEU', 'NPC', 'PC3', 'PHH', 'SKB', 'VCAP']",66
BRD-K40094191,14,"['A375', 'A549', 'ASC', 'HA1E', 'HCC515', 'HEPG2', 'HT29', 'MCF7', 'NEU', 'NPC', 'PC3', 'PHH', 'SKB', 'VCAP']",30
oxalomalic-acid,14,"['A375', 'A549', 'ASC', 'HA1E', 'HCC515', 'HEPG2', 'HT29', 'MCF7', 'NEU', 'NPC', 'PC3', 'PHH', 'SKB', 'VCAP']",18
oxaprozin,14,"['A375', 'A549', 'ASC', 'HA1E', 'HCC515', 'HEPG2', 'HT29', 'HUH7', 'MCF7', 'NPC', 'PC3', 'PHH', 'SKB', 'VCAP']",50
cinacalcet,14,"['A375', 'A549', 'ASC', 'HA1E', 'HCC515', 'HEPG2', 'HT29', 'MCF7', 'NEU', 'NPC', 'PC3', 'PHH', 'SKB', 'VCAP']",18
D-609,14,"['A375', 'A549', 'ASC', 'HA1E', 'HCC515', 'HEPG2', 'HT29', 'MCF7', 'NEU', 'NPC', 'PC3', 'PHH', 'SKB', 'VCAP']",18
BRD-K88569143,14,"['A375', 'A549', 'ASC', 'HA1E', 'HCC515', 'HEPG2', 'HT29', 'MCF7', 'NEU', 'NPC', 'PC3', 'PHH', 'SKB', 'VCAP']",17
BRD-K59939374,14,"['A375', 'A549', 'ASC', 'HA1E', 'HCC515', 'HEPG2', 'HT29', 'MCF7', 'NEU', 'NPC', 'PC3', 'PHH', 'SKB', 'VCAP']",18
STK-222600,14,"['A375', 'A549', 'ASC', 'HA1E', 'HCC515', 'HEPG2', 'HT29', 'MCF7', 'NEU', 'NPC', 'PC3', 'PHH', 'SKB', 'VCAP']",30
BRD-K40300908,14,"['A375', 'A549', 'ASC', 'HA1E', 'HCC515', 'HEPG2', 'HT29', 'MCF7', 'NEU', 'NPC', 'PC3', 'PHH', 'SKB', 'VCAP']",18
STK-249718,14,"['A375', 'A549', 'ASC', 'HA1E', 'HCC515', 'HEPG2', 'HT29', 'HUH7', 'MCF7', 'NEU', 'PC3', 'PHH', 'SKB', 'VCAP']",24
MW-A1-14,14,"['A375', 'A549', 'ASC', 'HA1E', 'HCC515', 'HEPG2', 'HT29', 'MCF7', 'NEU', 'NPC', 'PC3', 'PHH', 'SKB', 'VCAP']",29
BRD-K25979535,14,"['A375', 'A549', 'ASC', 'HA1E', 'HCC515', 'HEPG2', 'HT29', 'MCF7', 'NEU', 'NPC', 'PC3', 'PHH', 'SKB', 'VCAP']",18
BRD-K26257340,14,"['A375', 'A549', 'ASC', 'HA1E', 'HCC515', 'HEPG2', 'HT29', 'MCF7', 'NEU', 'NPC', 'PC3', 'PHH', 'SKB', 'VCAP']",30
voriconazole,14,"['A375', 'A549', 'ASC', 'HA1E', 'HCC515', 'HEPG2', 'HT29', 'MCF7', 'NEU', 'NPC', 'PC3', 'PHH', 'SKB', 'VCAP']",33
fulvestrant,14,"['A375', 'A549', 'ASC', 'HA1E', 'HCC515', 'HEPG2', 'HT29', 'MCF7', 'NEU', 'NPC', 'PC3', 'PHH', 'SKB', 'VCAP']",281
BRD-K32111336,14,"['A375', 'A549', 'ASC', 'HA1E', 'HCC515', 'HEPG2', 'HT29', 'MCF7', 'NEU', 'NPC', 'PC3', 'PHH', 'SKB', 'VCAP']",18
CVF-SUMO-13,14,"['A375', 'A549', 'ASC', 'HA1E', 'HCC515', 'HEPG2', 'HT29', 'MCF7', 'NEU', 'NPC', 'PC3', 'PHH', 'SKB', 'VCAP']",18
BRD-K95760042,14,"['A375', 'A549', 'ASC', 'HA1E', 'HCC515', 'HEPG2', 'HT29', 'MCF7', 'NEU', 'NPC', 'PC3', 'PHH', 'SKB', 'VCAP']",34
BRD-K25774147,14,"['A375', 'A549', 'ASC', 'HA1E', 'HCC515', 'HEPG2', 'HT29', 'MCF7', 'NEU', 'NPC', 'PC3', 'PHH', 'SKB', 'VCAP']",30
BRD-A03946276,14,"['A375', 'A549', 'ASC', 'HA1E', 'HCC515', 'HEPG2', 'HT29', 'MCF7', 'NEU', 'NPC', 'PC3', 'PHH', 'SKB', 'VCAP']",18
clofibric-acid,14,"['A375', 'A549', 'ASC', 'FIBRNPC', 'HA1E', 'HCC515', 'HEPG2', 'HT29', 'MCF7', 'NEU', 'NPC', 'PC3', 'SKB', 'VCAP']",27
BRD-K60932973,14,"['A375', 'A549', 'ASC', 'HA1E', 'HCC515', 'HEPG2', 'HT29', 'HUH7', 'MCF7', 'NPC', 'PC3', 'PHH', 'SKB', 'VCAP']",31
phenazone,14,"['A375', 'A549', 'ASC', 'HA1E', 'HCC515', 'HEPG2', 'HT29', 'HUH7', 'MCF7', 'NPC', 'PC3', 'PHH', 'SKB', 'VCAP']",49
ST-4062971,14,"['A375', 'A549', 'ASC', 'HA1E', 'HCC515', 'HEPG2', 'HT29', 'MCF7', 'NEU', 'NPC', 'PC3', 'PHH', 'SKB', 'VCAP']",26
BRD-K61192129,14,"['A375', 'A549', 'ASC', 'HA1E', 'HCC515', 'HEPG2', 'HT29', 'MCF7', 'NEU', 'NPC', 'PC3', 'PHH', 'SKB', 'VCAP']",18
vecuronium,14,"['A375', 'A549', 'ASC', 'HA1E', 'HCC515', 'HEPG2', 'HT29', 'MCF7', 'NEU', 'NPC', 'PC3', 'PHH', 'SKB', 'VCAP']",35
BRD-K48576794,14,"['A375', 'A549', 'ASC', 'HA1E', 'HCC515', 'HEPG2', 'HT29', 'MCF7', 'NEU', 'NPC', 'PC3', 'PHH', 'SKB', 'VCAP']",31
BRD-K98991361,14,"['A375', 'A549', 'ASC', 'HA1E', 'HCC515', 'HEPG2', 'HT29', 'MCF7', 'NEU', 'NPC', 'PC3', 'PHH', 'SKB', 'VCAP']",30
BRD-K88714443,14,"['A375', 'A549', 'ASC', 'HA1E', 'HCC515', 'HEPG2', 'HT29', 'MCF7', 'NEU', 'NPC', 'PC3', 'PHH', 'SKB', 'VCAP']",18
piroxicam,14,"['A375', 'A549', 'ASC', 'HA1E', 'HCC515', 'HEPG2', 'HT29', 'MCF7', 'NKDBA', 'NPC', 'PC3', 'PHH', 'SKB', 'VCAP']",49
BRD-K88735704,14,"['A375', 'A549', 'ASC', 'HA1E', 'HCC515', 'HEPG2', 'HT29', 'MCF7', 'NEU', 'NPC', 'PC3', 'PHH', 'SKB', 'VCAP']",18
plinabulin,14,"['A375', 'A549', 'ASC', 'HA1E', 'HCC515', 'HEPG2', 'HT29', 'MCF7', 'NEU', 'NPC', 'PC3', 'PHH', 'SKB', 'VCAP']",18
podophyllotoxin,14,"['A375', 'A549', 'ASC', 'HA1E', 'HCC515', 'HEPG2', 'HT29', 'HUH7', 'MCF7', 'NPC', 'PC3', 'PHH', 'SKB', 'VCAP']",49
BRD-K83691318,14,"['A375', 'A549', 'ASC', 'HA1E', 'HCC515', 'HEPG2', 'HT29', 'MCF7', 'NEU', 'NPC', 'PC3', 'PHH', 'SKB', 'VCAP']",18
LY-456236,14,"['A375', 'A549', 'ASC', 'FIBRNPC', 'HA1E', 'HCC515', 'HEPG2', 'HT29', 'MCF7', 'NEU', 'NPC', 'PC3', 'SKB', 'VCAP']",31
pinacidil,14,"['A375', 'A549', 'ASC', 'HA1E', 'HCC515', 'HEPG2', 'HT29', 'MCF7', 'NEU', 'NPC', 'PC3', 'PHH', 'SKB', 'VCAP']",54
tyrphostin-AG-1288,14,"['A375', 'A549', 'ASC', 'HA1E', 'HCC515', 'HEPG2', 'HT29', 'MCF7', 'NEU', 'NPC', 'PC3', 'PHH', 'SKB', 'VCAP']",18
tyrphostin-AG-1295,14,"['A375', 'A549', 'ASC', 'HA1E', 'HCC515', 'HEPG2', 'HT29', 'MCF7', 'NEU', 'NPC', 'PC3', 'PHH', 'SKB', 'VCAP']",18
guggulsterone,14,"['A375', 'A549', 'ASC', 'HA1E', 'HCC515', 'HEPG2', 'HT29', 'MCF7', 'NEU', 'NPC', 'PC3', 'PHH', 'SKB', 'VCAP']",37
BI-78D3,14,"['A375', 'A549', 'ASC', 'HA1E', 'HCC515', 'HEPG2', 'HT29', 'MCF7', 'NEU', 'NPC', 'PC3', 'PHH', 'SKB', 'VCAP']",18
pirarubicin,14,"['A375', 'A549', 'ASC', 'HA1E', 'HCC515', 'HEPG2', 'HT29', 'MCF7', 'NEU', 'NPC', 'PC3', 'PHH', 'SKB', 'VCAP']",18
BRD-K12621773,14,"['A375', 'A549', 'ASC', 'HA1E', 'HCC515', 'HEPG2', 'HT29', 'MCF7', 'NEU', 'NPC', 'PC3', 'PHH', 'SKB', 'VCAP']",30
tyrphostin-AG-879,14,"['A375', 'A549', 'ASC', 'HA1E', 'HCC515', 'HEPG2', 'HT29', 'HUH7', 'MCF7', 'NPC', 'PC3', 'PHH', 'SKB', 'VCAP']",31
BRD-K30704475,14,"['A375', 'A549', 'ASC', 'HA1E', 'HCC515', 'HEPG2', 'HT29', 'MCF7', 'NEU', 'NPC', 'PC3', 'PHH', 'SKB', 'VCAP']",18
SPB02303,14,"['A375', 'A549', 'ASC', 'HA1E', 'HCC515', 'HEPG2', 'HT29', 'MCF7', 'NEU', 'NPC', 'PC3', 'PHH', 'SKB', 'VCAP']",30
cyclazosin,14,"['A375', 'A549', 'ASC', 'HA1E', 'HCC515', 'HEPG2', 'HT29', 'MCF7', 'NEU', 'NPC', 'PC3', 'PHH', 'SKB', 'VCAP']",18
progesterone,14,"['A375', 'A549', 'ASC', 'FIBRNPC', 'HA1E', 'HCC515', 'HEPG2', 'HT29', 'MCF7', 'NEU', 'NPC', 'PC3', 'SKB', 'VCAP']",55
BRD-K12168891,14,"['A375', 'A549', 'ASC', 'HA1E', 'HCC515', 'HEPG2', 'HT29', 'MCF7', 'NEU', 'NPC', 'PC3', 'PHH', 'SKB', 'VCAP']",30
SR-142948,14,"['A375', 'A549', 'ASC', 'FIBRNPC', 'HA1E', 'HCC515', 'HEPG2', 'HT29', 'MCF7', 'NEU', 'NPC', 'PC3', 'SKB', 'VCAP']",24
ZK-93423,14,"['A375', 'A549', 'ASC', 'HA1E', 'HCC515', 'HEPG2', 'HT29', 'HUH7', 'MCF7', 'NPC', 'PC3', 'PHH', 'SKB', 'VCAP']",31
BRD-K62459624,14,"['A375', 'A549', 'ASC', 'HA1E', 'HCC515', 'HEPG2', 'HT29', 'MCF7', 'NEU', 'NPC', 'PC3', 'PHH', 'SKB', 'VCAP']",33
BRD-K12105018,14,"['A375', 'A549', 'ASC', 'HA1E', 'HCC515', 'HEPG2', 'HT29', 'MCF7', 'NEU', 'NPC', 'PC3', 'PHH', 'SKB', 'VCAP']",18
prostaglandin,14,"['A375', 'A549', 'ASC', 'HA1E', 'HCC515', 'HEPG2', 'HT29', 'MCF7', 'NEU', 'NPC', 'PC3', 'PHH', 'SKB', 'VCAP']",18
BRD-K45114207,14,"['A375', 'A549', 'ASC', 'HA1E', 'HCC515', 'HEPG2', 'HT29', 'MCF7', 'NEU', 'NPC', 'PC3', 'PHH', 'SKB', 'VCAP']",18
BRD-K63175663,14,"['A375', 'A549', 'ASC', 'HA1E', 'HCC515', 'HEPG2', 'HT29', 'MCF7', 'NEU', 'NPC', 'PC3', 'PHH', 'SKB', 'VCAP']",30
BRD-K63350243,14,"['A375', 'A549', 'ASC', 'HA1E', 'HCC515', 'HEPG2', 'HT29', 'MCF7', 'NEU', 'NPC', 'PC3', 'PHH', 'SKB', 'VCAP']",35
hispidin,14,"['A375', 'A549', 'ASC', 'HA1E', 'HCC515', 'HEPG2', 'HT29', 'MCF7', 'NKDBA', 'NPC', 'PC3', 'PHH', 'SKB', 'VCAP']",31
BRD-K11147885,14,"['A375', 'A549', 'ASC', 'HA1E', 'HCC515', 'HEPG2', 'HT29', 'MCF7', 'NEU', 'NPC', 'PC3', 'PHH', 'SKB', 'VCAP']",18
L-689560,14,"['A375', 'A549', 'ASC', 'HA1E', 'HCC515', 'HEPG2', 'HT29', 'MCF7', 'NEU', 'NPC', 'PC3', 'PHH', 'SKB', 'VCAP']",38
puromycin,14,"['A375', 'A549', 'ASC', 'HA1E', 'HCC515', 'HEPG2', 'HT29', 'MCF7', 'NEU', 'NPC', 'PC3', 'PHH', 'SKB', 'VCAP']",43
BRD-K64024097,14,"['A375', 'A549', 'ASC', 'FIBRNPC', 'HA1E', 'HCC515', 'HEPG2', 'HT29', 'MCF7', 'NEU', 'NPC', 'PC3', 'SKB', 'VCAP']",135
SPB02137,14,"['A375', 'A549', 'ASC', 'HA1E', 'HCC515', 'HEPG2', 'HT29', 'MCF7', 'NEU', 'NPC', 'PC3', 'PHH', 'SKB', 'VCAP']",30
BRD-K64058329,14,"['A375', 'A549', 'ASC', 'HA1E', 'HCC515', 'HEPG2', 'HT29', 'MCF7', 'NEU', 'NPC', 'PC3', 'PHH', 'SKB', 'VCAP']",29
BRD-K49403449,14,"['A375', 'A549', 'ASC', 'HA1E', 'HCC515', 'HEPG2', 'HT29', 'MCF7', 'NEU', 'NPC', 'PC3', 'PHH', 'SKB', 'VCAP']",30
BRD-K31553917,14,"['A375', 'A549', 'ASC', 'HA1E', 'HCC515', 'HEPG2', 'HT29', 'MCF7', 'NEU', 'NPC', 'PC3', 'PHH', 'SKB', 'VCAP']",30
L-2167,14,"['A375', 'A549', 'ASC', 'HA1E', 'HCC515', 'HEPG2', 'HT29', 'MCF7', 'NEU', 'NPC', 'PC3', 'PHH', 'SKB', 'VCAP']",18
ketotifen,14,"['A375', 'A549', 'ASC', 'HA1E', 'HCC515', 'HEPG2', 'HT29', 'MCF7', 'NKDBA', 'NPC', 'PC3', 'PHH', 'SKB', 'VCAP']",51
BRD-K65258912,14,"['A375', 'A549', 'ASC', 'HA1E', 'HCC515', 'HEPG2', 'HT29', 'MCF7', 'NEU', 'NPC', 'PC3', 'PHH', 'SKB', 'VCAP']",31
BRD-K10906552,14,"['A375', 'A549', 'ASC', 'HA1E', 'HCC515', 'HEPG2', 'HT29', 'MCF7', 'NEU', 'NPC', 'PC3', 'PHH', 'SKB', 'VCAP']",18
BRD-K24426149,14,"['A375', 'A549', 'ASC', 'HA1E', 'HCC515', 'HEPG2', 'HT29', 'MCF7', 'NEU', 'NPC', 'PC3', 'PHH', 'SKB', 'VCAP']",33
YC-1,14,"['A375', 'A549', 'ASC', 'HA1E', 'HCC515', 'HEPG2', 'HT29', 'HUH7', 'MCF7', 'NPC', 'PC3', 'PHH', 'SKB', 'VCAP']",31
tubocurarine,14,"['A375', 'A549', 'ASC', 'HA1E', 'HCC515', 'HEPG2', 'HT29', 'MCF7', 'NEU', 'NPC', 'PC3', 'PHH', 'SKB', 'VCAP']",42
SIB-1893,14,"['A375', 'A549', 'ASC', 'HA1E', 'HCC515', 'HEPG2', 'HT29', 'HUH7', 'MCF7', 'NPC', 'PC3', 'PHH', 'SKB', 'VCAP']",35
SJB-AF-2,14,"['A375', 'A549', 'ASC', 'HA1E', 'HCC515', 'HEPG2', 'HT29', 'MCF7', 'NEU', 'NPC', 'PC3', 'PHH', 'SKB', 'VCAP']",30
SCH-23390,14,"['A375', 'A549', 'ASC', 'HA1E', 'HCC515', 'HEPG2', 'HT29', 'MCF7', 'NEU', 'NKDBA', 'NPC', 'PC3', 'SKB', 'VCAP']",44
BRD-A68721828,14,"['A375', 'A549', 'ASC', 'HA1E', 'HCC515', 'HEPG2', 'HT29', 'MCF7', 'NEU', 'NPC', 'PC3', 'PHH', 'SKB', 'VCAP']",18
BRD-K24102129,14,"['A375', 'A549', 'ASC', 'HA1E', 'HCC515', 'HEPG2', 'HT29', 'MCF7', 'NEU', 'NPC', 'PC3', 'PHH', 'SKB', 'VCAP']",18
anisomycin,14,"['A375', 'A549', 'ASC', 'FIBRNPC', 'HA1E', 'HCC515', 'HEPG2', 'HT29', 'MCF7', 'NEU', 'NPC', 'PC3', 'SKB', 'VCAP']",26
antimycin-a,14,"['A375', 'A549', 'ASC', 'HA1E', 'HCC515', 'HEPG2', 'HT29', 'MCF7', 'NEU', 'NPC', 'PC3', 'PHH', 'SKB', 'VCAP']",37
BRD-K01800709,14,"['A375', 'A549', 'ASC', 'HA1E', 'HCC515', 'HEPG2', 'HT29', 'MCF7', 'NEU', 'NPC', 'PC3', 'PHH', 'SKB', 'VCAP']",18
KM-00927,14,"['A375', 'A549', 'ASC', 'HA1E', 'HCC515', 'HEPG2', 'HT29', 'MCF7', 'NEU', 'NPC', 'PC3', 'PHH', 'SKB', 'VCAP']",18
apicidin,14,"['A375', 'A549', 'ASC', 'FIBRNPC', 'HA1E', 'HCC515', 'HEPG2', 'HT29', 'MCF7', 'NEU', 'NPC', 'PC3', 'SKB', 'VCAP']",93
dacinostat,14,"['A375', 'A549', 'ASC', 'HA1E', 'HCC515', 'HEPG2', 'HT29', 'MCF7', 'NEU', 'NPC', 'PC3', 'PHH', 'SKB', 'VCAP']",36
radicicol,14,"['A375', 'A549', 'ASC', 'HA1E', 'HCC515', 'HEPG2', 'HT29', 'MCF7', 'NEU', 'NPC', 'PC3', 'PHH', 'SKB', 'VCAP']",63
iloperidone,14,"['A375', 'A549', 'ASC', 'HA1E', 'HCC515', 'HEPG2', 'HT29', 'MCF7', 'NEU', 'NPC', 'PC3', 'PHH', 'SKB', 'VCAP']",18
tyrphostin-51,14,"['A375', 'A549', 'ASC', 'HA1E', 'HCC515', 'HEPG2', 'HT29', 'MCF7', 'NEU', 'NPC', 'PC3', 'PHH', 'SKB', 'VCAP']",18
tyrphostin-AG-126,14,"['A375', 'A549', 'ASC', 'HA1E', 'HCC515', 'HEPG2', 'HT29', 'MCF7', 'NEU', 'NPC', 'PC3', 'PHH', 'SKB', 'VCAP']",17
hyperforin,14,"['A375', 'A549', 'ASC', 'HA1E', 'HCC515', 'HEPG2', 'HT29', 'MCF7', 'NEU', 'NPC', 'PC3', 'PHH', 'SKB', 'VCAP']",18
aprepitant,14,"['A375', 'A549', 'ASC', 'HA1E', 'HCC515', 'HEPG2', 'HT29', 'MCF7', 'NEU', 'NPC', 'PC3', 'PHH', 'SKB', 'VCAP']",22
BRD-K66902379,14,"['A375', 'A549', 'ASC', 'HA1E', 'HCC515', 'HEPG2', 'HT29', 'MCF7', 'NEU', 'NPC', 'PC3', 'PHH', 'SKB', 'VCAP']",18
reversine,14,"['A375', 'A549', 'ASC', 'HA1E', 'HCC515', 'HEPG2', 'HT29', 'MCF7', 'NEU', 'NPC', 'PC3', 'PHH', 'SKB', 'VCAP']",18
BRD-K23841751,14,"['A375', 'A549', 'ASC', 'HA1E', 'HCC515', 'HEPG2', 'HT29', 'MCF7', 'NEU', 'NPC', 'PC3', 'PHH', 'SKB', 'VCAP']",18
BRD-K09191212,14,"['A375', 'A549', 'ASC', 'HA1E', 'HCC515', 'HEPG2', 'HT29', 'MCF7', 'NEU', 'NPC', 'PC3', 'PHH', 'SKB', 'VCAP']",31
EMF-BCA1-57,14,"['A375', 'A549', 'ASC', 'HA1E', 'HCC515', 'HEPG2', 'HT29', 'MCF7', 'NEU', 'NPC', 'PC3', 'PHH', 'SKB', 'VCAP']",31
BRD-A57107094,14,"['A375', 'A549', 'ASC', 'HA1E', 'HCC515', 'HEPG2', 'HT29', 'MCF7', 'NEU', 'NPC', 'PC3', 'PHH', 'SKB', 'VCAP']",34
AS-604850,14,"['A375', 'A549', 'ASC', 'HA1E', 'HCC515', 'HEPG2', 'HT29', 'MCF7', 'NEU', 'NPC', 'PC3', 'PHH', 'SKB', 'VCAP']",18
riluzole,14,"['A375', 'A549', 'ASC', 'FIBRNPC', 'HA1E', 'HCC515', 'HEPG2', 'HT29', 'MCF7', 'NEU', 'NPC', 'PC3', 'SKB', 'VCAP']",45
BRD-A59145032,14,"['A375', 'A549', 'ASC', 'HA1E', 'HCC515', 'HEPG2', 'HT29', 'MCF7', 'NEU', 'NPC', 'PC3', 'PHH', 'SKB', 'VCAP']",18
AS-703026,14,"['A375', 'A549', 'ASC', 'HA1E', 'HCC515', 'HEPG2', 'HT29', 'MCF7', 'NEU', 'NPC', 'PC3', 'PHH', 'SKB', 'VCAP']",18
K-858,14,"['A375', 'A549', 'ASC', 'HA1E', 'HCC515', 'HEPG2', 'HT29', 'MCF7', 'NEU', 'NPC', 'PC3', 'PHH', 'SKB', 'VCAP']",18
K784-3188,14,"['A375', 'A549', 'ASC', 'HA1E', 'HCC515', 'HEPG2', 'HT29', 'MCF7', 'NEU', 'NPC', 'PC3', 'PHH', 'SKB', 'VCAP']",37
JNJ-26481585,14,"['A375', 'A549', 'ASC', 'HA1E', 'HCC515', 'HEPG2', 'HT29', 'MCF7', 'NEU', 'NPC', 'PC3', 'PHH', 'SKB', 'VCAP']",18
BRD-K67258146,14,"['A375', 'A549', 'ASC', 'HA1E', 'HCC515', 'HEPG2', 'HT29', 'MCF7', 'NEU', 'NPC', 'PC3', 'PHH', 'SKB', 'VCAP']",18
rifabutin,14,"['A375', 'A549', 'ASC', 'HA1E', 'HCC515', 'HEPG2', 'HT29', 'MCF7', 'NEU', 'NPC', 'PC3', 'PHH', 'SKB', 'VCAP']",33
EHNA,14,"['A375', 'A549', 'ASC', 'FIBRNPC', 'HA1E', 'HCC515', 'HEPG2', 'HT29', 'MCF7', 'NEU', 'NPC', 'PC3', 'SKB', 'VCAP']",25
EI-231,14,"['A375', 'A549', 'ASC', 'HA1E', 'HCC515', 'HEPG2', 'HT29', 'MCF7', 'NEU', 'NPC', 'PC3', 'PHH', 'SKB', 'VCAP']",18
EI-247,14,"['A375', 'A549', 'ASC', 'HA1E', 'HCC515', 'HEPG2', 'HT29', 'MCF7', 'NEU', 'NPC', 'PC3', 'PHH', 'SKB', 'VCAP']",18
EI-273,14,"['A375', 'A549', 'ASC', 'HA1E', 'HCC515', 'HEPG2', 'HT29', 'MCF7', 'NEU', 'NPC', 'PC3', 'PHH', 'SKB', 'VCAP']",18
EI-346-erlotinib-analog,14,"['A375', 'A549', 'ASC', 'HA1E', 'HCC515', 'HEPG2', 'HT29', 'MCF7', 'NEU', 'NPC', 'PC3', 'PHH', 'SKB', 'VCAP']",17
BRD-A13346522,14,"['A375', 'A549', 'ASC', 'HA1E', 'HCC515', 'HEPG2', 'HT29', 'MCF7', 'NEU', 'NPC', 'PC3', 'PHH', 'SKB', 'VCAP']",31
BIX-01294,14,"['A375', 'A549', 'ASC', 'FIBRNPC', 'HA1E', 'HCC515', 'HT29', 'MCF7', 'NEU', 'NPC', 'PC3', 'PHH', 'SKB', 'VCAP']",27
BRD-K67808578,14,"['A375', 'A549', 'ASC', 'HA1E', 'HCC515', 'HEPG2', 'HT29', 'MCF7', 'NEU', 'NPC', 'PC3', 'PHH', 'SKB', 'VCAP']",35
BRD-A13461302,14,"['A375', 'A549', 'ASC', 'HA1E', 'HCC515', 'HEPG2', 'HT29', 'MCF7', 'NEU', 'NPC', 'PC3', 'PHH', 'SKB', 'VCAP']",18
BRD-A13914662,14,"['A375', 'A549', 'ASC', 'HA1E', 'HCC515', 'HEPG2', 'HT29', 'MCF7', 'NEU', 'NPC', 'PC3', 'PHH', 'SKB', 'VCAP']",18
rivaroxaban,14,"['A375', 'A549', 'ASC', 'HA1E', 'HCC515', 'HEPG2', 'HT29', 'MCF7', 'NEU', 'NPC', 'PC3', 'PHH', 'SKB', 'VCAP']",18
BRD-K67470788,14,"['A375', 'A549', 'ASC', 'HA1E', 'HCC515', 'HEPG2', 'HT29', 'MCF7', 'NEU', 'NPC', 'PC3', 'PHH', 'SKB', 'VCAP']",17
WZ-3146,14,"['A375', 'A549', 'ASC', 'HA1E', 'HCC515', 'HEPG2', 'HT29', 'MCF7', 'NEU', 'NPC', 'PC3', 'PHH', 'SKB', 'VCAP']",18
BL-074,14,"['A375', 'A549', 'ASC', 'HA1E', 'HCC515', 'HEPG2', 'HT29', 'MCF7', 'NEU', 'NPC', 'PC3', 'PHH', 'SKB', 'VCAP']",18
BRD-K78062244,14,"['A375', 'A549', 'ASC', 'HA1E', 'HCC515', 'HEPG2', 'HT29', 'MCF7', 'NEU', 'NPC', 'PC3', 'PHH', 'SKB', 'VCAP']",30
BRD-K07877311,14,"['A375', 'A549', 'ASC', 'HA1E', 'HCC515', 'HEPG2', 'HT29', 'MCF7', 'NEU', 'NPC', 'PC3', 'PHH', 'SKB', 'VCAP']",18
ryuvidine,14,"['A375', 'A549', 'ASC', 'HA1E', 'HCC515', 'HEPG2', 'HT29', 'HUH7', 'MCF7', 'NPC', 'PC3', 'PHH', 'SKB', 'VCAP']",26
XL-147,14,"['A375', 'A549', 'ASC', 'HA1E', 'HCC515', 'HEPG2', 'HT29', 'MCF7', 'NEU', 'NPC', 'PC3', 'PHH', 'SKB', 'VCAP']",18
safinamide,14,"['A375', 'A549', 'ASC', 'HA1E', 'HCC515', 'HEPG2', 'HT29', 'MCF7', 'NEU', 'NPC', 'PC3', 'PHH', 'SKB', 'VCAP']",18
EMF-sumo1-10,14,"['A375', 'A549', 'ASC', 'HA1E', 'HCC515', 'HEPG2', 'HT29', 'MCF7', 'NEU', 'NPC', 'PC3', 'PHH', 'SKB', 'VCAP']",35
BRD-K51998148,14,"['A375', 'A549', 'ASC', 'HA1E', 'HCC515', 'HEPG2', 'HT29', 'MCF7', 'NEU', 'NPC', 'PC3', 'PHH', 'SKB', 'VCAP']",18
EMF-sumo1-12,14,"['A375', 'A549', 'ASC', 'HA1E', 'HCC515', 'HEPG2', 'HT29', 'MCF7', 'NEU', 'NPC', 'PC3', 'PHH', 'SKB', 'VCAP']",18
EMF-sumo1-2,14,"['A375', 'A549', 'ASC', 'HA1E', 'HCC515', 'HEPG2', 'HT29', 'MCF7', 'NEU', 'NPC', 'PC3', 'PHH', 'SKB', 'VCAP']",18
EMF-sumo1-3,14,"['A375', 'A549', 'ASC', 'HA1E', 'HCC515', 'HEPG2', 'HT29', 'MCF7', 'NEU', 'NPC', 'PC3', 'PHH', 'SKB', 'VCAP']",18
EMF-sumo1-4,14,"['A375', 'A549', 'ASC', 'HA1E', 'HCC515', 'HEPG2', 'HT29', 'MCF7', 'NEU', 'NPC', 'PC3', 'PHH', 'SKB', 'VCAP']",18
BRD-K68313733,14,"['A375', 'A549', 'ASC', 'HA1E', 'HCC515', 'HEPG2', 'HT29', 'MCF7', 'NEU', 'NPC', 'PC3', 'PHH', 'SKB', 'VCAP']",31
triflupromazine,14,"['A375', 'A549', 'ASC', 'HA1E', 'HCC515', 'HEK293T', 'HEPG2', 'HT29', 'MCF7', 'NEU', 'NPC', 'PC3', 'SKB', 'VCAP']",42
SB-202190,14,"['A375', 'A549', 'ASC', 'FIBRNPC', 'HA1E', 'HCC515', 'HEPG2', 'HT29', 'MCF7', 'NEU', 'NPC', 'PC3', 'SKB', 'VCAP']",25
EMF-sumo1-1,14,"['A375', 'A549', 'ASC', 'HA1E', 'HCC515', 'HEPG2', 'HT29', 'MCF7', 'NEU', 'NPC', 'PC3', 'PHH', 'SKB', 'VCAP']",18
scopolamine,14,"['A375', 'A549', 'ASC', 'HA1E', 'HCC515', 'HEPG2', 'HT29', 'MCF7', 'NEU', 'NPC', 'PC3', 'PHH', 'SKB', 'VCAP']",64
entecavir,14,"['A375', 'A549', 'ASC', 'HA1E', 'HCC515', 'HEPG2', 'HT29', 'MCF7', 'NEU', 'NPC', 'PC3', 'PHH', 'SKB', 'VCAP']",18
BRD-K22630935,14,"['A375', 'A549', 'ASC', 'HA1E', 'HCC515', 'HEPG2', 'HT29', 'MCF7', 'NEU', 'NPC', 'PC3', 'PHH', 'SKB', 'VCAP']",18
ebelactone-b,14,"['A375', 'A549', 'ASC', 'HA1E', 'HCC515', 'HEPG2', 'HT29', 'MCF7', 'NEU', 'NPC', 'PC3', 'PHH', 'SKB', 'VCAP']",18
BRD-K41668190,14,"['A375', 'A549', 'ASC', 'HA1E', 'HCC515', 'HEPG2', 'HT29', 'MCF7', 'NEU', 'NPC', 'PC3', 'PHH', 'SKB', 'VCAP']",18
EMF-sumo1-5,14,"['A375', 'A549', 'ASC', 'HA1E', 'HCC515', 'HEPG2', 'HT29', 'MCF7', 'NEU', 'NPC', 'PC3', 'PHH', 'SKB', 'VCAP']",18
BRD-K34387287,14,"['A375', 'A549', 'ASC', 'HA1E', 'HCC515', 'HEPG2', 'HT29', 'MCF7', 'NEU', 'NPC', 'PC3', 'PHH', 'SKB', 'VCAP']",18
BRD-K06765193,14,"['A375', 'A549', 'ASC', 'HA1E', 'HCC515', 'HEPG2', 'HT29', 'MCF7', 'NEU', 'NKDBA', 'NPC', 'PC3', 'SKB', 'VCAP']",42
SA-425500,14,"['A375', 'A549', 'ASC', 'HA1E', 'HCC515', 'HEPG2', 'HT29', 'MCF7', 'NEU', 'NKDBA', 'NPC', 'PC3', 'SKB', 'VCAP']",28
somatostatin,14,"['A375', 'A549', 'ASC', 'HA1E', 'HCC515', 'HEPG2', 'HT29', 'MCF7', 'NEU', 'NPC', 'PC3', 'PHH', 'SKB', 'VCAP']",18
BRD-K07061353,14,"['A375', 'A549', 'ASC', 'HA1E', 'HCC515', 'HEPG2', 'HT29', 'MCF7', 'NEU', 'NPC', 'PC3', 'PHH', 'SKB', 'VCAP']",18
cyclopamine,14,"['A375', 'A549', 'ASC', 'HA1E', 'HCC515', 'HEPG2', 'HT29', 'MCF7', 'NEU', 'NPC', 'PC3', 'PHH', 'SKB', 'VCAP']",36
H-9,14,"['A375', 'A549', 'ASC', 'HA1E', 'HCC515', 'HEPG2', 'HT29', 'MCF7', 'NEU', 'NPC', 'PC3', 'PHH', 'SKB', 'VCAP']",37
SA-103006,14,"['A375', 'A549', 'ASC', 'HA1E', 'HCC515', 'HEPG2', 'HT29', 'MCF7', 'NEU', 'NKDBA', 'NPC', 'PC3', 'SKB', 'VCAP']",29
SA-1447005,14,"['A375', 'A549', 'ASC', 'HA1E', 'HCC515', 'HT29', 'MCF7', 'NEU', 'NKDBA', 'NPC', 'PC3', 'PHH', 'SKB', 'VCAP']",29
HC-toxin,14,"['A375', 'A549', 'ASC', 'HA1E', 'HCC515', 'HEPG2', 'HT29', 'MCF7', 'NEU', 'NPC', 'PC3', 'PHH', 'SKB', 'VCAP']",26
HNHA,14,"['A375', 'A549', 'ASC', 'HA1E', 'HCC515', 'HEPG2', 'HT29', 'MCF7', 'NEU', 'NPC', 'PC3', 'PHH', 'SKB', 'VCAP']",18
triamterene,14,"['A375', 'A549', 'ASC', 'HA1E', 'HCC515', 'HEK293T', 'HEPG2', 'HT29', 'MCF7', 'NPC', 'PC3', 'PHH', 'SKB', 'VCAP']",49
BRD-K91047982,14,"['A375', 'A549', 'ASC', 'HA1E', 'HCC515', 'HEPG2', 'HT29', 'MCF7', 'NEU', 'NPC', 'PC3', 'PHH', 'SKB', 'VCAP']",18
strophanthidin,14,"['A375', 'A549', 'ASC', 'HA1E', 'HCC515', 'HEPG2', 'HT29', 'HUH7', 'MCF7', 'NPC', 'PC3', 'PHH', 'SKB', 'VCAP']",31
sphingosine,14,"['A375', 'A549', 'ASC', 'HA1E', 'HCC515', 'HEPG2', 'HT29', 'MCF7', 'NEU', 'NPC', 'PC3', 'PHH', 'SKB', 'VCAP']",18
BRD-K21788104,14,"['A375', 'A549', 'ASC', 'HA1E', 'HCC515', 'HEPG2', 'HT29', 'MCF7', 'NEU', 'NPC', 'PC3', 'PHH', 'SKB', 'VCAP']",30
epigallocatechin-gallate-(-),14,"['A375', 'A549', 'ASC', 'FIBRNPC', 'HA1E', 'HCC515', 'HT29', 'MCF7', 'NEU', 'NPC', 'PC3', 'PHH', 'SKB', 'VCAP']",34
H-7,14,"['A375', 'A549', 'ASC', 'HA1E', 'HCC515', 'HEPG2', 'HT29', 'MCF7', 'NEU', 'NPC', 'PC3', 'PHH', 'SKB', 'VCAP']",18
epirizole,14,"['A375', 'A549', 'ASC', 'HA1E', 'HCC515', 'HEK293T', 'HEPG2', 'HT29', 'MCF7', 'NPC', 'PC3', 'PHH', 'SKB', 'VCAP']",51
BRD-K69516039,14,"['A375', 'A549', 'ASC', 'HA1E', 'HCC515', 'HEPG2', 'HT29', 'MCF7', 'NEU', 'NPC', 'PC3', 'PHH', 'SKB', 'VCAP']",31
GW-441756,14,"['A375', 'A549', 'ASC', 'HA1E', 'HCC515', 'HEPG2', 'HT29', 'MCF7', 'NEU', 'NPC', 'PC3', 'PHH', 'SKB', 'VCAP']",37
GW-501516,14,"['A375', 'A549', 'ASC', 'HA1E', 'HCC515', 'HEPG2', 'HT29', 'MCF7', 'NEU', 'NPC', 'PC3', 'PHH', 'SKB', 'VCAP']",18
GW-9662,14,"['A375', 'A549', 'ASC', 'FIBRNPC', 'HA1E', 'HCC515', 'HEPG2', 'HT29', 'MCF7', 'NEU', 'NPC', 'PC3', 'SKB', 'VCAP']",31
EMF-sumo1-6,14,"['A375', 'A549', 'ASC', 'HA1E', 'HCC515', 'HEPG2', 'HT29', 'MCF7', 'NEU', 'NPC', 'PC3', 'PHH', 'SKB', 'VCAP']",18
EMF-sumo1-7,14,"['A375', 'A549', 'ASC', 'HA1E', 'HCC515', 'HEPG2', 'HT29', 'MCF7', 'NEU', 'NPC', 'PC3', 'PHH', 'SKB', 'VCAP']",18
EMF-sumo1-8,14,"['A375', 'A549', 'ASC', 'HA1E', 'HCC515', 'HEPG2', 'HT29', 'MCF7', 'NEU', 'NPC', 'PC3', 'PHH', 'SKB', 'VCAP']",18
BRD-K33926001,14,"['A375', 'A549', 'ASC', 'HA1E', 'HCC515', 'HEPG2', 'HT29', 'MCF7', 'NEU', 'NPC', 'PC3', 'PHH', 'SKB', 'VCAP']",18
EMF-sumo1-9,14,"['A375', 'A549', 'ASC', 'HA1E', 'HCC515', 'HEPG2', 'HT29', 'MCF7', 'NEU', 'NPC', 'PC3', 'PHH', 'SKB', 'VCAP']",18
tamibarotene,14,"['A375', 'A549', 'ASC', 'HA1E', 'HCC515', 'HEPG2', 'HT29', 'MCF7', 'NEU', 'NPC', 'PC3', 'PHH', 'SKB', 'VCAP']",26
danazol,14,"['A375', 'A549', 'ASC', 'HA1E', 'HCC515', 'HEPG2', 'HT29', 'MCF7', 'NEU', 'NPC', 'PC3', 'PHH', 'SKB', 'VCAP']",75
BRD-K05593511,14,"['A375', 'A549', 'ASC', 'HA1E', 'HCC515', 'HEPG2', 'HT29', 'MCF7', 'NEU', 'NPC', 'PC3', 'PHH', 'SKB', 'VCAP']",18
BRD-K22129929,14,"['A375', 'A549', 'ASC', 'HA1E', 'HCC515', 'HEPG2', 'HT29', 'MCF7', 'NEU', 'NPC', 'PC3', 'PHH', 'SKB', 'VCAP']",30
sunitinib,14,"['A375', 'A549', 'ASC', 'HA1E', 'HCC515', 'HEPG2', 'HT29', 'MCF7', 'NEU', 'NPC', 'PC3', 'PHH', 'SKB', 'VCAP']",18
F-1061-0166,14,"['A375', 'A549', 'ASC', 'HA1E', 'HCC515', 'HEPG2', 'HT29', 'MCF7', 'NEU', 'NPC', 'PC3', 'PHH', 'SKB', 'VCAP']",34
F-1566-0341,14,"['A375', 'A549', 'ASC', 'HA1E', 'HCC515', 'HEPG2', 'HT29', 'MCF7', 'NEU', 'NPC', 'PC3', 'PHH', 'SKB', 'VCAP']",34
FCCP,14,"['A375', 'A549', 'ASC', 'HA1E', 'HCC515', 'HEPG2', 'HT29', 'HUH7', 'MCF7', 'NPC', 'PC3', 'PHH', 'SKB', 'VCAP']",39
WYE-354,14,"['A375', 'A549', 'ASC', 'HA1E', 'HCC515', 'HEPG2', 'HT29', 'MCF7', 'NEU', 'NPC', 'PC3', 'PHH', 'SKB', 'VCAP']",18
BRD-K77014406,14,"['A375', 'A549', 'ASC', 'HA1E', 'HCC515', 'HEPG2', 'HT29', 'MCF7', 'NEU', 'NPC', 'PC3', 'PHH', 'SKB', 'VCAP']",30
BRD-K98896788,14,"['A375', 'A549', 'ASC', 'HA1E', 'HCC515', 'HEPG2', 'HT29', 'MCF7', 'NEU', 'NPC', 'PC3', 'PHH', 'SKB', 'VCAP']",30
GSK-0660,14,"['A375', 'A549', 'ASC', 'HA1E', 'HCC515', 'HEPG2', 'HT29', 'MCF7', 'NEU', 'NPC', 'PC3', 'PHH', 'SKB', 'VCAP']",18
BRD-K70161581,14,"['A375', 'A549', 'ASC', 'HA1E', 'HCC515', 'HEPG2', 'HT29', 'MCF7', 'NEU', 'NPC', 'PC3', 'PHH', 'SKB', 'VCAP']",18
teicoplanin,14,"['A375', 'A549', 'ASC', 'HA1E', 'HCC515', 'HEPG2', 'HT29', 'MCF7', 'NEU', 'NPC', 'PC3', 'PHH', 'SKB', 'VCAP']",18
BRD-A17718497,14,"['A375', 'A549', 'ASC', 'HA1E', 'HCC515', 'HEPG2', 'HT29', 'MCF7', 'NEU', 'NPC', 'PC3', 'PHH', 'SKB', 'VCAP']",30
testosterone,14,"['A375', 'A549', 'ASC', 'HA1E', 'HCC515', 'HEPG2', 'HT29', 'MCF7', 'NEU', 'NPC', 'PC3', 'PHH', 'SKB', 'VCAP']",67
tenovin-1,14,"['A375', 'A549', 'ASC', 'HA1E', 'HCC515', 'HEPG2', 'HT29', 'MCF7', 'NEU', 'NPC', 'PC3', 'PHH', 'SKB', 'VCAP']",18
lavendustin-c,14,"['A375', 'A549', 'ASC', 'HA1E', 'HCC515', 'HEPG2', 'HT29', 'MCF7', 'NEU', 'NPC', 'PC3', 'PHH', 'SKB', 'VCAP']",18
BRD-K81314178,14,"['A375', 'A549', 'ASC', 'HA1E', 'HCC515', 'HEPG2', 'HT29', 'MCF7', 'NEU', 'NPC', 'PC3', 'PHH', 'SKB', 'VCAP']",18
GR-235,14,"['A375', 'A549', 'ASC', 'HA1E', 'HCC515', 'HEPG2', 'HT29', 'MCF7', 'NEU', 'NPC', 'PC3', 'PHH', 'SKB', 'VCAP']",18
BRD-K21005091,14,"['A375', 'A549', 'ASC', 'HA1E', 'HCC515', 'HEPG2', 'HT29', 'MCF7', 'NEU', 'NPC', 'PC3', 'PHH', 'SKB', 'VCAP']",30
FR-180204,14,"['A375', 'A549', 'BT20', 'HA1E', 'HCC515', 'HEPG2', 'HS578T', 'HT29', 'MCF10A', 'MCF7', 'MDAMB231', 'PC3', 'SKBR3', 'VCAP']",61
BRD-K03857568,14,"['A375', 'A549', 'ASC', 'HA1E', 'HCC515', 'HEPG2', 'HT29', 'MCF7', 'NEU', 'NPC', 'PC3', 'PHH', 'SKB', 'VCAP']",30
thiostrepton,14,"['A375', 'A549', 'ASC', 'HA1E', 'HCC515', 'HEPG2', 'HT29', 'MCF7', 'NEU', 'NKDBA', 'PC3', 'PHH', 'SKB', 'VCAP']",47
BRD-K70771662,14,"['A375', 'A549', 'ASC', 'HA1E', 'HCC515', 'HEPG2', 'HT29', 'MCF7', 'NEU', 'NPC', 'PC3', 'PHH', 'SKB', 'VCAP']",30
BRD-K04188046,14,"['A375', 'A549', 'ASC', 'HA1E', 'HCC515', 'HEPG2', 'HT29', 'MCF7', 'NEU', 'NPC', 'PC3', 'PHH', 'SKB', 'VCAP']",30
entinostat,14,"['A375', 'A549', 'ASC', 'HA1E', 'HCC515', 'HEPG2', 'HT29', 'MCF7', 'NEU', 'NPC', 'PC3', 'PHH', 'SKB', 'VCAP']",131
thenoyltrifluoroacetone,14,"['A375', 'A549', 'ASC', 'FIBRNPC', 'HA1E', 'HCC515', 'HEPG2', 'HT29', 'MCF7', 'NEU', 'NPC', 'PC3', 'SKB', 'VCAP']",25
cabergoline,14,"['A375', 'A549', 'ASC', 'HA1E', 'HCC515', 'HEPG2', 'HT29', 'MCF7', 'NEU', 'NPC', 'PC3', 'PHH', 'SKB', 'VCAP']",38
ziprasidone,14,"['A375', 'A549', 'ASC', 'HA1E', 'HCC515', 'HEPG2', 'HT29', 'MCF7', 'NEU', 'NPC', 'PC3', 'PHH', 'SKB', 'VCAP']",18
withaferin-a,14,"['A375', 'A549', 'ASC', 'HA1E', 'HCC515', 'HEPG2', 'HT29', 'MCF7', 'NEU', 'NPC', 'PC3', 'PHH', 'SKB', 'VCAP']",227
xanthohumol,14,"['A375', 'A549', 'ASC', 'HA1E', 'HCC515', 'HEPG2', 'HT29', 'MCF7', 'NEU', 'NPC', 'PC3', 'PHH', 'SKB', 'VCAP']",18
yohimbine,14,"['A375', 'A549', 'ASC', 'HA1E', 'HCC515', 'HEPG2', 'HT29', 'MCF7', 'NEU', 'NPC', 'PC3', 'PHH', 'SKB', 'VCAP']",59
VX-222,14,"['A375', 'A549', 'ASC', 'HA1E', 'HCC515', 'HEPG2', 'HT29', 'MCF7', 'NEU', 'NPC', 'PC3', 'PHH', 'SKB', 'VCAP']",18
VX-702,14,"['A375', 'A549', 'ASC', 'HA1E', 'HCC515', 'HEPG2', 'HT29', 'MCF7', 'NEU', 'NPC', 'PC3', 'PHH', 'SKB', 'VCAP']",17
zosuquidar,14,"['A375', 'A549', 'ASC', 'HA1E', 'HCC515', 'HEPG2', 'HT29', 'MCF7', 'NEU', 'NPC', 'PC3', 'PHH', 'SKB', 'VCAP']",18
lopinavir,14,"['A375', 'A549', 'ASC', 'HA1E', 'HCC515', 'HEPG2', 'HT29', 'MCF7', 'NEU', 'NPC', 'PC3', 'PHH', 'SKB', 'VCAP']",18
danoprevir,14,"['A375', 'A549', 'ASC', 'HA1E', 'HCC515', 'HEPG2', 'HT29', 'MCF7', 'NEU', 'NPC', 'PC3', 'PHH', 'SKB', 'VCAP']",18
VU-0410183-2,14,"['A375', 'A549', 'ASC', 'HA1E', 'HCC515', 'HEPG2', 'HT29', 'MCF7', 'NEU', 'NPC', 'PC3', 'PHH', 'SKB', 'VCAP']",29
RAN-07,14,"['A375', 'A549', 'ASC', 'HA1E', 'HCC515', 'HEPG2', 'HT29', 'MCF7', 'NEU', 'NPC', 'PC3', 'PHH', 'SKB', 'VCAP']",35
lypressin,14,"['A375', 'A549', 'ASC', 'HA1E', 'HCC515', 'HEPG2', 'HT29', 'MCF7', 'NEU', 'NPC', 'PC3', 'PHH', 'SKB', 'VCAP']",18
VU-0418946-1,14,"['A375', 'A549', 'ASC', 'HA1E', 'HCC515', 'HEPG2', 'HT29', 'MCF7', 'NEU', 'NPC', 'PC3', 'PHH', 'SKB', 'VCAP']",29
decitabine,14,"['A375', 'A549', 'ASC', 'FIBRNPC', 'HA1E', 'HCC515', 'HEPG2', 'HT29', 'MCF7', 'NEU', 'NPC', 'PC3', 'SKB', 'VCAP']",29
mefenamic-acid,14,"['A375', 'A549', 'ASC', 'HA1E', 'HCC515', 'HEK293T', 'HEPG2', 'HT29', 'MCF7', 'NPC', 'PC3', 'PHH', 'SKB', 'VCAP']",38
BRD-K33586157,14,"['A375', 'A549', 'ASC', 'HA1E', 'HCC515', 'HEPG2', 'HT29', 'MCF7', 'NEU', 'NPC', 'PC3', 'PHH', 'SKB', 'VCAP']",18
BRD-K32927008,14,"['A375', 'A549', 'ASC', 'HA1E', 'HCC515', 'HEPG2', 'HT29', 'MCF7', 'NEU', 'NPC', 'PC3', 'PHH', 'SKB', 'VCAP']",18
mebendazole,14,"['A375', 'A549', 'ASC', 'HA1E', 'HCC515', 'HEPG2', 'HT29', 'MCF7', 'NKDBA', 'NPC', 'PC3', 'PHH', 'SKB', 'VCAP']",105
CAY-10577,14,"['A375', 'A549', 'ASC', 'HA1E', 'HCC515', 'HEPG2', 'HT29', 'MCF7', 'NEU', 'NPC', 'PC3', 'PHH', 'SKB', 'VCAP']",18
CAY-10585,14,"['A375', 'A549', 'ASC', 'HA1E', 'HCC515', 'HEPG2', 'HT29', 'MCF7', 'NEU', 'NPC', 'PC3', 'PHH', 'SKB', 'VCAP']",18
CCCP,13,"['A375', 'A549', 'ASC', 'HA1E', 'HCC515', 'HEPG2', 'HT29', 'MCF7', 'NPC', 'PC3', 'PHH', 'SKB', 'VCAP']",19
UB-165,13,"['A375', 'A549', 'ASC', 'HA1E', 'HCC515', 'HEPG2', 'HT29', 'MCF7', 'NPC', 'PC3', 'PHH', 'SKB', 'VCAP']",19
aminogenistein,13,"['A375', 'A549', 'ASC', 'HA1E', 'HCC515', 'HEPG2', 'HT29', 'MCF7', 'NPC', 'PC3', 'PHH', 'SKB', 'VCAP']",19
brinzolamide,13,"['A375', 'A549', 'ASC', 'HA1E', 'HCC515', 'HEPG2', 'HT29', 'MCF7', 'NPC', 'PC3', 'PHH', 'SKB', 'VCAP']",22
BRD-K70960308,13,"['A375', 'A549', 'ASC', 'HA1E', 'HCC515', 'HT29', 'MCF7', 'NEU', 'NPC', 'PC3', 'PHH', 'SKB', 'VCAP']",17
BRD-K71292008,13,"['A375', 'A549', 'ASC', 'HA1E', 'HCC515', 'HT29', 'MCF7', 'NEU', 'NPC', 'PC3', 'PHH', 'SKB', 'VCAP']",17
zolantidine,13,"['A375', 'A549', 'ASC', 'HA1E', 'HCC515', 'HEPG2', 'HT29', 'MCF7', 'NPC', 'PC3', 'PHH', 'SKB', 'VCAP']",19
zuclopenthixol,13,"['A375', 'A549', 'ASC', 'HA1E', 'HCC515', 'HEPG2', 'HT29', 'MCF7', 'NPC', 'PC3', 'PHH', 'SKB', 'VCAP']",23
BD-1063,13,"['A375', 'A549', 'ASC', 'HA1E', 'HCC515', 'HEPG2', 'HT29', 'MCF7', 'NPC', 'PC3', 'PHH', 'SKB', 'VCAP']",19
epitestosterone,13,"['A375', 'A549', 'ASC', 'HA1E', 'HCC515', 'HEPG2', 'HT29', 'MCF7', 'NPC', 'PC3', 'PHH', 'SKB', 'VCAP']",42
sitagliptin,13,"['A375', 'A549', 'ASC', 'HA1E', 'HCC515', 'HEPG2', 'HT29', 'MCF7', 'NEU', 'NPC', 'PC3', 'SKB', 'VCAP']",17
indirubin-3-monoxime,13,"['A375', 'A549', 'ASC', 'HA1E', 'HCC515', 'HEPG2', 'HT29', 'MCF7', 'NPC', 'PC3', 'PHH', 'SKB', 'VCAP']",23
BIBX-1382,13,"['A375', 'A549', 'ASC', 'HA1E', 'HCC515', 'HEPG2', 'HT29', 'MCF7', 'NPC', 'PC3', 'PHH', 'SKB', 'VCAP']",23
K784-3131,13,"['A375', 'A549', 'ASC', 'HA1E', 'HCC515', 'HT29', 'MCF7', 'NEU', 'NPC', 'PC3', 'PHH', 'SKB', 'VCAP']",37
cetirizine,13,"['A375', 'A549', 'ASC', 'HA1E', 'HCC515', 'HEPG2', 'HT29', 'MCF7', 'NPC', 'PC3', 'PHH', 'SKB', 'VCAP']",36
JX-401,13,"['A375', 'A549', 'ASC', 'HA1E', 'HCC515', 'HEPG2', 'HT29', 'MCF7', 'NPC', 'PC3', 'PHH', 'SKB', 'VCAP']",25
BRD-K76938712,13,"['A375', 'A549', 'ASC', 'HA1E', 'HCC515', 'HEPG2', 'HT29', 'MCF7', 'NEU', 'NPC', 'PC3', 'SKB', 'VCAP']",17
JTE-907,13,"['A375', 'A549', 'ASC', 'HA1E', 'HCC515', 'HEPG2', 'HT29', 'MCF7', 'NPC', 'PC3', 'PHH', 'SKB', 'VCAP']",19
BRD-A06131576,13,"['A375', 'A549', 'ASC', 'HA1E', 'HCC515', 'HT29', 'MCF7', 'NEU', 'NPC', 'PC3', 'PHH', 'SKB', 'VCAP']",17
rimcazole,13,"['A375', 'A549', 'ASC', 'HA1E', 'HCC515', 'HEPG2', 'HT29', 'MCF7', 'NEU', 'NPC', 'PC3', 'SKB', 'VCAP']",32
bemesetron,13,"['A375', 'A549', 'ASC', 'HA1E', 'HCC515', 'HEPG2', 'HT29', 'MCF7', 'NEU', 'NPC', 'PC3', 'SKB', 'VCAP']",19
BRD-K02223034,13,"['A375', 'A549', 'ASC', 'HA1E', 'HCC515', 'HT29', 'MCF7', 'NEU', 'NPC', 'PC3', 'PHH', 'SKB', 'VCAP']",17
BRD-K07023879,13,"['A375', 'A549', 'ASC', 'HA1E', 'HCC515', 'HT29', 'MCF7', 'NEU', 'NPC', 'PC3', 'PHH', 'SKB', 'VCAP']",17
EMF-BCA1-64,13,"['A375', 'A549', 'ASC', 'HA1E', 'HCC515', 'HEPG2', 'HT29', 'MCF7', 'NEU', 'NPC', 'PC3', 'SKB', 'VCAP']",30
EXO-1,13,"['A375', 'A549', 'ASC', 'HA1E', 'HCC515', 'HEPG2', 'HT29', 'MCF7', 'NEU', 'NPC', 'PC3', 'SKB', 'VCAP']",34
BRD-A56800788,13,"['A375', 'A549', 'ASC', 'HA1E', 'HCC515', 'HEPG2', 'HT29', 'MCF7', 'NEU', 'NPC', 'PC3', 'SKB', 'VCAP']",17
BRD-K81813927,13,"['A375', 'A549', 'ASC', 'HA1E', 'HCC515', 'HT29', 'MCF7', 'NEU', 'NPC', 'PC3', 'PHH', 'SKB', 'VCAP']",17
K784-3391,13,"['A375', 'A549', 'ASC', 'HA1E', 'HCC515', 'HEPG2', 'HT29', 'MCF7', 'NEU', 'NPC', 'PC3', 'SKB', 'VCAP']",17
BRD-A55565369,13,"['A375', 'A549', 'ASC', 'HA1E', 'HCC515', 'HT29', 'MCF7', 'NEU', 'NPC', 'PC3', 'PHH', 'SKB', 'VCAP']",17
resorcinol,13,"['A375', 'A549', 'ASC', 'HA1E', 'HCC515', 'HEPG2', 'HT29', 'MCF7', 'NPC', 'PC3', 'PHH', 'SKB', 'VCAP']",23
isoreserpine,13,"['A375', 'A549', 'ASC', 'HA1E', 'HCC515', 'HEPG2', 'HT29', 'MCF7', 'NPC', 'PC3', 'PHH', 'SKB', 'VCAP']",19
reserpic-acid,13,"['A375', 'A549', 'ASC', 'HA1E', 'HCC515', 'HEPG2', 'HT29', 'MCF7', 'NEU', 'NPC', 'PC3', 'SKB', 'VCAP']",19
SC-560,13,"['A375', 'A549', 'ASC', 'HA1E', 'HCC515', 'HEPG2', 'HT29', 'MCF7', 'NPC', 'PC3', 'PHH', 'SKB', 'VCAP']",19
remoxipride,13,"['A375', 'A549', 'ASC', 'HA1E', 'HCC515', 'HEPG2', 'HT29', 'MCF7', 'NEU', 'NPC', 'PC3', 'SKB', 'VCAP']",23
arachidonamide,13,"['A375', 'A549', 'ASC', 'HA1E', 'HCC515', 'HEPG2', 'HT29', 'MCF7', 'NPC', 'PC3', 'PHH', 'SKB', 'VCAP']",19
remacemide,13,"['A375', 'A549', 'ASC', 'HA1E', 'HCC515', 'HEPG2', 'HT29', 'MCF7', 'NPC', 'PC3', 'PHH', 'SKB', 'VCAP']",30
ibuprofen-(S),13,"['A375', 'A549', 'ASC', 'HA1E', 'HCC515', 'HEPG2', 'HT29', 'MCF7', 'NPC', 'PC3', 'PHH', 'SKB', 'VCAP']",23
BRD-K08630646,13,"['A375', 'A549', 'ASC', 'HA1E', 'HCC515', 'HT29', 'MCF7', 'NEU', 'NPC', 'PC3', 'PHH', 'SKB', 'VCAP']",17
BRD-K81807412,13,"['A375', 'A549', 'ASC', 'HA1E', 'HCC515', 'HEPG2', 'HT29', 'MCF7', 'NEU', 'NPC', 'PC3', 'SKB', 'VCAP']",22
rhamnetin,13,"['A375', 'A549', 'ASC', 'HA1E', 'HCC515', 'HEPG2', 'HT29', 'MCF7', 'NPC', 'PC3', 'PHH', 'SKB', 'VCAP']",31
toremifene,13,"['A375', 'A549', 'ASC', 'HA1E', 'HCC515', 'HEPG2', 'HT29', 'MCF7', 'NPC', 'PC3', 'PHH', 'SKB', 'VCAP']",136
hypericin,13,"['A375', 'A549', 'ASC', 'HA1E', 'HCC515', 'HEPG2', 'HT29', 'MCF7', 'NPC', 'PC3', 'PHH', 'SKB', 'VCAP']",23
cytochalasin-d,13,"['A375', 'A549', 'ASC', 'HA1E', 'HCC515', 'HEPG2', 'HT29', 'MCF7', 'NEU', 'NPC', 'PC3', 'SKB', 'VCAP']",17
E-4031,13,"['A375', 'A549', 'ASC', 'HA1E', 'HCC515', 'HEPG2', 'HT29', 'MCF7', 'NPC', 'PC3', 'PHH', 'SKB', 'VCAP']",36
cilomilast,13,"['A375', 'A549', 'ASC', 'HA1E', 'HCC515', 'HEPG2', 'HT29', 'MCF7', 'NEU', 'NPC', 'PC3', 'SKB', 'VCAP']",17
DY-131,13,"['A375', 'A549', 'ASC', 'HA1E', 'HCC515', 'HEPG2', 'HT29', 'MCF7', 'NPC', 'PC3', 'PHH', 'SKB', 'VCAP']",19
topotecan,13,"['A375', 'A549', 'ASC', 'HA1E', 'HCC515', 'HT29', 'MCF7', 'NEU', 'NPC', 'PC3', 'PHH', 'SKB', 'VCAP']",31
BRD-K23657553,13,"['A375', 'A549', 'ASC', 'HA1E', 'HCC515', 'HEPG2', 'HT29', 'MCF7', 'NEU', 'NPC', 'PC3', 'SKB', 'VCAP']",17
belinostat,13,"['A375', 'A549', 'ASC', 'HA1E', 'HCC515', 'HEPG2', 'HT29', 'MCF7', 'NEU', 'NPC', 'PC3', 'SKB', 'VCAP']",25
raloxifene,13,"['A375', 'A549', 'ASC', 'HA1E', 'HCC515', 'HEPG2', 'HT29', 'MCF7', 'NPC', 'PC3', 'PHH', 'SKB', 'VCAP']",230
BRD-K38690464,13,"['A375', 'A549', 'ASC', 'HA1E', 'HCC515', 'HT29', 'MCF7', 'NEU', 'NPC', 'PC3', 'PHH', 'SKB', 'VCAP']",17
raclopride,13,"['A375', 'A549', 'ASC', 'HA1E', 'HCC515', 'HEPG2', 'HT29', 'MCF7', 'NEU', 'NPC', 'PC3', 'SKB', 'VCAP']",34
ilomastat,13,"['A375', 'A549', 'ASC', 'HA1E', 'HCC515', 'HEPG2', 'HT29', 'MCF7', 'NPC', 'PC3', 'PHH', 'SKB', 'VCAP']",23
r(-)-propylnorapomorphine,13,"['A375', 'A549', 'ASC', 'HA1E', 'HCC515', 'HEPG2', 'HT29', 'MCF7', 'NPC', 'PC3', 'PHH', 'SKB', 'VCAP']",23
BRD-K52099002,13,"['A375', 'A549', 'ASC', 'HA1E', 'HCC515', 'HT29', 'MCF7', 'NEU', 'NPC', 'PC3', 'PHH', 'SKB', 'VCAP']",17
KI-16425,13,"['A375', 'A549', 'ASC', 'HA1E', 'HCC515', 'HEPG2', 'HT29', 'MCF7', 'NEU', 'NPC', 'PC3', 'SKB', 'VCAP']",17
SC-10,13,"['A375', 'A549', 'ASC', 'HA1E', 'HCC515', 'HEPG2', 'HT29', 'MCF7', 'NPC', 'PC3', 'PHH', 'SKB', 'VCAP']",19
KB188-III-56,13,"['A375', 'A549', 'ASC', 'HA1E', 'HCC515', 'HEPG2', 'HT29', 'MCF7', 'NEU', 'NPC', 'PC3', 'SKB', 'VCAP']",17
dosulepin,13,"['A375', 'A549', 'ASC', 'HA1E', 'HCC515', 'HEPG2', 'HT29', 'MCF7', 'NPC', 'PC3', 'PHH', 'SKB', 'VCAP']",19
BRD-K66426634,13,"['A375', 'A549', 'ASC', 'HA1E', 'HCC515', 'HT29', 'MCF7', 'NEU', 'NPC', 'PC3', 'PHH', 'SKB', 'VCAP']",17
SB-415286,13,"['A375', 'A549', 'ASC', 'HA1E', 'HCC515', 'HEPG2', 'HT29', 'MCF7', 'NPC', 'PC3', 'PHH', 'SKB', 'VCAP']",19
BRD-K66224104,13,"['A375', 'A549', 'ASC', 'HA1E', 'HCC515', 'HT29', 'MCF7', 'NEU', 'NPC', 'PC3', 'PHH', 'SKB', 'VCAP']",17
spironolactone,13,"['A375', 'A549', 'ASC', 'HA1E', 'HCC515', 'HEPG2', 'HT29', 'MCF7', 'NEU', 'NPC', 'PC3', 'SKB', 'VCAP']",33
KM-01366,13,"['A375', 'A549', 'ASC', 'HA1E', 'HCC515', 'HEPG2', 'HT29', 'MCF7', 'NEU', 'NPC', 'PC3', 'SKB', 'VCAP']",17
Y-26763,13,"['A375', 'A549', 'ASC', 'HA1E', 'HCC515', 'HEPG2', 'HT29', 'MCF7', 'NPC', 'PC3', 'PHH', 'SKB', 'VCAP']",23
ranolazine,13,"['A375', 'A549', 'ASC', 'HA1E', 'HCC515', 'HEPG2', 'HT29', 'MCF7', 'NPC', 'PC3', 'PHH', 'SKB', 'VCAP']",34
beclomethasone-dipropionate,13,"['A375', 'A549', 'ASC', 'HA1E', 'HCC515', 'HEPG2', 'HT29', 'MCF7', 'NEU', 'NPC', 'PC3', 'SKB', 'VCAP']",30
raltitrexed,13,"['A375', 'A549', 'ASC', 'HA1E', 'HCC515', 'HEPG2', 'HT29', 'MCF7', 'NEU', 'NPC', 'PC3', 'SKB', 'VCAP']",30
domperidone,13,"['A375', 'A549', 'ASC', 'HA1E', 'HCC515', 'HEPG2', 'HT29', 'MCF7', 'NPC', 'PC3', 'PHH', 'SKB', 'VCAP']",23
tropisetron,13,"['A375', 'A549', 'ASC', 'HA1E', 'HCC515', 'HEPG2', 'HT29', 'MCF7', 'NEU', 'NPC', 'PC3', 'SKB', 'VCAP']",49
sulfafurazole,13,"['A375', 'A549', 'ASC', 'HA1E', 'HCC515', 'HEPG2', 'HT29', 'MCF7', 'NPC', 'PC3', 'PHH', 'SKB', 'VCAP']",33
tripelennamine,13,"['A375', 'A549', 'ASC', 'HA1E', 'HCC515', 'HEPG2', 'HT29', 'MCF7', 'NPC', 'PC3', 'PHH', 'SKB', 'VCAP']",30
BRD-K50659736,13,"['A375', 'A549', 'ASC', 'HA1E', 'HCC515', 'HT29', 'MCF7', 'NEU', 'NPC', 'PC3', 'PHH', 'SKB', 'VCAP']",17
BRD-K72505034,13,"['A375', 'A549', 'ASC', 'HA1E', 'HCC515', 'HT29', 'MCF7', 'NEU', 'NPC', 'PC3', 'PHH', 'SKB', 'VCAP']",17
docosatrienoic-acid,13,"['A375', 'A549', 'ASC', 'HA1E', 'HCC515', 'HEPG2', 'HT29', 'MCF7', 'NPC', 'PC3', 'PHH', 'SKB', 'VCAP']",19
BRD-K00859168,13,"['A375', 'A549', 'ASC', 'HA1E', 'HCC515', 'HT29', 'MCF7', 'NEU', 'NPC', 'PC3', 'PHH', 'SKB', 'VCAP']",17
BRD-K50360938,13,"['A375', 'A549', 'ASC', 'HA1E', 'HCC515', 'HEPG2', 'HT29', 'MCF7', 'NEU', 'NPC', 'PC3', 'SKB', 'VCAP']",17
KN-93,13,"['A375', 'A549', 'ASC', 'HA1E', 'HCC515', 'HEPG2', 'HT29', 'MCF7', 'NEU', 'NPC', 'PC3', 'SKB', 'VCAP']",19
BRD-A68274214,13,"['A375', 'A549', 'ASC', 'HA1E', 'HCC515', 'HEPG2', 'HT29', 'MCF7', 'NEU', 'NPC', 'PC3', 'SKB', 'VCAP']",17
quinelorane,13,"['A375', 'A549', 'ASC', 'HA1E', 'HCC515', 'HEPG2', 'HT29', 'MCF7', 'NPC', 'PC3', 'PHH', 'SKB', 'VCAP']",19
hydrocortisone-valerate,13,"['A375', 'A549', 'ASC', 'HA1E', 'HCC515', 'HEPG2', 'HT29', 'MCF7', 'NPC', 'PC3', 'PHH', 'SKB', 'VCAP']",19
quercetagetin,13,"['A375', 'A549', 'ASC', 'HA1E', 'HCC515', 'HEPG2', 'HT29', 'MCF7', 'NPC', 'PC3', 'PHH', 'SKB', 'VCAP']",19
ciprofibrate,13,"['A375', 'A549', 'ASC', 'HA1E', 'HCC515', 'HEPG2', 'HT29', 'MCF7', 'NPC', 'PC3', 'PHH', 'SKB', 'VCAP']",23
BRD-K09997269,13,"['A375', 'A549', 'ASC', 'HA1E', 'HCC515', 'HT29', 'MCF7', 'NEU', 'NPC', 'PC3', 'PHH', 'SKB', 'VCAP']",17
SCH-58261,13,"['A375', 'A549', 'ASC', 'HA1E', 'HCC515', 'HEPG2', 'HT29', 'MCF7', 'NPC', 'PC3', 'PHH', 'SKB', 'VCAP']",19
BRD-K09661167,13,"['A375', 'A549', 'ASC', 'HA1E', 'HCC515', 'HT29', 'MCF7', 'NEU', 'NPC', 'PC3', 'PHH', 'SKB', 'VCAP']",17
BRD-K22384978,13,"['A375', 'A549', 'ASC', 'HA1E', 'HCC515', 'HEPG2', 'HT29', 'MCF7', 'NEU', 'NPC', 'PC3', 'SKB', 'VCAP']",17
quinpirol-(-),13,"['A375', 'A549', 'ASC', 'HA1E', 'HCC515', 'HEPG2', 'HT29', 'MCF7', 'NPC', 'PC3', 'PHH', 'SKB', 'VCAP']",19
ZD-2079,13,"['A375', 'A549', 'ASC', 'HA1E', 'HCC515', 'HEPG2', 'HT29', 'MCF7', 'NPC', 'PC3', 'PHH', 'SKB', 'VCAP']",19
KM-04501,13,"['A375', 'A549', 'ASC', 'HA1E', 'HCC515', 'HT29', 'MCF7', 'NEU', 'NPC', 'PC3', 'PHH', 'SKB', 'VCAP']",17
BRD-K41429297,13,"['A375', 'A549', 'ASC', 'HA1E', 'HCC515', 'HT29', 'MCF7', 'NEU', 'NPC', 'PC3', 'PHH', 'SKB', 'VCAP']",17
pyrrolidine-dithiocarbamate,13,"['A375', 'A549', 'ASC', 'HA1E', 'HCC515', 'HEPG2', 'HT29', 'MCF7', 'NEU', 'NPC', 'PC3', 'SKB', 'VCAP']",19
SC-9,13,"['A375', 'A549', 'ASC', 'HA1E', 'HCC515', 'HEPG2', 'HT29', 'MCF7', 'NEU', 'NPC', 'PC3', 'SKB', 'VCAP']",19
pyrimethamine,13,"['A375', 'A549', 'ASC', 'HA1E', 'HCC515', 'HEPG2', 'HT29', 'MCF7', 'NPC', 'PC3', 'PHH', 'SKB', 'VCAP']",33
BRD-K38519699,13,"['A375', 'A549', 'ASC', 'HA1E', 'HCC515', 'HT29', 'MCF7', 'NEU', 'NPC', 'PC3', 'PHH', 'SKB', 'VCAP']",17
tyrphostin-47,13,"['A375', 'A549', 'ASC', 'HA1E', 'HCC515', 'HEPG2', 'HT29', 'MCF7', 'NPC', 'PC3', 'PHH', 'SKB', 'VCAP']",19
cinobufagin,13,"['A375', 'A549', 'ASC', 'HA1E', 'HCC515', 'HEPG2', 'HT29', 'MCF7', 'NPC', 'PC3', 'PHH', 'SKB', 'VCAP']",17
YM-976,13,"['A375', 'A549', 'ASC', 'HA1E', 'HCC515', 'HEPG2', 'HT29', 'MCF7', 'NPC', 'PC3', 'PHH', 'SKB', 'VCAP']",19
GANT-61,13,"['A375', 'A549', 'ASC', 'HA1E', 'HCC515', 'HEPG2', 'HT29', 'MCF7', 'NEU', 'NPC', 'PC3', 'SKB', 'VCAP']",17
BRD-K01614657,13,"['A375', 'A549', 'ASC', 'HA1E', 'HCC515', 'HT29', 'MCF7', 'NEU', 'NPC', 'PC3', 'PHH', 'SKB', 'VCAP']",17
SIB-1757,13,"['A375', 'A549', 'ASC', 'HA1E', 'HCC515', 'HEPG2', 'HT29', 'MCF7', 'NEU', 'NPC', 'PC3', 'SKB', 'VCAP']",19
DR-2313,13,"['A375', 'A549', 'ASC', 'HA1E', 'HCC515', 'HEPG2', 'HT29', 'MCF7', 'NEU', 'NPC', 'PC3', 'SKB', 'VCAP']",55
BRD-K69569876,13,"['A375', 'A549', 'ASC', 'HA1E', 'HCC515', 'HEPG2', 'HT29', 'MCF7', 'NEU', 'NPC', 'PC3', 'SKB', 'VCAP']",30
DNQX,13,"['A375', 'A549', 'ASC', 'HA1E', 'HCC515', 'HEPG2', 'HT29', 'MCF7', 'NEU', 'NPC', 'PC3', 'SKB', 'VCAP']",19
BRD-K24031526,13,"['A375', 'A549', 'ASC', 'HA1E', 'HCC515', 'HT29', 'MCF7', 'NEU', 'NPC', 'PC3', 'PHH', 'SKB', 'VCAP']",17
DMBI,13,"['A375', 'A549', 'ASC', 'HA1E', 'HCC515', 'HEPG2', 'HT29', 'MCF7', 'NPC', 'PC3', 'PHH', 'SKB', 'VCAP']",23
boldine,13,"['A375', 'A549', 'ASC', 'HA1E', 'HCC515', 'HEPG2', 'HT29', 'MCF7', 'NPC', 'PC3', 'PHH', 'SKB', 'VCAP']",19
pseudoephedrine,13,"['A375', 'A549', 'ASC', 'HA1E', 'HCC515', 'HEPG2', 'HT29', 'MCF7', 'NEU', 'NPC', 'PC3', 'SKB', 'VCAP']",19
BRD-K41220170,13,"['A375', 'A549', 'ASC', 'HA1E', 'HCC515', 'HT29', 'MCF7', 'NEU', 'NPC', 'PC3', 'PHH', 'SKB', 'VCAP']",17
proxyfan,13,"['A375', 'A549', 'ASC', 'HA1E', 'HCC515', 'HEPG2', 'HT29', 'MCF7', 'NPC', 'PC3', 'PHH', 'SKB', 'VCAP']",19
carbofuran,13,"['A375', 'A549', 'ASC', 'HA1E', 'HCC515', 'HEPG2', 'HT29', 'MCF7', 'NPC', 'PC3', 'PHH', 'SKB', 'VCAP']",19
protriptyline,13,"['A375', 'A549', 'ASC', 'HA1E', 'HCC515', 'HEPG2', 'HT29', 'MCF7', 'NPC', 'PC3', 'PHH', 'SKB', 'VCAP']",27
hydrocortisone,13,"['A375', 'A549', 'ASC', 'HA1E', 'HCC515', 'HEPG2', 'HT29', 'MCF7', 'NPC', 'PC3', 'PHH', 'SKB', 'VCAP']",44
BRD-K63938928,13,"['A375', 'A549', 'ASC', 'HA1E', 'HCC515', 'HEPG2', 'HT29', 'MCF7', 'NPC', 'PC3', 'PHH', 'SKB', 'VCAP']",19
BRD-K90446118,13,"['A375', 'A549', 'ASC', 'HA1E', 'HCC515', 'HT29', 'MCF7', 'NEU', 'NPC', 'PC3', 'PHH', 'SKB', 'VCAP']",17
BRD-K64885524,13,"['A375', 'A549', 'ASC', 'HA1E', 'HCC515', 'HT29', 'MCF7', 'NEU', 'NPC', 'PC3', 'PHH', 'SKB', 'VCAP']",17
"hydrastine-(1r,-9s)",13,"['A375', 'A549', 'ASC', 'HA1E', 'HCC515', 'HEPG2', 'HT29', 'MCF7', 'NPC', 'PC3', 'PHH', 'SKB', 'VCAP']",19
BRD-K64985742,13,"['A375', 'A549', 'ASC', 'HA1E', 'HCC515', 'HT29', 'MCF7', 'NEU', 'NPC', 'PC3', 'PHH', 'SKB', 'VCAP']",17
indole-3-carbinol,13,"['A375', 'A549', 'ASC', 'HA1E', 'HCC515', 'HEPG2', 'HT29', 'MCF7', 'NPC', 'PC3', 'PHH', 'SKB', 'VCAP']",22
BRD-K49807497,13,"['A375', 'A549', 'ASC', 'HA1E', 'HCC515', 'HT29', 'MCF7', 'NEU', 'NPC', 'PC3', 'PHH', 'SKB', 'VCAP']",17
BMY-7378,13,"['A375', 'A549', 'ASC', 'HA1E', 'HCC515', 'HEPG2', 'HT29', 'MCF7', 'NEU', 'NPC', 'PC3', 'SKB', 'VCAP']",19
BRD-K10554164,13,"['A375', 'A549', 'ASC', 'HA1E', 'HCC515', 'HT29', 'MCF7', 'NEU', 'NPC', 'PC3', 'PHH', 'SKB', 'VCAP']",17
cymarin,13,"['A375', 'A549', 'ASC', 'HA1E', 'HCC515', 'HEPG2', 'HT29', 'MCF7', 'NPC', 'PC3', 'PHH', 'SKB', 'VCAP']",23
propylpyrazole,13,"['A375', 'A549', 'ASC', 'HA1E', 'HCC515', 'HT29', 'MCF7', 'NEU', 'NPC', 'PC3', 'PHH', 'SKB', 'VCAP']",17
SEW-05685,13,"['A375', 'A549', 'ASC', 'HA1E', 'HCC515', 'HEPG2', 'HT29', 'MCF7', 'NEU', 'NPC', 'PC3', 'SKB', 'VCAP']",17
propofol,13,"['A375', 'A549', 'ASC', 'HA1E', 'HCC515', 'HEPG2', 'HT29', 'MCF7', 'NPC', 'PC3', 'PHH', 'SKB', 'VCAP']",23
BRL-50481,13,"['A375', 'A549', 'ASC', 'HA1E', 'HCC515', 'HEPG2', 'HT29', 'MCF7', 'NEU', 'NPC', 'PC3', 'SKB', 'VCAP']",19
L-368899,13,"['A375', 'A549', 'ASC', 'HA1E', 'HCC515', 'HEPG2', 'HT29', 'MCF7', 'NPC', 'PC3', 'PHH', 'SKB', 'VCAP']",19
BRD-A09164687,13,"['A375', 'A549', 'ASC', 'HA1E', 'HCC515', 'HEPG2', 'HT29', 'MCF7', 'NEU', 'NPC', 'PC3', 'SKB', 'VCAP']",17
L-165041,13,"['A375', 'A549', 'ASC', 'HA1E', 'HCC515', 'HEPG2', 'HT29', 'MCF7', 'NPC', 'PC3', 'PHH', 'SKB', 'VCAP']",19
BRD-K44890999,13,"['A375', 'A549', 'ASC', 'HA1E', 'HCC515', 'HT29', 'MCF7', 'NEU', 'NPC', 'PC3', 'PHH', 'SKB', 'VCAP']",17
L-152804,13,"['A375', 'A549', 'ASC', 'HA1E', 'HCC515', 'HEPG2', 'HT29', 'MCF7', 'NPC', 'PC3', 'PHH', 'SKB', 'VCAP']",19
BRD-K49061529,13,"['A375', 'A549', 'ASC', 'HA1E', 'HCC515', 'HEPG2', 'HT29', 'MCF7', 'NEU', 'NPC', 'PC3', 'SKB', 'VCAP']",19
BRD-K63549648,13,"['A375', 'A549', 'ASC', 'HA1E', 'HCC515', 'HEPG2', 'HT29', 'MCF7', 'NEU', 'NPC', 'PC3', 'SKB', 'VCAP']",17
BRD-K36591038,13,"['A375', 'A549', 'ASC', 'HA1E', 'HCC515', 'HEPG2', 'HT29', 'MCF7', 'NEU', 'NPC', 'PC3', 'SKB', 'VCAP']",30
talniflumate,13,"['A375', 'A549', 'ASC', 'HA1E', 'HCC515', 'HEPG2', 'HT29', 'MCF7', 'NPC', 'PC3', 'PHH', 'SKB', 'VCAP']",19
BRD-K21672423,13,"['A375', 'A549', 'ASC', 'HA1E', 'HCC515', 'HT29', 'MCF7', 'NEU', 'NPC', 'PC3', 'PHH', 'SKB', 'VCAP']",17
SNS-314,13,"['A375', 'A549', 'ASC', 'HA1E', 'HCC515', 'HEPG2', 'HT29', 'MCF7', 'NEU', 'NPC', 'PC3', 'SKB', 'VCAP']",17
BRD-K69496360,13,"['A375', 'A549', 'ASC', 'HA1E', 'HCC515', 'HT29', 'MCF7', 'NEU', 'NPC', 'PC3', 'PHH', 'SKB', 'VCAP']",17
L-692585,13,"['A375', 'A549', 'ASC', 'HA1E', 'HCC515', 'HEPG2', 'HT29', 'MCF7', 'NPC', 'PC3', 'PHH', 'SKB', 'VCAP']",19
cyclopentolate,13,"['A375', 'A549', 'ASC', 'HA1E', 'HCC515', 'HEPG2', 'HT29', 'MCF7', 'NPC', 'PC3', 'PHH', 'SKB', 'VCAP']",27
BRD-K11181277,13,"['A375', 'A549', 'ASC', 'HA1E', 'HCC515', 'HT29', 'MCF7', 'NEU', 'NPC', 'PC3', 'PHH', 'SKB', 'VCAP']",17
BRD-K44893543,13,"['A375', 'A549', 'ASC', 'HA1E', 'HCC515', 'HT29', 'MCF7', 'NEU', 'NPC', 'PC3', 'PHH', 'SKB', 'VCAP']",17
BRD-K11778372,13,"['A375', 'A549', 'ASC', 'HA1E', 'HCC515', 'HEPG2', 'HT29', 'MCF7', 'NEU', 'NPC', 'PC3', 'SKB', 'VCAP']",17
homoharringtonine,13,"['A375', 'A549', 'ASC', 'HA1E', 'HCC515', 'HEPG2', 'HT29', 'HUH7', 'MCF7', 'PC3', 'PHH', 'SKB', 'VCAP']",75
dioxybenzone,13,"['A375', 'A549', 'ASC', 'HA1E', 'HCC515', 'HEPG2', 'HT29', 'MCF7', 'NPC', 'PC3', 'PHH', 'SKB', 'VCAP']",27
bithionol,13,"['A375', 'A549', 'ASC', 'HA1E', 'HCC515', 'HEPG2', 'HT29', 'MCF7', 'NPC', 'PC3', 'PHH', 'SKB', 'VCAP']",23
BRD-K63220166,13,"['A375', 'A549', 'ASC', 'HA1E', 'HCC515', 'HT29', 'MCF7', 'NEU', 'NPC', 'PC3', 'PHH', 'SKB', 'VCAP']",17
BRD-K43581698,13,"['A375', 'A549', 'ASC', 'HA1E', 'HCC515', 'HEPG2', 'HT29', 'MCF7', 'NEU', 'NPC', 'PC3', 'SKB', 'VCAP']",17
L-655240,13,"['A375', 'A549', 'ASC', 'HA1E', 'HCC515', 'HEPG2', 'HT29', 'MCF7', 'NEU', 'NPC', 'PC3', 'SKB', 'VCAP']",19
BRL-37344,13,"['A375', 'A549', 'ASC', 'HA1E', 'HCC515', 'HEPG2', 'HT29', 'MCF7', 'NPC', 'PC3', 'PHH', 'SKB', 'VCAP']",19
protein-tyrosine-phosphatase-inhibitor-IV,13,"['A375', 'A549', 'ASC', 'HA1E', 'HCC515', 'HEPG2', 'HT29', 'MCF7', 'NPC', 'PC3', 'PHH', 'SKB', 'VCAP']",23
SKF-96365,13,"['A375', 'A549', 'ASC', 'HA1E', 'HCC515', 'HEPG2', 'HT29', 'MCF7', 'NPC', 'PC3', 'PHH', 'SKB', 'VCAP']",31
SKF-89976A,13,"['A375', 'A549', 'ASC', 'HA1E', 'HCC515', 'HEPG2', 'HT29', 'MCF7', 'NEU', 'NPC', 'PC3', 'SKB', 'VCAP']",19
suloctidil,13,"['A375', 'A549', 'ASC', 'HA1E', 'HCC515', 'HEPG2', 'HT29', 'MCF7', 'NPC', 'PC3', 'PHH', 'SKB', 'VCAP']",44
primaquine,13,"['A375', 'A549', 'ASC', 'HA1E', 'HCC515', 'HEPG2', 'HT29', 'MCF7', 'NPC', 'PC3', 'PHH', 'SKB', 'VCAP']",27
ZM-306416,13,"['A375', 'A549', 'ASC', 'HA1E', 'HCC515', 'HEPG2', 'HT29', 'MCF7', 'NEU', 'NPC', 'PC3', 'SKB', 'VCAP']",19
BRD-K11987803,13,"['A375', 'A549', 'ASC', 'HA1E', 'HCC515', 'HT29', 'MCF7', 'NEU', 'NPC', 'PC3', 'PHH', 'SKB', 'VCAP']",17
ivachtin,13,"['A375', 'A549', 'ASC', 'HA1E', 'HCC515', 'HEPG2', 'HT29', 'MCF7', 'NPC', 'PC3', 'PHH', 'SKB', 'VCAP']",19
ST-003833,13,"['A375', 'A549', 'ASC', 'HA1E', 'HCC515', 'HT29', 'MCF7', 'NEU', 'NPC', 'PC3', 'PHH', 'SKB', 'VCAP']",17
ZM-241385,13,"['A375', 'A549', 'ASC', 'HA1E', 'HCC515', 'HEPG2', 'HT29', 'MCF7', 'NPC', 'PC3', 'PHH', 'SKB', 'VCAP']",19
BRD-K62748479,13,"['A375', 'A549', 'ASC', 'HA1E', 'HCC515', 'HT29', 'MCF7', 'NEU', 'NPC', 'PC3', 'PHH', 'SKB', 'VCAP']",17
colforsin,13,"['A375', 'A549', 'ASC', 'HA1E', 'HCC515', 'HEPG2', 'HT29', 'MCF7', 'NPC', 'PC3', 'PHH', 'SKB', 'VCAP']",23
L-750667,13,"['A375', 'A549', 'ASC', 'HA1E', 'HCC515', 'HEPG2', 'HT29', 'MCF7', 'NPC', 'PC3', 'PHH', 'SKB', 'VCAP']",19
SSR-69071,13,"['A375', 'A549', 'ASC', 'HA1E', 'HCC515', 'HEPG2', 'HT29', 'MCF7', 'NPC', 'PC3', 'PHH', 'SKB', 'VCAP']",19
L-741626,13,"['A375', 'A549', 'ASC', 'HA1E', 'HCC515', 'HEPG2', 'HT29', 'MCF7', 'NEU', 'NPC', 'PC3', 'SKB', 'VCAP']",19
BRD-K05672354,13,"['A375', 'A549', 'ASC', 'HA1E', 'HCC515', 'HEPG2', 'HT29', 'MCF7', 'NEU', 'NPC', 'PC3', 'SKB', 'VCAP']",17
L-732138,13,"['A375', 'A549', 'ASC', 'HA1E', 'HCC515', 'HEPG2', 'HT29', 'MCF7', 'NEU', 'NPC', 'PC3', 'SKB', 'VCAP']",19
SR-95639A,13,"['A375', 'A549', 'ASC', 'HA1E', 'HCC515', 'HEPG2', 'HT29', 'MCF7', 'NEU', 'NPC', 'PC3', 'SKB', 'VCAP']",23
L-694247,13,"['A375', 'A549', 'ASC', 'HA1E', 'HCC515', 'HEPG2', 'HT29', 'MCF7', 'NPC', 'PC3', 'PHH', 'SKB', 'VCAP']",32
cyclo-[Arg-Gly-Asp-D-Phe-Val],13,"['A375', 'A549', 'ASC', 'HA1E', 'HCC515', 'HEPG2', 'HT29', 'MCF7', 'NEU', 'NPC', 'PC3', 'SKB', 'VCAP']",19
BRD-K11883928,13,"['A375', 'A549', 'ASC', 'HA1E', 'HCC515', 'HT29', 'MCF7', 'NEU', 'NPC', 'PC3', 'PHH', 'SKB', 'VCAP']",17
SR-57227A,13,"['A375', 'A549', 'ASC', 'HA1E', 'HCC515', 'HEPG2', 'HT29', 'MCF7', 'NEU', 'NPC', 'PC3', 'SKB', 'VCAP']",30
BRD-K11795542,13,"['A375', 'A549', 'ASC', 'HA1E', 'HCC515', 'HEPG2', 'HT29', 'MCF7', 'NEU', 'NPC', 'PC3', 'SKB', 'VCAP']",17
BRD-K06020002,13,"['A375', 'A549', 'ASC', 'HA1E', 'HCC515', 'HT29', 'MCF7', 'NEU', 'NPC', 'PC3', 'PHH', 'SKB', 'VCAP']",32
cefotiam,13,"['A375', 'A549', 'ASC', 'HA1E', 'HCC515', 'HEPG2', 'HT29', 'MCF7', 'NPC', 'PC3', 'PHH', 'SKB', 'VCAP']",23
candesartan-cilextil,13,"['A375', 'A549', 'ASC', 'HA1E', 'HCC515', 'HEPG2', 'HT29', 'MCF7', 'NPC', 'PC3', 'PHH', 'SKB', 'VCAP']",23
proguanil,13,"['A375', 'A549', 'ASC', 'HA1E', 'HCC515', 'HEPG2', 'HT29', 'MCF7', 'NPC', 'PC3', 'PHH', 'SKB', 'VCAP']",23
tadalafil,13,"['A375', 'A549', 'ASC', 'HA1E', 'HCC515', 'HEPG2', 'HT29', 'MCF7', 'NPC', 'PC3', 'PHH', 'SKB', 'VCAP']",33
prochlorperazine,13,"['A375', 'A549', 'ASC', 'HA1E', 'HCC515', 'HEPG2', 'HT29', 'MCF7', 'NPC', 'PC3', 'PHH', 'SKB', 'VCAP']",34
BRD-K30715099,13,"['A375', 'A549', 'ASC', 'HA1E', 'HCC515', 'HEPG2', 'HT29', 'MCF7', 'NEU', 'NPC', 'PC3', 'SKB', 'VCAP']",17
procarbazine,13,"['A375', 'A549', 'ASC', 'HA1E', 'HCC515', 'HEPG2', 'HT29', 'MCF7', 'NPC', 'PC3', 'PHH', 'SKB', 'VCAP']",34
carteolol,13,"['A375', 'A549', 'ASC', 'HA1E', 'HCC515', 'HEPG2', 'HT29', 'MCF7', 'NPC', 'PC3', 'PHH', 'SKB', 'VCAP']",23
probucol,13,"['A375', 'A549', 'ASC', 'HA1E', 'HCC515', 'HEPG2', 'HT29', 'MCF7', 'NPC', 'PC3', 'PHH', 'SKB', 'VCAP']",22
hexamethyleneamiloride,13,"['A375', 'A549', 'ASC', 'HA1E', 'HCC515', 'HEPG2', 'HT29', 'MCF7', 'NPC', 'PC3', 'PHH', 'SKB', 'VCAP']",18
proadifen,13,"['A375', 'A549', 'ASC', 'HA1E', 'HCC515', 'HEPG2', 'HT29', 'MCF7', 'NEU', 'NPC', 'PC3', 'SKB', 'VCAP']",27
chlorambucil,13,"['A375', 'A549', 'ASC', 'HA1E', 'HCC515', 'HEPG2', 'HT29', 'MCF7', 'NPC', 'PC3', 'PHH', 'SKB', 'VCAP']",41
herniarin,13,"['A375', 'A549', 'ASC', 'HA1E', 'HCC515', 'HEPG2', 'HT29', 'MCF7', 'NPC', 'PC3', 'PHH', 'SKB', 'VCAP']",19
BRD-K30958640,13,"['A375', 'A549', 'ASC', 'HA1E', 'HCC515', 'HT29', 'MCF7', 'NEU', 'NPC', 'PC3', 'PHH', 'SKB', 'VCAP']",17
tyrphostin-AG-825,13,"['A375', 'A549', 'ASC', 'HA1E', 'HCC515', 'HEPG2', 'HT29', 'MCF7', 'NPC', 'PC3', 'PHH', 'SKB', 'VCAP']",19
WT-171,13,"['A375', 'A549', 'ASC', 'HA1E', 'HCC515', 'HT29', 'MCF7', 'NEU', 'NPC', 'PC3', 'PHH', 'SKB', 'VCAP']",17
tyrphostin-AG-556,13,"['A375', 'A549', 'ASC', 'HA1E', 'HCC515', 'HEPG2', 'HT29', 'MCF7', 'NPC', 'PC3', 'PHH', 'SKB', 'VCAP']",19
BRD-A50388635,13,"['A375', 'A549', 'ASC', 'HA1E', 'HCC515', 'HT29', 'MCF7', 'NEU', 'NPC', 'PC3', 'PHH', 'SKB', 'VCAP']",17
tyrphostin-AG-538,13,"['A375', 'A549', 'ASC', 'HA1E', 'HCC515', 'HEPG2', 'HT29', 'MCF7', 'NPC', 'PC3', 'PHH', 'SKB', 'VCAP']",19
donepezil,13,"['A375', 'A549', 'ASC', 'HA1E', 'HCC515', 'HEPG2', 'HT29', 'MCF7', 'NPC', 'PC3', 'PHH', 'SKB', 'VCAP']",34
potassium-canrenoate,13,"['A375', 'A549', 'ASC', 'HA1E', 'HCC515', 'HEPG2', 'HT29', 'MCF7', 'NPC', 'PC3', 'PHH', 'SKB', 'VCAP']",19
BP-554,13,"['A375', 'A549', 'ASC', 'HA1E', 'HCC515', 'HEPG2', 'HT29', 'MCF7', 'NEU', 'NPC', 'PC3', 'SKB', 'VCAP']",19
LY-255283,13,"['A375', 'A549', 'ASC', 'HA1E', 'HCC515', 'HEPG2', 'HT29', 'MCF7', 'NEU', 'NPC', 'PC3', 'SKB', 'VCAP']",18
Ro-15-4513,13,"['A375', 'A549', 'ASC', 'HA1E', 'HCC515', 'HEPG2', 'HT29', 'MCF7', 'NEU', 'NPC', 'PC3', 'SKB', 'VCAP']",19
LM-1685,13,"['A375', 'A549', 'ASC', 'HA1E', 'HCC515', 'HT29', 'MCF7', 'NEU', 'NPC', 'PC3', 'PHH', 'SKB', 'VCAP']",17
BRD-K78603557,13,"['A375', 'A549', 'ASC', 'HA1E', 'HCC515', 'HT29', 'MCF7', 'NEU', 'NPC', 'PC3', 'PHH', 'SKB', 'VCAP']",17
L-erythro-MAPP,13,"['A375', 'A549', 'ASC', 'HA1E', 'HCC515', 'HEPG2', 'HT29', 'MCF7', 'NPC', 'PC3', 'PHH', 'SKB', 'VCAP']",19
BRD-K83620635,13,"['A375', 'A549', 'ASC', 'HA1E', 'HCC515', 'HEPG2', 'HT29', 'MCF7', 'NEU', 'NPC', 'PC3', 'SKB', 'VCAP']",29
pirenzepine,13,"['A375', 'A549', 'ASC', 'HA1E', 'HCC515', 'HEPG2', 'HT29', 'MCF7', 'NPC', 'PC3', 'PHH', 'SKB', 'VCAP']",22
BRD-K78559095,13,"['A375', 'A549', 'ASC', 'HA1E', 'HCC515', 'HT29', 'MCF7', 'NEU', 'NPC', 'PC3', 'PHH', 'SKB', 'VCAP']",17
BRD-K96433222,13,"['A375', 'A549', 'ASC', 'HA1E', 'HCC515', 'HEPG2', 'HT29', 'MCF7', 'NEU', 'NPC', 'PC3', 'SKB', 'VCAP']",17
Ro-19-4605,13,"['A375', 'A549', 'ASC', 'HA1E', 'HCC515', 'HEPG2', 'HT29', 'MCF7', 'NEU', 'NPC', 'PC3', 'SKB', 'VCAP']",19
prednisolone-acetate,13,"['A375', 'A549', 'ASC', 'HA1E', 'HCC515', 'HEPG2', 'HT29', 'MCF7', 'NPC', 'PC3', 'PHH', 'SKB', 'VCAP']",23
BRD-K96403486,13,"['A375', 'A549', 'ASC', 'HA1E', 'HCC515', 'HT29', 'MCF7', 'NEU', 'NPC', 'PC3', 'PHH', 'SKB', 'VCAP']",17
prednicarbate,13,"['A375', 'A549', 'ASC', 'HA1E', 'HCC515', 'HEPG2', 'HT29', 'MCF7', 'NPC', 'PC3', 'PHH', 'SKB', 'VCAP']",27
AG-957,13,"['A375', 'A549', 'ASC', 'HA1E', 'HCC515', 'HEPG2', 'HT29', 'MCF7', 'NEU', 'NPC', 'PC3', 'SKB', 'VCAP']",23
praziquantel,13,"['A375', 'A549', 'ASC', 'HA1E', 'HCC515', 'HEPG2', 'HT29', 'MCF7', 'NPC', 'PC3', 'PHH', 'SKB', 'VCAP']",26
BAY-59-3074,13,"['A375', 'A549', 'ASC', 'HA1E', 'HCC515', 'HEPG2', 'HT29', 'MCF7', 'NEU', 'NPC', 'PC3', 'SKB', 'VCAP']",19
tyrphostin-AG-1296,13,"['A375', 'A549', 'ASC', 'HA1E', 'HCC515', 'HEPG2', 'HT29', 'MCF7', 'NPC', 'PC3', 'PHH', 'SKB', 'VCAP']",19
BRD-K71670746,13,"['A375', 'A549', 'ASC', 'HA1E', 'HCC515', 'HEPG2', 'HT29', 'MCF7', 'NEU', 'NPC', 'PC3', 'SKB', 'VCAP']",17
guanfacine,13,"['A375', 'A549', 'ASC', 'HA1E', 'HCC515', 'HEPG2', 'HT29', 'MCF7', 'NPC', 'PC3', 'PHH', 'SKB', 'VCAP']",23
BCL2-inhibitor,13,"['A375', 'A549', 'ASC', 'HA1E', 'HCC515', 'HEPG2', 'HT29', 'MCF7', 'NPC', 'PC3', 'PHH', 'SKB', 'VCAP']",27
tyrphostin-B44,13,"['A375', 'A549', 'ASC', 'HA1E', 'HCC515', 'HEPG2', 'HT29', 'MCF7', 'NPC', 'PC3', 'PHH', 'SKB', 'VCAP']",19
GTP-14564,13,"['A375', 'A549', 'ASC', 'HA1E', 'HCC515', 'HEPG2', 'HT29', 'MCF7', 'NEU', 'NPC', 'PC3', 'SKB', 'VCAP']",19
guanaben-acetate,13,"['A375', 'A549', 'ASC', 'HA1E', 'HCC515', 'HEPG2', 'HT29', 'MCF7', 'NEU', 'NPC', 'PC3', 'SKB', 'VCAP']",23
dihydrosamidin,13,"['A375', 'A549', 'ASC', 'HA1E', 'HCC515', 'HEPG2', 'HT29', 'MCF7', 'NEU', 'NPC', 'PC3', 'SKB', 'VCAP']",23
LY-341495,13,"['A375', 'A549', 'ASC', 'HA1E', 'HCC515', 'HEPG2', 'HT29', 'MCF7', 'NPC', 'PC3', 'PHH', 'SKB', 'VCAP']",19
ketoprofen,13,"['A375', 'A549', 'ASC', 'HA1E', 'HCC515', 'HEPG2', 'HT29', 'MCF7', 'NPC', 'PC3', 'PHH', 'SKB', 'VCAP']",22
LY-303511,13,"['A375', 'A549', 'ASC', 'HA1E', 'HCC515', 'HEPG2', 'HT29', 'MCF7', 'NPC', 'PC3', 'PHH', 'SKB', 'VCAP']",19
BRD-K25375605,13,"['A375', 'A549', 'ASC', 'HA1E', 'HCC515', 'HT29', 'MCF7', 'NEU', 'NPC', 'PC3', 'PHH', 'SKB', 'VCAP']",17
LY-288513,13,"['A375', 'A549', 'ASC', 'HA1E', 'HCC515', 'HEPG2', 'HT29', 'MCF7', 'NEU', 'NPC', 'PC3', 'SKB', 'VCAP']",19
dihydrorobustic-acid,13,"['A375', 'A549', 'ASC', 'HA1E', 'HCC515', 'HEPG2', 'HT29', 'MCF7', 'NPC', 'PC3', 'PHH', 'SKB', 'VCAP']",19
ponalrestat,13,"['A375', 'A549', 'ASC', 'HA1E', 'HCC515', 'HEPG2', 'HT29', 'MCF7', 'NPC', 'PC3', 'PHH', 'SKB', 'VCAP']",19
chlormadinone-acetate,13,"['A375', 'A549', 'ASC', 'HA1E', 'HCC515', 'HEPG2', 'HT29', 'MCF7', 'NPC', 'PC3', 'PHH', 'SKB', 'VCAP']",23
BRD-K48950795,13,"['A375', 'A549', 'ASC', 'HA1E', 'HCC515', 'HEPG2', 'HT29', 'MCF7', 'NEU', 'NPC', 'PC3', 'SKB', 'VCAP']",17
telmisartan,13,"['A375', 'A549', 'ASC', 'HA1E', 'HCC515', 'HEPG2', 'HT29', 'MCF7', 'NEU', 'NPC', 'PC3', 'SKB', 'VCAP']",34
pivmecillinam,13,"['A375', 'A549', 'ASC', 'HA1E', 'HCC515', 'HEPG2', 'HT29', 'MCF7', 'NEU', 'NPC', 'PC3', 'SKB', 'VCAP']",27
dihydroergotamine,13,"['A375', 'A549', 'ASC', 'HA1E', 'HCC515', 'HEPG2', 'HT29', 'MCF7', 'NPC', 'PC3', 'PHH', 'SKB', 'VCAP']",41
pirfenidone,13,"['A375', 'A549', 'ASC', 'HA1E', 'HCC515', 'HEPG2', 'HT29', 'MCF7', 'NEU', 'NPC', 'PC3', 'SKB', 'VCAP']",19
AG-592,13,"['A375', 'A549', 'ASC', 'HA1E', 'HCC515', 'HEPG2', 'HT29', 'MCF7', 'NEU', 'NPC', 'PC3', 'SKB', 'VCAP']",19
BRD-K00551481,13,"['A375', 'A549', 'ASC', 'HA1E', 'HCC515', 'HT29', 'MCF7', 'NEU', 'NPC', 'PC3', 'PHH', 'SKB', 'VCAP']",17
BRD-K48716658,13,"['A375', 'A549', 'ASC', 'HA1E', 'HCC515', 'HEPG2', 'HT29', 'MCF7', 'NEU', 'NPC', 'PC3', 'SKB', 'VCAP']",17
umbelliferone,13,"['A375', 'A549', 'ASC', 'HA1E', 'HCC515', 'HEPG2', 'HT29', 'MCF7', 'NEU', 'NPC', 'PC3', 'SKB', 'VCAP']",19
calycanthine,13,"['A375', 'A549', 'ASC', 'HA1E', 'HCC515', 'HEPG2', 'HT29', 'MCF7', 'NPC', 'PC3', 'PHH', 'SKB', 'VCAP']",19
BRD-K13794505,13,"['A375', 'A549', 'ASC', 'HA1E', 'HCC515', 'HT29', 'MCF7', 'NEU', 'NPC', 'PC3', 'PHH', 'SKB', 'VCAP']",17
ST-012015,13,"['A375', 'A549', 'ASC', 'HA1E', 'HCC515', 'HT29', 'MCF7', 'NEU', 'NPC', 'PC3', 'PHH', 'SKB', 'VCAP']",17
picotamide,13,"['A375', 'A549', 'ASC', 'HA1E', 'HCC515', 'HEPG2', 'HT29', 'MCF7', 'NPC', 'PC3', 'PHH', 'SKB', 'VCAP']",22
dobutamine,13,"['A375', 'A549', 'ASC', 'HA1E', 'HCC515', 'HEPG2', 'HT29', 'MCF7', 'NPC', 'PC3', 'PHH', 'SKB', 'VCAP']",22
phosphodiesterase-V-inhibitor-II,13,"['A375', 'A549', 'ASC', 'HA1E', 'HCC515', 'HEPG2', 'HT29', 'MCF7', 'NPC', 'PC3', 'PHH', 'SKB', 'VCAP']",19
BRD-K97701319,13,"['A375', 'A549', 'ASC', 'HA1E', 'HCC515', 'HT29', 'MCF7', 'NEU', 'NPC', 'PC3', 'PHH', 'SKB', 'VCAP']",17
piperidolate,13,"['A375', 'A549', 'ASC', 'HA1E', 'HCC515', 'HEPG2', 'HT29', 'MCF7', 'NEU', 'NPC', 'PC3', 'SKB', 'VCAP']",27
GW-6471,13,"['A375', 'A549', 'ASC', 'HA1E', 'HCC515', 'HEPG2', 'HT29', 'MCF7', 'NPC', 'PC3', 'PHH', 'SKB', 'VCAP']",27
pipamperone,13,"['A375', 'A549', 'ASC', 'HA1E', 'HCC515', 'HEPG2', 'HT29', 'MCF7', 'NPC', 'PC3', 'PHH', 'SKB', 'VCAP']",23
BRD-K97149069,13,"['A375', 'A549', 'ASC', 'HA1E', 'HCC515', 'HT29', 'MCF7', 'NEU', 'NPC', 'PC3', 'PHH', 'SKB', 'VCAP']",17
pindolol,13,"['A375', 'A549', 'ASC', 'HA1E', 'HCC515', 'HEPG2', 'HT29', 'MCF7', 'NPC', 'PC3', 'PHH', 'SKB', 'VCAP']",26
disopyramide,13,"['A375', 'A549', 'ASC', 'HA1E', 'HCC515', 'HEPG2', 'HT29', 'MCF7', 'NPC', 'PC3', 'PHH', 'SKB', 'VCAP']",37
BRD-K61776140,13,"['A375', 'A549', 'ASC', 'HA1E', 'HCC515', 'HT29', 'MCF7', 'NEU', 'NPC', 'PC3', 'PHH', 'SKB', 'VCAP']",17
BRD-K96752129,13,"['A375', 'A549', 'ASC', 'HA1E', 'HCC515', 'HT29', 'MCF7', 'NEU', 'NPC', 'PC3', 'PHH', 'SKB', 'VCAP']",17
BRD-K61627029,13,"['A375', 'A549', 'ASC', 'HA1E', 'HCC515', 'HEPG2', 'HT29', 'MCF7', 'NEU', 'NPC', 'PC3', 'SKB', 'VCAP']",32
BRD-K88710727,13,"['A375', 'A549', 'ASC', 'HA1E', 'HCC515', 'HT29', 'MCF7', 'NEU', 'NPC', 'PC3', 'PHH', 'SKB', 'VCAP']",17
MD-049,13,"['A375', 'A549', 'ASC', 'HA1E', 'HCC515', 'HT29', 'MCF7', 'NEU', 'NPC', 'PC3', 'PHH', 'SKB', 'VCAP']",17
BRD-K48204702,13,"['A375', 'A549', 'ASC', 'HA1E', 'HCC515', 'HEPG2', 'HT29', 'MCF7', 'NEU', 'NPC', 'PC3', 'SKB', 'VCAP']",17
MD-040,13,"['A375', 'A549', 'ASC', 'HA1E', 'HCC515', 'HEPG2', 'HT29', 'MCF7', 'NEU', 'NPC', 'PC3', 'SKB', 'VCAP']",17
benzthiazide,13,"['A375', 'A549', 'ASC', 'HA1E', 'HCC515', 'HEPG2', 'HT29', 'MCF7', 'NPC', 'PC3', 'PHH', 'SKB', 'VCAP']",27
tyrphostin-AG-18,13,"['A375', 'A549', 'ASC', 'HA1E', 'HCC515', 'HEPG2', 'HT29', 'MCF7', 'NPC', 'PC3', 'PHH', 'SKB', 'VCAP']",19
ST-4029010,13,"['A375', 'A549', 'ASC', 'HA1E', 'HCC515', 'HEPG2', 'HT29', 'MCF7', 'NEU', 'NPC', 'PC3', 'SKB', 'VCAP']",17
BRD-K00944562,13,"['A375', 'A549', 'ASC', 'HA1E', 'HCC515', 'HT29', 'MCF7', 'NEU', 'NPC', 'PC3', 'PHH', 'SKB', 'VCAP']",17
BRD-K70086257,13,"['A375', 'A549', 'ASC', 'HA1E', 'HCC515', 'HEPG2', 'HT29', 'MCF7', 'NEU', 'NPC', 'PC3', 'SKB', 'VCAP']",17
varenicline,13,"['A375', 'A549', 'ASC', 'HA1E', 'HCC515', 'HT29', 'MCF7', 'NEU', 'NPC', 'PC3', 'PHH', 'SKB', 'VCAP']",17
ST-209453,13,"['A375', 'A549', 'ASC', 'HA1E', 'HCC515', 'HEPG2', 'HT29', 'MCF7', 'NEU', 'NPC', 'PC3', 'SKB', 'VCAP']",17
valyltryptophan,13,"['A375', 'A549', 'ASC', 'HA1E', 'HCC515', 'HEPG2', 'HT29', 'MCF7', 'NPC', 'PC3', 'PHH', 'SKB', 'VCAP']",19
digoxigenin,13,"['A375', 'A549', 'ASC', 'HA1E', 'HCC515', 'HEPG2', 'HT29', 'MCF7', 'NPC', 'PC3', 'PHH', 'SKB', 'VCAP']",23
MEK1-2-inhibitor,13,"['A375', 'A549', 'ASC', 'HA1E', 'HCC515', 'HEPG2', 'HT29', 'MCF7', 'NPC', 'PC3', 'PHH', 'SKB', 'VCAP']",19
ST-056792,13,"['A375', 'A549', 'ASC', 'HA1E', 'HCC515', 'HT29', 'MCF7', 'NEU', 'NPC', 'PC3', 'PHH', 'SKB', 'VCAP']",17
MDL-72832,13,"['A375', 'A549', 'ASC', 'HA1E', 'HCC515', 'HEPG2', 'HT29', 'MCF7', 'NPC', 'PC3', 'PHH', 'SKB', 'VCAP']",19
BRD-K84114569,13,"['A375', 'A549', 'ASC', 'HA1E', 'HCC515', 'HT29', 'MCF7', 'NEU', 'NPC', 'PC3', 'PHH', 'SKB', 'VCAP']",17
MDL-28170,13,"['A375', 'A549', 'ASC', 'HA1E', 'HCC515', 'HEPG2', 'HT29', 'MCF7', 'NPC', 'PC3', 'PHH', 'SKB', 'VCAP']",19
ST-023431,13,"['A375', 'A549', 'ASC', 'HA1E', 'HCC515', 'HEPG2', 'HT29', 'MCF7', 'NEU', 'NPC', 'PC3', 'SKB', 'VCAP']",17
MD-II-038,13,"['A375', 'A549', 'ASC', 'HA1E', 'HCC515', 'HT29', 'MCF7', 'NEU', 'NPC', 'PC3', 'PHH', 'SKB', 'VCAP']",17
diflunisal,13,"['A375', 'A549', 'ASC', 'HA1E', 'HCC515', 'HEPG2', 'HT29', 'MCF7', 'NPC', 'PC3', 'PHH', 'SKB', 'VCAP']",37
BRD-K61359235,13,"['A375', 'A549', 'ASC', 'HA1E', 'HCC515', 'HEPG2', 'HT29', 'MCF7', 'NEU', 'NPC', 'PC3', 'SKB', 'VCAP']",17
ST-019386,13,"['A375', 'A549', 'ASC', 'HA1E', 'HCC515', 'HEPG2', 'HT29', 'MCF7', 'NEU', 'NPC', 'PC3', 'SKB', 'VCAP']",17
phentolamine,13,"['A375', 'A549', 'ASC', 'HA1E', 'HCC515', 'HEPG2', 'HT29', 'MCF7', 'NPC', 'PC3', 'PHH', 'SKB', 'VCAP']",33
GS-39783,13,"['A375', 'A549', 'ASC', 'HA1E', 'HCC515', 'HEPG2', 'HT29', 'MCF7', 'NPC', 'PC3', 'PHH', 'SKB', 'VCAP']",19
phenoxybenzamine,13,"['A375', 'A549', 'ASC', 'HA1E', 'HCC515', 'HEPG2', 'HT29', 'MCF7', 'NPC', 'PC3', 'PHH', 'SKB', 'VCAP']",30
ST-019365,13,"['A375', 'A549', 'ASC', 'HA1E', 'HCC515', 'HEPG2', 'HT29', 'MCF7', 'NEU', 'NPC', 'PC3', 'SKB', 'VCAP']",17
gliquidone,13,"['A375', 'A549', 'ASC', 'HA1E', 'HCC515', 'HEPG2', 'HT29', 'MCF7', 'NEU', 'NPC', 'PC3', 'SKB', 'VCAP']",23
AQ-RA741,13,"['A375', 'A549', 'ASC', 'HA1E', 'HCC515', 'HEPG2', 'HT29', 'MCF7', 'NEU', 'NPC', 'PC3', 'SKB', 'VCAP']",19
BRD-K00390580,13,"['A375', 'A549', 'ASC', 'HA1E', 'HCC515', 'HEPG2', 'HT29', 'MCF7', 'NEU', 'NPC', 'PC3', 'SKB', 'VCAP']",17
glipizide,13,"['A375', 'A549', 'ASC', 'HA1E', 'HCC515', 'HEPG2', 'HT29', 'MCF7', 'NPC', 'PC3', 'PHH', 'SKB', 'VCAP']",33
veratridine,13,"['A375', 'A549', 'ASC', 'HA1E', 'HCC515', 'HEPG2', 'HT29', 'MCF7', 'NPC', 'PC3', 'PHH', 'SKB', 'VCAP']",19
BRD-K76882924,13,"['A375', 'A549', 'ASC', 'HA1E', 'HCC515', 'HT29', 'MCF7', 'NEU', 'NPC', 'PC3', 'PHH', 'SKB', 'VCAP']",17
perindopril,13,"['A375', 'A549', 'ASC', 'HA1E', 'HCC515', 'HEPG2', 'HT29', 'MCF7', 'NPC', 'PC3', 'PHH', 'SKB', 'VCAP']",27
ST-4070169,13,"['A375', 'A549', 'ASC', 'HA1E', 'HCC515', 'HEPG2', 'HT29', 'MCF7', 'NEU', 'NPC', 'PC3', 'SKB', 'VCAP']",17
pentylenetetrazol,13,"['A375', 'A549', 'ASC', 'HA1E', 'HCC515', 'HEPG2', 'HT29', 'MCF7', 'NPC', 'PC3', 'PHH', 'SKB', 'VCAP']",22
BRD-K31851742,13,"['A375', 'A549', 'ASC', 'HA1E', 'HCC515', 'HT29', 'MCF7', 'NEU', 'NPC', 'PC3', 'PHH', 'SKB', 'VCAP']",17
pheniramine,13,"['A375', 'A549', 'ASC', 'HA1E', 'HCC515', 'HEPG2', 'HT29', 'MCF7', 'NPC', 'PC3', 'PHH', 'SKB', 'VCAP']",22
ST-4066738,13,"['A375', 'A549', 'ASC', 'HA1E', 'HCC515', 'HEPG2', 'HT29', 'MCF7', 'NEU', 'NPC', 'PC3', 'SKB', 'VCAP']",17
phenazopyridine,13,"['A375', 'A549', 'ASC', 'HA1E', 'HCC515', 'HEPG2', 'HT29', 'MCF7', 'NPC', 'PC3', 'PHH', 'SKB', 'VCAP']",23
GSK-1059615,13,"['A375', 'A549', 'BT20', 'HA1E', 'HCC515', 'HS578T', 'HT29', 'MCF10A', 'MCF7', 'MDAMB231', 'PC3', 'SKBR3', 'VCAP']",59
phenanthridone,13,"['A375', 'A549', 'ASC', 'HA1E', 'HCC515', 'HEPG2', 'HT29', 'MCF7', 'NPC', 'PC3', 'PHH', 'SKB', 'VCAP']",55
ST-4049616,13,"['A375', 'A549', 'ASC', 'HA1E', 'HCC515', 'HEPG2', 'HT29', 'MCF7', 'NEU', 'NPC', 'PC3', 'SKB', 'VCAP']",17
BRD-K14328427,13,"['A375', 'A549', 'ASC', 'HA1E', 'HCC515', 'HEPG2', 'HT29', 'MCF7', 'NEU', 'NPC', 'PC3', 'SKB', 'VCAP']",17
BRD-K43256821,13,"['A375', 'A549', 'ASC', 'HA1E', 'HCC515', 'HEPG2', 'HT29', 'MCF7', 'NEU', 'NPC', 'PC3', 'SKB', 'VCAP']",17
BRD-K14790374,13,"['A375', 'A549', 'ASC', 'HA1E', 'HCC515', 'HT29', 'MCF7', 'NEU', 'NPC', 'PC3', 'PHH', 'SKB', 'VCAP']",17
ST-4039884,13,"['A375', 'A549', 'ASC', 'HA1E', 'HCC515', 'HT29', 'MCF7', 'NEU', 'NPC', 'PC3', 'PHH', 'SKB', 'VCAP']",17
parthenolide-(alternate-stereo),13,"['A375', 'A549', 'ASC', 'HA1E', 'HCC515', 'HEPG2', 'HT29', 'MCF7', 'NEU', 'NPC', 'PC3', 'SKB', 'VCAP']",17
clomifene,13,"['A375', 'A549', 'ASC', 'HA1E', 'HCC515', 'HEPG2', 'HT29', 'MCF7', 'NPC', 'PC3', 'PHH', 'SKB', 'VCAP']",104
ML-4054,13,"['A375', 'A549', 'ASC', 'HA1E', 'HCC515', 'HT29', 'MCF7', 'NEU', 'NPC', 'PC3', 'PHH', 'SKB', 'VCAP']",17
ST-4034902,13,"['A375', 'A549', 'ASC', 'HA1E', 'HCC515', 'HEPG2', 'HT29', 'MCF7', 'NEU', 'NPC', 'PC3', 'SKB', 'VCAP']",17
ST-4029655,13,"['A375', 'A549', 'ASC', 'HA1E', 'HCC515', 'HEPG2', 'HT29', 'MCF7', 'NEU', 'NPC', 'PC3', 'SKB', 'VCAP']",17
clomethiazole,13,"['A375', 'A549', 'ASC', 'HA1E', 'HCC515', 'HEPG2', 'HT29', 'MCF7', 'NPC', 'PC3', 'PHH', 'SKB', 'VCAP']",19
BRD-K73238422,13,"['A375', 'A549', 'ASC', 'HA1E', 'HCC515', 'HT29', 'MCF7', 'NEU', 'NPC', 'PC3', 'PHH', 'SKB', 'VCAP']",17
ST-4029573,13,"['A375', 'A549', 'ASC', 'HA1E', 'HCC515', 'HEPG2', 'HT29', 'MCF7', 'NEU', 'NPC', 'PC3', 'SKB', 'VCAP']",17
BRD-K73418978,13,"['A375', 'A549', 'ASC', 'HA1E', 'HCC515', 'HT29', 'MCF7', 'NEU', 'NPC', 'PC3', 'PHH', 'SKB', 'VCAP']",17
emodic-acid,13,"['A375', 'A549', 'ASC', 'HA1E', 'HCC515', 'HEPG2', 'HT29', 'MCF7', 'NEU', 'NPC', 'PC3', 'SKB', 'VCAP']",19
DCPIB,13,"['A375', 'A549', 'ASC', 'HA1E', 'HCC515', 'HEPG2', 'HT29', 'MCF7', 'NPC', 'PC3', 'PHH', 'SKB', 'VCAP']",23
BD-1047,13,"['A375', 'A549', 'ASC', 'HA1E', 'HCC515', 'HEPG2', 'HT29', 'MCF7', 'NPC', 'PC3', 'PHH', 'SKB', 'VCAP']",19
DAU-5884,13,"['A375', 'A549', 'ASC', 'HA1E', 'HCC515', 'HEPG2', 'HT29', 'MCF7', 'NEU', 'NPC', 'PC3', 'SKB', 'VCAP']",19
tebuthiuron,13,"['A375', 'A549', 'ASC', 'HA1E', 'HCC515', 'HEPG2', 'HT29', 'MCF7', 'NPC', 'PC3', 'PHH', 'SKB', 'VCAP']",23
pargyline,13,"['A375', 'A549', 'ASC', 'HA1E', 'HCC515', 'HEPG2', 'HT29', 'MCF7', 'NPC', 'PC3', 'PHH', 'SKB', 'VCAP']",22
gitoxigenin,13,"['A375', 'A549', 'ASC', 'HA1E', 'HCC515', 'HEPG2', 'HT29', 'MCF7', 'NPC', 'PC3', 'PHH', 'SKB', 'VCAP']",23
papaverine,13,"['A375', 'A549', 'ASC', 'HA1E', 'HCC515', 'HEPG2', 'HT29', 'MCF7', 'NPC', 'PC3', 'PHH', 'SKB', 'VCAP']",23
BRD-K99433267,13,"['A375', 'A549', 'ASC', 'HA1E', 'HCC515', 'HEPG2', 'HT29', 'MCF7', 'NEU', 'NPC', 'PC3', 'SKB', 'VCAP']",17
BRD-K15107389,13,"['A375', 'A549', 'ASC', 'HA1E', 'HCC515', 'HEPG2', 'HT29', 'MCF7', 'NEU', 'NPC', 'PC3', 'SKB', 'VCAP']",17
BRD-K95895342,13,"['A375', 'A549', 'ASC', 'HA1E', 'HCC515', 'HT29', 'MCF7', 'NEU', 'NPC', 'PC3', 'PHH', 'SKB', 'VCAP']",17
BRD-K60685007,13,"['A375', 'A549', 'ASC', 'HA1E', 'HCC515', 'HEPG2', 'HT29', 'MCF7', 'NEU', 'NPC', 'PC3', 'SKB', 'VCAP']",17
clofibrate,13,"['A375', 'A549', 'ASC', 'HA1E', 'HCC515', 'HEPG2', 'HT29', 'MCF7', 'NPC', 'PC3', 'PHH', 'SKB', 'VCAP']",27
MRS-1845,13,"['A375', 'A549', 'ASC', 'HA1E', 'HCC515', 'HEPG2', 'HT29', 'MCF7', 'NPC', 'PC3', 'PHH', 'SKB', 'VCAP']",19
BRD-K95349679,13,"['A375', 'A549', 'ASC', 'HA1E', 'HCC515', 'HT29', 'MCF7', 'NEU', 'NPC', 'PC3', 'PHH', 'SKB', 'VCAP']",17
MRS-1334,13,"['A375', 'A549', 'ASC', 'HA1E', 'HCC515', 'HEPG2', 'HT29', 'MCF7', 'NPC', 'PC3', 'PHH', 'SKB', 'VCAP']",23
BRD-K05520923,13,"['A375', 'A549', 'ASC', 'HA1E', 'HCC515', 'HEPG2', 'HT29', 'MCF7', 'NEU', 'NPC', 'PC3', 'SKB', 'VCAP']",17
MR-16728,13,"['A375', 'A549', 'ASC', 'HA1E', 'HCC515', 'HEPG2', 'HT29', 'MCF7', 'NPC', 'PC3', 'PHH', 'SKB', 'VCAP']",19
BRD-K79619196,13,"['A375', 'A549', 'ASC', 'HA1E', 'HCC515', 'HT29', 'MCF7', 'NEU', 'NPC', 'PC3', 'PHH', 'SKB', 'VCAP']",17
MMPX,13,"['A375', 'A549', 'ASC', 'HA1E', 'HCC515', 'HEPG2', 'HT29', 'MCF7', 'NPC', 'PC3', 'PHH', 'SKB', 'VCAP']",19
BAS-00535043,13,"['A375', 'A549', 'ASC', 'HA1E', 'HCC515', 'HT29', 'MCF7', 'NEU', 'NPC', 'PC3', 'PHH', 'SKB', 'VCAP']",17
BRD-K86901264,13,"['A375', 'A549', 'ASC', 'HA1E', 'HCC515', 'HEPG2', 'HT29', 'MCF7', 'NEU', 'NPC', 'PC3', 'SKB', 'VCAP']",17
BRD-A20488704,13,"['A375', 'A549', 'ASC', 'HA1E', 'HCC515', 'HEPG2', 'HT29', 'MCF7', 'NEU', 'NPC', 'PC3', 'SKB', 'VCAP']",17
vitexin,13,"['A375', 'A549', 'ASC', 'HA1E', 'HCC515', 'HEPG2', 'HT29', 'MCF7', 'NPC', 'PC3', 'PHH', 'SKB', 'VCAP']",19
RS-67333,13,"['A375', 'A549', 'ASC', 'HA1E', 'HCC515', 'HEPG2', 'HT29', 'MCF7', 'NPC', 'PC3', 'PHH', 'SKB', 'VCAP']",19
ozagrel,13,"['A375', 'A549', 'ASC', 'HA1E', 'HCC515', 'HEPG2', 'HT29', 'MCF7', 'NPC', 'PC3', 'PHH', 'SKB', 'VCAP']",49
fraxetin,13,"['A375', 'A549', 'ASC', 'HA1E', 'HCC515', 'HEPG2', 'HT29', 'MCF7', 'NPC', 'PC3', 'PHH', 'SKB', 'VCAP']",23
oxybuprocaine,13,"['A375', 'A549', 'ASC', 'HA1E', 'HCC515', 'HEPG2', 'HT29', 'MCF7', 'NPC', 'PC3', 'PHH', 'SKB', 'VCAP']",22
diethylcarbamazine,13,"['A375', 'A549', 'ASC', 'HA1E', 'HCC515', 'HEPG2', 'HT29', 'MCF7', 'NPC', 'PC3', 'PHH', 'SKB', 'VCAP']",26
BRD-K15250199,13,"['A375', 'A549', 'ASC', 'HA1E', 'HCC515', 'HT29', 'MCF7', 'NEU', 'NPC', 'PC3', 'PHH', 'SKB', 'VCAP']",17
dienestrol,13,"['A375', 'A549', 'ASC', 'HA1E', 'HCC515', 'HEPG2', 'HT29', 'MCF7', 'NPC', 'PC3', 'PHH', 'SKB', 'VCAP']",123
MW-A1-6,13,"['A375', 'A549', 'ASC', 'HA1E', 'HCC515', 'HT29', 'MCF7', 'NEU', 'NPC', 'PC3', 'PHH', 'SKB', 'VCAP']",17
BRD-K91671201,13,"['A375', 'A549', 'ASC', 'HA1E', 'HCC515', 'HT29', 'MCF7', 'NEU', 'NPC', 'PC3', 'PHH', 'SKB', 'VCAP']",17
MW-A1-18,13,"['A375', 'A549', 'ASC', 'HA1E', 'HCC515', 'HT29', 'MCF7', 'NEU', 'NPC', 'PC3', 'PHH', 'SKB', 'VCAP']",17
arecaidine-propargyl-ester,13,"['A375', 'A549', 'ASC', 'HA1E', 'HCC515', 'HEPG2', 'HT29', 'MCF7', 'NPC', 'PC3', 'PHH', 'SKB', 'VCAP']",19
BRD-K60379529,13,"['A375', 'A549', 'ASC', 'HA1E', 'HCC515', 'HEPG2', 'HT29', 'MCF7', 'NEU', 'NPC', 'PC3', 'SKB', 'VCAP']",17
azacyclonol,13,"['A375', 'A549', 'ASC', 'HA1E', 'HCC515', 'HEPG2', 'HT29', 'MCF7', 'NEU', 'NPC', 'PC3', 'SKB', 'VCAP']",22
orphenadrine,13,"['A375', 'A549', 'ASC', 'HA1E', 'HCC515', 'HEPG2', 'HT29', 'MCF7', 'NPC', 'PC3', 'PHH', 'SKB', 'VCAP']",22
ganglioside,13,"['A375', 'A549', 'ASC', 'HA1E', 'HCC515', 'HEPG2', 'HT29', 'MCF7', 'NPC', 'PC3', 'PHH', 'SKB', 'VCAP']",19
MW-STK33-4A,13,"['A375', 'A549', 'ASC', 'HA1E', 'HCC515', 'HT29', 'MCF7', 'NEU', 'NPC', 'PC3', 'PHH', 'SKB', 'VCAP']",17
tiabendazole,13,"['A375', 'A549', 'ASC', 'HA1E', 'HCC515', 'HEPG2', 'HT29', 'MCF7', 'NPC', 'PC3', 'PHH', 'SKB', 'VCAP']",34
MW-STK33-3A,13,"['A375', 'A549', 'ASC', 'HA1E', 'HCC515', 'HT29', 'MCF7', 'NEU', 'NPC', 'PC3', 'PHH', 'SKB', 'VCAP']",17
terfenadine,13,"['A375', 'A549', 'ASC', 'HA1E', 'HCC515', 'HEPG2', 'HT29', 'MCF7', 'NPC', 'PC3', 'PHH', 'SKB', 'VCAP']",26
MW-STK33-22,13,"['A375', 'A549', 'ASC', 'HA1E', 'HCC515', 'HEPG2', 'HT29', 'MCF7', 'NEU', 'NPC', 'PC3', 'SKB', 'VCAP']",17
BRD-K54573313,13,"['A375', 'A549', 'ASC', 'HA1E', 'HCC515', 'HEPG2', 'HT29', 'MCF7', 'NEU', 'NPC', 'PC3', 'SKB', 'VCAP']",17
BRD-K59980915,13,"['A375', 'A549', 'ASC', 'HA1E', 'HCC515', 'HT29', 'MCF7', 'NEU', 'NPC', 'PC3', 'PHH', 'SKB', 'VCAP']",17
BRD-K48016779,13,"['A375', 'A549', 'ASC', 'HA1E', 'HCC515', 'HEPG2', 'HT29', 'MCF7', 'NEU', 'NPC', 'PC3', 'SKB', 'VCAP']",17
venlafaxine,13,"['A375', 'A549', 'ASC', 'HA1E', 'HCC515', 'HEPG2', 'HT29', 'MCF7', 'NPC', 'PC3', 'PHH', 'SKB', 'VCAP']",38
RS-I-002-6,13,"['A375', 'A549', 'ASC', 'HA1E', 'HCC515', 'HEPG2', 'HT29', 'MCF7', 'NEU', 'NPC', 'PC3', 'SKB', 'VCAP']",17
D-64406,13,"['A375', 'A549', 'ASC', 'HA1E', 'HCC515', 'HEPG2', 'HT29', 'MCF7', 'NPC', 'PC3', 'PHH', 'SKB', 'VCAP']",19
alfuzosin,13,"['A375', 'A549', 'ASC', 'HA1E', 'HCC515', 'HEPG2', 'HT29', 'MCF7', 'NPC', 'PC3', 'PHH', 'SKB', 'VCAP']",37
BRD-K73707305,13,"['A375', 'A549', 'ASC', 'HA1E', 'HCC515', 'HEPG2', 'HT29', 'MCF7', 'NEU', 'NPC', 'PC3', 'SKB', 'VCAP']",17
BRD-K37618507,13,"['A375', 'A549', 'ASC', 'HA1E', 'HCC515', 'HT29', 'MCF7', 'NEU', 'NPC', 'PC3', 'PHH', 'SKB', 'VCAP']",17
N-arachidonyl-GABA,13,"['A375', 'A549', 'ASC', 'HA1E', 'HCC515', 'HEPG2', 'HT29', 'MCF7', 'NPC', 'PC3', 'PHH', 'SKB', 'VCAP']",19
gabazine,13,"['A375', 'A549', 'ASC', 'HA1E', 'HCC515', 'HEPG2', 'HT29', 'MCF7', 'NEU', 'NPC', 'PC3', 'SKB', 'VCAP']",38
MW-STK33-4C,13,"['A375', 'A549', 'ASC', 'HA1E', 'HCC515', 'HT29', 'MCF7', 'NEU', 'NPC', 'PC3', 'PHH', 'SKB', 'VCAP']",32
bufalin,13,"['A375', 'A549', 'ASC', 'HA1E', 'HCC515', 'HEPG2', 'HT29', 'MCF7', 'NPC', 'PC3', 'PHH', 'SKB', 'VCAP']",17
olvanil,13,"['A375', 'A549', 'ASC', 'HA1E', 'HCC515', 'HEPG2', 'HT29', 'MCF7', 'NPC', 'PC3', 'PHH', 'SKB', 'VCAP']",19
BRD-K96326565,13,"['A375', 'A549', 'ASC', 'HA1E', 'HCC515', 'HT29', 'MCF7', 'NEU', 'NPC', 'PC3', 'PHH', 'SKB', 'VCAP']",17
olmesartan-medoxomil,13,"['A375', 'A549', 'ASC', 'HA1E', 'HCC515', 'HEPG2', 'HT29', 'MCF7', 'NPC', 'PC3', 'PHH', 'SKB', 'VCAP']",27
alclometasone,13,"['A375', 'A549', 'ASC', 'HA1E', 'HCC515', 'HEPG2', 'HT29', 'MCF7', 'NPC', 'PC3', 'PHH', 'SKB', 'VCAP']",27
oxindole-I,13,"['A375', 'A549', 'ASC', 'HA1E', 'HCC515', 'HEPG2', 'HT29', 'MCF7', 'NPC', 'PC3', 'PHH', 'SKB', 'VCAP']",19
BRD-A43188678,13,"['A375', 'A549', 'ASC', 'HA1E', 'HCC515', 'HEPG2', 'HT29', 'MCF7', 'NEU', 'NPC', 'PC3', 'SKB', 'VCAP']",17
oxfendazole,13,"['A375', 'A549', 'ASC', 'HA1E', 'HCC515', 'HEPG2', 'HT29', 'MCF7', 'NPC', 'PC3', 'PHH', 'SKB', 'VCAP']",27
BRL-15572,13,"['A375', 'A549', 'ASC', 'HA1E', 'HCC515', 'HEPG2', 'HT29', 'MCF7', 'NPC', 'PC3', 'PHH', 'SKB', 'VCAP']",19
oxantel,13,"['A375', 'A549', 'ASC', 'HA1E', 'HCC515', 'HEPG2', 'HT29', 'MCF7', 'NPC', 'PC3', 'PHH', 'SKB', 'VCAP']",26
GR-79236,13,"['A375', 'A549', 'ASC', 'HA1E', 'HCC515', 'HEPG2', 'HT29', 'MCF7', 'NPC', 'PC3', 'PHH', 'SKB', 'VCAP']",19
albendazole,13,"['A375', 'A549', 'ASC', 'HA1E', 'HCC515', 'HEPG2', 'HT29', 'MCF7', 'NPC', 'PC3', 'PHH', 'SKB', 'VCAP']",45
lavendustin-a,13,"['A375', 'A549', 'ASC', 'HA1E', 'HCC515', 'HEPG2', 'HT29', 'MCF7', 'NPC', 'PC3', 'PHH', 'SKB', 'VCAP']",19
nortriptyline,13,"['A375', 'A549', 'ASC', 'HA1E', 'HCC515', 'HEPG2', 'HT29', 'MCF7', 'NPC', 'PC3', 'PHH', 'SKB', 'VCAP']",22
BRD-A39121618,13,"['A375', 'A549', 'ASC', 'HA1E', 'HCC515', 'HEPG2', 'HT29', 'MCF7', 'NEU', 'NPC', 'PC3', 'SKB', 'VCAP']",17
norgestrel,13,"['A375', 'A549', 'ASC', 'HA1E', 'HCC515', 'HEPG2', 'HT29', 'MCF7', 'NPC', 'PC3', 'PHH', 'SKB', 'VCAP']",23
latrunculin-b,13,"['A375', 'A549', 'ASC', 'HA1E', 'HCC515', 'HT29', 'MCF7', 'NEU', 'NPC', 'PC3', 'PHH', 'SKB', 'VCAP']",34
BRD-K58900438,13,"['A375', 'A549', 'ASC', 'HA1E', 'HCC515', 'HEPG2', 'HT29', 'MCF7', 'NEU', 'NPC', 'PC3', 'SKB', 'VCAP']",17
adipiodone,13,"['A375', 'A549', 'ASC', 'HA1E', 'HCC515', 'HEPG2', 'HT29', 'MCF7', 'NPC', 'PC3', 'PHH', 'SKB', 'VCAP']",23
NGB-2904,13,"['A375', 'A549', 'ASC', 'HA1E', 'HCC515', 'HEPG2', 'HT29', 'MCF7', 'NPC', 'PC3', 'PHH', 'SKB', 'VCAP']",19
beta-CCP,13,"['A375', 'A549', 'ASC', 'HA1E', 'HCC515', 'HEPG2', 'HT29', 'MCF7', 'NEU', 'NPC', 'PC3', 'SKB', 'VCAP']",19
NCS-382,13,"['A375', 'A549', 'ASC', 'HA1E', 'HCC515', 'HEPG2', 'HT29', 'MCF7', 'NPC', 'PC3', 'PHH', 'SKB', 'VCAP']",42
fluperlapine,13,"['A375', 'A549', 'ASC', 'HA1E', 'HCC515', 'HEPG2', 'HT29', 'MCF7', 'NPC', 'PC3', 'PHH', 'SKB', 'VCAP']",32
NBI-27914,13,"['A375', 'A549', 'ASC', 'HA1E', 'HCC515', 'HEPG2', 'HT29', 'MCF7', 'NEU', 'NPC', 'PC3', 'SKB', 'VCAP']",19
BE-2254,13,"['A375', 'A549', 'ASC', 'HA1E', 'HCC515', 'HEPG2', 'HT29', 'MCF7', 'NPC', 'PC3', 'PHH', 'SKB', 'VCAP']",19
N-methyllidocaine-iodide,13,"['A375', 'A549', 'ASC', 'HA1E', 'HCC515', 'HEPG2', 'HT29', 'MCF7', 'NPC', 'PC3', 'PHH', 'SKB', 'VCAP']",19
BRD-K26048285,13,"['A375', 'A549', 'ASC', 'HA1E', 'HCC515', 'HEPG2', 'HT29', 'MCF7', 'NEU', 'NPC', 'PC3', 'SKB', 'VCAP']",17
BRD-K59488055,13,"['A375', 'A549', 'ASC', 'HA1E', 'HCC515', 'HT29', 'MCF7', 'NEU', 'NPC', 'PC3', 'PHH', 'SKB', 'VCAP']",17
azaperone,13,"['A375', 'A549', 'ASC', 'HA1E', 'HCC515', 'HEPG2', 'HT29', 'MCF7', 'NPC', 'PC3', 'PHH', 'SKB', 'VCAP']",27
CPCCOEt,13,"['A375', 'A549', 'ASC', 'HA1E', 'HCC515', 'HEPG2', 'HT29', 'MCF7', 'NPC', 'PC3', 'PHH', 'SKB', 'VCAP']",19
formestane,13,"['A375', 'A549', 'ASC', 'HA1E', 'HCC515', 'HEPG2', 'HT29', 'MCF7', 'NPC', 'PC3', 'PHH', 'SKB', 'VCAP']",23
CP-93129,13,"['A375', 'A549', 'ASC', 'HA1E', 'HCC515', 'HEPG2', 'HT29', 'MCF7', 'NEU', 'NPC', 'PC3', 'SKB', 'VCAP']",19
GR-127935,13,"['A375', 'A549', 'ASC', 'HA1E', 'HCC515', 'HEPG2', 'HT29', 'MCF7', 'NPC', 'PC3', 'PHH', 'SKB', 'VCAP']",19
BRD-K86631041,13,"['A375', 'A549', 'ASC', 'HA1E', 'HCC515', 'HEPG2', 'HT29', 'MCF7', 'NEU', 'NPC', 'PC3', 'SKB', 'VCAP']",29
equilin,13,"['A375', 'A549', 'ASC', 'HA1E', 'HCC515', 'HEPG2', 'HT29', 'MCF7', 'NPC', 'PC3', 'PHH', 'SKB', 'VCAP']",91
BRD-K16309743,13,"['A375', 'A549', 'ASC', 'HA1E', 'HCC515', 'HT29', 'MCF7', 'NEU', 'NPC', 'PC3', 'PHH', 'SKB', 'VCAP']",17
GR-32191,13,"['A375', 'A549', 'ASC', 'HA1E', 'HCC515', 'HEPG2', 'HT29', 'MCF7', 'NPC', 'PC3', 'PHH', 'SKB', 'VCAP']",19
BRD-K16180117,13,"['A375', 'A549', 'ASC', 'HA1E', 'HCC515', 'HEPG2', 'HT29', 'MCF7', 'NEU', 'NPC', 'PC3', 'SKB', 'VCAP']",17
dexamethasone-acetate,13,"['A375', 'A549', 'ASC', 'HA1E', 'HCC515', 'HEPG2', 'HT29', 'MCF7', 'NPC', 'PC3', 'PHH', 'SKB', 'VCAP']",23
nomegestrol-acetate,13,"['A375', 'A549', 'ASC', 'HA1E', 'HCC515', 'HEPG2', 'HT29', 'MCF7', 'NPC', 'PC3', 'PHH', 'SKB', 'VCAP']",19
tenidap,13,"['A375', 'A549', 'ASC', 'HA1E', 'HCC515', 'HEPG2', 'HT29', 'MCF7', 'NEU', 'NPC', 'PC3', 'SKB', 'VCAP']",19
BRD-K16051505,13,"['A375', 'A549', 'ASC', 'HA1E', 'HCC515', 'HT29', 'MCF7', 'NEU', 'NPC', 'PC3', 'PHH', 'SKB', 'VCAP']",17
BRD-K42568865,13,"['A375', 'A549', 'ASC', 'HA1E', 'HCC515', 'HT29', 'MCF7', 'NEU', 'NPC', 'PC3', 'PHH', 'SKB', 'VCAP']",17
obatoclax,13,"['A375', 'A549', 'ASC', 'HA1E', 'HCC515', 'HEPG2', 'HT29', 'MCF7', 'NEU', 'NPC', 'PC3', 'SKB', 'VCAP']",17
BRD-K29345712,13,"['A375', 'A549', 'ASC', 'HA1E', 'HCC515', 'HT29', 'MCF7', 'NEU', 'NPC', 'PC3', 'PHH', 'SKB', 'VCAP']",17
NS-1619,13,"['A375', 'A549', 'ASC', 'HA1E', 'HCC515', 'HEPG2', 'HT29', 'MCF7', 'NEU', 'NPC', 'PC3', 'SKB', 'VCAP']",23
BRD-K54906270,13,"['A375', 'A549', 'ASC', 'HA1E', 'HCC515', 'HEPG2', 'HT29', 'MCF7', 'NEU', 'NPC', 'PC3', 'SKB', 'VCAP']",23
NNC-711,13,"['A375', 'A549', 'ASC', 'HA1E', 'HCC515', 'HEPG2', 'HT29', 'MCF7', 'NEU', 'NPC', 'PC3', 'SKB', 'VCAP']",19
toltrazuril,13,"['A375', 'A549', 'ASC', 'HA1E', 'HCC515', 'HEPG2', 'HT29', 'MCF7', 'NPC', 'PC3', 'PHH', 'SKB', 'VCAP']",27
NNC-05-2090,13,"['A375', 'A549', 'ASC', 'HA1E', 'HCC515', 'HEPG2', 'HT29', 'MCF7', 'NEU', 'NPC', 'PC3', 'SKB', 'VCAP']",19
flumazenil,13,"['A375', 'A549', 'ASC', 'HA1E', 'HCC515', 'HEPG2', 'HT29', 'MCF7', 'NPC', 'PC3', 'PHH', 'SKB', 'VCAP']",30
BRD-K58972465,13,"['A375', 'A549', 'ASC', 'HA1E', 'HCC515', 'HT29', 'MCF7', 'NEU', 'NPC', 'PC3', 'PHH', 'SKB', 'VCAP']",17
thioproperazine,13,"['A375', 'A549', 'ASC', 'HA1E', 'HCC515', 'HEPG2', 'HT29', 'MCF7', 'NPC', 'PC3', 'PHH', 'SKB', 'VCAP']",22
norcyclobenzaprine,13,"['A375', 'A549', 'ASC', 'HA1E', 'HCC515', 'HEPG2', 'HT29', 'MCF7', 'NEU', 'NPC', 'PC3', 'SKB', 'VCAP']",23
fludroxycortide,13,"['A375', 'A549', 'ASC', 'HA1E', 'HCC515', 'HEPG2', 'HT29', 'MCF7', 'NPC', 'PC3', 'PHH', 'SKB', 'VCAP']",38
bicalutamide,13,"['A375', 'A549', 'ASC', 'HA1E', 'HCC515', 'HEPG2', 'HT29', 'MCF7', 'NPC', 'PC3', 'PHH', 'SKB', 'VCAP']",40
RWJ-21757,13,"['A375', 'A549', 'ASC', 'HA1E', 'HCC515', 'HEPG2', 'HT29', 'MCF7', 'NPC', 'PC3', 'PHH', 'SKB', 'VCAP']",19
vincamine,13,"['A375', 'A549', 'ASC', 'HA1E', 'HCC515', 'HEPG2', 'HT29', 'MCF7', 'NPC', 'PC3', 'PHH', 'SKB', 'VCAP']",22
azasetron,13,"['A375', 'A549', 'ASC', 'HA1E', 'HCC515', 'HEPG2', 'HT29', 'MCF7', 'NPC', 'PC3', 'PHH', 'SKB', 'VCAP']",30
vesamicol,13,"['A375', 'A549', 'ASC', 'HA1E', 'HCC515', 'HEPG2', 'HT29', 'MCF7', 'NPC', 'PC3', 'PHH', 'SKB', 'VCAP']",34
GP-2a,13,"['A375', 'A549', 'ASC', 'HA1E', 'HCC515', 'HEPG2', 'HT29', 'MCF7', 'NPC', 'PC3', 'PHH', 'SKB', 'VCAP']",19
CL-82198,13,"['A375', 'A549', 'ASC', 'HA1E', 'HCC515', 'HEPG2', 'HT29', 'MCF7', 'NPC', 'PC3', 'PHH', 'SKB', 'VCAP']",19
flucloxacillin,13,"['A375', 'A549', 'ASC', 'HA1E', 'HCC515', 'HEPG2', 'HT29', 'MCF7', 'NPC', 'PC3', 'PHH', 'SKB', 'VCAP']",23
CI-966,13,"['A375', 'A549', 'ASC', 'HA1E', 'HCC515', 'HEPG2', 'HT29', 'MCF7', 'NEU', 'NPC', 'PC3', 'SKB', 'VCAP']",19
BRD-K21064560,13,"['A375', 'A549', 'ASC', 'HA1E', 'HCC515', 'HEPG2', 'HT29', 'MCF7', 'NPC', 'PC3', 'PHH', 'SKB', 'VCAP']",19
CGS-20625,13,"['A375', 'A549', 'ASC', 'HA1E', 'HCC515', 'HEPG2', 'HT29', 'MCF7', 'NEU', 'NPC', 'PC3', 'SKB', 'VCAP']",19
BRD-K47731572,13,"['A375', 'A549', 'ASC', 'HA1E', 'HCC515', 'HEPG2', 'HT29', 'MCF7', 'NEU', 'NPC', 'PC3', 'SKB', 'VCAP']",17
nilutamide,13,"['A375', 'A549', 'ASC', 'HA1E', 'HCC515', 'HEPG2', 'HT29', 'MCF7', 'NPC', 'PC3', 'PHH', 'SKB', 'VCAP']",23
BH3I-1,13,"['A375', 'A549', 'ASC', 'HA1E', 'HCC515', 'HEPG2', 'HT29', 'MCF7', 'NPC', 'PC3', 'PHH', 'SKB', 'VCAP']",34
nifurtimox,13,"['A375', 'A549', 'ASC', 'HA1E', 'HCC515', 'HEPG2', 'HT29', 'MCF7', 'NPC', 'PC3', 'PHH', 'SKB', 'VCAP']",19
BRD-K47703442,13,"['A375', 'A549', 'ASC', 'HA1E', 'HCC515', 'HT29', 'MCF7', 'NEU', 'NPC', 'PC3', 'PHH', 'SKB', 'VCAP']",17
nizatidine,13,"['A375', 'A549', 'ASC', 'HA1E', 'HCC515', 'HEPG2', 'HT29', 'MCF7', 'NPC', 'PC3', 'PHH', 'SKB', 'VCAP']",53
lasalocid,13,"['A375', 'A549', 'ASC', 'HA1E', 'HCC515', 'HEPG2', 'HT29', 'MCF7', 'NPC', 'PC3', 'PHH', 'SKB', 'VCAP']",34
BML-190,13,"['A375', 'A549', 'ASC', 'HA1E', 'HCC515', 'HEPG2', 'HT29', 'MCF7', 'NEU', 'NPC', 'PC3', 'SKB', 'VCAP']",19
levcromakalim,13,"['A375', 'A549', 'ASC', 'HA1E', 'HCC515', 'HEPG2', 'HT29', 'MCF7', 'NPC', 'PC3', 'PHH', 'SKB', 'VCAP']",19
BRD-K16541732,13,"['A375', 'A549', 'ASC', 'HA1E', 'HCC515', 'HEPG2', 'HT29', 'MCF7', 'NEU', 'NPC', 'PC3', 'SKB', 'VCAP']",17
tetramethyl-haematoxylone,13,"['A375', 'A549', 'ASC', 'HA1E', 'HCC515', 'HEPG2', 'HT29', 'MCF7', 'NEU', 'NPC', 'PC3', 'SKB', 'VCAP']",19
BRD-K58547240,13,"['A375', 'A549', 'ASC', 'HA1E', 'HCC515', 'HEPG2', 'HT29', 'MCF7', 'NEU', 'NPC', 'PC3', 'SKB', 'VCAP']",17
STOCK1S-03920,13,"['A375', 'A549', 'ASC', 'HA1E', 'HCC515', 'HEPG2', 'HT29', 'MCF7', 'NEU', 'NPC', 'PC3', 'SKB', 'VCAP']",17
BAS-09104376,13,"['A375', 'A549', 'ASC', 'HA1E', 'HCC515', 'HEPG2', 'HT29', 'MCF7', 'NEU', 'NPC', 'PC3', 'SKB', 'VCAP']",17
amlodipine,13,"['A375', 'A549', 'ASC', 'HA1E', 'HCC515', 'HEPG2', 'HT29', 'MCF7', 'NPC', 'PC3', 'PHH', 'SKB', 'VCAP']",38
flavokavain-b,13,"['A375', 'A549', 'ASC', 'HA1E', 'HCC515', 'HEPG2', 'HT29', 'MCF7', 'NPC', 'PC3', 'PHH', 'SKB', 'VCAP']",19
BAS-02859604,13,"['A375', 'A549', 'ASC', 'HA1E', 'HCC515', 'HT29', 'MCF7', 'NEU', 'NPC', 'PC3', 'PHH', 'SKB', 'VCAP']",17
BRD-K58784778,13,"['A375', 'A549', 'ASC', 'HA1E', 'HCC515', 'HEPG2', 'HT29', 'MCF7', 'NEU', 'NPC', 'PC3', 'SKB', 'VCAP']",19
chlorthalidone,13,"['A375', 'A549', 'ASC', 'HA1E', 'HCC515', 'HEPG2', 'HT29', 'MCF7', 'NPC', 'PC3', 'PHH', 'SKB', 'VCAP']",39
BRD-K58628167,13,"['A375', 'A549', 'ASC', 'HA1E', 'HCC515', 'HEPG2', 'HT29', 'MCF7', 'NEU', 'NPC', 'PC3', 'SKB', 'VCAP']",17
finasteride,13,"['A375', 'A549', 'ASC', 'HA1E', 'HCC515', 'HEPG2', 'HT29', 'MCF7', 'NPC', 'PC3', 'PHH', 'SKB', 'VCAP']",53
BRD-K73888531,13,"['A375', 'A549', 'ASC', 'HA1E', 'HCC515', 'HT29', 'MCF7', 'NEU', 'NPC', 'PC3', 'PHH', 'SKB', 'VCAP']",17
BRD-K04156788,13,"['A375', 'A549', 'ASC', 'HA1E', 'HCC515', 'HEPG2', 'HT29', 'MCF7', 'NEU', 'NPC', 'PC3', 'SKB', 'VCAP']",32
fexofenadine,13,"['A375', 'A549', 'ASC', 'HA1E', 'HCC515', 'HEPG2', 'HT29', 'MCF7', 'NPC', 'PC3', 'PHH', 'SKB', 'VCAP']",27
ambroxol,13,"['A375', 'A549', 'ASC', 'HA1E', 'HCC515', 'HEPG2', 'HT29', 'MCF7', 'NPC', 'PC3', 'PHH', 'SKB', 'VCAP']",26
BRD-A96272097,13,"['A375', 'A549', 'ASC', 'HA1E', 'HCC515', 'HEPG2', 'HT29', 'MCF7', 'NEU', 'NPC', 'PC3', 'SKB', 'VCAP']",17
amodiaquine,13,"['A375', 'A549', 'ASC', 'HA1E', 'HCC515', 'HEPG2', 'HT29', 'MCF7', 'NEU', 'NPC', 'PC3', 'SKB', 'VCAP']",25
CGS-12066B,13,"['A375', 'A549', 'ASC', 'HA1E', 'HCC515', 'HEPG2', 'HT29', 'MCF7', 'NEU', 'NPC', 'PC3', 'SKB', 'VCAP']",29
TER-14687,13,"['A375', 'A549', 'ASC', 'HA1E', 'HCC515', 'HEPG2', 'HT29', 'MCF7', 'NEU', 'NPC', 'PC3', 'SKB', 'VCAP']",19
CGP-71683,13,"['A375', 'A549', 'ASC', 'HA1E', 'HCC515', 'HEPG2', 'HT29', 'MCF7', 'NPC', 'PC3', 'PHH', 'SKB', 'VCAP']",19
levomepromazine,13,"['A375', 'A549', 'ASC', 'HA1E', 'HCC515', 'HEPG2', 'HT29', 'MCF7', 'NPC', 'PC3', 'PHH', 'SKB', 'VCAP']",23
TC-2559,13,"['A375', 'A549', 'ASC', 'HA1E', 'HCC515', 'HEPG2', 'HT29', 'MCF7', 'NEU', 'NPC', 'PC3', 'SKB', 'VCAP']",19
chlorprothixene,13,"['A375', 'A549', 'ASC', 'HA1E', 'HCC515', 'HEPG2', 'HT29', 'MCF7', 'NEU', 'NPC', 'PC3', 'SKB', 'VCAP']",26
naproxol,13,"['A375', 'A549', 'ASC', 'HA1E', 'HCC515', 'HEPG2', 'HT29', 'MCF7', 'NPC', 'PC3', 'PHH', 'SKB', 'VCAP']",23
BRD-K36767861,13,"['A375', 'A549', 'ASC', 'HA1E', 'HCC515', 'HT29', 'MCF7', 'NEU', 'NPC', 'PC3', 'PHH', 'SKB', 'VCAP']",17
naphazoline,13,"['A375', 'A549', 'ASC', 'HA1E', 'HCC515', 'HEPG2', 'HT29', 'MCF7', 'NPC', 'PC3', 'PHH', 'SKB', 'VCAP']",22
T-0901317,13,"['A375', 'A549', 'ASC', 'HA1E', 'HCC515', 'HEPG2', 'HT29', 'MCF7', 'NPC', 'PC3', 'PHH', 'SKB', 'VCAP']",32
naltriben,13,"['A375', 'A549', 'ASC', 'HA1E', 'HCC515', 'HEPG2', 'HT29', 'MCF7', 'NPC', 'PC3', 'PHH', 'SKB', 'VCAP']",19
leoidin,13,"['A375', 'A549', 'ASC', 'HA1E', 'HCC515', 'HEPG2', 'HT29', 'MCF7', 'NEU', 'NPC', 'PC3', 'SKB', 'VCAP']",19
O-2050,13,"['A375', 'A549', 'ASC', 'HA1E', 'HCC515', 'HEPG2', 'HT29', 'MCF7', 'NPC', 'PC3', 'PHH', 'SKB', 'VCAP']",19
BRD-K47825575,13,"['A375', 'A549', 'ASC', 'HA1E', 'HCC515', 'HT29', 'MCF7', 'NEU', 'NPC', 'PC3', 'PHH', 'SKB', 'VCAP']",17
NU-7026,13,"['A375', 'A549', 'ASC', 'HA1E', 'HCC515', 'HEPG2', 'HT29', 'MCF7', 'NPC', 'PC3', 'PHH', 'SKB', 'VCAP']",23
altretamine,13,"['A375', 'A549', 'ASC', 'HA1E', 'HCC515', 'HEPG2', 'HT29', 'MCF7', 'NEU', 'NPC', 'PC3', 'SKB', 'VCAP']",38
BRD-K58141791,13,"['A375', 'A549', 'ASC', 'HA1E', 'HCC515', 'HEPG2', 'HT29', 'MCF7', 'NEU', 'NPC', 'PC3', 'SKB', 'VCAP']",17
altrenogest,13,"['A375', 'A549', 'ASC', 'HA1E', 'HCC515', 'HEPG2', 'HT29', 'MCF7', 'NPC', 'PC3', 'PHH', 'SKB', 'VCAP']",23
OBAA,13,"['A375', 'A549', 'ASC', 'HA1E', 'HCC515', 'HEPG2', 'HT29', 'MCF7', 'NPC', 'PC3', 'PHH', 'SKB', 'VCAP']",38
VUF-5681,13,"['A375', 'A549', 'ASC', 'HA1E', 'HCC515', 'HEPG2', 'HT29', 'MCF7', 'NPC', 'PC3', 'PHH', 'SKB', 'VCAP']",19
nateglinide,13,"['A375', 'A549', 'ASC', 'HA1E', 'HCC515', 'HEPG2', 'HT29', 'MCF7', 'NPC', 'PC3', 'PHH', 'SKB', 'VCAP']",30
BRD-K94352392,13,"['A375', 'A549', 'ASC', 'HA1E', 'HCC515', 'HT29', 'MCF7', 'NEU', 'NPC', 'PC3', 'PHH', 'SKB', 'VCAP']",17
BRD-K74623475,13,"['A375', 'A549', 'ASC', 'HA1E', 'HCC515', 'HEPG2', 'HT29', 'MCF7', 'NEU', 'NPC', 'PC3', 'SKB', 'VCAP']",17
altanserin,13,"['A375', 'A549', 'ASC', 'HA1E', 'HCC515', 'HEPG2', 'HT29', 'MCF7', 'NPC', 'PC3', 'PHH', 'SKB', 'VCAP']",30
BRD-A95944315,13,"['A375', 'A549', 'ASC', 'HA1E', 'HCC515', 'HEPG2', 'HT29', 'MCF7', 'NEU', 'NPC', 'PC3', 'SKB', 'VCAP']",17
alrestatin,13,"['A375', 'A549', 'ASC', 'HA1E', 'HCC515', 'HEPG2', 'HT29', 'MCF7', 'NEU', 'NPC', 'PC3', 'SKB', 'VCAP']",23
BRD-A95820578,13,"['A375', 'A549', 'ASC', 'HA1E', 'HCC515', 'HEPG2', 'HT29', 'MCF7', 'NEU', 'NPC', 'PC3', 'SKB', 'VCAP']",17
wiskostatin,13,"['A375', 'A549', 'ASC', 'HA1E', 'HCC515', 'HEPG2', 'HT29', 'MCF7', 'NEU', 'NPC', 'PC3', 'SKB', 'VCAP']",19
BRD-A93015352,13,"['A375', 'A549', 'ASC', 'HA1E', 'HCC515', 'HEPG2', 'HT29', 'MCF7', 'NEU', 'NPC', 'PC3', 'SKB', 'VCAP']",17
fenoterol,13,"['A375', 'A549', 'ASC', 'HA1E', 'HCC515', 'HEPG2', 'HT29', 'MCF7', 'NEU', 'NPC', 'PC3', 'SKB', 'VCAP']",26
BRD-K74931283,13,"['A375', 'A549', 'ASC', 'HA1E', 'HCC515', 'HEPG2', 'HT29', 'MCF7', 'NEU', 'NPC', 'PC3', 'SKB', 'VCAP']",17
alprostadil,13,"['A375', 'A549', 'ASC', 'HA1E', 'HCC515', 'HEPG2', 'HT29', 'MCF7', 'NPC', 'PC3', 'PHH', 'SKB', 'VCAP']",19
fenofibrate,13,"['A375', 'A549', 'ASC', 'HA1E', 'HCC515', 'HEPG2', 'HT29', 'MCF7', 'NPC', 'PC3', 'PHH', 'SKB', 'VCAP']",22
arcyriaflavin-a,13,"['A375', 'A549', 'ASC', 'HA1E', 'HCC515', 'HEPG2', 'HT29', 'MCF7', 'NPC', 'PC3', 'PHH', 'SKB', 'VCAP']",23
nalbuphine,13,"['A375', 'A549', 'ASC', 'HA1E', 'HCC515', 'HEPG2', 'HT29', 'MCF7', 'NPC', 'PC3', 'PHH', 'SKB', 'VCAP']",48
budesonide,13,"['A375', 'A549', 'ASC', 'HA1E', 'HCC515', 'HEPG2', 'HT29', 'MCF7', 'NEU', 'NPC', 'PC3', 'SKB', 'VCAP']",68
naftidrofuryl,13,"['A375', 'A549', 'ASC', 'HA1E', 'HCC515', 'HEPG2', 'HT29', 'MCF7', 'NPC', 'PC3', 'PHH', 'SKB', 'VCAP']",26
fenbufen,13,"['A375', 'A549', 'ASC', 'HA1E', 'HCC515', 'HEPG2', 'HT29', 'MCF7', 'NEU', 'NPC', 'PC3', 'SKB', 'VCAP']",26
BRD-K17693482,13,"['A375', 'A549', 'ASC', 'HA1E', 'HCC515', 'HEPG2', 'HT29', 'MCF7', 'NPC', 'PC3', 'PHH', 'SKB', 'VCAP']",19
BRD-K42644990,13,"['A375', 'A549', 'ASC', 'HA1E', 'HCC515', 'HEPG2', 'HT29', 'MCF7', 'NEU', 'NPC', 'PC3', 'SKB', 'VCAP']",17
nafadotride,13,"['A375', 'A549', 'ASC', 'HA1E', 'HCC515', 'HEPG2', 'HT29', 'MCF7', 'NPC', 'PC3', 'PHH', 'SKB', 'VCAP']",32
felodipine,13,"['A375', 'A549', 'ASC', 'HA1E', 'HCC515', 'HEPG2', 'HT29', 'MCF7', 'NPC', 'PC3', 'PHH', 'SKB', 'VCAP']",23
nTZDpa,13,"['A375', 'A549', 'ASC', 'HA1E', 'HCC515', 'HEPG2', 'HT29', 'MCF7', 'NPC', 'PC3', 'PHH', 'SKB', 'VCAP']",19
BRD-K54159704,13,"['A375', 'A549', 'ASC', 'HA1E', 'HCC515', 'HEPG2', 'HT29', 'MCF7', 'NEU', 'NPC', 'PC3', 'SKB', 'VCAP']",17
OMDM-2,13,"['A375', 'A549', 'ASC', 'HA1E', 'HCC515', 'HEPG2', 'HT29', 'MCF7', 'NPC', 'PC3', 'PHH', 'SKB', 'VCAP']",19
febuxostat,13,"['A375', 'A549', 'ASC', 'HA1E', 'HCC515', 'HEPG2', 'HT29', 'MCF7', 'NPC', 'PC3', 'PHH', 'SKB', 'VCAP']",19
BRD-K58347372,13,"['A375', 'A549', 'ASC', 'HA1E', 'HCC515', 'HEPG2', 'HT29', 'MCF7', 'NEU', 'NPC', 'PC3', 'SKB', 'VCAP']",17
dibenzepin,13,"['A375', 'A549', 'ASC', 'HA1E', 'HCC515', 'HEPG2', 'HT29', 'MCF7', 'NPC', 'PC3', 'PHH', 'SKB', 'VCAP']",23
flecainide,13,"['A375', 'A549', 'ASC', 'HA1E', 'HCC515', 'HEPG2', 'HT29', 'MCF7', 'NPC', 'PC3', 'PHH', 'SKB', 'VCAP']",38
diazoxide,13,"['A375', 'A549', 'ASC', 'HA1E', 'HCC515', 'HEPG2', 'HT29', 'MCF7', 'NPC', 'PC3', 'PHH', 'SKB', 'VCAP']",33
mitomycin-c,13,"['A375', 'A549', 'ASC', 'HA1E', 'HCC515', 'HEPG2', 'HT29', 'MCF7', 'NPC', 'PC3', 'PHH', 'SKB', 'VCAP']",34
xylazine,13,"['A375', 'A549', 'ASC', 'HA1E', 'HCC515', 'HEPG2', 'HT29', 'MCF7', 'NPC', 'PC3', 'PHH', 'SKB', 'VCAP']",23
PD-123319,13,"['A375', 'A549', 'ASC', 'HA1E', 'HCC515', 'HEPG2', 'HT29', 'MCF7', 'NEU', 'NPC', 'PC3', 'SKB', 'VCAP']",19
fananserin,13,"['A375', 'A549', 'ASC', 'HA1E', 'HCC515', 'HEPG2', 'HT29', 'MCF7', 'NPC', 'PC3', 'PHH', 'SKB', 'VCAP']",19
PCO-400,13,"['A375', 'A549', 'ASC', 'HA1E', 'HCC515', 'HEPG2', 'HT29', 'MCF7', 'NPC', 'PC3', 'PHH', 'SKB', 'VCAP']",19
diarylpropionitrile,13,"['A375', 'A549', 'ASC', 'HA1E', 'HCC515', 'HEPG2', 'HT29', 'MCF7', 'NPC', 'PC3', 'PHH', 'SKB', 'VCAP']",19
PCA-4248,13,"['A375', 'A549', 'ASC', 'HA1E', 'HCC515', 'HEPG2', 'HT29', 'MCF7', 'NPC', 'PC3', 'PHH', 'SKB', 'VCAP']",19
TMI-15,13,"['A375', 'A549', 'ASC', 'HA1E', 'HCC515', 'HT29', 'MCF7', 'NEU', 'NPC', 'PC3', 'PHH', 'SKB', 'VCAP']",17
TG-100115,13,"['A375', 'A549', 'ASC', 'HA1E', 'HCC515', 'HEPG2', 'HT29', 'MCF7', 'NEU', 'NPC', 'PC3', 'SKB', 'VCAP']",17
BRD-K85694079,13,"['A375', 'A549', 'ASC', 'HA1E', 'HCC515', 'HEPG2', 'HT29', 'MCF7', 'NEU', 'NPC', 'PC3', 'SKB', 'VCAP']",17
moxonidine,13,"['A375', 'A549', 'ASC', 'HA1E', 'HCC515', 'HEPG2', 'HT29', 'MCF7', 'NEU', 'NPC', 'PC3', 'SKB', 'VCAP']",34
AG-490,13,"['A375', 'A549', 'ASC', 'HA1E', 'HCC515', 'HEPG2', 'HT29', 'MCF7', 'NPC', 'PC3', 'PHH', 'SKB', 'VCAP']",46
BRD-K95080859,13,"['A375', 'A549', 'ASC', 'HA1E', 'HCC515', 'HT29', 'MCF7', 'NEU', 'NPC', 'PC3', 'PHH', 'SKB', 'VCAP']",17
canrenoic-acid,13,"['A375', 'A549', 'ASC', 'HA1E', 'HCC515', 'HEPG2', 'HT29', 'MCF7', 'NEU', 'NPC', 'PC3', 'SKB', 'VCAP']",26
milrinone,13,"['A375', 'A549', 'ASC', 'HA1E', 'HCC515', 'HEPG2', 'HT29', 'MCF7', 'NPC', 'PC3', 'PHH', 'SKB', 'VCAP']",34
BRD-K94991378,13,"['A375', 'A549', 'ASC', 'HA1E', 'HCC515', 'HT29', 'MCF7', 'NEU', 'NPC', 'PC3', 'PHH', 'SKB', 'VCAP']",17
midodrine,13,"['A375', 'A549', 'ASC', 'HA1E', 'HCC515', 'HEPG2', 'HT29', 'MCF7', 'NPC', 'PC3', 'PHH', 'SKB', 'VCAP']",37
z-prolyl-prolinal,13,"['A375', 'A549', 'ASC', 'HA1E', 'HCC515', 'HEPG2', 'HT29', 'MCF7', 'NPC', 'PC3', 'PHH', 'SKB', 'VCAP']",19
mianserin,13,"['A375', 'A549', 'ASC', 'HA1E', 'HCC515', 'HEPG2', 'HT29', 'MCF7', 'NEU', 'NPC', 'PC3', 'SKB', 'VCAP']",22
BRD-A36884011,13,"['A375', 'A549', 'ASC', 'HA1E', 'HCC515', 'HT29', 'MCF7', 'NEU', 'NPC', 'PC3', 'PHH', 'SKB', 'VCAP']",17
BRD-A36165599,13,"['A375', 'A549', 'ASC', 'HA1E', 'HCC515', 'HT29', 'MCF7', 'NEU', 'NPC', 'PC3', 'PHH', 'SKB', 'VCAP']",17
BRD-K84677391,13,"['A375', 'A549', 'ASC', 'HA1E', 'HCC515', 'HEPG2', 'HT29', 'MCF7', 'NEU', 'NPC', 'PC3', 'SKB', 'VCAP']",17
BRD-K18074178,13,"['A375', 'A549', 'ASC', 'HA1E', 'HCC515', 'HT29', 'MCF7', 'NEU', 'NPC', 'PC3', 'PHH', 'SKB', 'VCAP']",17
deoxycorticosterone-acetate,13,"['A375', 'A549', 'ASC', 'HA1E', 'HCC515', 'HEPG2', 'HT29', 'MCF7', 'NPC', 'PC3', 'PHH', 'SKB', 'VCAP']",19
mometasone,13,"['A375', 'A549', 'ASC', 'HA1E', 'HCC515', 'HEPG2', 'HT29', 'MCF7', 'NPC', 'PC3', 'PHH', 'SKB', 'VCAP']",23
thiethylperazine,13,"['A375', 'A549', 'ASC', 'HA1E', 'HCC515', 'HEPG2', 'HT29', 'MCF7', 'NEU', 'NPC', 'PC3', 'SKB', 'VCAP']",27
mofezolac,13,"['A375', 'A549', 'ASC', 'HA1E', 'HCC515', 'HT29', 'MCF7', 'NEU', 'NPC', 'PC3', 'PHH', 'SKB', 'VCAP']",17
BRD-A32214171,13,"['A375', 'A549', 'ASC', 'HA1E', 'HCC515', 'HEPG2', 'HT29', 'MCF7', 'NEU', 'NPC', 'PC3', 'SKB', 'VCAP']",17
modafinil,13,"['A375', 'A549', 'ASC', 'HA1E', 'HCC515', 'HEPG2', 'HT29', 'MCF7', 'NPC', 'PC3', 'PHH', 'SKB', 'VCAP']",34
clobetasol,13,"['A375', 'A549', 'ASC', 'HA1E', 'HCC515', 'HEPG2', 'HT29', 'MCF7', 'NPC', 'PC3', 'PHH', 'SKB', 'VCAP']",57
CGP-37157,13,"['A375', 'A549', 'ASC', 'HA1E', 'HCC515', 'HEPG2', 'HT29', 'MCF7', 'NEU', 'NPC', 'PC3', 'SKB', 'VCAP']",19
BRD-K79779816,13,"['A375', 'A549', 'ASC', 'HA1E', 'HCC515', 'HEPG2', 'HT29', 'MCF7', 'NEU', 'NPC', 'PC3', 'SKB', 'VCAP']",17
CGP-13501,13,"['A375', 'A549', 'ASC', 'HA1E', 'HCC515', 'HEPG2', 'HT29', 'MCF7', 'NEU', 'NPC', 'PC3', 'SKB', 'VCAP']",19
capsazepine,13,"['A375', 'A549', 'ASC', 'HA1E', 'HCC515', 'HEPG2', 'HT29', 'MCF7', 'NPC', 'PC3', 'PHH', 'SKB', 'VCAP']",19
clobenpropit,13,"['A375', 'A549', 'ASC', 'HA1E', 'HCC515', 'HEPG2', 'HT29', 'MCF7', 'NPC', 'PC3', 'PHH', 'SKB', 'VCAP']",30
BRD-K84571636,13,"['A375', 'A549', 'ASC', 'HA1E', 'HCC515', 'HEPG2', 'HT29', 'MCF7', 'NEU', 'NPC', 'PC3', 'SKB', 'VCAP']",17
metoclopramide,13,"['A375', 'A549', 'ASC', 'HA1E', 'HCC515', 'HEPG2', 'HT29', 'MCF7', 'NPC', 'PC3', 'PHH', 'SKB', 'VCAP']",22
butabindide,13,"['A375', 'A549', 'ASC', 'HA1E', 'HCC515', 'HEPG2', 'HT29', 'MCF7', 'NEU', 'NPC', 'PC3', 'SKB', 'VCAP']",19
PD-407824,13,"['A375', 'A549', 'ASC', 'HA1E', 'HCC515', 'HEPG2', 'HT29', 'MCF7', 'NPC', 'PC3', 'PHH', 'SKB', 'VCAP']",27
BRD-A25416824,13,"['A375', 'A549', 'ASC', 'HA1E', 'HCC515', 'HEPG2', 'HT29', 'MCF7', 'NEU', 'NPC', 'PC3', 'SKB', 'VCAP']",17
PD-168077,13,"['A375', 'A549', 'ASC', 'HA1E', 'HCC515', 'HT29', 'MCF7', 'NEU', 'NPC', 'PC3', 'PHH', 'SKB', 'VCAP']",17
BRD-K86110682,13,"['A375', 'A549', 'ASC', 'HA1E', 'HCC515', 'HT29', 'MCF7', 'NEU', 'NPC', 'PC3', 'PHH', 'SKB', 'VCAP']",17
PD-160170,13,"['A375', 'A549', 'ASC', 'HA1E', 'HCC515', 'HEPG2', 'HT29', 'MCF7', 'NEU', 'NPC', 'PC3', 'SKB', 'VCAP']",19
BRD-K80786583,13,"['A375', 'A549', 'ASC', 'HA1E', 'HCC515', 'HEPG2', 'HT29', 'MCF7', 'NEU', 'NPC', 'PC3', 'SKB', 'VCAP']",16
BRD-K92863101,13,"['A375', 'A549', 'ASC', 'HA1E', 'HCC515', 'HT29', 'MCF7', 'NEU', 'NPC', 'PC3', 'PHH', 'SKB', 'VCAP']",17
clemastine,13,"['A375', 'A549', 'ASC', 'HA1E', 'HCC515', 'HEPG2', 'HT29', 'MCF7', 'NPC', 'PC3', 'PHH', 'SKB', 'VCAP']",26
PIT,13,"['A375', 'A549', 'ASC', 'HA1E', 'HCC515', 'HEPG2', 'HT29', 'MCF7', 'NPC', 'PC3', 'PHH', 'SKB', 'VCAP']",19
BRD-K92489476,13,"['A375', 'A549', 'ASC', 'HA1E', 'HCC515', 'HEPG2', 'HT29', 'MCF7', 'NEU', 'NPC', 'PC3', 'SKB', 'VCAP']",17
PHTPP,13,"['A375', 'A549', 'ASC', 'HA1E', 'HCC515', 'HEPG2', 'HT29', 'MCF7', 'NPC', 'PC3', 'PHH', 'SKB', 'VCAP']",19
brompheniramine,13,"['A375', 'A549', 'ASC', 'HA1E', 'HCC515', 'HEPG2', 'HT29', 'MCF7', 'NPC', 'PC3', 'PHH', 'SKB', 'VCAP']",35
BRD-K57019930,13,"['A375', 'A549', 'ASC', 'HA1E', 'HCC515', 'HEPG2', 'HT29', 'MCF7', 'NEU', 'NPC', 'PC3', 'SKB', 'VCAP']",17
U-46619,13,"['A375', 'A549', 'ASC', 'HA1E', 'HCC515', 'HEPG2', 'HT29', 'MCF7', 'NPC', 'PC3', 'PHH', 'SKB', 'VCAP']",19
metoprolol,13,"['A375', 'A549', 'ASC', 'HA1E', 'HCC515', 'HEPG2', 'HT29', 'MCF7', 'NPC', 'PC3', 'PHH', 'SKB', 'VCAP']",23
desmethylclozapine,13,"['A375', 'A549', 'ASC', 'HA1E', 'HCC515', 'HEPG2', 'HT29', 'MCF7', 'NEU', 'NPC', 'PC3', 'SKB', 'VCAP']",19
BRD-K46961308,13,"['A375', 'A549', 'ASC', 'HA1E', 'HCC515', 'HEPG2', 'HT29', 'MCF7', 'NEU', 'NPC', 'PC3', 'SKB', 'VCAP']",17
desipramine,13,"['A375', 'A549', 'ASC', 'HA1E', 'HCC515', 'HEPG2', 'HT29', 'MCF7', 'NPC', 'PC3', 'PHH', 'SKB', 'VCAP']",37
BRD-A88029023,13,"['A375', 'A549', 'ASC', 'HA1E', 'HCC515', 'HT29', 'MCF7', 'NEU', 'NPC', 'PC3', 'PHH', 'SKB', 'VCAP']",17
BRD-K40087974,13,"['A375', 'A549', 'ASC', 'HA1E', 'HCC515', 'HT29', 'MCF7', 'NEU', 'NPC', 'PC3', 'PHH', 'SKB', 'VCAP']",32
CGP-55845,13,"['A375', 'A549', 'ASC', 'HA1E', 'HCC515', 'HEPG2', 'HT29', 'MCF7', 'NEU', 'NPC', 'PC3', 'SKB', 'VCAP']",19
deracoxib,13,"['A375', 'A549', 'ASC', 'HA1E', 'HCC515', 'HEPG2', 'HT29', 'MCF7', 'NPC', 'PC3', 'PHH', 'SKB', 'VCAP']",23
CGP-52432,13,"['A375', 'A549', 'ASC', 'HA1E', 'HCC515', 'HEPG2', 'HT29', 'MCF7', 'NPC', 'PC3', 'PHH', 'SKB', 'VCAP']",19
cirazoline,13,"['A375', 'A549', 'ASC', 'HA1E', 'HCC515', 'HEPG2', 'HT29', 'MCF7', 'NPC', 'PC3', 'PHH', 'SKB', 'VCAP']",19
BRD-A81530502,13,"['A375', 'A549', 'ASC', 'HA1E', 'HCC515', 'HEPG2', 'HT29', 'MCF7', 'NEU', 'NPC', 'PC3', 'SKB', 'VCAP']",17
fasudil,13,"['A375', 'A549', 'ASC', 'HA1E', 'HCC515', 'HEPG2', 'HT29', 'MCF7', 'NPC', 'PC3', 'PHH', 'SKB', 'VCAP']",19
BRD-K75329208,13,"['A375', 'A549', 'ASC', 'HA1E', 'HCC515', 'HT29', 'MCF7', 'NEU', 'NPC', 'PC3', 'PHH', 'SKB', 'VCAP']",17
W-9,13,"['A375', 'A549', 'ASC', 'HA1E', 'HCC515', 'HEPG2', 'HT29', 'MCF7', 'NPC', 'PC3', 'PHH', 'SKB', 'VCAP']",19
CDK2-5-inhibitor,13,"['A375', 'A549', 'ASC', 'HA1E', 'HCC515', 'HEPG2', 'HT29', 'MCF7', 'NPC', 'PC3', 'PHH', 'SKB', 'VCAP']",19
BRD-K32485462,13,"['A375', 'A549', 'ASC', 'HA1E', 'HCC515', 'HT29', 'MCF7', 'NEU', 'NPC', 'PC3', 'PHH', 'SKB', 'VCAP']",17
BRD-A77704559,13,"['A375', 'A549', 'ASC', 'HA1E', 'HCC515', 'HEPG2', 'HT29', 'MCF7', 'NEU', 'NPC', 'PC3', 'SKB', 'VCAP']",17
bisoprolol,13,"['A375', 'A549', 'ASC', 'HA1E', 'HCC515', 'HEPG2', 'HT29', 'MCF7', 'NPC', 'PC3', 'PHH', 'SKB', 'VCAP']",34
PNU-96415E,13,"['A375', 'A549', 'ASC', 'HA1E', 'HCC515', 'HEPG2', 'HT29', 'MCF7', 'NEU', 'NPC', 'PC3', 'SKB', 'VCAP']",19
ethisterone,13,"['A375', 'A549', 'ASC', 'HA1E', 'HCC515', 'HEPG2', 'HT29', 'MCF7', 'NPC', 'PC3', 'PHH', 'SKB', 'VCAP']",22
PNU-22394,13,"['A375', 'A549', 'ASC', 'HA1E', 'HCC515', 'HEPG2', 'HT29', 'MCF7', 'NEU', 'NPC', 'PC3', 'SKB', 'VCAP']",19
"1,2-dichlorobenzene",13,"['A375', 'A549', 'ASC', 'HA1E', 'HCC515', 'HEPG2', 'HT29', 'MCF7', 'NPC', 'PC3', 'PHH', 'SKB', 'VCAP']",19
methyllycaconitine,13,"['A375', 'A549', 'ASC', 'HA1E', 'HCC515', 'HEPG2', 'HT29', 'MCF7', 'NPC', 'PC3', 'PHH', 'SKB', 'VCAP']",19
famciclovir,13,"['A375', 'A549', 'ASC', 'HA1E', 'HCC515', 'HEPG2', 'HT29', 'MCF7', 'NPC', 'PC3', 'PHH', 'SKB', 'VCAP']",38
"methyl-2,5-dihydroxycinnamate",13,"['A375', 'A549', 'ASC', 'HA1E', 'HCC515', 'HEPG2', 'HT29', 'MCF7', 'NEU', 'NPC', 'PC3', 'SKB', 'VCAP']",23
deltaline,13,"['A375', 'A549', 'ASC', 'HA1E', 'HCC515', 'HEPG2', 'HT29', 'MCF7', 'NPC', 'PC3', 'PHH', 'SKB', 'VCAP']",19
PQ-401,13,"['A375', 'A549', 'ASC', 'HA1E', 'HCC515', 'HEPG2', 'HT29', 'MCF7', 'NEU', 'NPC', 'PC3', 'SKB', 'VCAP']",19
exemestane,13,"['A375', 'A549', 'ASC', 'HA1E', 'HCC515', 'HEPG2', 'HT29', 'MCF7', 'NPC', 'PC3', 'PHH', 'SKB', 'VCAP']",38
metaxalone,13,"['A375', 'A549', 'ASC', 'HA1E', 'HCC515', 'HEPG2', 'HT29', 'MCF7', 'NPC', 'PC3', 'PHH', 'SKB', 'VCAP']",19
auraptene,13,"['A375', 'A549', 'ASC', 'HA1E', 'HCC515', 'HEPG2', 'HT29', 'MCF7', 'NPC', 'PC3', 'PHH', 'SKB', 'VCAP']",19
dehydroisoandosterone,13,"['A375', 'A549', 'ASC', 'HA1E', 'HCC515', 'HEPG2', 'HT29', 'MCF7', 'NEU', 'NPC', 'PC3', 'SKB', 'VCAP']",23
bisbenzimide,13,"['A375', 'A549', 'ASC', 'HA1E', 'HCC515', 'HEPG2', 'HT29', 'MCF7', 'NPC', 'PC3', 'PHH', 'SKB', 'VCAP']",16
BRD-K19166598,13,"['A375', 'A549', 'ASC', 'HA1E', 'HCC515', 'HEPG2', 'HT29', 'MCF7', 'NEU', 'NPC', 'PC3', 'SKB', 'VCAP']",17
bromhexine,13,"['A375', 'A549', 'ASC', 'HA1E', 'HCC515', 'HEPG2', 'HT29', 'MCF7', 'NEU', 'NPC', 'PC3', 'SKB', 'VCAP']",27
metergoline,13,"['A375', 'A549', 'ASC', 'HA1E', 'HCC515', 'HEPG2', 'HT29', 'MCF7', 'NPC', 'PC3', 'PHH', 'SKB', 'VCAP']",37
BRD-K93578426,13,"['A375', 'A549', 'ASC', 'HA1E', 'HCC515', 'HEPG2', 'HT29', 'MCF7', 'NEU', 'NPC', 'PC3', 'SKB', 'VCAP']",17
BRD-K75128590,13,"['A375', 'A549', 'ASC', 'HA1E', 'HCC515', 'HT29', 'MCF7', 'NEU', 'NPC', 'PC3', 'PHH', 'SKB', 'VCAP']",17
baccatin-III,13,"['A375', 'A549', 'ASC', 'HA1E', 'HCC515', 'HEPG2', 'HT29', 'MCF7', 'NPC', 'PC3', 'PHH', 'SKB', 'VCAP']",19
BRD-A84102390,13,"['A375', 'A549', 'ASC', 'HA1E', 'HCC515', 'HEPG2', 'HT29', 'MCF7', 'NEU', 'NPC', 'PC3', 'SKB', 'VCAP']",17
BRD-K93296644,13,"['A375', 'A549', 'ASC', 'HA1E', 'HCC515', 'HEPG2', 'HT29', 'MCF7', 'NEU', 'NPC', 'PC3', 'SKB', 'VCAP']",17
BRD-A30455275,13,"['A375', 'A549', 'ASC', 'HA1E', 'HCC515', 'HT29', 'MCF7', 'NEU', 'NPC', 'PC3', 'PHH', 'SKB', 'VCAP']",17
ARG-CSC2-23,13,"['A375', 'A549', 'ASC', 'HA1E', 'HCC515', 'HT29', 'MCF7', 'NEU', 'NPC', 'PC3', 'PHH', 'SKB', 'VCAP']",17
CAY-10415,13,"['A375', 'A549', 'ASC', 'HA1E', 'HCC515', 'HT29', 'MCF7', 'NEU', 'NPC', 'PC3', 'PHH', 'SKB', 'VCAP']",17
BRD-A30083233,13,"['A375', 'A549', 'ASC', 'HA1E', 'HCC515', 'HEPG2', 'HT29', 'MCF7', 'NEU', 'NPC', 'PC3', 'SKB', 'VCAP']",17
meptazinol,13,"['A375', 'A549', 'ASC', 'HA1E', 'HCC515', 'HEPG2', 'HT29', 'MCF7', 'NPC', 'PC3', 'PHH', 'SKB', 'VCAP']",23
bisacodyl,13,"['A375', 'A549', 'ASC', 'HA1E', 'HCC515', 'HEPG2', 'HT29', 'MCF7', 'NPC', 'PC3', 'PHH', 'SKB', 'VCAP']",27
mephentermine,13,"['A375', 'A549', 'ASC', 'HA1E', 'HCC515', 'HEPG2', 'HT29', 'MCF7', 'NPC', 'PC3', 'PHH', 'SKB', 'VCAP']",27
estropipate,13,"['A375', 'A549', 'ASC', 'HA1E', 'HCC515', 'HEPG2', 'HT29', 'MCF7', 'NPC', 'PC3', 'PHH', 'SKB', 'VCAP']",53
meloxicam,13,"['A375', 'A549', 'ASC', 'HA1E', 'HCC515', 'HEPG2', 'HT29', 'MCF7', 'NPC', 'PC3', 'PHH', 'SKB', 'VCAP']",36
BRD-K33164466,13,"['A375', 'A549', 'ASC', 'HA1E', 'HCC515', 'HEPG2', 'HT29', 'MCF7', 'NEU', 'NPC', 'PC3', 'SKB', 'VCAP']",17
BRD-K56392985,13,"['A375', 'A549', 'ASC', 'HA1E', 'HCC515', 'HT29', 'MCF7', 'NEU', 'NPC', 'PC3', 'PHH', 'SKB', 'VCAP']",17
estradiol-valerate,13,"['A375', 'A549', 'ASC', 'HA1E', 'HCC515', 'HEPG2', 'HT29', 'MCF7', 'NPC', 'PC3', 'PHH', 'SKB', 'VCAP']",19
BRD-K56596360,13,"['A375', 'A549', 'ASC', 'HA1E', 'HCC515', 'HT29', 'MCF7', 'NEU', 'NPC', 'PC3', 'PHH', 'SKB', 'VCAP']",17
BRD-K70891562,13,"['A375', 'A549', 'ASC', 'HA1E', 'HCC515', 'HT29', 'MCF7', 'NEU', 'NPC', 'PC3', 'PHH', 'SKB', 'VCAP']",17
PSB-11,13,"['A375', 'A549', 'ASC', 'HA1E', 'HCC515', 'HEPG2', 'HT29', 'MCF7', 'NPC', 'PC3', 'PHH', 'SKB', 'VCAP']",19
estradiol-benzoate,13,"['A375', 'A549', 'ASC', 'HA1E', 'HCC515', 'HEPG2', 'HT29', 'MCF7', 'NEU', 'NPC', 'PC3', 'SKB', 'VCAP']",23
PSB-06126,13,"['A375', 'A549', 'ASC', 'HA1E', 'HCC515', 'HEPG2', 'HT29', 'MCF7', 'NPC', 'PC3', 'PHH', 'SKB', 'VCAP']",23
carbenoxolone,13,"['A375', 'A549', 'ASC', 'HA1E', 'HCC515', 'HEPG2', 'HT29', 'MCF7', 'NPC', 'PC3', 'PHH', 'SKB', 'VCAP']",42
BRD-K55715339,13,"['A375', 'A549', 'ASC', 'HA1E', 'HCC515', 'HT29', 'MCF7', 'NEU', 'NPC', 'PC3', 'PHH', 'SKB', 'VCAP']",17
aminoglutethimide,13,"['A375', 'A549', 'ASC', 'HA1E', 'HCC515', 'HEPG2', 'HT29', 'MCF7', 'NPC', 'PC3', 'PHH', 'SKB', 'VCAP']",39
BRD-K55612480,13,"['A375', 'A549', 'ASC', 'HA1E', 'HCC515', 'HEPG2', 'HT29', 'MCF7', 'NEU', 'NPC', 'PC3', 'SKB', 'VCAP']",17
GBR-13069,13,"['A375', 'A549', 'ASC', 'HA1E', 'HCC515', 'HEPG2', 'HT29', 'MCF7', 'NPC', 'PC3', 'PHH', 'SKB', 'VCAP']",27
mepyramine,13,"['A375', 'A549', 'ASC', 'HA1E', 'HCC515', 'HEPG2', 'HT29', 'MCF7', 'NPC', 'PC3', 'PHH', 'SKB', 'VCAP']",22
BRD-K88556033,13,"['A375', 'A549', 'ASC', 'HA1E', 'HCC515', 'HT29', 'MCF7', 'NEU', 'NPC', 'PC3', 'PHH', 'SKB', 'VCAP']",17
BRD-A76732176,13,"['A375', 'A549', 'ASC', 'HA1E', 'HCC515', 'HT29', 'MCF7', 'NEU', 'NPC', 'PC3', 'PHH', 'SKB', 'VCAP']",17
bis-tyrphostin,13,"['A375', 'A549', 'ASC', 'HA1E', 'HCC515', 'HEPG2', 'HT29', 'MCF7', 'NPC', 'PC3', 'PHH', 'SKB', 'VCAP']",19
BRD-A74699940,13,"['A375', 'A549', 'ASC', 'HA1E', 'HCC515', 'HEPG2', 'HT29', 'MCF7', 'NEU', 'NPC', 'PC3', 'SKB', 'VCAP']",17
UBP-302,13,"['A375', 'A549', 'ASC', 'HA1E', 'HCC515', 'HEPG2', 'HT29', 'MCF7', 'NPC', 'PC3', 'PHH', 'SKB', 'VCAP']",19
CCMQ,13,"['A375', 'A549', 'ASC', 'HA1E', 'HCC515', 'HEPG2', 'HT29', 'MCF7', 'NPC', 'PC3', 'PHH', 'SKB', 'VCAP']",19
U0126,13,"['A375', 'A549', 'ASC', 'HA1E', 'HCC515', 'HEPG2', 'HT29', 'MCF7', 'NPC', 'PC3', 'PHH', 'SKB', 'VCAP']",19
HA-1004,13,"['A375', 'A549', 'ASC', 'HA1E', 'HCC515', 'HEPG2', 'HT29', 'MCF7', 'NPC', 'PC3', 'PHH', 'SKB', 'VCAP']",19
U-99194,13,"['A375', 'A549', 'ASC', 'HA1E', 'HCC515', 'HEPG2', 'HT29', 'MCF7', 'NEU', 'NPC', 'PC3', 'SKB', 'VCAP']",19
ricinine,13,"['A375', 'A549', 'ASC', 'HA1E', 'HCC515', 'HEPG2', 'HT29', 'MCF7', 'NEU', 'NPC', 'PC3', 'SKB', 'VCAP']",23
mebeverine,13,"['A375', 'A549', 'ASC', 'HA1E', 'HCC515', 'HEPG2', 'HT29', 'MCF7', 'NEU', 'NPC', 'PC3', 'SKB', 'VCAP']",26
BRD-K32949592,13,"['A375', 'A549', 'ASC', 'HA1E', 'HCC515', 'HT29', 'MCF7', 'NEU', 'NPC', 'PC3', 'PHH', 'SKB', 'VCAP']",17
mead-ethanolamide,13,"['A375', 'A549', 'ASC', 'HA1E', 'HCC515', 'HEPG2', 'HT29', 'MCF7', 'NPC', 'PC3', 'PHH', 'SKB', 'VCAP']",19
SB-269970,13,"['A375', 'A549', 'ASC', 'HA1E', 'HCC515', 'HEPG2', 'HT29', 'MCF7', 'NPC', 'PC3', 'PHH', 'SKB', 'VCAP']",19
maprotiline,13,"['A375', 'A549', 'ASC', 'HA1E', 'HCC515', 'HEPG2', 'HT29', 'MCF7', 'NPC', 'PC3', 'PHH', 'SKB', 'VCAP']",48
BRD-K29003210,13,"['A375', 'A549', 'ASC', 'HA1E', 'HCC515', 'HT29', 'MCF7', 'NEU', 'NPC', 'PC3', 'PHH', 'SKB', 'VCAP']",17
BRD-K20032655,13,"['A375', 'A549', 'ASC', 'HA1E', 'HCC515', 'HEPG2', 'HT29', 'MCF7', 'NEU', 'NPC', 'PC3', 'SKB', 'VCAP']",30
cyclopenthiazide,13,"['A375', 'A549', 'ASC', 'HA1E', 'HCC515', 'HEPG2', 'HT29', 'MCF7', 'NPC', 'PC3', 'PHH', 'SKB', 'VCAP']",23
escitalopram,13,"['A375', 'A549', 'ASC', 'HA1E', 'HCC515', 'HEPG2', 'HT29', 'MCF7', 'NPC', 'PC3', 'PHH', 'SKB', 'VCAP']",38
cinnarizine,13,"['A375', 'A549', 'ASC', 'HA1E', 'HCC515', 'HEPG2', 'HT29', 'MCF7', 'NPC', 'PC3', 'PHH', 'SKB', 'VCAP']",22
meclofenamic-acid,13,"['A375', 'A549', 'ASC', 'HA1E', 'HCC515', 'HEPG2', 'HT29', 'MCF7', 'NPC', 'PC3', 'PHH', 'SKB', 'VCAP']",33
BRD-K08799950,13,"['A375', 'A549', 'ASC', 'HA1E', 'HCC515', 'HEPG2', 'HT29', 'MCF7', 'NEU', 'NPC', 'PC3', 'SKB', 'VCAP']",17
R-96544,13,"['A375', 'A549', 'ASC', 'HA1E', 'HCC515', 'HEPG2', 'HT29', 'MCF7', 'NPC', 'PC3', 'PHH', 'SKB', 'VCAP']",19
erythromycin-ethylsuccinate,13,"['A375', 'A549', 'ASC', 'HA1E', 'HCC515', 'HEPG2', 'HT29', 'MCF7', 'NPC', 'PC3', 'PHH', 'SKB', 'VCAP']",23
QW-BI-011,13,"['A375', 'A549', 'ASC', 'HA1E', 'HCC515', 'HT29', 'MCF7', 'NEU', 'NPC', 'PC3', 'PHH', 'SKB', 'VCAP']",17
BRD-K33392208,13,"['A375', 'A549', 'ASC', 'HA1E', 'HCC515', 'HT29', 'MCF7', 'NEU', 'NPC', 'PC3', 'PHH', 'SKB', 'VCAP']",17
BRD-K76236182,13,"['A375', 'A549', 'ASC', 'HA1E', 'HCC515', 'HEPG2', 'HT29', 'MCF7', 'NEU', 'NPC', 'PC3', 'SKB', 'VCAP']",17
erythromycin,13,"['A375', 'A549', 'ASC', 'HA1E', 'HCC515', 'HEPG2', 'HT29', 'MCF7', 'NPC', 'PC3', 'PHH', 'SKB', 'VCAP']",41
mammea-a,13,"['A375', 'A549', 'ASC', 'HA1E', 'HCC515', 'HEPG2', 'HT29', 'MCF7', 'NEU', 'NPC', 'PC3', 'SKB', 'VCAP']",19
S-206352,13,"['A375', 'A549', 'ASC', 'HA1E', 'HCC515', 'HEPG2', 'HT29', 'MCF7', 'NEU', 'NPC', 'PC3', 'SKB', 'VCAP']",17
m-chlorophenylbiguanide,13,"['A375', 'A549', 'ASC', 'HA1E', 'HCC515', 'HEPG2', 'HT29', 'MCF7', 'NPC', 'PC3', 'PHH', 'SKB', 'VCAP']",19
eriochrome-black-t,13,"['A375', 'A549', 'ASC', 'HA1E', 'HCC515', 'HEPG2', 'HT29', 'MCF7', 'NPC', 'PC3', 'PHH', 'SKB', 'VCAP']",19
decafluorobutane,13,"['A375', 'A549', 'ASC', 'HA1E', 'HCC515', 'HEPG2', 'HT29', 'MCF7', 'NPC', 'PC3', 'PHH', 'SKB', 'VCAP']",19
brimonidine,13,"['A375', 'A549', 'ASC', 'HA1E', 'HCC515', 'HEPG2', 'HT29', 'MCF7', 'NEU', 'NPC', 'PC3', 'SKB', 'VCAP']",30
lupanine,13,"['A375', 'A549', 'ASC', 'HA1E', 'HCC515', 'HEPG2', 'HT29', 'MCF7', 'NPC', 'PC3', 'PHH', 'SKB', 'VCAP']",23
VU-0418933-1,13,"['A375', 'A549', 'ASC', 'HA1E', 'HCC515', 'HT29', 'MCF7', 'NEU', 'NPC', 'PC3', 'PHH', 'SKB', 'VCAP']",17
BRD-K55536701,13,"['A375', 'A549', 'ASC', 'HA1E', 'HCC515', 'HEPG2', 'HT29', 'MCF7', 'NEU', 'NPC', 'PC3', 'SKB', 'VCAP']",17
BRD-K53816294,13,"['A375', 'A549', 'ASC', 'HA1E', 'HCC515', 'HT29', 'MCF7', 'NEU', 'NPC', 'PC3', 'PHH', 'SKB', 'VCAP']",17
RAN-05,13,"['A375', 'A549', 'ASC', 'HA1E', 'HCC515', 'HT29', 'MCF7', 'NEU', 'NPC', 'PC3', 'PHH', 'SKB', 'VCAP']",17
BRD-K46171503,13,"['A375', 'A549', 'ASC', 'HA1E', 'HCC515', 'HEPG2', 'HT29', 'MCF7', 'NEU', 'NPC', 'PC3', 'SKB', 'VCAP']",17
meclocycline,13,"['A375', 'A549', 'ASC', 'HA1E', 'HCC515', 'HEPG2', 'HT29', 'MCF7', 'NPC', 'PC3', 'PHH', 'SKB', 'VCAP']",23
cinanserin,13,"['A375', 'A549', 'ASC', 'HA1E', 'HCC515', 'HEPG2', 'HT29', 'MCF7', 'NPC', 'PC3', 'PHH', 'SKB', 'VCAP']",45
REV-5901,13,"['A375', 'A549', 'ASC', 'HA1E', 'HCC515', 'HEPG2', 'HT29', 'MCF7', 'NPC', 'PC3', 'PHH', 'SKB', 'VCAP']",19
BRD-K46558254,13,"['A375', 'A549', 'ASC', 'HA1E', 'HCC515', 'HEPG2', 'HT29', 'MCF7', 'NEU', 'NPC', 'PC3', 'SKB', 'VCAP']",17
RAN-29,13,"['A375', 'A549', 'ASC', 'HA1E', 'HCC515', 'HEPG2', 'HT29', 'MCF7', 'NEU', 'NPC', 'PC3', 'SKB', 'VCAP']",17
BRD-A13367427,13,"['A375', 'A549', 'ASC', 'HA1E', 'HCC515', 'HT29', 'MCF7', 'NEU', 'NPC', 'PC3', 'PHH', 'SKB', 'VCAP']",17
RAN-14B,13,"['A375', 'A549', 'ASC', 'HA1E', 'HCC515', 'HEPG2', 'HT29', 'MCF7', 'NEU', 'NPC', 'PC3', 'SKB', 'VCAP']",17
BRD-K91485395,13,"['A375', 'A549', 'ASC', 'HA1E', 'HCC515', 'HT29', 'MCF7', 'NEU', 'NPC', 'PC3', 'PHH', 'SKB', 'VCAP']",17
BRD-K75903201,13,"['A375', 'A549', 'ASC', 'HA1E', 'HCC515', 'HT29', 'MCF7', 'NEU', 'NPC', 'PC3', 'PHH', 'SKB', 'VCAP']",32
cinalukast,13,"['A375', 'A549', 'ASC', 'HA1E', 'HCC515', 'HEPG2', 'HT29', 'MCF7', 'NPC', 'PC3', 'PHH', 'SKB', 'VCAP']",19
BRD-A73847809,13,"['A375', 'A549', 'ASC', 'HA1E', 'HCC515', 'HT29', 'MCF7', 'NEU', 'NPC', 'PC3', 'PHH', 'SKB', 'VCAP']",17
BRD-A16581344,13,"['A375', 'A549', 'ASC', 'HA1E', 'HCC515', 'HT29', 'MCF7', 'NEU', 'NPC', 'PC3', 'PHH', 'SKB', 'VCAP']",17
BRD-A70879086,13,"['A375', 'A549', 'ASC', 'HA1E', 'HCC515', 'HEPG2', 'HT29', 'MCF7', 'NEU', 'NPC', 'PC3', 'SKB', 'VCAP']",17
EMD-41000,13,"['A375', 'A549', 'ASC', 'HA1E', 'HCC515', 'HEPG2', 'HT29', 'MCF7', 'NEU', 'NPC', 'PC3', 'SKB', 'VCAP']",19
BW-B70C,13,"['A375', 'A549', 'ASC', 'HA1E', 'HCC515', 'HEPG2', 'HT29', 'MCF7', 'NPC', 'PC3', 'PHH', 'SKB', 'VCAP']",34
BRD-A13964793,13,"['A375', 'A549', 'ASC', 'HA1E', 'HCC515', 'HEPG2', 'HT29', 'MCF7', 'NPC', 'PC3', 'PHH', 'SKB', 'VCAP']",19
BU-239,13,"['A375', 'A549', 'ASC', 'HA1E', 'HCC515', 'HEPG2', 'HT29', 'MCF7', 'NPC', 'PC3', 'PHH', 'SKB', 'VCAP']",19
BRD-K41931739,13,"['A375', 'A549', 'ASC', 'HA1E', 'HCC515', 'HEPG2', 'HT29', 'MCF7', 'NEU', 'NPC', 'PC3', 'SKB', 'VCAP']",17
RK-682,13,"['A375', 'A549', 'ASC', 'HA1E', 'HCC515', 'HEPG2', 'HT29', 'MCF7', 'NPC', 'PC3', 'PHH', 'SKB', 'VCAP']",22
epothilone,13,"['A375', 'A549', 'ASC', 'HA1E', 'HCC515', 'HT29', 'MCF7', 'NEU', 'NPC', 'PC3', 'PHH', 'SKB', 'VCAP']",17
linoleamide,13,"['A375', 'A549', 'ASC', 'HA1E', 'HCC515', 'HEPG2', 'HT29', 'MCF7', 'NPC', 'PC3', 'PHH', 'SKB', 'VCAP']",19
cimetidine,13,"['A375', 'A549', 'ASC', 'HA1E', 'HCC515', 'HEPG2', 'HT29', 'MCF7', 'NPC', 'PC3', 'PHH', 'SKB', 'VCAP']",45
limonin,13,"['A375', 'A549', 'ASC', 'HA1E', 'HCC515', 'HEPG2', 'HT29', 'MCF7', 'NPC', 'PC3', 'PHH', 'SKB', 'VCAP']",19
WAY-213613,13,"['A375', 'A549', 'ASC', 'HA1E', 'HCC515', 'HEPG2', 'HT29', 'MCF7', 'NPC', 'PC3', 'PHH', 'SKB', 'VCAP']",19
zibotentan,13,"['A375', 'A549', 'ASC', 'HA1E', 'HCC515', 'HEPG2', 'HT29', 'MCF7', 'NEU', 'NPC', 'PC3', 'SKB', 'VCAP']",17
WAY-170523,13,"['A375', 'A549', 'ASC', 'HA1E', 'HCC515', 'HEPG2', 'HT29', 'MCF7', 'NPC', 'PC3', 'PHH', 'SKB', 'VCAP']",19
zaldaride,13,"['A375', 'A549', 'ASC', 'HA1E', 'HCC515', 'HEPG2', 'HT29', 'MCF7', 'NPC', 'PC3', 'PHH', 'SKB', 'VCAP']",19
BRD-K37762845,13,"['A375', 'A549', 'ASC', 'HA1E', 'HCC515', 'HT29', 'MCF7', 'NEU', 'NPC', 'PC3', 'PHH', 'SKB', 'VCAP']",17
zolmitriptan,13,"['A375', 'A549', 'ASC', 'HA1E', 'HCC515', 'HEPG2', 'HT29', 'MCF7', 'NPC', 'PC3', 'PHH', 'SKB', 'VCAP']",32
JNJ-38877605,13,"['A375', 'A549', 'BT20', 'HA1E', 'HCC515', 'HS578T', 'HT29', 'MCF10A', 'MCF7', 'MDAMB231', 'PC3', 'SKBR3', 'VCAP']",59
AG-370,13,"['A375', 'A549', 'ASC', 'HA1E', 'HCC515', 'HEPG2', 'HT29', 'MCF7', 'NPC', 'PC3', 'PHH', 'SKB', 'VCAP']",19
BIX-01338,13,"['A375', 'A549', 'ASC', 'HA1E', 'HCC515', 'HT29', 'MCF7', 'NEU', 'NPC', 'PC3', 'PHH', 'SKB', 'VCAP']",17
AM-404,13,"['A375', 'A549', 'ASC', 'HA1E', 'HCC515', 'HEPG2', 'HT29', 'MCF7', 'NPC', 'PC3', 'PHH', 'SKB', 'VCAP']",30
JAK3-inhibitor-VI,13,"['A375', 'A549', 'ASC', 'HA1E', 'HCC515', 'HEPG2', 'HT29', 'MCF7', 'NPC', 'PC3', 'PHH', 'SKB', 'VCAP']",19
xaliproden,13,"['A375', 'A549', 'ASC', 'HA1E', 'HCC515', 'HEPG2', 'HT29', 'MCF7', 'NEU', 'NPC', 'PC3', 'SKB', 'VCAP']",19
ritodrine,13,"['A375', 'A549', 'ASC', 'HA1E', 'HCC515', 'HEPG2', 'HT29', 'MCF7', 'NPC', 'PC3', 'PHH', 'SKB', 'VCAP']",34
6-aminochrysene,13,"['A375', 'A549', 'ASC', 'HA1E', 'HCC515', 'HT29', 'MCF7', 'NEU', 'NPC', 'PC3', 'PHH', 'SKB', 'VCAP']",17
andarine,13,"['A375', 'A549', 'ASC', 'HA1E', 'HCC515', 'HEPG2', 'HT29', 'MCF7', 'NEU', 'NPC', 'PC3', 'SKB', 'VCAP']",17
BRD-K38455110,13,"['A375', 'A549', 'ASC', 'HA1E', 'HCC515', 'HEPG2', 'HT29', 'MCF7', 'NEU', 'NPC', 'PC3', 'SKB', 'VCAP']",17
isocarboxazid,13,"['A375', 'A549', 'ASC', 'HA1E', 'HCC515', 'HEPG2', 'HT29', 'MCF7', 'NEU', 'NPC', 'PC3', 'SKB', 'VCAP']",23
tetramethylsilane,13,"['A375', 'A549', 'ASC', 'HA1E', 'HCC515', 'HEPG2', 'HT29', 'MCF7', 'NEU', 'NPC', 'PC3', 'SKB', 'VCAP']",19
BRD-K08438429,13,"['A375', 'A549', 'ASC', 'HA1E', 'HCC515', 'HEPG2', 'HT29', 'MCF7', 'NPC', 'PC3', 'PHH', 'SKB', 'VCAP']",32
tetrahydropalmatine,13,"['A375', 'A549', 'ASC', 'HA1E', 'HCC515', 'HEPG2', 'HT29', 'MCF7', 'NPC', 'PC3', 'PHH', 'SKB', 'VCAP']",23
ergometrine,13,"['A375', 'A549', 'ASC', 'HA1E', 'HCC515', 'HEPG2', 'HT29', 'MCF7', 'NPC', 'PC3', 'PHH', 'SKB', 'VCAP']",19
GP-1a,13,"['A375', 'A549', 'ASC', 'HA1E', 'HCC515', 'HEPG2', 'HT29', 'MCF7', 'NPC', 'PC3', 'PHH', 'SKB', 'VCAP']",19
JAK3-inhibitor-I,13,"['A375', 'A549', 'ASC', 'HA1E', 'HCC515', 'HEPG2', 'HT29', 'MCF7', 'NPC', 'PC3', 'PHH', 'SKB', 'VCAP']",19
thiorphan,13,"['A375', 'A549', 'ASC', 'HA1E', 'HCC515', 'HEPG2', 'HT29', 'MCF7', 'NPC', 'PC3', 'PHH', 'SKB', 'VCAP']",27
solanine,13,"['A375', 'A549', 'ASC', 'HA1E', 'HCC515', 'HEPG2', 'HT29', 'MCF7', 'NPC', 'PC3', 'PHH', 'SKB', 'VCAP']",19
FR-122047,13,"['A375', 'A549', 'ASC', 'HA1E', 'HCC515', 'HEPG2', 'HT29', 'MCF7', 'NEU', 'NPC', 'PC3', 'SKB', 'VCAP']",19
INCA-6,13,"['A375', 'A549', 'ASC', 'HA1E', 'HCC515', 'HEPG2', 'HT29', 'MCF7', 'NPC', 'PC3', 'PHH', 'SKB', 'VCAP']",23
terconazole,13,"['A375', 'A549', 'ASC', 'HA1E', 'HCC515', 'HEPG2', 'HT29', 'MCF7', 'NEU', 'NPC', 'PC3', 'SKB', 'VCAP']",23
BRD-K54331210,13,"['A375', 'A549', 'ASC', 'HA1E', 'HCC515', 'HEPG2', 'HT29', 'MCF7', 'NEU', 'NPC', 'PC3', 'SKB', 'VCAP']",17
BRD-K81441552,13,"['A375', 'A549', 'ASC', 'HA1E', 'HCC515', 'HT29', 'MCF7', 'NEU', 'NPC', 'PC3', 'PHH', 'SKB', 'VCAP']",17
isoflupredone-acetate,13,"['A375', 'A549', 'ASC', 'HA1E', 'HCC515', 'HEPG2', 'HT29', 'MCF7', 'NPC', 'PC3', 'PHH', 'SKB', 'VCAP']",19
GR-113808,13,"['A375', 'A549', 'ASC', 'HA1E', 'HCC515', 'HEPG2', 'HT29', 'MCF7', 'NPC', 'PC3', 'PHH', 'SKB', 'VCAP']",23
betulinic-acid,13,"['A375', 'A549', 'ASC', 'HA1E', 'HCC515', 'HEPG2', 'HT29', 'MCF7', 'NEU', 'NPC', 'PC3', 'SKB', 'VCAP']",19
tenoxicam,13,"['A375', 'A549', 'ASC', 'HA1E', 'HCC515', 'HEPG2', 'HT29', 'MCF7', 'NEU', 'NPC', 'PC3', 'SKB', 'VCAP']",23
rutin,13,"['A375', 'A549', 'ASC', 'HA1E', 'HCC515', 'HEPG2', 'HT29', 'MCF7', 'NPC', 'PC3', 'PHH', 'SKB', 'VCAP']",53
testosterone-propionate,13,"['A375', 'A549', 'ASC', 'HA1E', 'HCC515', 'HEPG2', 'HT29', 'MCF7', 'NPC', 'PC3', 'PHH', 'SKB', 'VCAP']",19
BRD-A10330754,13,"['A375', 'A549', 'ASC', 'HA1E', 'HCC515', 'HT29', 'MCF7', 'NEU', 'NPC', 'PC3', 'PHH', 'SKB', 'VCAP']",17
tiotidine,13,"['A375', 'A549', 'ASC', 'HA1E', 'HCC515', 'HEPG2', 'HT29', 'MCF7', 'NPC', 'PC3', 'PHH', 'SKB', 'VCAP']",19
SB-216641,13,"['A375', 'A549', 'ASC', 'HA1E', 'HCC515', 'HEPG2', 'HT29', 'MCF7', 'NEU', 'NPC', 'PC3', 'SKB', 'VCAP']",23
thiothixene,13,"['A375', 'A549', 'ASC', 'HA1E', 'HCC515', 'HEPG2', 'HT29', 'MCF7', 'NPC', 'PC3', 'PHH', 'SKB', 'VCAP']",32
RS-67506,13,"['A375', 'A549', 'ASC', 'HA1E', 'HCC515', 'HEPG2', 'HT29', 'MCF7', 'NPC', 'PC3', 'PHH', 'SKB', 'VCAP']",19
tosyl-phenylalanyl-chloromethyl-ketone,13,"['A375', 'A549', 'ASC', 'HA1E', 'HCC515', 'HEPG2', 'HT29', 'MCF7', 'NEU', 'NPC', 'PC3', 'SKB', 'VCAP']",23
BRD-K98519396,13,"['A375', 'A549', 'ASC', 'HA1E', 'HCC515', 'HEPG2', 'HT29', 'MCF7', 'NEU', 'NPC', 'PC3', 'SKB', 'VCAP']",17
BRD-K05542495,13,"['A375', 'A549', 'ASC', 'HA1E', 'HCC515', 'HT29', 'MCF7', 'NEU', 'NPC', 'PC3', 'PHH', 'SKB', 'VCAP']",17
BRD-K76926998,13,"['A375', 'A549', 'ASC', 'HA1E', 'HCC515', 'HT29', 'MCF7', 'NEU', 'NPC', 'PC3', 'PHH', 'SKB', 'VCAP']",17
GSK-3-inhibitor-II,13,"['A375', 'A549', 'BT20', 'HA1E', 'HCC515', 'HS578T', 'HT29', 'MCF10A', 'MCF7', 'MDAMB231', 'PC3', 'SKBR3', 'VCAP']",63
trapidil,13,"['A375', 'A549', 'ASC', 'HA1E', 'HCC515', 'HEPG2', 'HT29', 'MCF7', 'NEU', 'NPC', 'PC3', 'SKB', 'VCAP']",23
SA-792709,13,"['A375', 'A549', 'ASC', 'HA1E', 'HCC515', 'HEPG2', 'HT29', 'MCF7', 'NPC', 'PC3', 'PHH', 'SKB', 'VCAP']",31
roquinimex,13,"['A375', 'A549', 'ASC', 'HA1E', 'HCC515', 'HEPG2', 'HT29', 'MCF7', 'NPC', 'PC3', 'PHH', 'SKB', 'VCAP']",19
GW-311616,13,"['A375', 'A549', 'ASC', 'HA1E', 'HCC515', 'HEPG2', 'HT29', 'MCF7', 'NPC', 'PC3', 'PHH', 'SKB', 'VCAP']",19
BRD-K22828860,13,"['A375', 'A549', 'ASC', 'HA1E', 'HCC515', 'HT29', 'MCF7', 'NEU', 'NPC', 'PC3', 'PHH', 'SKB', 'VCAP']",17
temefos,13,"['A375', 'A549', 'ASC', 'HA1E', 'HCC515', 'HEPG2', 'HT29', 'MCF7', 'NPC', 'PC3', 'PHH', 'SKB', 'VCAP']",19
ketanserin,13,"['A375', 'A549', 'ASC', 'HA1E', 'HCC515', 'HEPG2', 'HT29', 'MCF7', 'NEU', 'NPC', 'PC3', 'SKB', 'VCAP']",22
tofacitinib,13,"['A375', 'A549', 'ASC', 'HA1E', 'HCC515', 'HEPG2', 'HT29', 'MCF7', 'NEU', 'NPC', 'PC3', 'SKB', 'VCAP']",17
BRD-K98064019,13,"['A375', 'A549', 'ASC', 'HA1E', 'HCC515', 'HT29', 'MCF7', 'NEU', 'NPC', 'PC3', 'PHH', 'SKB', 'VCAP']",17
BRD-K72429558,13,"['A375', 'A549', 'ASC', 'HA1E', 'HCC515', 'HT29', 'MCF7', 'NEU', 'NPC', 'PC3', 'PHH', 'SKB', 'VCAP']",17
anabasine,13,"['A375', 'A549', 'ASC', 'HA1E', 'HCC515', 'HEPG2', 'HT29', 'MCF7', 'NPC', 'PC3', 'PHH', 'SKB', 'VCAP']",19
syrosingopine,13,"['A375', 'A549', 'ASC', 'HA1E', 'HCC515', 'HEPG2', 'HT29', 'MCF7', 'NPC', 'PC3', 'PHH', 'SKB', 'VCAP']",19
SANT-1,13,"['A375', 'A549', 'ASC', 'HA1E', 'HCC515', 'HEPG2', 'HT29', 'MCF7', 'NEU', 'NPC', 'PC3', 'SKB', 'VCAP']",19
sulmazole,13,"['A375', 'A549', 'ASC', 'HA1E', 'HCC515', 'HEPG2', 'HT29', 'MCF7', 'NPC', 'PC3', 'PHH', 'SKB', 'VCAP']",19
BRD-K72462751,13,"['A375', 'A549', 'ASC', 'HA1E', 'HCC515', 'HEPG2', 'HT29', 'MCF7', 'NEU', 'NPC', 'PC3', 'SKB', 'VCAP']",19
tangeritin,13,"['A375', 'A549', 'ASC', 'HA1E', 'HCC515', 'HEPG2', 'HT29', 'MCF7', 'NPC', 'PC3', 'PHH', 'SKB', 'VCAP']",19
tranilast,13,"['A375', 'A549', 'ASC', 'HA1E', 'HCC515', 'HEPG2', 'HT29', 'MCF7', 'NPC', 'PC3', 'PHH', 'SKB', 'VCAP']",50
talipexole,13,"['A375', 'A549', 'ASC', 'HA1E', 'HCC515', 'HEPG2', 'HT29', 'MCF7', 'NEU', 'NPC', 'PC3', 'SKB', 'VCAP']",19
kynuramine,13,"['A375', 'A549', 'ASC', 'HA1E', 'HCC515', 'HEPG2', 'HT29', 'MCF7', 'NEU', 'NPC', 'PC3', 'SKB', 'VCAP']",19
BRD-K23027438,13,"['A375', 'A549', 'ASC', 'HA1E', 'HCC515', 'HEPG2', 'HT29', 'MCF7', 'NEU', 'NPC', 'PC3', 'SKB', 'VCAP']",30
I-212148,13,"['A375', 'A549', 'ASC', 'HA1E', 'HCC515', 'HT29', 'MCF7', 'NEU', 'NPC', 'PC3', 'PHH', 'SKB', 'VCAP']",17
BRD-K06623064,13,"['A375', 'A549', 'ASC', 'HA1E', 'HCC515', 'HEPG2', 'HT29', 'MCF7', 'NEU', 'NPC', 'PC3', 'SKB', 'VCAP']",17
WHI-P154,13,"['A375', 'A549', 'ASC', 'HA1E', 'HCC515', 'HEPG2', 'HT29', 'MCF7', 'NPC', 'PC3', 'PHH', 'SKB', 'VCAP']",19
GW-583340,13,"['A375', 'A549', 'ASC', 'HA1E', 'HCC515', 'HEPG2', 'HT29', 'MCF7', 'NPC', 'PC3', 'PHH', 'SKB', 'VCAP']",19
BRD-K53327986,13,"['A375', 'A549', 'ASC', 'HA1E', 'HCC515', 'HEPG2', 'HT29', 'MCF7', 'NEU', 'NPC', 'PC3', 'SKB', 'VCAP']",17
ioxaglic-acid,13,"['A375', 'A549', 'ASC', 'HA1E', 'HCC515', 'HEPG2', 'HT29', 'MCF7', 'NPC', 'PC3', 'PHH', 'SKB', 'VCAP']",19
IAA-94,13,"['A375', 'A549', 'ASC', 'HA1E', 'HCC515', 'HEPG2', 'HT29', 'MCF7', 'NEU', 'NPC', 'PC3', 'SKB', 'VCAP']",19
BRD-K06476055,13,"['A375', 'A549', 'ASC', 'HA1E', 'HCC515', 'HEPG2', 'HT29', 'MCF7', 'NEU', 'NPC', 'PC3', 'SKB', 'VCAP']",17
BRD-K44540157,13,"['A375', 'A549', 'ASC', 'HA1E', 'HCC515', 'HEPG2', 'HT29', 'MCF7', 'NEU', 'NPC', 'PC3', 'SKB', 'VCAP']",17
sulconazole,13,"['A375', 'A549', 'ASC', 'HA1E', 'HCC515', 'HEPG2', 'HT29', 'MCF7', 'NPC', 'PC3', 'PHH', 'SKB', 'VCAP']",23
epicatechin-gallate-(-),13,"['A375', 'A549', 'ASC', 'HA1E', 'HCC515', 'HEPG2', 'HT29', 'MCF7', 'NPC', 'PC3', 'PHH', 'SKB', 'VCAP']",23
BRD-K06071925,13,"['A375', 'A549', 'ASC', 'HA1E', 'HCC515', 'HEPG2', 'HT29', 'MCF7', 'NEU', 'NPC', 'PC3', 'SKB', 'VCAP']",17
ICI-89406,13,"['A375', 'A549', 'ASC', 'HA1E', 'HCC515', 'HEPG2', 'HT29', 'MCF7', 'NPC', 'PC3', 'PHH', 'SKB', 'VCAP']",19
BRD-K71935468,13,"['A375', 'A549', 'ASC', 'HA1E', 'HCC515', 'HT29', 'MCF7', 'NEU', 'NPC', 'PC3', 'PHH', 'SKB', 'VCAP']",17
isorotenone,13,"['A375', 'A549', 'ASC', 'HA1E', 'HCC515', 'HEPG2', 'HT29', 'MCF7', 'NPC', 'PC3', 'PHH', 'SKB', 'VCAP']",19
triamcinolone,13,"['A375', 'A549', 'ASC', 'HA1E', 'HCC515', 'HEPG2', 'HT29', 'MCF7', 'NPC', 'PC3', 'PHH', 'SKB', 'VCAP']",63
BRD-K36087356,13,"['A375', 'A549', 'ASC', 'HA1E', 'HCC515', 'HT29', 'MCF7', 'NEU', 'NPC', 'PC3', 'PHH', 'SKB', 'VCAP']",32
skatole,13,"['A375', 'A549', 'ASC', 'HA1E', 'HCC515', 'HEPG2', 'HT29', 'MCF7', 'NPC', 'PC3', 'PHH', 'SKB', 'VCAP']",19
BRD-K81795824,13,"['A375', 'A549', 'ASC', 'HA1E', 'HCC515', 'HT29', 'MCF7', 'NEU', 'NPC', 'PC3', 'PHH', 'SKB', 'VCAP']",17
HA-14-1,13,"['A375', 'A549', 'ASC', 'HA1E', 'HCC515', 'HEPG2', 'HT29', 'MCF7', 'NEU', 'NPC', 'PC3', 'SKB', 'VCAP']",17
iodophenpropit,13,"['A375', 'A549', 'ASC', 'HA1E', 'HCC515', 'HEPG2', 'HT29', 'MCF7', 'NPC', 'PC3', 'PHH', 'SKB', 'VCAP']",19
BRD-K52831896,13,"['A375', 'A549', 'ASC', 'HA1E', 'HCC515', 'HT29', 'MCF7', 'NEU', 'NPC', 'PC3', 'PHH', 'SKB', 'VCAP']",17
trimetozine,13,"['A375', 'A549', 'ASC', 'HA1E', 'HCC515', 'HEPG2', 'HT29', 'MCF7', 'NPC', 'PC3', 'PHH', 'SKB', 'VCAP']",23
BRD-K07161233,13,"['A375', 'A549', 'ASC', 'HA1E', 'HCC515', 'HEPG2', 'HT29', 'MCF7', 'NEU', 'NPC', 'PC3', 'SKB', 'VCAP']",17
irilin-a,13,"['A375', 'A549', 'ASC', 'HA1E', 'HCC515', 'HEPG2', 'HT29', 'MCF7', 'NEU', 'NPC', 'PC3', 'SKB', 'VCAP']",19
sertraline,13,"['A375', 'A549', 'ASC', 'HA1E', 'HCC515', 'HEPG2', 'HT29', 'MCF7', 'NPC', 'PC3', 'PHH', 'SKB', 'VCAP']",38
BRD-K53214709,13,"['A375', 'A549', 'ASC', 'HA1E', 'HCC515', 'HEPG2', 'HT29', 'MCF7', 'NEU', 'NPC', 'PC3', 'SKB', 'VCAP']",17
BRD-K02701279,13,"['A375', 'A549', 'ASC', 'HA1E', 'HCC515', 'HT29', 'MCF7', 'NEU', 'NPC', 'PC3', 'PHH', 'SKB', 'VCAP']",17
SB-200646,13,"['A375', 'A549', 'ASC', 'HA1E', 'HCC515', 'HEPG2', 'HT29', 'MCF7', 'NEU', 'NPC', 'PC3', 'SKB', 'VCAP']",19
tramadol,13,"['A375', 'A549', 'ASC', 'HA1E', 'HCC515', 'HEPG2', 'HT29', 'MCF7', 'NPC', 'PC3', 'PHH', 'SKB', 'VCAP']",32
BRD-K41652870,13,"['A375', 'A549', 'ASC', 'HA1E', 'HCC515', 'HT29', 'MCF7', 'NEU', 'NPC', 'PC3', 'PHH', 'SKB', 'VCAP']",17
I-070759,13,"['A375', 'A549', 'ASC', 'HA1E', 'HCC515', 'HEPG2', 'HT29', 'MCF7', 'NEU', 'NPC', 'PC3', 'SKB', 'VCAP']",17
sinensetin,13,"['A375', 'A549', 'ASC', 'HA1E', 'HCC515', 'HEPG2', 'HT29', 'MCF7', 'NPC', 'PC3', 'PHH', 'SKB', 'VCAP']",19
BRD-K07079548,13,"['A375', 'A549', 'ASC', 'HA1E', 'HCC515', 'HEPG2', 'HT29', 'MCF7', 'NPC', 'PC3', 'PHH', 'SKB', 'VCAP']",19
irbesartan,13,"['A375', 'A549', 'ASC', 'HA1E', 'HCC515', 'HEPG2', 'HT29', 'MCF7', 'NPC', 'PC3', 'PHH', 'SKB', 'VCAP']",34
saquinavir,13,"['A375', 'A549', 'ASC', 'HA1E', 'HCC515', 'HEPG2', 'HT29', 'MCF7', 'NPC', 'PC3', 'PHH', 'SKB', 'VCAP']",34
BRD-K68191033,13,"['A375', 'A549', 'ASC', 'HA1E', 'HCC515', 'HT29', 'MCF7', 'NEU', 'NPC', 'PC3', 'PHH', 'SKB', 'VCAP']",17
sertaconazole,13,"['A375', 'A549', 'ASC', 'HA1E', 'HCC515', 'HEPG2', 'HT29', 'MCF7', 'NPC', 'PC3', 'PHH', 'SKB', 'VCAP']",23
enrofloxacin,13,"['A375', 'A549', 'ASC', 'HA1E', 'HCC515', 'HEPG2', 'HT29', 'MCF7', 'NPC', 'PC3', 'PHH', 'SKB', 'VCAP']",32
trimipramine,13,"['A375', 'A549', 'ASC', 'HA1E', 'HCC515', 'HEPG2', 'HT29', 'MCF7', 'NEU', 'NPC', 'PC3', 'SKB', 'VCAP']",27
angiogenesis-inhibitor,13,"['A375', 'A549', 'ASC', 'HA1E', 'HCC515', 'HEPG2', 'HT29', 'MCF7', 'NPC', 'PC3', 'PHH', 'SKB', 'VCAP']",19
BRD-K07395346,13,"['A375', 'A549', 'ASC', 'HA1E', 'HCC515', 'HEPG2', 'HT29', 'MCF7', 'NEU', 'NPC', 'PC3', 'SKB', 'VCAP']",17
BRD-K51791390,13,"['A375', 'A549', 'ASC', 'HA1E', 'HCC515', 'HT29', 'MCF7', 'NEU', 'NPC', 'PC3', 'PHH', 'SKB', 'VCAP']",17
ICI-199441,13,"['A375', 'A549', 'ASC', 'HA1E', 'HCC515', 'HEPG2', 'HT29', 'MCF7', 'NPC', 'PC3', 'PHH', 'SKB', 'VCAP']",19
dydrogesterone,13,"['A375', 'A549', 'ASC', 'HA1E', 'HCC515', 'HEPG2', 'HT29', 'MCF7', 'NPC', 'PC3', 'PHH', 'SKB', 'VCAP']",23
IB-MECA,13,"['A375', 'A549', 'ASC', 'HA1E', 'HCC515', 'HEPG2', 'HT29', 'MCF7', 'NPC', 'PC3', 'PHH', 'SKB', 'VCAP']",34
iopanoic-acid,13,"['A375', 'A549', 'ASC', 'HA1E', 'HCC515', 'HEPG2', 'HT29', 'MCF7', 'NPC', 'PC3', 'PHH', 'SKB', 'VCAP']",27
ICI-63197,13,"['A375', 'A549', 'ASC', 'HA1E', 'HCC515', 'HEPG2', 'HT29', 'MCF7', 'NPC', 'PC3', 'PHH', 'SKB', 'VCAP']",23
BRD-K44494044,13,"['A375', 'A549', 'ASC', 'HA1E', 'HCC515', 'HT29', 'MCF7', 'NEU', 'NPC', 'PC3', 'PHH', 'SKB', 'VCAP']",17
salvinorin-a,13,"['A375', 'A549', 'ASC', 'HA1E', 'HCC515', 'HEPG2', 'HT29', 'MCF7', 'NPC', 'PC3', 'PHH', 'SKB', 'VCAP']",19
betamethasone-acetate,13,"['A375', 'A549', 'ASC', 'HA1E', 'HCC515', 'HEPG2', 'HT29', 'MCF7', 'NPC', 'PC3', 'PHH', 'SKB', 'VCAP']",23
BRD-K51683034,13,"['A375', 'A549', 'ASC', 'HA1E', 'HCC515', 'HEPG2', 'HT29', 'MCF7', 'NEU', 'NPC', 'PC3', 'SKB', 'VCAP']",17
I-070754,13,"['A375', 'A549', 'ASC', 'HA1E', 'HCC515', 'HEPG2', 'HT29', 'MCF7', 'NEU', 'NPC', 'PC3', 'SKB', 'VCAP']",17
BRD-K72381041,13,"['A375', 'A549', 'ASC', 'HA1E', 'HCC515', 'HEPG2', 'HT29', 'MCF7', 'NEU', 'NPC', 'PC3', 'SKB', 'VCAP']",17
duloxetine,13,"['A375', 'A549', 'ASC', 'HA1E', 'HCC515', 'HEPG2', 'HT29', 'MCF7', 'NPC', 'PC3', 'PHH', 'SKB', 'VCAP']",47
rosmarinic-acid,13,"['A375', 'A549', 'ASC', 'HA1E', 'HCC515', 'HEPG2', 'HT29', 'MCF7', 'NPC', 'PC3', 'PHH', 'SKB', 'VCAP']",19
droperidol,13,"['A375', 'A549', 'ASC', 'HA1E', 'HCC515', 'HEPG2', 'HT29', 'MCF7', 'NEU', 'NPC', 'PC3', 'SKB', 'VCAP']",34
rizatriptan,13,"['A375', 'A549', 'ASC', 'HA1E', 'HCC515', 'HEPG2', 'HT29', 'MCF7', 'NPC', 'PC3', 'PHH', 'SKB', 'VCAP']",34
BRD-K44812652,13,"['A375', 'A549', 'ASC', 'HA1E', 'HCC515', 'HEPG2', 'HT29', 'MCF7', 'NEU', 'NPC', 'PC3', 'SKB', 'VCAP']",17
ryanodine,13,"['A375', 'A549', 'ASC', 'HA1E', 'HCC515', 'HEPG2', 'HT29', 'MCF7', 'NPC', 'PC3', 'PHH', 'SKB', 'VCAP']",19
cilastatin,13,"['A375', 'A549', 'ASC', 'HA1E', 'HCC515', 'HEPG2', 'HT29', 'MCF7', 'NEU', 'NPC', 'PC3', 'SKB', 'VCAP']",30
BRD-K07850148,13,"['A375', 'A549', 'ASC', 'HA1E', 'HCC515', 'HT29', 'MCF7', 'NEU', 'NPC', 'PC3', 'PHH', 'SKB', 'VCAP']",17
XE-991,13,"['A375', 'A549', 'ASC', 'HA1E', 'HCC515', 'HEPG2', 'HT29', 'MCF7', 'NPC', 'PC3', 'PHH', 'SKB', 'VCAP']",23
JFD02227,13,"['A375', 'A549', 'ASC', 'HA1E', 'HCC515', 'HT29', 'MCF7', 'NEU', 'NPC', 'PC3', 'PHH', 'SKB', 'VCAP']",17
BRD-K06652922,13,"['A375', 'A549', 'ASC', 'HA1E', 'HCC515', 'HT29', 'MCF7', 'NEU', 'NPC', 'PC3', 'PHH', 'SKB', 'VCAP']",17
BRD-K08307026,13,"['A375', 'A549', 'ASC', 'HA1E', 'HCC515', 'HT29', 'MCF7', 'NEU', 'NPC', 'PC3', 'PHH', 'SKB', 'VCAP']",17
SB-221284,13,"['A375', 'A549', 'ASC', 'HA1E', 'HCC515', 'HEPG2', 'HT29', 'MCF7', 'NPC', 'PC3', 'PHH', 'SKB', 'VCAP']",19
SB-218795,13,"['A375', 'A549', 'ASC', 'HA1E', 'HCC515', 'HEPG2', 'HT29', 'MCF7', 'NPC', 'PC3', 'PHH', 'SKB', 'VCAP']",19
BRD-K52678950,13,"['A375', 'A549', 'ASC', 'HA1E', 'HCC515', 'HEPG2', 'HT29', 'MCF7', 'NEU', 'NPC', 'PC3', 'SKB', 'VCAP']",17
J-104129,13,"['A375', 'A549', 'ASC', 'HA1E', 'HCC515', 'HEPG2', 'HT29', 'MCF7', 'NPC', 'PC3', 'PHH', 'SKB', 'VCAP']",19
SB-205607,13,"['A375', 'A549', 'ASC', 'HA1E', 'HCC515', 'HEPG2', 'HT29', 'MCF7', 'NPC', 'PC3', 'PHH', 'SKB', 'VCAP']",32
EMD-386088,13,"['A375', 'A549', 'ASC', 'HA1E', 'HCC515', 'HEPG2', 'HT29', 'MCF7', 'NPC', 'PC3', 'PHH', 'SKB', 'VCAP']",23
H-8,13,"['A375', 'A549', 'ASC', 'HA1E', 'HCC515', 'HEPG2', 'HT29', 'MCF7', 'NEU', 'NPC', 'PC3', 'SKB', 'VCAP']",19
SB-366791,13,"['A375', 'A549', 'ASC', 'HA1E', 'HCC515', 'HEPG2', 'HT29', 'MCF7', 'NEU', 'NPC', 'PC3', 'SKB', 'VCAP']",19
BIIB-021,13,"['A375', 'A549', 'ASC', 'HA1E', 'HCC515', 'HEPG2', 'HT29', 'MCF7', 'NEU', 'NPC', 'PC3', 'SKB', 'VCAP']",17
riboflavin,13,"['A375', 'A549', 'ASC', 'HA1E', 'HCC515', 'HEPG2', 'HT29', 'MCF7', 'NEU', 'NPC', 'PC3', 'SKB', 'VCAP']",23
cilnidipine,13,"['A375', 'A549', 'ASC', 'HA1E', 'HCC515', 'HEPG2', 'HT29', 'MCF7', 'NPC', 'PC3', 'PHH', 'SKB', 'VCAP']",23
indolophenanthridine,13,"['A375', 'A549', 'ASC', 'HA1E', 'HCC515', 'HEPG2', 'HT29', 'MCF7', 'NEU', 'NPC', 'PC3', 'SKB', 'VCAP']",19
BRD-A06909528,13,"['A375', 'A549', 'ASC', 'HA1E', 'HCC515', 'HEPG2', 'HT29', 'MCF7', 'NEU', 'NPC', 'PC3', 'SKB', 'VCAP']",17
K784-3187,13,"['A375', 'A549', 'ASC', 'HA1E', 'HCC515', 'HT29', 'MCF7', 'NEU', 'NPC', 'PC3', 'PHH', 'SKB', 'VCAP']",38
trazodone,13,"['A375', 'A549', 'ASC', 'HA1E', 'HCC515', 'HEPG2', 'HT29', 'MCF7', 'NEU', 'NPC', 'PC3', 'SKB', 'VCAP']",37
JWH-015,13,"['A375', 'A549', 'ASC', 'HA1E', 'HCC515', 'HEPG2', 'HT29', 'MCF7', 'NPC', 'PC3', 'PHH', 'SKB', 'VCAP']",19
BRD-A60386802,13,"['A375', 'A549', 'ASC', 'HA1E', 'HCC515', 'HEPG2', 'HT29', 'MCF7', 'NEU', 'NPC', 'PC3', 'SKB', 'VCAP']",17
BRD-K82837433,13,"['A375', 'A549', 'ASC', 'HA1E', 'HCC515', 'HT29', 'MCF7', 'NEU', 'NPC', 'PC3', 'PHH', 'SKB', 'VCAP']",17
BRD-K53472085,13,"['A375', 'A549', 'ASC', 'HA1E', 'HCC515', 'HT29', 'MCF7', 'NEU', 'NPC', 'PC3', 'PHH', 'SKB', 'VCAP']",17
EMF-BCA1-60,13,"['A375', 'A549', 'ASC', 'HA1E', 'HCC515', 'HEPG2', 'HT29', 'MCF7', 'NEU', 'NPC', 'PC3', 'SKB', 'VCAP']",30
BRD-K90090262,13,"['A375', 'A549', 'ASC', 'HA1E', 'HCC515', 'HT29', 'MCF7', 'NEU', 'NPC', 'PC3', 'PHH', 'SKB', 'VCAP']",17
BRD-K67010098,13,"['A375', 'A549', 'ASC', 'HA1E', 'HCC515', 'HEPG2', 'HT29', 'MCF7', 'NEU', 'NPC', 'PC3', 'SKB', 'VCAP']",17
BRD-K89843224,13,"['A375', 'A549', 'ASC', 'HA1E', 'HCC515', 'HEPG2', 'HT29', 'MCF7', 'NEU', 'NPC', 'PC3', 'SKB', 'VCAP']",17
rescinnamine,13,"['A375', 'A549', 'ASC', 'HA1E', 'HCC515', 'HEPG2', 'HT29', 'MCF7', 'NPC', 'PC3', 'PHH', 'SKB', 'VCAP']",19
BRD-K89814851,13,"['A375', 'A549', 'ASC', 'HA1E', 'HCC515', 'HT29', 'MCF7', 'NEU', 'NPC', 'PC3', 'PHH', 'SKB', 'VCAP']",17
relcovaptan,13,"['A375', 'A549', 'ASC', 'HA1E', 'HCC515', 'HEPG2', 'HT29', 'MCF7', 'NEU', 'NPC', 'PC3', 'SKB', 'VCAP']",19
bemegride,13,"['A375', 'A549', 'ASC', 'HA1E', 'HCC515', 'HEPG2', 'HT29', 'MCF7', 'NPC', 'PC3', 'PHH', 'SKB', 'VCAP']",23
ispinesib,13,"['A375', 'A549', 'ASC', 'HA1E', 'HCC515', 'HEPG2', 'HT29', 'MCF7', 'NEU', 'NPC', 'PC3', 'SKB', 'VCAP']",17
BRD-K82971429,13,"['A375', 'A549', 'ASC', 'HA1E', 'HCC515', 'HT29', 'MCF7', 'NEU', 'NPC', 'PC3', 'PHH', 'SKB', 'VCAP']",17
DY-44,13,"['A375', 'A549', 'ASC', 'HA1E', 'HCC515', 'HT29', 'MCF7', 'NEU', 'NPC', 'PC3', 'PHH', 'SKB', 'VCAP']",17
BRD-K06311439,13,"['A375', 'A549', 'ASC', 'HA1E', 'HCC515', 'HEPG2', 'HT29', 'MCF7', 'NEU', 'NPC', 'PC3', 'SKB', 'VCAP']",17
raltegravir,13,"['A375', 'A549', 'ASC', 'HA1E', 'HCC515', 'HEPG2', 'HT29', 'MCF7', 'NEU', 'NPC', 'PC3', 'SKB', 'VCAP']",17
apoptosis-activator-II,13,"['A375', 'A549', 'ASC', 'HA1E', 'HCC515', 'HEPG2', 'HT29', 'MCF7', 'NEU', 'NPC', 'PC3', 'SKB', 'VCAP']",19
racecadotril,13,"['A375', 'A549', 'ASC', 'HA1E', 'HCC515', 'HEPG2', 'HT29', 'MCF7', 'NPC', 'PC3', 'PHH', 'SKB', 'VCAP']",34
treprostinil,13,"['A375', 'A549', 'ASC', 'HA1E', 'HCC515', 'HT29', 'MCF7', 'NEU', 'NPC', 'PC3', 'PHH', 'SKB', 'VCAP']",17
KF-38789,13,"['A375', 'A549', 'ASC', 'HA1E', 'HCC515', 'HEPG2', 'HT29', 'MCF7', 'NPC', 'PC3', 'PHH', 'SKB', 'VCAP']",19
SB-431542,13,"['A375', 'A549', 'ASC', 'HA1E', 'HCC515', 'HEPG2', 'HT29', 'MCF7', 'NPC', 'PC3', 'PHH', 'SKB', 'VCAP']",25
BRD-K66381707,13,"['A375', 'A549', 'ASC', 'HA1E', 'HCC515', 'HT29', 'MCF7', 'NEU', 'NPC', 'PC3', 'PHH', 'SKB', 'VCAP']",17
Y-27152,13,"['A375', 'A549', 'ASC', 'HA1E', 'HCC515', 'HEPG2', 'HT29', 'MCF7', 'NPC', 'PC3', 'PHH', 'SKB', 'VCAP']",23
SDZ-WAG-994,13,"['A375', 'A549', 'ASC', 'HA1E', 'HCC515', 'HEPG2', 'HT29', 'MCF7', 'NPC', 'PC3', 'PHH', 'SKB', 'VCAP']",19
SDZ-NKT-343,13,"['A375', 'A549', 'ASC', 'HA1E', 'HCC515', 'HEPG2', 'HT29', 'MCF7', 'NEU', 'NPC', 'PC3', 'SKB', 'VCAP']",19
SDZ-21009,13,"['A375', 'A549', 'ASC', 'HA1E', 'HCC515', 'HEPG2', 'HT29', 'MCF7', 'NPC', 'PC3', 'PHH', 'SKB', 'VCAP']",19
BRD-A67306036,13,"['A375', 'A549', 'ASC', 'HA1E', 'HCC515', 'HT29', 'MCF7', 'NEU', 'NPC', 'PC3', 'PHH', 'SKB', 'VCAP']",17
BRD-K72615639,13,"['A375', 'A549', 'ASC', 'HA1E', 'HCC515', 'HT29', 'MCF7', 'NEU', 'NPC', 'PC3', 'PHH', 'SKB', 'VCAP']",17
BRD-K50368246,13,"['A375', 'A549', 'ASC', 'HA1E', 'HCC515', 'HT29', 'MCF7', 'NEU', 'NPC', 'PC3', 'PHH', 'SKB', 'VCAP']",17
BRD-K00816165,13,"['A375', 'A549', 'ASC', 'HA1E', 'HCC515', 'HT29', 'MCF7', 'NEU', 'NPC', 'PC3', 'PHH', 'SKB', 'VCAP']",17
docetaxel,13,"['A375', 'A549', 'ASC', 'HA1E', 'HCC515', 'HEPG2', 'HT29', 'MCF7', 'NEU', 'NPC', 'PC3', 'SKB', 'VCAP']",32
quetiapine,13,"['A375', 'A549', 'ASC', 'HA1E', 'HCC515', 'HEPG2', 'HT29', 'MCF7', 'NPC', 'PC3', 'PHH', 'SKB', 'VCAP']",34
ZD-7155,13,"['A375', 'A549', 'ASC', 'HA1E', 'HCC515', 'HEPG2', 'HT29', 'MCF7', 'NPC', 'PC3', 'PHH', 'SKB', 'VCAP']",19
BRD-K09977233,13,"['A375', 'A549', 'ASC', 'HA1E', 'HCC515', 'HT29', 'MCF7', 'NEU', 'NPC', 'PC3', 'PHH', 'SKB', 'VCAP']",17
GYKI-52466,13,"['A375', 'A549', 'ASC', 'HA1E', 'HCC515', 'HEPG2', 'HT29', 'MCF7', 'NPC', 'PC3', 'PHH', 'SKB', 'VCAP']",19
quinisocaine,13,"['A375', 'A549', 'ASC', 'HA1E', 'HCC515', 'HEPG2', 'HT29', 'MCF7', 'NPC', 'PC3', 'PHH', 'SKB', 'VCAP']",23
SC-I-004,13,"['A375', 'A549', 'ASC', 'HA1E', 'HCC515', 'HT29', 'MCF7', 'NEU', 'NPC', 'PC3', 'PHH', 'SKB', 'VCAP']",17
pyroxamide,13,"['A375', 'A549', 'ASC', 'HA1E', 'HCC515', 'HEPG2', 'HT29', 'MCF7', 'NEU', 'NPC', 'PC3', 'SKB', 'VCAP']",17
YS-035,13,"['A375', 'A549', 'ASC', 'HA1E', 'HCC515', 'HEPG2', 'HT29', 'MCF7', 'NPC', 'PC3', 'PHH', 'SKB', 'VCAP']",19
tyrphostin,13,"['A375', 'A549', 'ASC', 'HA1E', 'HCC515', 'HEPG2', 'HT29', 'MCF7', 'NPC', 'PC3', 'PHH', 'SKB', 'VCAP']",19
BRD-K41303952,13,"['A375', 'A549', 'ASC', 'HA1E', 'HCC515', 'HEPG2', 'HT29', 'MCF7', 'NEU', 'NPC', 'PC3', 'SKB', 'VCAP']",17
DUP-697,13,"['A375', 'A549', 'ASC', 'HA1E', 'HCC515', 'HEPG2', 'HT29', 'MCF7', 'NPC', 'PC3', 'PHH', 'SKB', 'VCAP']",32
BRD-K70947604,13,"['A375', 'A549', 'ASC', 'HA1E', 'HCC515', 'HT29', 'MCF7', 'NEU', 'NPC', 'PC3', 'PHH', 'SKB', 'VCAP']",17
DMP-543,13,"['A375', 'A549', 'ASC', 'HA1E', 'HCC515', 'HEPG2', 'HT29', 'MCF7', 'NEU', 'NPC', 'PC3', 'SKB', 'VCAP']",19
BRD-K24014699,13,"['A375', 'A549', 'ASC', 'HA1E', 'HCC515', 'HEPG2', 'HT29', 'MCF7', 'NEU', 'NPC', 'PC3', 'SKB', 'VCAP']",17
proxymetacaine,13,"['A375', 'A549', 'ASC', 'HA1E', 'HCC515', 'HEPG2', 'HT29', 'MCF7', 'NEU', 'NPC', 'PC3', 'SKB', 'VCAP']",34
BRD-K87432599,13,"['A375', 'A549', 'ASC', 'HA1E', 'HCC515', 'HT29', 'MCF7', 'NEU', 'NPC', 'PC3', 'PHH', 'SKB', 'VCAP']",17
BRD-K63954456,13,"['A375', 'A549', 'ASC', 'HA1E', 'HCC515', 'HT29', 'MCF7', 'NEU', 'NPC', 'PC3', 'PHH', 'SKB', 'VCAP']",17
hydrastinine,13,"['A375', 'A549', 'ASC', 'HA1E', 'HCC515', 'HEPG2', 'HT29', 'MCF7', 'NEU', 'NPC', 'PC3', 'SKB', 'VCAP']",19
BRD-K65050353,13,"['A375', 'A549', 'ASC', 'HA1E', 'HCC515', 'HT29', 'MCF7', 'NEU', 'NPC', 'PC3', 'PHH', 'SKB', 'VCAP']",17
sappanone-a,13,"['A375', 'A549', 'ASC', 'HA1E', 'HCC515', 'HEPG2', 'HT29', 'MCF7', 'NPC', 'PC3', 'PHH', 'SKB', 'VCAP']",23
BRD-K10609180,13,"['A375', 'A549', 'ASC', 'HA1E', 'HCC515', 'HT29', 'MCF7', 'NEU', 'NPC', 'PC3', 'PHH', 'SKB', 'VCAP']",17
SEW-2871,13,"['A375', 'A549', 'ASC', 'HA1E', 'HCC515', 'HEPG2', 'HT29', 'MCF7', 'NPC', 'PC3', 'PHH', 'SKB', 'VCAP']",19
propoxycaine,13,"['A375', 'A549', 'ASC', 'HA1E', 'HCC515', 'HEPG2', 'HT29', 'MCF7', 'NEU', 'NPC', 'PC3', 'SKB', 'VCAP']",23
BRD-A09984573,13,"['A375', 'A549', 'ASC', 'HA1E', 'HCC515', 'HEPG2', 'HT29', 'MCF7', 'NEU', 'NPC', 'PC3', 'SKB', 'VCAP']",17
hemado,13,"['A375', 'A549', 'ASC', 'HA1E', 'HCC515', 'HEPG2', 'HT29', 'MCF7', 'NPC', 'PC3', 'PHH', 'SKB', 'VCAP']",19
harpagoside,13,"['A375', 'A549', 'ASC', 'HA1E', 'HCC515', 'HEPG2', 'HT29', 'MCF7', 'NPC', 'PC3', 'PHH', 'SKB', 'VCAP']",19
BRD-K63587518,13,"['A375', 'A549', 'ASC', 'HA1E', 'HCC515', 'HEPG2', 'HT29', 'MCF7', 'NEU', 'NPC', 'PC3', 'SKB', 'VCAP']",17
GBR-12935,13,"['A375', 'A549', 'ASC', 'HA1E', 'HCC515', 'HEPG2', 'HT29', 'MCF7', 'NPC', 'PC3', 'PHH', 'SKB', 'VCAP']",19
clofarabine,13,"['A375', 'A549', 'ASC', 'HA1E', 'HCC515', 'HEPG2', 'HT29', 'MCF7', 'NEU', 'NPC', 'PC3', 'SKB', 'VCAP']",19
diphenyleneiodonium,13,"['A375', 'A549', 'ASC', 'HA1E', 'HCC515', 'HEPG2', 'HT29', 'MCF7', 'NPC', 'PC3', 'PHH', 'SKB', 'VCAP']",19
huperzine-a,13,"['A375', 'A549', 'ASC', 'HA1E', 'HCC515', 'HT29', 'MCF7', 'NEU', 'NPC', 'PC3', 'PHH', 'SKB', 'VCAP']",43
tandutinib,13,"['A375', 'A549', 'ASC', 'HA1E', 'HCC515', 'HEPG2', 'HT29', 'MCF7', 'NEU', 'NPC', 'PC3', 'SKB', 'VCAP']",17
propafenone,13,"['A375', 'A549', 'ASC', 'HA1E', 'HCC515', 'HEPG2', 'HT29', 'MCF7', 'NPC', 'PC3', 'PHH', 'SKB', 'VCAP']",34
BRD-K85123403,13,"['A375', 'A549', 'ASC', 'HA1E', 'HCC515', 'HT29', 'MCF7', 'NEU', 'NPC', 'PC3', 'PHH', 'SKB', 'VCAP']",17
hippeastrine,13,"['A375', 'A549', 'ASC', 'HA1E', 'HCC515', 'HEPG2', 'HT29', 'MCF7', 'NEU', 'NPC', 'PC3', 'SKB', 'VCAP']",19
EO-1428,13,"['A375', 'A549', 'ASC', 'HA1E', 'HCC515', 'HEPG2', 'HT29', 'MCF7', 'NPC', 'PC3', 'PHH', 'SKB', 'VCAP']",19
prostaglandin-b2,13,"['A375', 'A549', 'ASC', 'HA1E', 'HCC515', 'HEPG2', 'HT29', 'MCF7', 'NEU', 'NPC', 'PC3', 'SKB', 'VCAP']",19
ZM-323881,13,"['A375', 'A549', 'ASC', 'HA1E', 'HCC515', 'HEPG2', 'HT29', 'MCF7', 'NEU', 'NPC', 'PC3', 'SKB', 'VCAP']",19
SKF-86002,13,"['A375', 'A549', 'ASC', 'HA1E', 'HCC515', 'HEPG2', 'HT29', 'MCF7', 'NEU', 'NPC', 'PC3', 'SKB', 'VCAP']",19
cortisone-acetate,13,"['A375', 'A549', 'ASC', 'HA1E', 'HCC515', 'HEPG2', 'HT29', 'MCF7', 'NPC', 'PC3', 'PHH', 'SKB', 'VCAP']",23
BRD-K62768020,13,"['A375', 'A549', 'ASC', 'HA1E', 'HCC515', 'HEPG2', 'HT29', 'MCF7', 'NEU', 'NPC', 'PC3', 'SKB', 'VCAP']",17
ST-001903,13,"['A375', 'A549', 'ASC', 'HA1E', 'HCC515', 'HEPG2', 'HT29', 'MCF7', 'NEU', 'NPC', 'PC3', 'SKB', 'VCAP']",17
L-745870,13,"['A375', 'A549', 'ASC', 'HA1E', 'HCC515', 'HEPG2', 'HT29', 'MCF7', 'NEU', 'NPC', 'PC3', 'SKB', 'VCAP']",19
BRD-K84855052,13,"['A375', 'A549', 'ASC', 'HA1E', 'HCC515', 'HT29', 'MCF7', 'NEU', 'NPC', 'PC3', 'PHH', 'SKB', 'VCAP']",32
L-701324,13,"['A375', 'A549', 'ASC', 'HA1E', 'HCC515', 'HEPG2', 'HT29', 'MCF7', 'NPC', 'PC3', 'PHH', 'SKB', 'VCAP']",23
SR-59230A,13,"['A375', 'A549', 'ASC', 'HA1E', 'HCC515', 'HEPG2', 'HT29', 'MCF7', 'NEU', 'NPC', 'PC3', 'SKB', 'VCAP']",19
BRD-K11841836,13,"['A375', 'A549', 'ASC', 'HA1E', 'HCC515', 'HT29', 'MCF7', 'NEU', 'NPC', 'PC3', 'PHH', 'SKB', 'VCAP']",17
ZK-164015,13,"['A375', 'A549', 'ASC', 'HA1E', 'HCC515', 'HEPG2', 'HT29', 'MCF7', 'NPC', 'PC3', 'PHH', 'SKB', 'VCAP']",19
prednisone,13,"['A375', 'A549', 'ASC', 'HA1E', 'HCC515', 'HEPG2', 'HT29', 'MCF7', 'NPC', 'PC3', 'PHH', 'SKB', 'VCAP']",26
ZD-7288,13,"['A375', 'A549', 'ASC', 'HA1E', 'HCC515', 'HEPG2', 'HT29', 'MCF7', 'NPC', 'PC3', 'PHH', 'SKB', 'VCAP']",19
procaterol,13,"['A375', 'A549', 'ASC', 'HA1E', 'HCC515', 'HEPG2', 'HT29', 'MCF7', 'NEU', 'NPC', 'PC3', 'SKB', 'VCAP']",27
BRD-K05562558,13,"['A375', 'A549', 'ASC', 'HA1E', 'HCC515', 'HT29', 'MCF7', 'NEU', 'NPC', 'PC3', 'PHH', 'SKB', 'VCAP']",17
probenecid,13,"['A375', 'A549', 'ASC', 'HA1E', 'HCC515', 'HEPG2', 'HT29', 'MCF7', 'NPC', 'PC3', 'PHH', 'SKB', 'VCAP']",34
hesperidin,13,"['A375', 'A549', 'ASC', 'HA1E', 'HCC515', 'HEPG2', 'HT29', 'MCF7', 'NPC', 'PC3', 'PHH', 'SKB', 'VCAP']",19
tyrphostin-AG-835,13,"['A375', 'A549', 'ASC', 'HA1E', 'HCC515', 'HEPG2', 'HT29', 'MCF7', 'NPC', 'PC3', 'PHH', 'SKB', 'VCAP']",19
cuneatin,13,"['A375', 'A549', 'ASC', 'HA1E', 'HCC515', 'HEPG2', 'HT29', 'MCF7', 'NEU', 'NPC', 'PC3', 'SKB', 'VCAP']",19
tyrphostin-AG-555,13,"['A375', 'A549', 'ASC', 'HA1E', 'HCC515', 'HEPG2', 'HT29', 'MCF7', 'NEU', 'NPC', 'PC3', 'SKB', 'VCAP']",19
BRD-A49581300,13,"['A375', 'A549', 'ASC', 'HA1E', 'HCC515', 'HEPG2', 'HT29', 'MCF7', 'NEU', 'NPC', 'PC3', 'SKB', 'VCAP']",17
BRD-K96704748,13,"['A375', 'A549', 'ASC', 'HA1E', 'HCC515', 'HEPG2', 'HT29', 'MCF7', 'NEU', 'NPC', 'PC3', 'SKB', 'VCAP']",17
chlorphenamine,13,"['A375', 'A549', 'ASC', 'HA1E', 'HCC515', 'HEPG2', 'HT29', 'MCF7', 'NPC', 'PC3', 'PHH', 'SKB', 'VCAP']",60
LE-300,13,"['A375', 'A549', 'ASC', 'HA1E', 'HCC515', 'HEPG2', 'HT29', 'MCF7', 'NPC', 'PC3', 'PHH', 'SKB', 'VCAP']",19
BRD-K78596368,13,"['A375', 'A549', 'ASC', 'HA1E', 'HCC515', 'HEPG2', 'HT29', 'MCF7', 'NEU', 'NPC', 'PC3', 'SKB', 'VCAP']",17
pirenperone,13,"['A375', 'A549', 'ASC', 'HA1E', 'HCC515', 'HEPG2', 'HT29', 'MCF7', 'NPC', 'PC3', 'PHH', 'SKB', 'VCAP']",38
BCI-hydrochloride,13,"['A375', 'A549', 'ASC', 'HA1E', 'HCC515', 'HEPG2', 'HT29', 'MCF7', 'NEU', 'PC3', 'PHH', 'SKB', 'VCAP']",25
prednisolone,13,"['A375', 'A549', 'ASC', 'HA1E', 'HCC515', 'HEPG2', 'HT29', 'MCF7', 'NPC', 'PC3', 'PHH', 'SKB', 'VCAP']",29
halcinonide,13,"['A375', 'A549', 'ASC', 'HA1E', 'HCC515', 'HEPG2', 'HT29', 'MCF7', 'NEU', 'NPC', 'PC3', 'SKB', 'VCAP']",23
practolol,13,"['A375', 'A549', 'ASC', 'HA1E', 'HCC515', 'HEPG2', 'HT29', 'MCF7', 'NPC', 'PC3', 'PHH', 'SKB', 'VCAP']",26
FIT,13,"['A375', 'A549', 'ASC', 'HA1E', 'HCC515', 'HEPG2', 'HT29', 'MCF7', 'NPC', 'PC3', 'PHH', 'SKB', 'VCAP']",19
ubenimex,13,"['A375', 'A549', 'ASC', 'HA1E', 'HCC515', 'HEPG2', 'HT29', 'MCF7', 'NPC', 'PC3', 'PHH', 'SKB', 'VCAP']",32
diloxanide,13,"['A375', 'A549', 'ASC', 'HA1E', 'HCC515', 'HEPG2', 'HT29', 'MCF7', 'NPC', 'PC3', 'PHH', 'SKB', 'VCAP']",27
LY-364947,13,"['A375', 'A549', 'ASC', 'HA1E', 'HCC515', 'HEPG2', 'HT29', 'MCF7', 'NPC', 'PC3', 'PHH', 'SKB', 'VCAP']",19
BRD-K88964386,13,"['A375', 'A549', 'ASC', 'HA1E', 'HCC515', 'HT29', 'MCF7', 'NEU', 'NPC', 'PC3', 'PHH', 'SKB', 'VCAP']",17
BRD-K62169556,13,"['A375', 'A549', 'ASC', 'HA1E', 'HCC515', 'HT29', 'MCF7', 'NEU', 'NPC', 'PC3', 'PHH', 'SKB', 'VCAP']",17
ST-013960,13,"['A375', 'A549', 'ASC', 'HA1E', 'HCC515', 'HT29', 'MCF7', 'NEU', 'NPC', 'PC3', 'PHH', 'SKB', 'VCAP']",17
ST-012525,13,"['A375', 'A549', 'ASC', 'HA1E', 'HCC515', 'HEPG2', 'HT29', 'MCF7', 'NEU', 'NPC', 'PC3', 'SKB', 'VCAP']",17
GW-1929,13,"['A375', 'A549', 'ASC', 'HA1E', 'HCC515', 'HEPG2', 'HT29', 'MCF7', 'NPC', 'PC3', 'PHH', 'SKB', 'VCAP']",23
BRD-K48924007,13,"['A375', 'A549', 'ASC', 'HA1E', 'HCC515', 'HT29', 'MCF7', 'NEU', 'NPC', 'PC3', 'PHH', 'SKB', 'VCAP']",17
BRD-K48823327,13,"['A375', 'A549', 'ASC', 'HA1E', 'HCC515', 'HT29', 'MCF7', 'NEU', 'NPC', 'PC3', 'PHH', 'SKB', 'VCAP']",17
ungerine,13,"['A375', 'A549', 'ASC', 'HA1E', 'HCC515', 'HEPG2', 'HT29', 'MCF7', 'NPC', 'PC3', 'PHH', 'SKB', 'VCAP']",19
dihydroergocristine,13,"['A375', 'A549', 'ASC', 'HA1E', 'HCC515', 'HEPG2', 'HT29', 'MCF7', 'NEU', 'NPC', 'PC3', 'SKB', 'VCAP']",49
picrotoxin,13,"['A375', 'A549', 'ASC', 'HA1E', 'HCC515', 'HEPG2', 'HT29', 'MCF7', 'NPC', 'PC3', 'PHH', 'SKB', 'VCAP']",34
BRD-K77987635,13,"['A375', 'A549', 'ASC', 'HA1E', 'HCC515', 'HEPG2', 'HT29', 'MCF7', 'NEU', 'NPC', 'PC3', 'SKB', 'VCAP']",25
piperine,13,"['A375', 'A549', 'ASC', 'HA1E', 'HCC515', 'HEPG2', 'HT29', 'MCF7', 'NEU', 'NPC', 'PC3', 'SKB', 'VCAP']",23
Ro-10-5824,13,"['A375', 'A549', 'ASC', 'HA1E', 'HCC515', 'HEPG2', 'HT29', 'MCF7', 'NEU', 'NPC', 'PC3', 'SKB', 'VCAP']",19
pinocembrin,13,"['A375', 'A549', 'ASC', 'HA1E', 'HCC515', 'HEPG2', 'HT29', 'MCF7', 'NEU', 'NPC', 'PC3', 'SKB', 'VCAP']",19
BRD-K96787835,13,"['A375', 'A549', 'ASC', 'HA1E', 'HCC515', 'HEPG2', 'HT29', 'MCF7', 'NEU', 'NPC', 'PC3', 'SKB', 'VCAP']",17
BRD-K61717269,13,"['A375', 'A549', 'ASC', 'HA1E', 'HCC515', 'HT29', 'MCF7', 'NEU', 'NPC', 'PC3', 'PHH', 'SKB', 'VCAP']",17
dipyridamole,13,"['A375', 'A549', 'ASC', 'HA1E', 'HCC515', 'HEPG2', 'HT29', 'MCF7', 'NPC', 'PC3', 'PHH', 'SKB', 'VCAP']",37
MD-041,13,"['A375', 'A549', 'ASC', 'HA1E', 'HCC515', 'HT29', 'MCF7', 'NEU', 'NPC', 'PC3', 'PHH', 'SKB', 'VCAP']",17
dipropyl-5ct,13,"['A375', 'A549', 'ASC', 'HA1E', 'HCC515', 'HEPG2', 'HT29', 'MCF7', 'NEU', 'NPC', 'PC3', 'SKB', 'VCAP']",19
BRD-K00954209,13,"['A375', 'A549', 'ASC', 'HA1E', 'HCC515', 'HEPG2', 'HT29', 'MCF7', 'NEU', 'NPC', 'PC3', 'SKB', 'VCAP']",17
AG-494,13,"['A375', 'A549', 'ASC', 'HA1E', 'HCC515', 'HEPG2', 'HT29', 'MCF7', 'NEU', 'NPC', 'PC3', 'SKB', 'VCAP']",19
vardenafil,13,"['A375', 'A549', 'ASC', 'HA1E', 'HCC515', 'HEPG2', 'HT29', 'MCF7', 'NPC', 'PC3', 'PHH', 'SKB', 'VCAP']",32
ST-208960,13,"['A375', 'A549', 'ASC', 'HA1E', 'HCC515', 'HEPG2', 'HT29', 'MCF7', 'NEU', 'NPC', 'PC3', 'SKB', 'VCAP']",17
MDM2-inhibitor,13,"['A375', 'A549', 'ASC', 'HA1E', 'HCC515', 'HEPG2', 'HT29', 'MCF7', 'NPC', 'PC3', 'PHH', 'SKB', 'VCAP']",19
digitoxin,13,"['A375', 'A549', 'ASC', 'HA1E', 'HCC515', 'HEPG2', 'HT29', 'MCF7', 'NPC', 'PC3', 'PHH', 'SKB', 'VCAP']",26
MD-II-051,13,"['A375', 'A549', 'ASC', 'HA1E', 'HCC515', 'HT29', 'MCF7', 'NEU', 'NPC', 'PC3', 'PHH', 'SKB', 'VCAP']",17
ST-022313,13,"['A375', 'A549', 'ASC', 'HA1E', 'HCC515', 'HEPG2', 'HT29', 'MCF7', 'NEU', 'NPC', 'PC3', 'SKB', 'VCAP']",17
phenylbutazone,13,"['A375', 'A549', 'ASC', 'HA1E', 'HCC515', 'HEPG2', 'HT29', 'MCF7', 'NPC', 'PC3', 'PHH', 'SKB', 'VCAP']",23
benzopurpurin-4b,13,"['A375', 'A549', 'ASC', 'HA1E', 'HCC515', 'HEPG2', 'HT29', 'MCF7', 'NPC', 'PC3', 'PHH', 'SKB', 'VCAP']",23
phenolphthalein,13,"['A375', 'A549', 'ASC', 'HA1E', 'HCC515', 'HEPG2', 'HT29', 'MCF7', 'NPC', 'PC3', 'PHH', 'SKB', 'VCAP']",23
diethyltoluamide,13,"['A375', 'A549', 'ASC', 'HA1E', 'HCC515', 'HEPG2', 'HT29', 'MCF7', 'NPC', 'PC3', 'PHH', 'SKB', 'VCAP']",19
verrucarin-a,13,"['A375', 'A549', 'ASC', 'HA1E', 'HCC515', 'HEPG2', 'HT29', 'MCF7', 'NEU', 'NPC', 'PC3', 'SKB', 'VCAP']",16
diethylstilbestrol,13,"['A375', 'A549', 'ASC', 'HA1E', 'HCC515', 'HEPG2', 'HT29', 'MCF7', 'NPC', 'PC3', 'PHH', 'SKB', 'VCAP']",78
pergolide,13,"['A375', 'A549', 'ASC', 'HA1E', 'HCC515', 'HEPG2', 'HT29', 'MCF7', 'NPC', 'PC3', 'PHH', 'SKB', 'VCAP']",37
ST-4070043,13,"['A375', 'A549', 'ASC', 'HA1E', 'HCC515', 'HT29', 'MCF7', 'NEU', 'NPC', 'PC3', 'PHH', 'SKB', 'VCAP']",17
phenformin,13,"['A375', 'A549', 'ASC', 'HA1E', 'HCC515', 'HEPG2', 'HT29', 'MCF7', 'NEU', 'NPC', 'PC3', 'SKB', 'VCAP']",30
calmidazolium,13,"['A375', 'A549', 'ASC', 'HCC515', 'HEPG2', 'HT29', 'MCF7', 'NEU', 'NPC', 'PC3', 'PHH', 'SKB', 'VCAP']",31
phenacetin,13,"['A375', 'A549', 'ASC', 'HA1E', 'HCC515', 'HEPG2', 'HT29', 'MCF7', 'NPC', 'PC3', 'PHH', 'SKB', 'VCAP']",27
ST-4042556,13,"['A375', 'A549', 'ASC', 'HA1E', 'HCC515', 'HEPG2', 'HT29', 'MCF7', 'NEU', 'NPC', 'PC3', 'SKB', 'VCAP']",17
BRD-K14704318,13,"['A375', 'A549', 'ASC', 'HA1E', 'HCC515', 'HT29', 'MCF7', 'NEU', 'NPC', 'PC3', 'PHH', 'SKB', 'VCAP']",17
BRD-K89784888,13,"['A375', 'A549', 'ASC', 'HA1E', 'HCC515', 'HEPG2', 'HT29', 'MCF7', 'NEU', 'NPC', 'PC3', 'SKB', 'VCAP']",17
ML-3163,13,"['A375', 'A549', 'ASC', 'HA1E', 'HCC515', 'HEPG2', 'HT29', 'MCF7', 'NEU', 'NPC', 'PC3', 'SKB', 'VCAP']",19
BRD-K89558221,13,"['A375', 'A549', 'ASC', 'HA1E', 'HCC515', 'HEPG2', 'HT29', 'MCF7', 'NEU', 'NPC', 'PC3', 'SKB', 'VCAP']",17
BRD-K73155123,13,"['A375', 'A549', 'ASC', 'HA1E', 'HCC515', 'HT29', 'MCF7', 'NEU', 'NPC', 'PC3', 'PHH', 'SKB', 'VCAP']",17
axitinib,13,"['A375', 'A549', 'ASC', 'HA1E', 'HCC515', 'HEPG2', 'HT29', 'MCF7', 'NEU', 'NPC', 'PC3', 'SKB', 'VCAP']",17
DCEBIO,13,"['A375', 'A549', 'ASC', 'HA1E', 'HCC515', 'HEPG2', 'HT29', 'MCF7', 'NPC', 'PC3', 'PHH', 'SKB', 'VCAP']",19
givinostat,13,"['A375', 'A549', 'ASC', 'HA1E', 'HCC515', 'HT29', 'MCF7', 'NEU', 'NPC', 'PC3', 'PHH', 'SKB', 'VCAP']",17
parachlorophenol,13,"['A375', 'A549', 'ASC', 'HA1E', 'HCC515', 'HEPG2', 'HT29', 'MCF7', 'NPC', 'PC3', 'PHH', 'SKB', 'VCAP']",19
BRD-A01960364,13,"['A375', 'A549', 'ASC', 'HA1E', 'HCC515', 'HT29', 'MCF7', 'NEU', 'NPC', 'PC3', 'PHH', 'SKB', 'VCAP']",17
BRD-K14844937,13,"['A375', 'A549', 'ASC', 'HA1E', 'HCC515', 'HEPG2', 'HT29', 'MCF7', 'NPC', 'PC3', 'PHH', 'SKB', 'VCAP']",19
BP-897,13,"['A375', 'A549', 'ASC', 'HA1E', 'HCC515', 'HEPG2', 'HT29', 'MCF7', 'NPC', 'PC3', 'PHH', 'SKB', 'VCAP']",23
MRS-1754,13,"['A375', 'A549', 'ASC', 'HA1E', 'HCC515', 'HEPG2', 'HT29', 'MCF7', 'NPC', 'PC3', 'PHH', 'SKB', 'VCAP']",19
BRD-K39687892,13,"['A375', 'A549', 'ASC', 'HA1E', 'HCC515', 'HT29', 'MCF7', 'NEU', 'NPC', 'PC3', 'PHH', 'SKB', 'VCAP']",17
MNITMT,13,"['A375', 'A549', 'ASC', 'HA1E', 'HCC515', 'HEPG2', 'HT29', 'MCF7', 'NPC', 'PC3', 'PHH', 'SKB', 'VCAP']",19
fusaric-acid,13,"['A375', 'A549', 'ASC', 'HA1E', 'HCC515', 'HEPG2', 'HT29', 'MCF7', 'NEU', 'NPC', 'PC3', 'SKB', 'VCAP']",19
arvanil,13,"['A375', 'A549', 'ASC', 'HA1E', 'HCC515', 'HEPG2', 'HT29', 'MCF7', 'NPC', 'PC3', 'PHH', 'SKB', 'VCAP']",19
tosyllysyl-chloromethyl-ketone,13,"['A375', 'A549', 'ASC', 'HA1E', 'HCC515', 'HEPG2', 'HT29', 'MCF7', 'NPC', 'PC3', 'PHH', 'SKB', 'VCAP']",19
oxymetazoline,13,"['A375', 'A549', 'ASC', 'HA1E', 'HCC515', 'HEPG2', 'HT29', 'MCF7', 'NPC', 'PC3', 'PHH', 'SKB', 'VCAP']",19
formoterol,13,"['A375', 'A549', 'ASC', 'HA1E', 'HCC515', 'HEPG2', 'HT29', 'MCF7', 'NEU', 'NPC', 'PC3', 'SKB', 'VCAP']",34
BRD-K15672523,13,"['A375', 'A549', 'ASC', 'HA1E', 'HCC515', 'HEPG2', 'HT29', 'MCF7', 'NEU', 'NPC', 'PC3', 'SKB', 'VCAP']",17
telenzepine,13,"['A375', 'A549', 'ASC', 'HA1E', 'HCC515', 'HEPG2', 'HT29', 'MCF7', 'NEU', 'NPC', 'PC3', 'SKB', 'VCAP']",22
dicycloverine,13,"['A375', 'A549', 'ASC', 'HA1E', 'HCC515', 'HEPG2', 'HT29', 'MCF7', 'NPC', 'PC3', 'PHH', 'SKB', 'VCAP']",26
BRD-K25884242,13,"['A375', 'A549', 'ASC', 'HA1E', 'HCC515', 'HEPG2', 'HT29', 'MCF7', 'NEU', 'NPC', 'PC3', 'SKB', 'VCAP']",17
ornidazole,13,"['A375', 'A549', 'ASC', 'HA1E', 'HCC515', 'HEPG2', 'HT29', 'MCF7', 'NPC', 'PC3', 'PHH', 'SKB', 'VCAP']",37
dicyclohexylurea,13,"['A375', 'A549', 'ASC', 'HA1E', 'HCC515', 'HEPG2', 'HT29', 'MCF7', 'NPC', 'PC3', 'PHH', 'SKB', 'VCAP']",19
MW-STK33-2C,13,"['A375', 'A549', 'ASC', 'HA1E', 'HCC515', 'HT29', 'MCF7', 'NEU', 'NPC', 'PC3', 'PHH', 'SKB', 'VCAP']",17
betamethasone,13,"['A375', 'A549', 'ASC', 'HA1E', 'HCC515', 'HEPG2', 'HT29', 'MCF7', 'NPC', 'PC3', 'PHH', 'SKB', 'VCAP']",42
palmitoylethanolamide,13,"['A375', 'A549', 'ASC', 'HA1E', 'HCC515', 'HEPG2', 'HT29', 'MCF7', 'NPC', 'PC3', 'PHH', 'SKB', 'VCAP']",19
timolol,13,"['A375', 'A549', 'ASC', 'HA1E', 'HCC515', 'HEPG2', 'HT29', 'MCF7', 'NPC', 'PC3', 'PHH', 'SKB', 'VCAP']",34
ST-4075437,13,"['A375', 'A549', 'ASC', 'HA1E', 'HCC515', 'HEPG2', 'HT29', 'MCF7', 'NEU', 'NPC', 'PC3', 'SKB', 'VCAP']",17
gabexate,13,"['A375', 'A549', 'ASC', 'HA1E', 'HCC515', 'HEPG2', 'HT29', 'MCF7', 'NPC', 'PC3', 'PHH', 'SKB', 'VCAP']",34
N-(3-acetamidophenyl)-3-chlorobenzamide,13,"['A375', 'A549', 'ASC', 'HA1E', 'HCC515', 'HEPG2', 'HT29', 'MCF7', 'NEU', 'NPC', 'PC3', 'SKB', 'VCAP']",30
alfadolone-acetate,13,"['A375', 'A549', 'ASC', 'HA1E', 'HCC515', 'HEPG2', 'HT29', 'MCF7', 'NPC', 'PC3', 'PHH', 'SKB', 'VCAP']",19
olomoucine,13,"['A375', 'A549', 'ASC', 'HA1E', 'HCC515', 'HEPG2', 'HT29', 'MCF7', 'NEU', 'NPC', 'PC3', 'SKB', 'VCAP']",19
BRD-K96167523,13,"['A375', 'A549', 'ASC', 'HA1E', 'HCC515', 'HEPG2', 'HT29', 'MCF7', 'NEU', 'NPC', 'PC3', 'SKB', 'VCAP']",17
oxibendazole,13,"['A375', 'A549', 'ASC', 'HA1E', 'HCC515', 'HEPG2', 'HT29', 'MCF7', 'NPC', 'PC3', 'PHH', 'SKB', 'VCAP']",27
GW-3965,13,"['A375', 'A549', 'ASC', 'HA1E', 'HCC515', 'HEPG2', 'HT29', 'MCF7', 'NPC', 'PC3', 'PHH', 'SKB', 'VCAP']",23
BRD-A41997916,13,"['A375', 'A549', 'ASC', 'HA1E', 'HCC515', 'HEPG2', 'HT29', 'MCF7', 'NEU', 'NPC', 'PC3', 'SKB', 'VCAP']",17
carvedilol,13,"['A375', 'A549', 'ASC', 'HA1E', 'HCC515', 'HEPG2', 'HT29', 'MCF7', 'NPC', 'PC3', 'PHH', 'SKB', 'VCAP']",46
norketamine,13,"['A375', 'A549', 'ASC', 'HA1E', 'HCC515', 'HEPG2', 'HT29', 'MCF7', 'NPC', 'PC3', 'PHH', 'SKB', 'VCAP']",19
alaproclate,13,"['A375', 'A549', 'ASC', 'HA1E', 'HCC515', 'HEPG2', 'HT29', 'MCF7', 'NPC', 'PC3', 'PHH', 'SKB', 'VCAP']",23
NK26-I-41-1,13,"['A375', 'A549', 'ASC', 'HA1E', 'HCC515', 'HEPG2', 'HT29', 'MCF7', 'NEU', 'NPC', 'PC3', 'SKB', 'VCAP']",17
fluphenazine,13,"['A375', 'A549', 'ASC', 'HA1E', 'HCC515', 'HEPG2', 'HT29', 'MCF7', 'NPC', 'PC3', 'PHH', 'SKB', 'VCAP']",90
NBQX,13,"['A375', 'A549', 'ASC', 'HA1E', 'HCC515', 'HEPG2', 'HT29', 'MCF7', 'NPC', 'PC3', 'PHH', 'SKB', 'VCAP']",23
BRD-K70524666,13,"['A375', 'A549', 'ASC', 'HA1E', 'HCC515', 'HT29', 'MCF7', 'NEU', 'NPC', 'PC3', 'PHH', 'SKB', 'VCAP']",17
BRD-K59556282,13,"['A375', 'A549', 'ASC', 'HA1E', 'HCC515', 'HEPG2', 'HT29', 'MCF7', 'NEU', 'NPC', 'PC3', 'SKB', 'VCAP']",17
BRD-K26367064,13,"['A375', 'A549', 'ASC', 'HA1E', 'HCC515', 'HEPG2', 'HT29', 'MCF7', 'NEU', 'NPC', 'PC3', 'SKB', 'VCAP']",17
CP-94253,13,"['A375', 'A549', 'ASC', 'HA1E', 'HCC515', 'HEPG2', 'HT29', 'MCF7', 'NEU', 'NPC', 'PC3', 'SKB', 'VCAP']",19
GR-159897,13,"['A375', 'A549', 'ASC', 'HA1E', 'HCC515', 'HEPG2', 'HT29', 'MCF7', 'NPC', 'PC3', 'PHH', 'SKB', 'VCAP']",19
fluvoxamine,13,"['A375', 'A549', 'ASC', 'HA1E', 'HCC515', 'HEPG2', 'HT29', 'MCF7', 'NEU', 'NPC', 'PC3', 'SKB', 'VCAP']",34
fluticasone-propionate,13,"['A375', 'A549', 'ASC', 'HA1E', 'HCC515', 'HEPG2', 'HT29', 'MCF7', 'NPC', 'PC3', 'PHH', 'SKB', 'VCAP']",30
nonoxynol-9,13,"['A375', 'A549', 'ASC', 'HA1E', 'HCC515', 'HEPG2', 'HT29', 'MCF7', 'NPC', 'PC3', 'PHH', 'SKB', 'VCAP']",19
lawsone,13,"['A375', 'A549', 'ASC', 'HA1E', 'HCC515', 'HEPG2', 'HT29', 'MCF7', 'NPC', 'PC3', 'PHH', 'SKB', 'VCAP']",19
STO-609,13,"['A375', 'A549', 'ASC', 'HA1E', 'HCC515', 'HEPG2', 'HT29', 'MCF7', 'NPC', 'PC3', 'PHH', 'SKB', 'VCAP']",19
STK-674938,13,"['A375', 'A549', 'ASC', 'HA1E', 'HCC515', 'HT29', 'MCF7', 'NEU', 'NPC', 'PC3', 'PHH', 'SKB', 'VCAP']",17
NPC-15199,13,"['A375', 'A549', 'ASC', 'HA1E', 'HCC515', 'HEPG2', 'HT29', 'MCF7', 'NPC', 'PC3', 'PHH', 'SKB', 'VCAP']",19
FPL-55712,13,"['A375', 'A549', 'ASC', 'HA1E', 'HCC515', 'HEPG2', 'HT29', 'MCF7', 'NEU', 'NPC', 'PC3', 'SKB', 'VCAP']",19
NK42-I-109-1,13,"['A375', 'A549', 'ASC', 'HA1E', 'HCC515', 'HEPG2', 'HT29', 'MCF7', 'NEU', 'NPC', 'PC3', 'SKB', 'VCAP']",17
BRD-K42687792,13,"['A375', 'A549', 'ASC', 'HA1E', 'HCC515', 'HEPG2', 'HT29', 'MCF7', 'NEU', 'NPC', 'PC3', 'SKB', 'VCAP']",17
BRD-K16346331,13,"['A375', 'A549', 'ASC', 'HA1E', 'HCC515', 'HT29', 'MCF7', 'NEU', 'NPC', 'PC3', 'PHH', 'SKB', 'VCAP']",17
ergocornine,13,"['A375', 'A549', 'ASC', 'HA1E', 'HCC515', 'HEPG2', 'HT29', 'MCF7', 'NEU', 'NPC', 'PC3', 'SKB', 'VCAP']",19
BRD-K27170250,13,"['A375', 'A549', 'ASC', 'HA1E', 'HCC515', 'HT29', 'MCF7', 'NEU', 'NPC', 'PC3', 'PHH', 'SKB', 'VCAP']",17
aliskiren,13,"['A375', 'A549', 'ASC', 'HA1E', 'HCC515', 'HEPG2', 'HT29', 'MCF7', 'NPC', 'PC3', 'PHH', 'SKB', 'VCAP']",23
CL-218872,13,"['A375', 'A549', 'ASC', 'HA1E', 'HCC515', 'HEPG2', 'HT29', 'MCF7', 'NEU', 'NPC', 'PC3', 'SKB', 'VCAP']",19
BRD-K38012662,13,"['A375', 'A549', 'ASC', 'HA1E', 'HCC515', 'HT29', 'MCF7', 'NEU', 'NPC', 'PC3', 'PHH', 'SKB', 'VCAP']",32
nimesulide,13,"['A375', 'A549', 'ASC', 'HA1E', 'HCC515', 'HEPG2', 'HT29', 'MCF7', 'NEU', 'NPC', 'PC3', 'SKB', 'VCAP']",22
BRD-K47709646,13,"['A375', 'A549', 'ASC', 'HA1E', 'HCC515', 'HT29', 'MCF7', 'NEU', 'NPC', 'PC3', 'PHH', 'SKB', 'VCAP']",17
nobiletin,13,"['A375', 'A549', 'ASC', 'HA1E', 'HCC515', 'HEPG2', 'HT29', 'MCF7', 'NPC', 'PC3', 'PHH', 'SKB', 'VCAP']",30
GR-55562,13,"['A375', 'A549', 'ASC', 'HA1E', 'HCC515', 'HEPG2', 'HT29', 'MCF7', 'NEU', 'NPC', 'PC3', 'SKB', 'VCAP']",19
BRD-K16604360,13,"['A375', 'A549', 'ASC', 'HA1E', 'HCC515', 'HEPG2', 'HT29', 'MCF7', 'NEU', 'NPC', 'PC3', 'SKB', 'VCAP']",23
SU-1498,13,"['A375', 'A549', 'ASC', 'HA1E', 'HCC515', 'HEPG2', 'HT29', 'MCF7', 'NEU', 'NPC', 'PC3', 'SKB', 'VCAP']",19
nicergoline,13,"['A375', 'A549', 'ASC', 'HA1E', 'HCC515', 'HEPG2', 'HT29', 'MCF7', 'NEU', 'NPC', 'PC3', 'SKB', 'VCAP']",26
tetramisole,13,"['A375', 'A549', 'ASC', 'HA1E', 'HCC515', 'HEPG2', 'HT29', 'MCF7', 'NPC', 'PC3', 'PHH', 'SKB', 'VCAP']",27
nefopam,13,"['A375', 'A549', 'ASC', 'HA1E', 'HCC515', 'HEPG2', 'HT29', 'MCF7', 'NPC', 'PC3', 'PHH', 'SKB', 'VCAP']",22
fipronil,13,"['A375', 'A549', 'ASC', 'HA1E', 'HCC515', 'HEPG2', 'HT29', 'MCF7', 'NPC', 'PC3', 'PHH', 'SKB', 'VCAP']",23
NSC-693868,13,"['A375', 'A549', 'ASC', 'HA1E', 'HCC515', 'HEPG2', 'HT29', 'MCF7', 'NPC', 'PC3', 'PHH', 'SKB', 'VCAP']",38
BRD-K37727696,13,"['A375', 'A549', 'ASC', 'HA1E', 'HCC515', 'HT29', 'MCF7', 'NEU', 'NPC', 'PC3', 'PHH', 'SKB', 'VCAP']",17
BRD-A98888159,13,"['A375', 'A549', 'ASC', 'HA1E', 'HCC515', 'HT29', 'MCF7', 'NEU', 'NPC', 'PC3', 'PHH', 'SKB', 'VCAP']",17
fexaramine,13,"['A375', 'A549', 'ASC', 'HA1E', 'HCC515', 'HEPG2', 'HT29', 'MCF7', 'NPC', 'PC3', 'PHH', 'SKB', 'VCAP']",19
CGP-7930,13,"['A375', 'A549', 'ASC', 'HA1E', 'HCC515', 'HEPG2', 'HT29', 'MCF7', 'NPC', 'PC3', 'PHH', 'SKB', 'VCAP']",19
amantadine,13,"['A375', 'A549', 'ASC', 'HA1E', 'HCC515', 'HEPG2', 'HT29', 'MCF7', 'NPC', 'PC3', 'PHH', 'SKB', 'VCAP']",23
BRD-A89333723,13,"['A375', 'A549', 'ASC', 'HA1E', 'HCC515', 'HEPG2', 'HT29', 'MCF7', 'NEU', 'NPC', 'PC3', 'SKB', 'VCAP']",17
T-98475,13,"['A375', 'A549', 'ASC', 'HA1E', 'HCC515', 'HEPG2', 'HT29', 'MCF7', 'NPC', 'PC3', 'PHH', 'SKB', 'VCAP']",19
naltrindole,13,"['A375', 'A549', 'ASC', 'HA1E', 'HCC515', 'HEPG2', 'HT29', 'MCF7', 'NEU', 'NPC', 'PC3', 'SKB', 'VCAP']",30
butyl-paraben,13,"['A375', 'A549', 'ASC', 'HA1E', 'HCC515', 'HEPG2', 'HT29', 'MCF7', 'NPC', 'PC3', 'PHH', 'SKB', 'VCAP']",27
O-1918,13,"['A375', 'A549', 'ASC', 'HA1E', 'HCC515', 'HEPG2', 'HT29', 'MCF7', 'NPC', 'PC3', 'PHH', 'SKB', 'VCAP']",19
flunisolide,13,"['A375', 'A549', 'ASC', 'HA1E', 'HCC515', 'HEPG2', 'HT29', 'MCF7', 'NPC', 'PC3', 'PHH', 'SKB', 'VCAP']",54
ODQ,13,"['A375', 'A549', 'ASC', 'HA1E', 'HCC515', 'HEPG2', 'HT29', 'MCF7', 'NPC', 'PC3', 'PHH', 'SKB', 'VCAP']",19
"4,5,6,7-tetrabromobenzotriazole",13,"['A375', 'A549', 'ASC', 'HA1E', 'HCC515', 'HEPG2', 'HT29', 'MCF7', 'NEU', 'NPC', 'PC3', 'SKB', 'VCAP']",19
naringenin,13,"['A375', 'A549', 'ASC', 'HA1E', 'HCC515', 'HEPG2', 'HT29', 'MCF7', 'NEU', 'NPC', 'PC3', 'SKB', 'VCAP']",23
BRD-K93899689,13,"['A375', 'A549', 'ASC', 'HA1E', 'HCC515', 'HEPG2', 'HT29', 'MCF7', 'NEU', 'NPC', 'PC3', 'SKB', 'VCAP']",17
BRD-K93760529,13,"['A375', 'A549', 'ASC', 'HA1E', 'HCC515', 'HT29', 'MCF7', 'NEU', 'NPC', 'PC3', 'PHH', 'SKB', 'VCAP']",17
AMN-082,13,"['A375', 'A549', 'ASC', 'HA1E', 'HCC515', 'HEPG2', 'HT29', 'MCF7', 'NEU', 'NPC', 'PC3', 'SKB', 'VCAP']",19
BRD-K74949371,13,"['A375', 'A549', 'ASC', 'HA1E', 'HCC515', 'HEPG2', 'HT29', 'MCF7', 'NEU', 'NPC', 'PC3', 'SKB', 'VCAP']",17
fenoldopam,13,"['A375', 'A549', 'ASC', 'HA1E', 'HCC515', 'HEPG2', 'HT29', 'MCF7', 'NPC', 'PC3', 'PHH', 'SKB', 'VCAP']",30
naloxone,13,"['A375', 'A549', 'ASC', 'HA1E', 'HCC515', 'HEPG2', 'HT29', 'MCF7', 'NPC', 'PC3', 'PHH', 'SKB', 'VCAP']",82
AMG-9810,13,"['A375', 'A549', 'ASC', 'HA1E', 'HCC515', 'HEPG2', 'HT29', 'MCF7', 'NPC', 'PC3', 'PHH', 'SKB', 'VCAP']",23
nafcillin,13,"['A375', 'A549', 'ASC', 'HA1E', 'HCC515', 'HEPG2', 'HT29', 'MCF7', 'NEU', 'NPC', 'PC3', 'SKB', 'VCAP']",30
fenbendazole,13,"['A375', 'A549', 'ASC', 'HA1E', 'HCC515', 'HEPG2', 'HT29', 'MCF7', 'NPC', 'PC3', 'PHH', 'SKB', 'VCAP']",30
nadolol,13,"['A375', 'A549', 'ASC', 'HA1E', 'HCC515', 'HEPG2', 'HT29', 'MCF7', 'NPC', 'PC3', 'PHH', 'SKB', 'VCAP']",57
BRD-K70369221,13,"['A375', 'A549', 'ASC', 'HA1E', 'HCC515', 'HEPG2', 'HT29', 'MCF7', 'NEU', 'NPC', 'PC3', 'SKB', 'VCAP']",17
OM-137,13,"['A375', 'A549', 'ASC', 'HA1E', 'HCC515', 'HT29', 'MCF7', 'NEU', 'NPC', 'PC3', 'PHH', 'SKB', 'VCAP']",17
floxuridine,13,"['A375', 'A549', 'ASC', 'HA1E', 'HCC515', 'HEPG2', 'HT29', 'MCF7', 'NEU', 'NPC', 'PC3', 'SKB', 'VCAP']",32
mitotane,13,"['A375', 'A549', 'ASC', 'HA1E', 'HCC515', 'HEPG2', 'HT29', 'MCF7', 'NPC', 'PC3', 'PHH', 'SKB', 'VCAP']",27
coumestrol,13,"['A375', 'A549', 'ASC', 'HA1E', 'HCC515', 'HEPG2', 'HT29', 'MCF7', 'NEU', 'NPC', 'PC3', 'SKB', 'VCAP']",19
PD-102807,13,"['A375', 'A549', 'ASC', 'HA1E', 'HCC515', 'HEPG2', 'HT29', 'MCF7', 'NPC', 'PC3', 'PHH', 'SKB', 'VCAP']",19
BRD-K27881911,13,"['A375', 'A549', 'ASC', 'HA1E', 'HCC515', 'HT29', 'MCF7', 'NEU', 'NPC', 'PC3', 'PHH', 'SKB', 'VCAP']",17
PATI-1-2-3,13,"['A375', 'A549', 'ASC', 'HA1E', 'HCC515', 'HEPG2', 'HT29', 'MCF7', 'NEU', 'NPC', 'PC3', 'SKB', 'VCAP']",17
AM-92016,13,"['A375', 'A549', 'ASC', 'HA1E', 'HCC515', 'HEPG2', 'HT29', 'MCF7', 'NPC', 'PC3', 'PHH', 'SKB', 'VCAP']",19
BRD-K27630390,13,"['A375', 'A549', 'ASC', 'HA1E', 'HCC515', 'HEPG2', 'HT29', 'MCF7', 'NEU', 'NPC', 'PC3', 'SKB', 'VCAP']",17
depudecin,13,"['A375', 'A549', 'ASC', 'HA1E', 'HCC515', 'HEPG2', 'HT29', 'MCF7', 'NEU', 'NPC', 'PC3', 'SKB', 'VCAP']",17
midostaurin,13,"['A375', 'A549', 'ASC', 'HA1E', 'HCC515', 'HEPG2', 'HT29', 'MCF7', 'NPC', 'PC3', 'PHH', 'SKB', 'VCAP']",19
coumaric-acid,13,"['A375', 'A549', 'ASC', 'HA1E', 'HCC515', 'HEPG2', 'HT29', 'MCF7', 'NEU', 'NPC', 'PC3', 'SKB', 'VCAP']",19
mexiletine,13,"['A375', 'A549', 'ASC', 'HA1E', 'HCC515', 'HEPG2', 'HT29', 'MCF7', 'NPC', 'PC3', 'PHH', 'SKB', 'VCAP']",34
deoxyrhapontin,13,"['A375', 'A549', 'ASC', 'HA1E', 'HCC515', 'HEPG2', 'HT29', 'MCF7', 'NPC', 'PC3', 'PHH', 'SKB', 'VCAP']",19
monastrol,13,"['A375', 'A549', 'ASC', 'HA1E', 'HCC515', 'HEPG2', 'HT29', 'MCF7', 'NEU', 'NPC', 'PC3', 'SKB', 'VCAP']",19
amoxapine,13,"['A375', 'A549', 'ASC', 'HA1E', 'HCC515', 'HEPG2', 'HT29', 'MCF7', 'NPC', 'PC3', 'PHH', 'SKB', 'VCAP']",34
moexipril,13,"['A375', 'A549', 'ASC', 'HA1E', 'HCC515', 'HEPG2', 'HT29', 'MCF7', 'NPC', 'PC3', 'PHH', 'SKB', 'VCAP']",19
deoxyandirobin,13,"['A375', 'A549', 'ASC', 'HA1E', 'HCC515', 'HEPG2', 'HT29', 'MCF7', 'NPC', 'PC3', 'PHH', 'SKB', 'VCAP']",23
CGP-20712,13,"['A375', 'A549', 'ASC', 'HA1E', 'HCC515', 'HEPG2', 'HT29', 'MCF7', 'NPC', 'PC3', 'PHH', 'SKB', 'VCAP']",19
denbufylline,13,"['A375', 'A549', 'ASC', 'HA1E', 'HCC515', 'HEPG2', 'HT29', 'MCF7', 'NEU', 'NPC', 'PC3', 'SKB', 'VCAP']",19
metolazone,13,"['A375', 'A549', 'ASC', 'HA1E', 'HCC515', 'HEPG2', 'HT29', 'MCF7', 'NPC', 'PC3', 'PHH', 'SKB', 'VCAP']",26
devazepide,13,"['A375', 'A549', 'ASC', 'HA1E', 'HCC515', 'HEPG2', 'HT29', 'MCF7', 'NEU', 'NPC', 'PC3', 'SKB', 'VCAP']",19
PD-198306,13,"['A375', 'A549', 'ASC', 'HA1E', 'HCC515', 'HEPG2', 'HT29', 'MCF7', 'NEU', 'NPC', 'PC3', 'SKB', 'VCAP']",19
bupropion,13,"['A375', 'A549', 'ASC', 'HA1E', 'HCC515', 'HEPG2', 'HT29', 'MCF7', 'NPC', 'PC3', 'PHH', 'SKB', 'VCAP']",48
mirtazapine,13,"['A375', 'A549', 'ASC', 'HA1E', 'HCC515', 'HEPG2', 'HT29', 'MCF7', 'NEU', 'NPC', 'PC3', 'SKB', 'VCAP']",49
desoxycortone,13,"['A375', 'A549', 'ASC', 'HA1E', 'HCC515', 'HEPG2', 'HT29', 'MCF7', 'NEU', 'NPC', 'PC3', 'SKB', 'VCAP']",23
PI-828,13,"['A375', 'A549', 'ASC', 'HA1E', 'HCC515', 'HEPG2', 'HT29', 'MCF7', 'NEU', 'NPC', 'PC3', 'SKB', 'VCAP']",19
desoximetasone,13,"['A375', 'A549', 'ASC', 'HA1E', 'HCC515', 'HEPG2', 'HT29', 'MCF7', 'NPC', 'PC3', 'PHH', 'SKB', 'VCAP']",36
BRD-K18739469,13,"['A375', 'A549', 'ASC', 'HA1E', 'HCC515', 'HT29', 'MCF7', 'NEU', 'NPC', 'PC3', 'PHH', 'SKB', 'VCAP']",17
U-18666A,13,"['A375', 'A549', 'ASC', 'HA1E', 'HCC515', 'HEPG2', 'HT29', 'MCF7', 'NEU', 'NPC', 'PC3', 'SKB', 'VCAP']",19
BRD-A88504692,13,"['A375', 'A549', 'ASC', 'HA1E', 'HCC515', 'HT29', 'MCF7', 'NEU', 'NPC', 'PC3', 'PHH', 'SKB', 'VCAP']",17
BRD-K38205437,13,"['A375', 'A549', 'ASC', 'HA1E', 'HCC515', 'HT29', 'MCF7', 'NEU', 'NPC', 'PC3', 'PHH', 'SKB', 'VCAP']",17
TUL-XVIII076,13,"['A375', 'A549', 'ASC', 'HA1E', 'HCC515', 'HT29', 'MCF7', 'NEU', 'NPC', 'PC3', 'PHH', 'SKB', 'VCAP']",17
TUL-XIX029,13,"['A375', 'A549', 'ASC', 'HA1E', 'HCC515', 'HT29', 'MCF7', 'NEU', 'NPC', 'PC3', 'PHH', 'SKB', 'VCAP']",17
BRD-K75418381,13,"['A375', 'A549', 'ASC', 'HA1E', 'HCC515', 'HEPG2', 'HT29', 'MCF7', 'NEU', 'NPC', 'PC3', 'SKB', 'VCAP']",17
BRD-K32644160,13,"['A375', 'A549', 'ASC', 'HA1E', 'HCC515', 'HEPG2', 'HT29', 'MCF7', 'NPC', 'PC3', 'PHH', 'SKB', 'VCAP']",32
CDC,13,"['A375', 'A549', 'ASC', 'HA1E', 'HCC515', 'HEPG2', 'HT29', 'MCF7', 'NPC', 'PC3', 'PHH', 'SKB', 'VCAP']",19
etifenin,13,"['A375', 'A549', 'ASC', 'HA1E', 'HCC515', 'HEPG2', 'HT29', 'MCF7', 'NPC', 'PC3', 'PHH', 'SKB', 'VCAP']",23
PNU-282987,13,"['A375', 'A549', 'ASC', 'HA1E', 'HCC515', 'HEPG2', 'HT29', 'MCF7', 'NPC', 'PC3', 'PHH', 'SKB', 'VCAP']",19
BRD-K37932103,13,"['A375', 'A549', 'ASC', 'HA1E', 'HCC515', 'HEPG2', 'HT29', 'MCF7', 'NEU', 'NPC', 'PC3', 'SKB', 'VCAP']",17
methylergometrine,13,"['A375', 'A549', 'ASC', 'HA1E', 'HCC515', 'HEPG2', 'HT29', 'MCF7', 'NEU', 'NPC', 'PC3', 'SKB', 'VCAP']",37
ezetimibe,13,"['A375', 'A549', 'ASC', 'HA1E', 'HCC515', 'HEPG2', 'HT29', 'MCF7', 'NPC', 'PC3', 'PHH', 'SKB', 'VCAP']",34
PPT,13,"['A375', 'A549', 'ASC', 'HA1E', 'HCC515', 'HEPG2', 'HT29', 'MCF7', 'NPC', 'PC3', 'PHH', 'SKB', 'VCAP']",19
delcorine,13,"['A375', 'A549', 'ASC', 'HA1E', 'HCC515', 'HEPG2', 'HT29', 'MCF7', 'NPC', 'PC3', 'PHH', 'SKB', 'VCAP']",19
BRD-K19181733,13,"['A375', 'A549', 'ASC', 'HA1E', 'HCC515', 'HEPG2', 'HT29', 'MCF7', 'NEU', 'NPC', 'PC3', 'SKB', 'VCAP']",17
eugenitol,13,"['A375', 'A549', 'ASC', 'HA1E', 'HCC515', 'HEPG2', 'HT29', 'MCF7', 'NPC', 'PC3', 'PHH', 'SKB', 'VCAP']",19
PP-3,13,"['A375', 'A549', 'ASC', 'HA1E', 'HCC515', 'HEPG2', 'HT29', 'MCF7', 'NPC', 'PC3', 'PHH', 'SKB', 'VCAP']",19
BRD-K41924482,13,"['A375', 'A549', 'ASC', 'HA1E', 'HCC515', 'HT29', 'MCF7', 'NEU', 'NPC', 'PC3', 'PHH', 'SKB', 'VCAP']",17
BRD-A83402799,13,"['A375', 'A549', 'ASC', 'HA1E', 'HCC515', 'HEPG2', 'HT29', 'MCF7', 'NEU', 'NPC', 'PC3', 'SKB', 'VCAP']",30
deguelin,13,"['A375', 'A549', 'ASC', 'HA1E', 'HCC515', 'HEPG2', 'HT29', 'MCF7', 'NPC', 'PC3', 'PHH', 'SKB', 'VCAP']",19
BRD-K75458636,13,"['A375', 'A549', 'ASC', 'HA1E', 'HCC515', 'HT29', 'MCF7', 'NEU', 'NPC', 'PC3', 'PHH', 'SKB', 'VCAP']",17
deforolimus,13,"['A375', 'A549', 'ASC', 'HA1E', 'HCC515', 'HEPG2', 'HT29', 'MCF7', 'NEU', 'NPC', 'PC3', 'SKB', 'VCAP']",17
melperone,13,"['A375', 'A549', 'ASC', 'HA1E', 'HCC515', 'HEPG2', 'HT29', 'MCF7', 'NEU', 'NPC', 'PC3', 'SKB', 'VCAP']",30
estriol,13,"['A375', 'A549', 'ASC', 'HA1E', 'HCC515', 'HEPG2', 'HT29', 'MCF7', 'NPC', 'PC3', 'PHH', 'SKB', 'VCAP']",156
BRD-K56196992,13,"['A375', 'A549', 'ASC', 'HA1E', 'HCC515', 'HT29', 'MCF7', 'NEU', 'NPC', 'PC3', 'PHH', 'SKB', 'VCAP']",17
BAPTA-AM,13,"['A375', 'A549', 'ASC', 'HA1E', 'HCC515', 'HEPG2', 'HT29', 'MCF7', 'NPC', 'PC3', 'PHH', 'SKB', 'VCAP']",19
PSB-069,13,"['A375', 'A549', 'ASC', 'HA1E', 'HCC515', 'HEPG2', 'HT29', 'MCF7', 'NPC', 'PC3', 'PHH', 'SKB', 'VCAP']",23
aminomethyltransferase,13,"['A375', 'A549', 'ASC', 'HA1E', 'HCC515', 'HEPG2', 'HT29', 'MCF7', 'NPC', 'PC3', 'PHH', 'SKB', 'VCAP']",19
BRD-K28774715,13,"['A375', 'A549', 'ASC', 'HA1E', 'HCC515', 'HEPG2', 'HT29', 'MCF7', 'NEU', 'NPC', 'PC3', 'SKB', 'VCAP']",30
BRD-K83998179,13,"['A375', 'A549', 'ASC', 'HA1E', 'HCC515', 'HT29', 'MCF7', 'NEU', 'NPC', 'PC3', 'PHH', 'SKB', 'VCAP']",17
UGISS-186,13,"['A375', 'A549', 'ASC', 'HA1E', 'HCC515', 'HT29', 'MCF7', 'NEU', 'NPC', 'PC3', 'PHH', 'SKB', 'VCAP']",17
UCL-2077,13,"['A375', 'A549', 'ASC', 'HA1E', 'HCC515', 'HEPG2', 'HT29', 'MCF7', 'NPC', 'PC3', 'PHH', 'SKB', 'VCAP']",19
CCT-018159,13,"['A375', 'A549', 'ASC', 'HA1E', 'HCC515', 'HEPG2', 'HT29', 'MCF7', 'NPC', 'PC3', 'PHH', 'SKB', 'VCAP']",19
CAY-10578,13,"['A375', 'A549', 'ASC', 'HA1E', 'HCC515', 'HT29', 'MCF7', 'NEU', 'NPC', 'PC3', 'PHH', 'SKB', 'VCAP']",17
amiloride,13,"['A375', 'A549', 'ASC', 'HA1E', 'HCC515', 'HEPG2', 'HT29', 'MCF7', 'NPC', 'PC3', 'PHH', 'SKB', 'VCAP']",48
U-74389F,13,"['A375', 'A549', 'ASC', 'HA1E', 'HCC515', 'HEPG2', 'HT29', 'MCF7', 'NPC', 'PC3', 'PHH', 'SKB', 'VCAP']",19
BRD-K88542532,13,"['A375', 'A549', 'ASC', 'HA1E', 'HCC515', 'HEPG2', 'HT29', 'MCF7', 'NEU', 'NPC', 'PC3', 'SKB', 'VCAP']",17
BRD-K19624190,13,"['A375', 'A549', 'ASC', 'HA1E', 'HCC515', 'HT29', 'MCF7', 'NEU', 'NPC', 'PC3', 'PHH', 'SKB', 'VCAP']",17
esculin,13,"['A375', 'A549', 'ASC', 'HA1E', 'HCC515', 'HEPG2', 'HT29', 'MCF7', 'NPC', 'PC3', 'PHH', 'SKB', 'VCAP']",19
medrysone,13,"['A375', 'A549', 'ASC', 'HA1E', 'HCC515', 'HEPG2', 'HT29', 'MCF7', 'NPC', 'PC3', 'PHH', 'SKB', 'VCAP']",53
BRD-A12643502,13,"['A375', 'A549', 'ASC', 'HA1E', 'HCC515', 'HEPG2', 'HT29', 'MCF7', 'NEU', 'NPC', 'PC3', 'SKB', 'VCAP']",17
QX-314,13,"['A375', 'A549', 'ASC', 'HA1E', 'HCC515', 'HEPG2', 'HT29', 'MCF7', 'NPC', 'PC3', 'PHH', 'SKB', 'VCAP']",19
erythromycin-estolate,13,"['A375', 'A549', 'ASC', 'HA1E', 'HCC515', 'HEPG2', 'HT29', 'MCF7', 'NEU', 'NPC', 'PC3', 'SKB', 'VCAP']",23
BRD-K76052538,13,"['A375', 'A549', 'ASC', 'HA1E', 'HCC515', 'HT29', 'MCF7', 'NEU', 'NPC', 'PC3', 'PHH', 'SKB', 'VCAP']",17
BRD-K35638681,13,"['A375', 'A549', 'ASC', 'HA1E', 'HCC515', 'HEPG2', 'HT29', 'MCF7', 'NEU', 'NPC', 'PC3', 'SKB', 'VCAP']",17
lysergol,13,"['A375', 'A549', 'ASC', 'HA1E', 'HCC515', 'HEPG2', 'HT29', 'MCF7', 'NPC', 'PC3', 'PHH', 'SKB', 'VCAP']",19
biotin,13,"['A375', 'A549', 'ASC', 'HA1E', 'HCC515', 'HEPG2', 'HT29', 'MCF7', 'NPC', 'PC3', 'PHH', 'SKB', 'VCAP']",23
BRD-K55071917,13,"['A375', 'A549', 'ASC', 'HA1E', 'HCC515', 'HEPG2', 'HT29', 'MCF7', 'NEU', 'NPC', 'PC3', 'SKB', 'VCAP']",17
benazepril,13,"['A375', 'A549', 'ASC', 'HA1E', 'HCC515', 'HEPG2', 'HT29', 'MCF7', 'NPC', 'PC3', 'PHH', 'SKB', 'VCAP']",38
RAN-03,13,"['A375', 'A549', 'ASC', 'HA1E', 'HCC515', 'HT29', 'MCF7', 'NEU', 'NPC', 'PC3', 'PHH', 'SKB', 'VCAP']",17
dantron,13,"['A375', 'A549', 'ASC', 'HA1E', 'HCC515', 'HEPG2', 'HT29', 'MCF7', 'NPC', 'PC3', 'PHH', 'SKB', 'VCAP']",19
RAN-30,13,"['A375', 'A549', 'ASC', 'HA1E', 'HCC515', 'HT29', 'MCF7', 'NEU', 'NPC', 'PC3', 'PHH', 'SKB', 'VCAP']",17
dantrolene,13,"['A375', 'A549', 'ASC', 'HA1E', 'HCC515', 'HEPG2', 'HT29', 'MCF7', 'NPC', 'PC3', 'PHH', 'SKB', 'VCAP']",33
RAN-14A,13,"['A375', 'A549', 'ASC', 'HA1E', 'HCC515', 'HT29', 'MCF7', 'NEU', 'NPC', 'PC3', 'PHH', 'SKB', 'VCAP']",17
BRD-K91355947,13,"['A375', 'A549', 'ASC', 'HA1E', 'HCC515', 'HEPG2', 'HT29', 'MCF7', 'NEU', 'NPC', 'PC3', 'SKB', 'VCAP']",17
BRD-A72837804,13,"['A375', 'A549', 'ASC', 'HA1E', 'HCC515', 'HT29', 'MCF7', 'NEU', 'NPC', 'PC3', 'PHH', 'SKB', 'VCAP']",17
biochanin-a,13,"['A375', 'A549', 'ASC', 'HA1E', 'HCC515', 'HEPG2', 'HT29', 'MCF7', 'NPC', 'PC3', 'PHH', 'SKB', 'VCAP']",19
BW-723C86,13,"['A375', 'A549', 'ASC', 'HA1E', 'HCC515', 'HEPG2', 'HT29', 'MCF7', 'NEU', 'NPC', 'PC3', 'SKB', 'VCAP']",19
epothilone-a,13,"['A375', 'A549', 'ASC', 'HA1E', 'HCC515', 'HEPG2', 'HT29', 'MCF7', 'NEU', 'NPC', 'PC3', 'SKB', 'VCAP']",17
lisuride,13,"['A375', 'A549', 'ASC', 'HA1E', 'HCC515', 'HEPG2', 'HT29', 'MCF7', 'NEU', 'NPC', 'PC3', 'SKB', 'VCAP']",19
BRD-K41925105,13,"['A375', 'A549', 'ASC', 'HA1E', 'HCC515', 'HEPG2', 'HT29', 'MCF7', 'NEU', 'NPC', 'PC3', 'SKB', 'VCAP']",17
lidoflazine,13,"['A375', 'A549', 'ASC', 'HA1E', 'HCC515', 'HEPG2', 'HT29', 'MCF7', 'NEU', 'NPC', 'PC3', 'SKB', 'VCAP']",22
zatebradine,13,"['A375', 'A549', 'ASC', 'HA1E', 'HCC515', 'HEPG2', 'HT29', 'MCF7', 'NEU', 'NPC', 'PC3', 'SKB', 'VCAP']",19
zaprinast,13,"['A375', 'A549', 'ASC', 'HA1E', 'HCC515', 'HEPG2', 'HT29', 'MCF7', 'NPC', 'PC3', 'PHH', 'SKB', 'VCAP']",22
SB-205384,13,"['A375', 'A549', 'ASC', 'HA1E', 'HCC515', 'HEPG2', 'HT29', 'MCF7', 'NPC', 'PC3', 'PHH', 'SKB', 'VCAP']",19
5-methoxytryptamine,13,"['A375', 'A549', 'ASC', 'HA1E', 'HCC515', 'HEPG2', 'HT29', 'MCF7', 'NPC', 'PC3', 'PHH', 'SKB', 'VCAP']",24
rimexolone,13,"['A375', 'A549', 'ASC', 'HA1E', 'HCC515', 'HEPG2', 'HT29', 'MCF7', 'NEU', 'NPC', 'PC3', 'SKB', 'VCAP']",23
RS-45041-190,13,"['A375', 'A549', 'ASC', 'HA1E', 'HCC515', 'HEPG2', 'HT29', 'MCF7', 'NEU', 'NPC', 'PC3', 'SKB', 'VCAP']",19
carbinoxamine,13,"['A375', 'A549', 'ASC', 'HA1E', 'HCC515', 'HEPG2', 'HT29', 'MCF7', 'NPC', 'PC3', 'PHH', 'SKB', 'VCAP']",34
levocabastine,13,"['A375', 'A549', 'ASC', 'HA1E', 'HCC515', 'HEPG2', 'HT29', 'MCF7', 'NEU', 'NPC', 'PC3', 'SKB', 'VCAP']",23
immethridine,13,"['A375', 'A549', 'ASC', 'HA1E', 'HCC515', 'HEPG2', 'HT29', 'MCF7', 'NPC', 'PC3', 'PHH', 'SKB', 'VCAP']",23
BRD-K21165668,13,"['A375', 'A549', 'ASC', 'HA1E', 'HCC515', 'HT29', 'MCF7', 'NEU', 'NPC', 'PC3', 'PHH', 'SKB', 'VCAP']",17
BRD-K23313025,13,"['A375', 'A549', 'ASC', 'HA1E', 'HCC515', 'HT29', 'MCF7', 'NEU', 'NPC', 'PC3', 'PHH', 'SKB', 'VCAP']",17
RS-100329,13,"['A375', 'A549', 'ASC', 'HA1E', 'HCC515', 'HEPG2', 'HT29', 'MCF7', 'NPC', 'PC3', 'PHH', 'SKB', 'VCAP']",19
Ro-04-5595,13,"['A375', 'A549', 'ASC', 'HA1E', 'HCC515', 'HEPG2', 'HT29', 'MCF7', 'NEU', 'NPC', 'PC3', 'SKB', 'VCAP']",19
GR-46611,13,"['A375', 'A549', 'ASC', 'HA1E', 'HCC515', 'HEPG2', 'HT29', 'MCF7', 'NEU', 'NPC', 'PC3', 'SKB', 'VCAP']",19
BRD-K97951054,13,"['A375', 'A549', 'ASC', 'HA1E', 'HCC515', 'HT29', 'MCF7', 'NEU', 'NPC', 'PC3', 'PHH', 'SKB', 'VCAP']",17
GR-89696,13,"['A375', 'A549', 'ASC', 'HA1E', 'HCC515', 'HEPG2', 'HT29', 'MCF7', 'NEU', 'NPC', 'PC3', 'SKB', 'VCAP']",30
BRD-K81313552,13,"['A375', 'A549', 'ASC', 'HA1E', 'HCC515', 'HT29', 'MCF7', 'NEU', 'NPC', 'PC3', 'PHH', 'SKB', 'VCAP']",17
terguride,13,"['A375', 'A549', 'ASC', 'HA1E', 'HCC515', 'HEPG2', 'HT29', 'MCF7', 'NPC', 'PC3', 'PHH', 'SKB', 'VCAP']",19
JLK-6,13,"['A375', 'A549', 'ASC', 'HA1E', 'HCC515', 'HEPG2', 'HT29', 'MCF7', 'NEU', 'NPC', 'PC3', 'SKB', 'VCAP']",19
BRD-K71574320,13,"['A375', 'A549', 'ASC', 'HA1E', 'HCC515', 'HT29', 'MCF7', 'NEU', 'NPC', 'PC3', 'PHH', 'SKB', 'VCAP']",17
BRD-K98634983,13,"['A375', 'A549', 'ASC', 'HA1E', 'HCC515', 'HEPG2', 'HT29', 'MCF7', 'NEU', 'NPC', 'PC3', 'SKB', 'VCAP']",17
BRD-K05452595,13,"['A375', 'A549', 'ASC', 'HA1E', 'HCC515', 'HEPG2', 'HT29', 'MCF7', 'NEU', 'NPC', 'PC3', 'SKB', 'VCAP']",17
BD-1008,13,"['A375', 'A549', 'ASC', 'HA1E', 'HCC515', 'HEPG2', 'HT29', 'MCF7', 'NPC', 'PC3', 'PHH', 'SKB', 'VCAP']",19
BRD-K69888333,13,"['A375', 'A549', 'ASC', 'HA1E', 'HCC515', 'HT29', 'MCF7', 'NEU', 'NPC', 'PC3', 'PHH', 'SKB', 'VCAP']",17
ketorolac,13,"['A375', 'A549', 'ASC', 'HA1E', 'HCC515', 'HEPG2', 'HT29', 'MCF7', 'NPC', 'PC3', 'PHH', 'SKB', 'VCAP']",38
tolmetin,13,"['A375', 'A549', 'ASC', 'HA1E', 'HCC515', 'HEPG2', 'HT29', 'MCF7', 'NPC', 'PC3', 'PHH', 'SKB', 'VCAP']",27
rofecoxib,13,"['A375', 'A549', 'ASC', 'HA1E', 'HCC515', 'HEPG2', 'HT29', 'MCF7', 'NPC', 'PC3', 'PHH', 'SKB', 'VCAP']",38
talampicillin,13,"['A375', 'A549', 'ASC', 'HA1E', 'HCC515', 'HEPG2', 'HT29', 'MCF7', 'NPC', 'PC3', 'PHH', 'SKB', 'VCAP']",27
WR-216174,13,"['A375', 'A549', 'ASC', 'HA1E', 'HCC515', 'HEPG2', 'HT29', 'MCF7', 'NPC', 'PC3', 'PHH', 'SKB', 'VCAP']",19
anagrelide,13,"['A375', 'A549', 'ASC', 'HA1E', 'HCC515', 'HEPG2', 'HT29', 'MCF7', 'NPC', 'PC3', 'PHH', 'SKB', 'VCAP']",34
BRD-K30381304,13,"['A375', 'A549', 'ASC', 'HA1E', 'HCC515', 'HT29', 'MCF7', 'NEU', 'NPC', 'PC3', 'PHH', 'SKB', 'VCAP']",17
ER-27319,13,"['A375', 'A549', 'ASC', 'HA1E', 'HCC515', 'HEPG2', 'HT29', 'MCF7', 'NPC', 'PC3', 'PHH', 'SKB', 'VCAP']",18
BRD-K30640165,13,"['A375', 'A549', 'ASC', 'HA1E', 'HCC515', 'HT29', 'MCF7', 'NEU', 'NPC', 'PC3', 'PHH', 'SKB', 'VCAP']",17
GW-9508,13,"['A375', 'A549', 'ASC', 'HA1E', 'HCC515', 'HEPG2', 'HT29', 'MCF7', 'NPC', 'PC3', 'PHH', 'SKB', 'VCAP']",34
ITE,13,"['A375', 'A549', 'ASC', 'HA1E', 'HCC515', 'HEPG2', 'HT29', 'MCF7', 'NPC', 'PC3', 'PHH', 'SKB', 'VCAP']",19
IBC-293,13,"['A375', 'A549', 'ASC', 'HA1E', 'HCC515', 'HEPG2', 'HT29', 'MCF7', 'NPC', 'PC3', 'PHH', 'SKB', 'VCAP']",19
scoulerine,13,"['A375', 'A549', 'ASC', 'HA1E', 'HCC515', 'HEPG2', 'HT29', 'MCF7', 'NPC', 'PC3', 'PHH', 'SKB', 'VCAP']",19
BRD-K22322324,13,"['A375', 'A549', 'ASC', 'HA1E', 'HCC515', 'HEPG2', 'HT29', 'MCF7', 'NEU', 'NPC', 'PC3', 'SKB', 'VCAP']",17
Y-134,13,"['A375', 'A549', 'ASC', 'HA1E', 'HCC515', 'HEPG2', 'HT29', 'MCF7', 'NEU', 'NPC', 'PC3', 'SKB', 'VCAP']",19
totaralolal,13,"['A375', 'A549', 'ASC', 'HA1E', 'HCC515', 'HEPG2', 'HT29', 'MCF7', 'NPC', 'PC3', 'PHH', 'SKB', 'VCAP']",19
BRD-K53331454,13,"['A375', 'A549', 'ASC', 'HA1E', 'HCC515', 'HEPG2', 'HT29', 'MCF7', 'NEU', 'NPC', 'PC3', 'SKB', 'VCAP']",17
BRD-K53592093,13,"['A375', 'A549', 'ASC', 'HA1E', 'HCC515', 'HEPG2', 'HT29', 'MCF7', 'NEU', 'NPC', 'PC3', 'SKB', 'VCAP']",17
BRD-K51731619,13,"['A375', 'A549', 'ASC', 'HA1E', 'HCC515', 'HEPG2', 'HT29', 'MCF7', 'NEU', 'NPC', 'PC3', 'SKB', 'VCAP']",17
semaxanib,13,"['A375', 'A549', 'ASC', 'HA1E', 'HCC515', 'HEPG2', 'HT29', 'MCF7', 'NEU', 'NPC', 'PC3', 'SKB', 'VCAP']",19
trioxsalen,13,"['A375', 'A549', 'ASC', 'HA1E', 'HCC515', 'HEPG2', 'HT29', 'MCF7', 'NPC', 'PC3', 'PHH', 'SKB', 'VCAP']",23
skimmianine,13,"['A375', 'A549', 'ASC', 'HA1E', 'HCC515', 'HEPG2', 'HT29', 'MCF7', 'NEU', 'NPC', 'PC3', 'SKB', 'VCAP']",19
seneciphylline,13,"['A375', 'A549', 'ASC', 'HA1E', 'HCC515', 'HEPG2', 'HT29', 'MCF7', 'NEU', 'NPC', 'PC3', 'SKB', 'VCAP']",19
I-303059,13,"['A375', 'A549', 'ASC', 'HA1E', 'HCC515', 'HT29', 'MCF7', 'NEU', 'NPC', 'PC3', 'PHH', 'SKB', 'VCAP']",17
irinotecan,13,"['A375', 'A549', 'ASC', 'HA1E', 'HCC515', 'HEPG2', 'HT29', 'MCF7', 'NEU', 'NPC', 'PC3', 'SKB', 'VCAP']",34
scopolamine-n-oxide,13,"['A375', 'A549', 'ASC', 'HA1E', 'HCC515', 'HEPG2', 'HT29', 'MCF7', 'NPC', 'PC3', 'PHH', 'SKB', 'VCAP']",19
endecaphyllin-x,13,"['A375', 'A549', 'ASC', 'HA1E', 'HCC515', 'HEPG2', 'HT29', 'MCF7', 'NPC', 'PC3', 'PHH', 'SKB', 'VCAP']",19
BRD-K52914903,13,"['A375', 'A549', 'ASC', 'HA1E', 'HCC515', 'HEPG2', 'HT29', 'MCF7', 'NEU', 'NPC', 'PC3', 'SKB', 'VCAP']",17
enobosarm,13,"['A375', 'A549', 'ASC', 'HA1E', 'HCC515', 'HEPG2', 'HT29', 'MCF7', 'NEU', 'NPC', 'PC3', 'SKB', 'VCAP']",17
salicin,13,"['A375', 'A549', 'ASC', 'HA1E', 'HCC515', 'HEPG2', 'HT29', 'MCF7', 'NEU', 'NPC', 'PC3', 'SKB', 'VCAP']",23
"androsta-1,4-dien-3,17-dione",13,"['A375', 'A549', 'ASC', 'HA1E', 'HCC515', 'HEPG2', 'HT29', 'MCF7', 'NPC', 'PC3', 'PHH', 'SKB', 'VCAP']",19
IKK-2-inhibitor,13,"['A375', 'A549', 'ASC', 'HA1E', 'HCC515', 'HEPG2', 'HT29', 'MCF7', 'NPC', 'PC3', 'PHH', 'SKB', 'VCAP']",19
iobenguane,13,"['A375', 'A549', 'ASC', 'HA1E', 'HCC515', 'HEPG2', 'HT29', 'MCF7', 'NPC', 'PC3', 'PHH', 'SKB', 'VCAP']",23
BRD-K51696048,13,"['A375', 'A549', 'ASC', 'HA1E', 'HCC515', 'HEPG2', 'HT29', 'MCF7', 'NEU', 'NPC', 'PC3', 'SKB', 'VCAP']",17
irsogladine,13,"['A375', 'A549', 'ASC', 'HA1E', 'HCC515', 'HEPG2', 'HT29', 'MCF7', 'NPC', 'PC3', 'PHH', 'SKB', 'VCAP']",34
IRL-2500,13,"['A375', 'A549', 'ASC', 'HA1E', 'HCC515', 'HEPG2', 'HT29', 'MCF7', 'NPC', 'PC3', 'PHH', 'SKB', 'VCAP']",19
BRD-K98731749,13,"['A375', 'A549', 'ASC', 'HA1E', 'HCC515', 'HT29', 'MCF7', 'NEU', 'NPC', 'PC3', 'PHH', 'SKB', 'VCAP']",17
saclofen,13,"['A375', 'A549', 'ASC', 'HA1E', 'HCC515', 'HEPG2', 'HT29', 'MCF7', 'NPC', 'PC3', 'PHH', 'SKB', 'VCAP']",19
BRD-K35961280,13,"['A375', 'A549', 'ASC', 'HA1E', 'HCC515', 'HEPG2', 'HT29', 'MCF7', 'NEU', 'NPC', 'PC3', 'SKB', 'VCAP']",17
JNJ-10191584,13,"['A375', 'A549', 'ASC', 'HA1E', 'HCC515', 'HEPG2', 'HT29', 'MCF7', 'NPC', 'PC3', 'PHH', 'SKB', 'VCAP']",19
ecopipam,13,"['A375', 'A549', 'ASC', 'HA1E', 'HCC515', 'HEPG2', 'HT29', 'MCF7', 'NEU', 'NPC', 'PC3', 'SKB', 'VCAP']",19
ritanserin,13,"['A375', 'A549', 'ASC', 'HA1E', 'HCC515', 'HEPG2', 'HT29', 'MCF7', 'NPC', 'PC3', 'PHH', 'SKB', 'VCAP']",23
carprofen,13,"['A375', 'A549', 'ASC', 'HA1E', 'HCC515', 'HEPG2', 'HT29', 'MCF7', 'NPC', 'PC3', 'PHH', 'SKB', 'VCAP']",23
EMD-66684,13,"['A375', 'A549', 'ASC', 'HA1E', 'HCC515', 'HEPG2', 'HT29', 'MCF7', 'NEU', 'NPC', 'PC3', 'SKB', 'VCAP']",19
H-89,13,"['A375', 'A549', 'ASC', 'HA1E', 'HCC515', 'HEPG2', 'HT29', 'MCF7', 'NPC', 'PC3', 'PHH', 'SKB', 'VCAP']",19
SB-334867,13,"['A375', 'A549', 'ASC', 'HA1E', 'HCC515', 'HEPG2', 'HT29', 'MCF7', 'NPC', 'PC3', 'PHH', 'SKB', 'VCAP']",19
BRD-A07614565,13,"['A375', 'A549', 'ASC', 'HA1E', 'HCC515', 'HEPG2', 'HT29', 'MCF7', 'NEU', 'NPC', 'PC3', 'SKB', 'VCAP']",17
BRD-K66866270,13,"['A375', 'A549', 'ASC', 'HA1E', 'HCC515', 'HEPG2', 'HT29', 'MCF7', 'NEU', 'NPC', 'PC3', 'SKB', 'VCAP']",17
BRD-A06276885,13,"['A375', 'A549', 'ASC', 'HA1E', 'HCC515', 'HEPG2', 'HT29', 'MCF7', 'NEU', 'NPC', 'PC3', 'SKB', 'VCAP']",19
JTE-013,13,"['A375', 'A549', 'ASC', 'HA1E', 'HCC515', 'HEPG2', 'HT29', 'MCF7', 'NPC', 'PC3', 'PHH', 'SKB', 'VCAP']",19
BRD-K33606495,13,"['A375', 'A549', 'ASC', 'HA1E', 'HCC515', 'HEPG2', 'HT29', 'MCF7', 'NEU', 'NPC', 'PC3', 'SKB', 'VCAP']",17
KB-R7943,13,"['A375', 'A549', 'ASC', 'HA1E', 'HCC515', 'HEPG2', 'HT29', 'MCF7', 'NPC', 'PC3', 'PHH', 'SKB', 'VCAP']",19
SC-68376,13,"['A375', 'A549', 'ASC', 'HA1E', 'HCC515', 'HEPG2', 'HT29', 'MCF7', 'NEU', 'NPC', 'PC3', 'SKB', 'VCAP']",19
icariin,13,"['A375', 'A549', 'ASC', 'HA1E', 'HCC515', 'HEPG2', 'HT29', 'MCF7', 'NPC', 'PC3', 'PHH', 'SKB', 'VCAP']",34
BRD-K83355732,13,"['A375', 'A549', 'ASC', 'HA1E', 'HCC515', 'HT29', 'MCF7', 'NEU', 'NPC', 'PC3', 'PHH', 'SKB', 'VCAP']",17
EBPC,13,"['A375', 'A549', 'ASC', 'HA1E', 'HCC515', 'HEPG2', 'HT29', 'MCF7', 'NPC', 'PC3', 'PHH', 'SKB', 'VCAP']",19
doxylamine,13,"['A375', 'A549', 'ASC', 'HA1E', 'HCC515', 'HEPG2', 'HT29', 'MCF7', 'NPC', 'PC3', 'PHH', 'SKB', 'VCAP']",37
doxercalciferol,13,"['A375', 'A549', 'ASC', 'HA1E', 'HCC515', 'HT29', 'MCF7', 'NEU', 'NPC', 'PC3', 'PHH', 'SKB', 'VCAP']",17
isoxicam,13,"['A375', 'A549', 'ASC', 'HA1E', 'HCC515', 'HEPG2', 'HT29', 'MCF7', 'NPC', 'PC3', 'PHH', 'SKB', 'VCAP']",26
KM-03472SC,13,"['A375', 'A549', 'ASC', 'HA1E', 'HCC515', 'HEPG2', 'HT29', 'MCF7', 'NEU', 'NPC', 'PC3', 'SKB', 'VCAP']",17
SEW-00445,13,"['A375', 'A549', 'ASC', 'HA1E', 'HCC515', 'HEPG2', 'HT29', 'MCF7', 'NEU', 'NPC', 'PC3', 'SKB', 'VCAP']",17
ranitidine,13,"['A375', 'A549', 'ASC', 'HA1E', 'HCC515', 'HEPG2', 'HT29', 'MCF7', 'NPC', 'PC3', 'PHH', 'SKB', 'VCAP']",64
apafant,13,"['A375', 'A549', 'ASC', 'HA1E', 'HCC515', 'HEPG2', 'HT29', 'MCF7', 'NEU', 'NPC', 'PC3', 'SKB', 'VCAP']",19
DMAB-anabaseine,13,"['A375', 'A549', 'ASC', 'HA1E', 'HCC515', 'HEPG2', 'HT29', 'MCF7', 'NPC', 'PC3', 'PHH', 'SKB', 'VCAP']",19
hydroquinidine,13,"['A375', 'A549', 'ASC', 'HA1E', 'HCC515', 'HEPG2', 'HT29', 'MCF7', 'NPC', 'PC3', 'PHH', 'SKB', 'VCAP']",19
BRD-K10010115,13,"['A375', 'A549', 'ASC', 'HA1E', 'HCC515', 'HT29', 'MCF7', 'NEU', 'NPC', 'PC3', 'PHH', 'SKB', 'VCAP']",17
bongkrek-acid,13,"['A375', 'A549', 'ASC', 'HA1E', 'HCC515', 'HEPG2', 'HT29', 'MCF7', 'NPC', 'PC3', 'PHH', 'SKB', 'VCAP']",19
BRD-K10484463,13,"['A375', 'A549', 'ASC', 'HA1E', 'HCC515', 'HT29', 'MCF7', 'NEU', 'NPC', 'PC3', 'PHH', 'SKB', 'VCAP']",16
SKF-77434,13,"['A375', 'A549', 'ASC', 'HA1E', 'HCC515', 'HEPG2', 'HT29', 'MCF7', 'NEU', 'NPC', 'PC3', 'SKB', 'VCAP']",19
tubaic-acid,13,"['A375', 'A549', 'ASC', 'HA1E', 'HCC515', 'HEPG2', 'HT29', 'MCF7', 'NPC', 'PC3', 'PHH', 'SKB', 'VCAP']",27
YM-90709,13,"['A375', 'A549', 'ASC', 'HA1E', 'HCC515', 'HEPG2', 'HT29', 'MCF7', 'NPC', 'PC3', 'PHH', 'SKB', 'VCAP']",23
pseudopelletierine,13,"['A375', 'A549', 'ASC', 'HA1E', 'HCC515', 'HEPG2', 'HT29', 'MCF7', 'NPC', 'PC3', 'PHH', 'SKB', 'VCAP']",19
BRD-K90697054,13,"['A375', 'A549', 'ASC', 'HA1E', 'HCC515', 'HEPG2', 'HT29', 'MCF7', 'NEU', 'NPC', 'PC3', 'SKB', 'VCAP']",17
BRD-K64525051,13,"['A375', 'A549', 'ASC', 'HA1E', 'HCC515', 'HEPG2', 'HT29', 'MCF7', 'NEU', 'NPC', 'PC3', 'SKB', 'VCAP']",17
eicosatrienoic-acid,13,"['A375', 'A549', 'ASC', 'HA1E', 'HCC515', 'HEPG2', 'HT29', 'MCF7', 'NPC', 'PC3', 'PHH', 'SKB', 'VCAP']",19
proscillaridin,13,"['A375', 'A549', 'ASC', 'HA1E', 'HCC515', 'HEPG2', 'HT29', 'MCF7', 'NPC', 'PC3', 'PHH', 'SKB', 'VCAP']",27
heraclenol,13,"['A375', 'A549', 'ASC', 'HA1E', 'HCC515', 'HEPG2', 'HT29', 'MCF7', 'NEU', 'NPC', 'PC3', 'SKB', 'VCAP']",17
L-161982,13,"['A375', 'A549', 'ASC', 'HA1E', 'HCC515', 'HEPG2', 'HT29', 'MCF7', 'NPC', 'PC3', 'PHH', 'SKB', 'VCAP']",23
BRD-K87426499,13,"['A375', 'A549', 'ASC', 'HA1E', 'HCC515', 'HEPG2', 'HT29', 'MCF7', 'NEU', 'NPC', 'PC3', 'SKB', 'VCAP']",17
L-693403,13,"['A375', 'A549', 'ASC', 'HA1E', 'HCC515', 'HEPG2', 'HT29', 'MCF7', 'NEU', 'NPC', 'PC3', 'SKB', 'VCAP']",19
diphenidol,13,"['A375', 'A549', 'ASC', 'HA1E', 'HCC515', 'HEPG2', 'HT29', 'MCF7', 'NPC', 'PC3', 'PHH', 'SKB', 'VCAP']",22
BRD-K63245238,13,"['A375', 'A549', 'ASC', 'HA1E', 'HCC515', 'HT29', 'MCF7', 'NEU', 'NPC', 'PC3', 'PHH', 'SKB', 'VCAP']",17
lamotrigine,13,"['A375', 'A549', 'ASC', 'HA1E', 'HCC515', 'HEPG2', 'HT29', 'MCF7', 'NEU', 'NPC', 'PC3', 'SKB', 'VCAP']",30
primidone,13,"['A375', 'A549', 'ASC', 'HA1E', 'HCC515', 'HEPG2', 'HT29', 'MCF7', 'NPC', 'PC3', 'PHH', 'SKB', 'VCAP']",38
graveoline,13,"['A375', 'A549', 'ASC', 'HA1E', 'HCC515', 'HEPG2', 'HT29', 'MCF7', 'NEU', 'NPC', 'PC3', 'SKB', 'VCAP']",19
L-755507,13,"['A375', 'A549', 'ASC', 'HA1E', 'HCC515', 'HEPG2', 'HT29', 'MCF7', 'NPC', 'PC3', 'PHH', 'SKB', 'VCAP']",23
ZK-93426,13,"['A375', 'A549', 'ASC', 'HA1E', 'HCC515', 'HEPG2', 'HT29', 'MCF7', 'NPC', 'PC3', 'PHH', 'SKB', 'VCAP']",19
L-803087,13,"['A375', 'A549', 'ASC', 'HA1E', 'HCC515', 'HEPG2', 'HT29', 'MCF7', 'NPC', 'PC3', 'PHH', 'SKB', 'VCAP']",19
SR-27897,13,"['A375', 'A549', 'ASC', 'HA1E', 'HCC515', 'HEPG2', 'HT29', 'MCF7', 'NEU', 'NPC', 'PC3', 'SKB', 'VCAP']",19
SQ-22536,13,"['A375', 'A549', 'ASC', 'HA1E', 'HCC515', 'HEPG2', 'HT29', 'MCF7', 'NPC', 'PC3', 'PHH', 'SKB', 'VCAP']",19
BRD-K41757249,13,"['A375', 'A549', 'ASC', 'HA1E', 'HCC515', 'HEPG2', 'HT29', 'MCF7', 'NEU', 'NPC', 'PC3', 'SKB', 'VCAP']",17
tyrphostin-AG-99,13,"['A375', 'A549', 'ASC', 'HA1E', 'HCC515', 'HEPG2', 'HT29', 'MCF7', 'NPC', 'PC3', 'PHH', 'SKB', 'VCAP']",19
BRD-A51929314,13,"['A375', 'A549', 'ASC', 'HA1E', 'HCC515', 'HEPG2', 'HT29', 'MCF7', 'NPC', 'PC3', 'PHH', 'SKB', 'VCAP']",19
tyrphostin-AG-494,13,"['A375', 'A549', 'ASC', 'HA1E', 'HCC515', 'HEPG2', 'HT29', 'MCF7', 'NPC', 'PC3', 'PHH', 'SKB', 'VCAP']",19
crotamiton,13,"['A375', 'A549', 'ASC', 'HA1E', 'HCC515', 'HEPG2', 'HT29', 'MCF7', 'NPC', 'PC3', 'PHH', 'SKB', 'VCAP']",34
piretanide,13,"['A375', 'A549', 'ASC', 'HA1E', 'HCC515', 'HEPG2', 'HT29', 'MCF7', 'NEU', 'NPC', 'PC3', 'SKB', 'VCAP']",23
BRD-K89156937,13,"['A375', 'A549', 'ASC', 'HA1E', 'HCC515', 'HT29', 'MCF7', 'NEU', 'NPC', 'PC3', 'PHH', 'SKB', 'VCAP']",17
prazosin,13,"['A375', 'A549', 'ASC', 'HA1E', 'HCC515', 'HEPG2', 'HT29', 'MCF7', 'NPC', 'PC3', 'PHH', 'SKB', 'VCAP']",34
tolbutamide,13,"['A375', 'A549', 'ASC', 'HA1E', 'HCC515', 'HEPG2', 'HT29', 'MCF7', 'NPC', 'PC3', 'PHH', 'SKB', 'VCAP']",33
guanabenz,13,"['A375', 'A549', 'ASC', 'HA1E', 'HCC515', 'HEPG2', 'HT29', 'MCF7', 'NPC', 'PC3', 'PHH', 'SKB', 'VCAP']",41
glimepiride,13,"['A375', 'A549', 'ASC', 'HA1E', 'HCC515', 'HEPG2', 'HT29', 'MCF7', 'NPC', 'PC3', 'PHH', 'SKB', 'VCAP']",53
LY-278584,13,"['A375', 'A549', 'ASC', 'HA1E', 'HCC515', 'HEPG2', 'HT29', 'MCF7', 'NPC', 'PC3', 'PHH', 'SKB', 'VCAP']",19
BRD-K30194621,13,"['A375', 'A549', 'ASC', 'HA1E', 'HCC515', 'HT29', 'MCF7', 'NEU', 'NPC', 'PC3', 'PHH', 'SKB', 'VCAP']",17
valsartan,13,"['A375', 'A549', 'ASC', 'HA1E', 'HCC515', 'HEPG2', 'HT29', 'MCF7', 'NPC', 'PC3', 'PHH', 'SKB', 'VCAP']",41
ST-012030,13,"['A375', 'A549', 'ASC', 'HA1E', 'HCC515', 'HEPG2', 'HT29', 'MCF7', 'NEU', 'NPC', 'PC3', 'SKB', 'VCAP']",17
physostigmine,13,"['A375', 'A549', 'ASC', 'HA1E', 'HCC515', 'HEPG2', 'HT29', 'MCF7', 'NPC', 'PC3', 'PHH', 'SKB', 'VCAP']",34
embelin,13,"['A375', 'A549', 'ASC', 'HA1E', 'HCC515', 'HEPG2', 'HT29', 'MCF7', 'NEU', 'NPC', 'PC3', 'SKB', 'VCAP']",19
BRD-K61175124,13,"['A375', 'A549', 'ASC', 'HA1E', 'HCC515', 'HEPG2', 'HT29', 'MCF7', 'NEU', 'NPC', 'PC3', 'SKB', 'VCAP']",17
ginsenoside,13,"['A375', 'A549', 'ASC', 'HA1E', 'HCC515', 'HEPG2', 'HT29', 'MCF7', 'NPC', 'PC3', 'PHH', 'SKB', 'VCAP']",19
MAPP-D-erythro,13,"['A375', 'A549', 'ASC', 'HA1E', 'HCC515', 'HEPG2', 'HT29', 'MCF7', 'NPC', 'PC3', 'PHH', 'SKB', 'VCAP']",19
BRD-K88708949,13,"['A375', 'A549', 'ASC', 'HA1E', 'HCC515', 'HT29', 'MCF7', 'NEU', 'NPC', 'PC3', 'PHH', 'SKB', 'VCAP']",17
BRD-K14316227,13,"['A375', 'A549', 'ASC', 'HA1E', 'HCC515', 'HT29', 'MCF7', 'NEU', 'NPC', 'PC3', 'PHH', 'SKB', 'VCAP']",17
ST-024029,13,"['A375', 'A549', 'ASC', 'HA1E', 'HCC515', 'HT29', 'MCF7', 'NEU', 'NPC', 'PC3', 'PHH', 'SKB', 'VCAP']",17
BRD-K61529775,13,"['A375', 'A549', 'ASC', 'HA1E', 'HCC515', 'HT29', 'MCF7', 'NEU', 'NPC', 'PC3', 'PHH', 'SKB', 'VCAP']",17
BRD-K84421793,13,"['A375', 'A549', 'ASC', 'HA1E', 'HCC515', 'HEPG2', 'HT29', 'MCF7', 'NEU', 'NPC', 'PC3', 'SKB', 'VCAP']",19
BRD-K00486725,13,"['A375', 'A549', 'ASC', 'HA1E', 'HCC515', 'HT29', 'MCF7', 'NEU', 'NPC', 'PC3', 'PHH', 'SKB', 'VCAP']",17
gamma-linolenic-acid,13,"['A375', 'A549', 'ASC', 'HA1E', 'HCC515', 'HEPG2', 'HT29', 'MCF7', 'NPC', 'PC3', 'PHH', 'SKB', 'VCAP']",19
pentoxifylline,13,"['A375', 'A549', 'ASC', 'HA1E', 'HCC515', 'HEPG2', 'HT29', 'MCF7', 'NPC', 'PC3', 'PHH', 'SKB', 'VCAP']",87
benzamil,13,"['A375', 'A549', 'ASC', 'HA1E', 'HCC515', 'HEPG2', 'HT29', 'MCF7', 'NPC', 'PC3', 'PHH', 'SKB', 'VCAP']",38
BRD-K14842454,13,"['A375', 'A549', 'ASC', 'HA1E', 'HCC515', 'HT29', 'MCF7', 'NEU', 'NPC', 'PC3', 'PHH', 'SKB', 'VCAP']",17
ST-4034917,13,"['A375', 'A549', 'ASC', 'HA1E', 'HCC515', 'HEPG2', 'HT29', 'MCF7', 'NEU', 'NPC', 'PC3', 'SKB', 'VCAP']",17
BRD-K14395638,13,"['A375', 'A549', 'ASC', 'HA1E', 'HCC515', 'HEPG2', 'HT29', 'MCF7', 'NEU', 'NPC', 'PC3', 'SKB', 'VCAP']",17
BRD-K85266146,13,"['A375', 'A549', 'ASC', 'HA1E', 'HCC515', 'HEPG2', 'HT29', 'MCF7', 'NEU', 'NPC', 'PC3', 'SKB', 'VCAP']",17
paroxetine,13,"['A375', 'A549', 'ASC', 'HA1E', 'HCC515', 'HEPG2', 'HT29', 'MCF7', 'NPC', 'PC3', 'PHH', 'SKB', 'VCAP']",60
BRD-K95976153,13,"['A375', 'A549', 'ASC', 'HA1E', 'HCC515', 'HT29', 'MCF7', 'NEU', 'NPC', 'PC3', 'PHH', 'SKB', 'VCAP']",17
MT-21,13,"['A375', 'A549', 'ASC', 'HA1E', 'HCC515', 'HEPG2', 'HT29', 'MCF7', 'NPC', 'PC3', 'PHH', 'SKB', 'VCAP']",19
BAS-00594560,13,"['A375', 'A549', 'ASC', 'HA1E', 'HCC515', 'HT29', 'MCF7', 'NEU', 'NPC', 'PC3', 'PHH', 'SKB', 'VCAP']",17
BRD-K73700643,13,"['A375', 'A549', 'ASC', 'HA1E', 'HCC515', 'HEPG2', 'HT29', 'MCF7', 'NPC', 'PC3', 'PHH', 'SKB', 'VCAP']",19
fraxidin,13,"['A375', 'A549', 'ASC', 'HA1E', 'HCC515', 'HEPG2', 'HT29', 'MCF7', 'NPC', 'PC3', 'PHH', 'SKB', 'VCAP']",19
oxybenzone,13,"['A375', 'A549', 'ASC', 'HA1E', 'HCC515', 'HEPG2', 'HT29', 'MCF7', 'NPC', 'PC3', 'PHH', 'SKB', 'VCAP']",23
cilostazol,13,"['A375', 'A549', 'ASC', 'HA1E', 'HCC515', 'HEPG2', 'HT29', 'MCF7', 'NPC', 'PC3', 'PHH', 'SKB', 'VCAP']",27
osthol,13,"['A375', 'A549', 'ASC', 'HA1E', 'HCC515', 'HEPG2', 'HT29', 'MCF7', 'NEU', 'NPC', 'PC3', 'SKB', 'VCAP']",19
STK-397047,13,"['A375', 'A549', 'ASC', 'HA1E', 'HCC515', 'HEPG2', 'HT29', 'MCF7', 'NEU', 'PC3', 'PHH', 'SKB', 'VCAP']",16
diclofenamide,13,"['A375', 'A549', 'ASC', 'HA1E', 'HCC515', 'HEPG2', 'HT29', 'MCF7', 'NPC', 'PC3', 'PHH', 'SKB', 'VCAP']",23
dichlorobenzamil,13,"['A375', 'A549', 'ASC', 'HA1E', 'HCC515', 'HEPG2', 'HT29', 'MCF7', 'NPC', 'PC3', 'PHH', 'SKB', 'VCAP']",19
BRD-K59460069,13,"['A375', 'A549', 'ASC', 'HA1E', 'HCC515', 'HEPG2', 'HT29', 'MCF7', 'NEU', 'NPC', 'PC3', 'SKB', 'VCAP']",17
BRD-K78844995,13,"['A375', 'A549', 'ASC', 'HA1E', 'HCC515', 'HEPG2', 'HT29', 'MCF7', 'NEU', 'NPC', 'PC3', 'SKB', 'VCAP']",19
BRD-K15475572,13,"['A375', 'A549', 'ASC', 'HA1E', 'HCC515', 'HT29', 'MCF7', 'NEU', 'NPC', 'PC3', 'PHH', 'SKB', 'VCAP']",17
BRD-K05775306,13,"['A375', 'A549', 'ASC', 'HA1E', 'HCC515', 'HT29', 'MCF7', 'NEU', 'NPC', 'PC3', 'PHH', 'SKB', 'VCAP']",17
BRD-A41114263,13,"['A375', 'A549', 'ASC', 'HA1E', 'HCC515', 'HEPG2', 'HT29', 'MCF7', 'NEU', 'NPC', 'PC3', 'SKB', 'VCAP']",17
fluprostenol,13,"['A375', 'A549', 'ASC', 'HA1E', 'HCC515', 'HEPG2', 'HT29', 'MCF7', 'NEU', 'NPC', 'PC3', 'SKB', 'VCAP']",19
NECA,13,"['A375', 'A549', 'ASC', 'HA1E', 'HCC515', 'HEPG2', 'HT29', 'MCF7', 'NPC', 'PC3', 'PHH', 'SKB', 'VCAP']",19
BRD-K32321439,13,"['A375', 'A549', 'ASC', 'HA1E', 'HCC515', 'HEPG2', 'HT29', 'MCF7', 'NEU', 'NPC', 'PC3', 'SKB', 'VCAP']",17
verteporfin,13,"['A375', 'A549', 'ASC', 'HA1E', 'HCC515', 'HEPG2', 'HT29', 'MCF7', 'NPC', 'PC3', 'PHH', 'SKB', 'VCAP']",27
foliosidine,13,"['A375', 'A549', 'ASC', 'HA1E', 'HCC515', 'HEPG2', 'HT29', 'MCF7', 'NPC', 'PC3', 'PHH', 'SKB', 'VCAP']",19
BRD-K16290432,13,"['A375', 'A549', 'ASC', 'HA1E', 'HCC515', 'HT29', 'MCF7', 'NEU', 'NPC', 'PC3', 'PHH', 'SKB', 'VCAP']",17
BG-FA-0953,13,"['A375', 'A549', 'ASC', 'HA1E', 'HCC515', 'HEPG2', 'HT29', 'MCF7', 'NEU', 'NPC', 'PC3', 'SKB', 'VCAP']",17
BRD-K16925374,13,"['A375', 'A549', 'ASC', 'HA1E', 'HCC515', 'HEPG2', 'HT29', 'MCF7', 'NEU', 'NPC', 'PC3', 'SKB', 'VCAP']",17
FR-139317,13,"['A375', 'A549', 'ASC', 'HA1E', 'HCC515', 'HEPG2', 'HT29', 'MCF7', 'NEU', 'NPC', 'PC3', 'SKB', 'VCAP']",19
flufenamic-acid,13,"['A375', 'A549', 'ASC', 'HA1E', 'HCC515', 'HEPG2', 'HT29', 'MCF7', 'NPC', 'PC3', 'PHH', 'SKB', 'VCAP']",22
AY-9944,13,"['A375', 'A549', 'ASC', 'HA1E', 'HCC515', 'HEPG2', 'HT29', 'MCF7', 'NPC', 'PC3', 'PHH', 'SKB', 'VCAP']",19
fluconazole,13,"['A375', 'A549', 'ASC', 'HA1E', 'HCC515', 'HEPG2', 'HT29', 'MCF7', 'NPC', 'PC3', 'PHH', 'SKB', 'VCAP']",30
ceforanide,13,"['A375', 'A549', 'ASC', 'HA1E', 'HCC515', 'HEPG2', 'HT29', 'MCF7', 'NEU', 'NPC', 'PC3', 'SKB', 'VCAP']",23
nikkomycin,13,"['A375', 'A549', 'ASC', 'HA1E', 'HCC515', 'HT29', 'MCF7', 'NEU', 'NPC', 'PC3', 'PHH', 'SKB', 'VCAP']",17
thiotepa,13,"['A375', 'A549', 'ASC', 'HA1E', 'HCC515', 'HEPG2', 'HT29', 'MCF7', 'NPC', 'PC3', 'PHH', 'SKB', 'VCAP']",23
NTNCB,13,"['A375', 'A549', 'ASC', 'HA1E', 'HCC515', 'HEPG2', 'HT29', 'MCF7', 'NEU', 'NPC', 'PC3', 'SKB', 'VCAP']",19
BRD-K29622226,13,"['A375', 'A549', 'ASC', 'HA1E', 'HCC515', 'HEPG2', 'HT29', 'MCF7', 'NEU', 'NPC', 'PC3', 'SKB', 'VCAP']",17
BRD-K58698715,13,"['A375', 'A549', 'ASC', 'HA1E', 'HCC515', 'HEPG2', 'HT29', 'MCF7', 'NEU', 'NPC', 'PC3', 'SKB', 'VCAP']",32
amcinonide,13,"['A375', 'A549', 'ASC', 'HA1E', 'HCC515', 'HEPG2', 'HT29', 'MCF7', 'NPC', 'PC3', 'PHH', 'SKB', 'VCAP']",38
BRD-K74711637,13,"['A375', 'A549', 'ASC', 'HA1E', 'HCC515', 'HT29', 'MCF7', 'NEU', 'NPC', 'PC3', 'PHH', 'SKB', 'VCAP']",17
TCB2,13,"['A375', 'A549', 'ASC', 'HA1E', 'HCC515', 'HEPG2', 'HT29', 'MCF7', 'NPC', 'PC3', 'PHH', 'SKB', 'VCAP']",19
naproxen,13,"['A375', 'A549', 'ASC', 'HA1E', 'HCC515', 'HEPG2', 'HT29', 'MCF7', 'NPC', 'PC3', 'PHH', 'SKB', 'VCAP']",39
levonorgestrel,13,"['A375', 'A549', 'ASC', 'HA1E', 'HCC515', 'HEPG2', 'HT29', 'MCF7', 'NEU', 'NPC', 'PC3', 'SKB', 'VCAP']",41
BRD-K58279162,13,"['A375', 'A549', 'ASC', 'HA1E', 'HCC515', 'HT29', 'MCF7', 'NEU', 'NPC', 'PC3', 'PHH', 'SKB', 'VCAP']",17
BRD-K94493764,13,"['A375', 'A549', 'ASC', 'HA1E', 'HCC515', 'HEPG2', 'HT29', 'MCF7', 'NEU', 'NPC', 'PC3', 'SKB', 'VCAP']",17
BRD-K74606027,13,"['A375', 'A549', 'ASC', 'HA1E', 'HCC515', 'HEPG2', 'HT29', 'MCF7', 'NEU', 'NPC', 'PC3', 'SKB', 'VCAP']",17
arecaidine-but-2-ynyl-ester,13,"['A375', 'A549', 'ASC', 'HA1E', 'HCC515', 'HEPG2', 'HT29', 'MCF7', 'NEU', 'NPC', 'PC3', 'SKB', 'VCAP']",19
morphothebaine,13,"['A375', 'A549', 'ASC', 'HA1E', 'HCC515', 'HEPG2', 'HT29', 'MCF7', 'NPC', 'PC3', 'PHH', 'SKB', 'VCAP']",19
alprenolol,13,"['A375', 'A549', 'ASC', 'HA1E', 'HCC515', 'HEPG2', 'HT29', 'MCF7', 'NEU', 'NPC', 'PC3', 'SKB', 'VCAP']",26
BRD-K17628612,13,"['A375', 'A549', 'ASC', 'HA1E', 'HCC515', 'HT29', 'MCF7', 'NEU', 'NPC', 'PC3', 'PHH', 'SKB', 'VCAP']",17
RS-39604,13,"['A375', 'A549', 'ASC', 'HA1E', 'HCC515', 'HEPG2', 'HT29', 'MCF7', 'NPC', 'PC3', 'PHH', 'SKB', 'VCAP']",23
mocimycin,13,"['A375', 'A549', 'ASC', 'HA1E', 'HCC515', 'HEPG2', 'HT29', 'MCF7', 'NPC', 'PC3', 'PHH', 'SKB', 'VCAP']",19
farnesylthiotriazole,13,"['A375', 'A549', 'ASC', 'HA1E', 'HCC515', 'HEPG2', 'HT29', 'MCF7', 'NEU', 'NPC', 'PC3', 'SKB', 'VCAP']",19
PCI-24781,13,"['A375', 'A549', 'ASC', 'HA1E', 'HCC515', 'HEPG2', 'HT29', 'MCF7', 'NPC', 'PC3', 'PHH', 'SKB', 'VCAP']",19
coumarin,13,"['A375', 'A549', 'ASC', 'HA1E', 'HCC515', 'HEPG2', 'HT29', 'MCF7', 'NPC', 'PC3', 'PHH', 'SKB', 'VCAP']",23
BRD-K18364651,13,"['A375', 'A549', 'ASC', 'HA1E', 'HCC515', 'HEPG2', 'HT29', 'MCF7', 'NEU', 'NPC', 'PC3', 'SKB', 'VCAP']",21
dephostatin,13,"['A375', 'A549', 'ASC', 'HA1E', 'HCC515', 'HEPG2', 'HT29', 'MCF7', 'NEU', 'NPC', 'PC3', 'SKB', 'VCAP']",23
BRD-K18163752,13,"['A375', 'A549', 'ASC', 'HA1E', 'HCC515', 'HEPG2', 'HT29', 'MCF7', 'NEU', 'NPC', 'PC3', 'SKB', 'VCAP']",17
brucine,13,"['A375', 'A549', 'ASC', 'HA1E', 'HCC515', 'HEPG2', 'HT29', 'MCF7', 'NEU', 'NPC', 'PC3', 'SKB', 'VCAP']",36
BRD-K94572506,13,"['A375', 'A549', 'ASC', 'HA1E', 'HCC515', 'HT29', 'MCF7', 'NEU', 'NPC', 'PC3', 'PHH', 'SKB', 'VCAP']",17
BRD-A27640568,13,"['A375', 'A549', 'ASC', 'HA1E', 'HCC515', 'HT29', 'MCF7', 'NEU', 'NPC', 'PC3', 'PHH', 'SKB', 'VCAP']",17
methysergide,13,"['A375', 'A549', 'ASC', 'HA1E', 'HCC515', 'HEPG2', 'HT29', 'MCF7', 'NPC', 'PC3', 'PHH', 'SKB', 'VCAP']",42
desoxypeganine,13,"['A375', 'A549', 'ASC', 'HA1E', 'HCC515', 'HEPG2', 'HT29', 'MCF7', 'NPC', 'PC3', 'PHH', 'SKB', 'VCAP']",23
methocarbamol,13,"['A375', 'A549', 'ASC', 'HA1E', 'HCC515', 'HEPG2', 'HT29', 'MCF7', 'NPC', 'PC3', 'PHH', 'SKB', 'VCAP']",22
BRD-K91987625,13,"['A375', 'A549', 'ASC', 'HA1E', 'HCC515', 'HT29', 'MCF7', 'NEU', 'NPC', 'PC3', 'PHH', 'SKB', 'VCAP']",17
BRD-A89208012,13,"['A375', 'A549', 'ASC', 'HA1E', 'HCC515', 'HEPG2', 'HT29', 'MCF7', 'NEU', 'NPC', 'PC3', 'SKB', 'VCAP']",19
carbetocin,13,"['A375', 'A549', 'ASC', 'HA1E', 'HCC515', 'HEPG2', 'HT29', 'MCF7', 'NEU', 'NPC', 'PC3', 'SKB', 'VCAP']",17
BRD-A82628254,13,"['A375', 'A549', 'ASC', 'HA1E', 'HCC515', 'HEPG2', 'HT29', 'MCF7', 'NEU', 'NPC', 'PC3', 'SKB', 'VCAP']",17
etomidate,13,"['A375', 'A549', 'ASC', 'HA1E', 'HCC515', 'HEPG2', 'HT29', 'MCF7', 'NPC', 'PC3', 'PHH', 'SKB', 'VCAP']",34
PP-1,13,"['A375', 'A549', 'ASC', 'HA1E', 'HCC515', 'HEPG2', 'HT29', 'MCF7', 'NEU', 'NPC', 'PC3', 'SKB', 'VCAP']",19
austricine,13,"['A375', 'A549', 'ASC', 'HA1E', 'HCC515', 'HEPG2', 'HT29', 'MCF7', 'NPC', 'PC3', 'PHH', 'SKB', 'VCAP']",27
PRE-084,13,"['A375', 'A549', 'ASC', 'HA1E', 'HCC515', 'HEPG2', 'HT29', 'MCF7', 'NPC', 'PC3', 'PHH', 'SKB', 'VCAP']",23
evoxine,13,"['A375', 'A549', 'ASC', 'HA1E', 'HCC515', 'HEPG2', 'HT29', 'MCF7', 'NPC', 'PC3', 'PHH', 'SKB', 'VCAP']",19
methantheline,13,"['A375', 'A549', 'ASC', 'HA1E', 'HCC515', 'HEPG2', 'HT29', 'MCF7', 'NPC', 'PC3', 'PHH', 'SKB', 'VCAP']",23
butoconazole,13,"['A375', 'A549', 'ASC', 'HA1E', 'HCC515', 'HEPG2', 'HT29', 'MCF7', 'NPC', 'PC3', 'PHH', 'SKB', 'VCAP']",19
CAY-10470,13,"['A375', 'A549', 'ASC', 'HA1E', 'HCC515', 'HT29', 'MCF7', 'NEU', 'NPC', 'PC3', 'PHH', 'SKB', 'VCAP']",17
etamivan,13,"['A375', 'A549', 'ASC', 'HA1E', 'HCC515', 'HEPG2', 'HT29', 'MCF7', 'NPC', 'PC3', 'PHH', 'SKB', 'VCAP']",27
BRD-K19875179,13,"['A375', 'A549', 'ASC', 'HA1E', 'HCC515', 'HT29', 'MCF7', 'NEU', 'NPC', 'PC3', 'PHH', 'SKB', 'VCAP']",17
aminopentamide,13,"['A375', 'A549', 'ASC', 'HA1E', 'HCC515', 'HEPG2', 'HT29', 'MCF7', 'NPC', 'PC3', 'PHH', 'SKB', 'VCAP']",23
BRD-K28789065,13,"['A375', 'A549', 'ASC', 'HA1E', 'HCC515', 'HEPG2', 'HT29', 'MCF7', 'NEU', 'NPC', 'PC3', 'SKB', 'VCAP']",17
UGISS-451,13,"['A375', 'A549', 'ASC', 'HA1E', 'HCC515', 'HEPG2', 'HT29', 'MCF7', 'NEU', 'NPC', 'PC3', 'SKB', 'VCAP']",17
BRD-A75471153,13,"['A375', 'A549', 'ASC', 'HA1E', 'HCC515', 'HEPG2', 'HT29', 'MCF7', 'NEU', 'NPC', 'PC3', 'SKB', 'VCAP']",17
meclizine,13,"['A375', 'A549', 'ASC', 'HA1E', 'HCC515', 'HEPG2', 'HT29', 'MCF7', 'NPC', 'PC3', 'PHH', 'SKB', 'VCAP']",34
BRD-K28680267,13,"['A375', 'A549', 'ASC', 'HA1E', 'HCC515', 'HEPG2', 'HT29', 'MCF7', 'NPC', 'PC3', 'PHH', 'SKB', 'VCAP']",19
mefexamide,13,"['A375', 'A549', 'ASC', 'HA1E', 'HCC515', 'HEPG2', 'HT29', 'MCF7', 'NPC', 'PC3', 'PHH', 'SKB', 'VCAP']",22
biperiden,13,"['A375', 'A549', 'ASC', 'HA1E', 'HCC515', 'HEPG2', 'HT29', 'MCF7', 'NPC', 'PC3', 'PHH', 'SKB', 'VCAP']",42
BRL-54443,13,"['A375', 'A549', 'ASC', 'HA1E', 'HCC515', 'HEPG2', 'HT29', 'MCF7', 'NEU', 'NPC', 'PC3', 'SKB', 'VCAP']",19
eriodictyol,13,"['A375', 'A549', 'ASC', 'HA1E', 'HCC515', 'HEPG2', 'HT29', 'MCF7', 'NPC', 'PC3', 'PHH', 'SKB', 'VCAP']",39
lylamine,13,"['A375', 'A549', 'ASC', 'HA1E', 'HCC515', 'HEPG2', 'HT29', 'MCF7', 'NPC', 'PC3', 'PHH', 'SKB', 'VCAP']",19
BRD-K82492171,13,"['A375', 'A549', 'ASC', 'HA1E', 'HCC515', 'HEPG2', 'HT29', 'MCF7', 'NEU', 'NPC', 'PC3', 'SKB', 'VCAP']",17
RG-13022,13,"['A375', 'A549', 'ASC', 'HA1E', 'HCC515', 'HEPG2', 'HT29', 'MCF7', 'NPC', 'PC3', 'PHH', 'SKB', 'VCAP']",19
BRD-K81609421,13,"['A375', 'A549', 'ASC', 'HA1E', 'HCC515', 'HEPG2', 'HT29', 'MCF7', 'NEU', 'NPC', 'PC3', 'SKB', 'VCAP']",17
Broad-Sai-071,13,"['A375', 'A549', 'ASC', 'HA1E', 'HCC515', 'HEPG2', 'HT29', 'MCF7', 'NEU', 'NPC', 'PC3', 'SKB', 'VCAP']",17
BRD-K42091312,13,"['A375', 'A549', 'ASC', 'HA1E', 'HCC515', 'HT29', 'MCF7', 'NEU', 'NPC', 'PC3', 'PHH', 'SKB', 'VCAP']",17
BRD-K54822214,13,"['A375', 'A549', 'ASC', 'HA1E', 'HCC515', 'HT29', 'MCF7', 'NEU', 'NPC', 'PC3', 'PHH', 'SKB', 'VCAP']",17
eplerenone,13,"['A375', 'A549', 'ASC', 'HA1E', 'HCC515', 'HEPG2', 'HT29', 'MCF7', 'NPC', 'PC3', 'PHH', 'SKB', 'VCAP']",19
buthionine-sulfoximine,13,"['A375', 'A549', 'ASC', 'HA1E', 'HCC515', 'HEPG2', 'HT29', 'MCF7', 'NEU', 'NPC', 'PC3', 'SKB', 'VCAP']",17
catechin,13,"['A375', 'A549', 'ASC', 'HA1E', 'HCC515', 'HEPG2', 'HT29', 'MCF7', 'NPC', 'PC3', 'PHH', 'SKB', 'VCAP']",27
xanthoxyline,13,"['A375', 'A549', 'ASC', 'HA1E', 'HCC515', 'HEPG2', 'HT29', 'MCF7', 'NPC', 'PC3', 'PHH', 'SKB', 'VCAP']",19
BRD-K29715937,13,"['A375', 'A549', 'ASC', 'HA1E', 'HCC515', 'HT29', 'MCF7', 'NEU', 'NPC', 'PC3', 'PHH', 'SKB', 'VCAP']",32
leucodin,13,"['A375', 'A549', 'ASC', 'HA1E', 'HCC515', 'HEPG2', 'HT29', 'MCF7', 'NPC', 'PC3', 'PHH', 'SKB', 'VCAP']",23
AZ-10417808,13,"['A375', 'A549', 'ASC', 'HA1E', 'HCC515', 'HEPG2', 'HT29', 'MCF7', 'NPC', 'PC3', 'PHH', 'SKB', 'VCAP']",19
FK-888,13,"['A375', 'A549', 'ASC', 'HA1E', 'HCC515', 'HEPG2', 'HT29', 'MCF7', 'NEU', 'NPC', 'PC3', 'SKB', 'VCAP']",19
leflunomide,13,"['A375', 'A549', 'ASC', 'HA1E', 'HCC515', 'HEPG2', 'HT29', 'MCF7', 'NPC', 'PC3', 'PHH', 'SKB', 'VCAP']",23
tenofovir,13,"['A375', 'A549', 'ASC', 'HA1E', 'HCC515', 'HEPG2', 'HT29', 'MCF7', 'NPC', 'PC3', 'PHH', 'SKB', 'VCAP']",16
tracazolate,13,"['A375', 'A549', 'ASC', 'HA1E', 'HCC515', 'HEPG2', 'HT29', 'MCF7', 'NPC', 'PC3', 'PHH', 'SKB', 'VCAP']",23
BRD-A66861218,13,"['A375', 'A549', 'ASC', 'HA1E', 'HCC515', 'HEPG2', 'HT29', 'MCF7', 'NEU', 'NPC', 'PC3', 'SKB', 'VCAP']",23
enalapril,13,"['A375', 'A549', 'ASC', 'HA1E', 'HCC515', 'HEPG2', 'HT29', 'MCF7', 'NPC', 'PC3', 'PHH', 'SKB', 'VCAP']",87
GW-0742,13,"['A375', 'A549', 'ASC', 'HA1E', 'HCC515', 'HEPG2', 'HT29', 'MCF7', 'NPC', 'PC3', 'PHH', 'SKB', 'VCAP']",19
BRD-K35568648,13,"['A375', 'A549', 'ASC', 'HA1E', 'HCC515', 'HT29', 'MCF7', 'NEU', 'NPC', 'PC3', 'PHH', 'SKB', 'VCAP']",17
Ro-60-0175,13,"['A375', 'A549', 'ASC', 'HA1E', 'HCC515', 'HEPG2', 'HT29', 'MCF7', 'NEU', 'NPC', 'PC3', 'SKB', 'VCAP']",19
BRD-K45044657,13,"['A375', 'A549', 'ASC', 'HA1E', 'HCC515', 'HEPG2', 'HT29', 'MCF7', 'NEU', 'NPC', 'PC3', 'SKB', 'VCAP']",17
BRD-K76293260,13,"['A375', 'A549', 'ASC', 'HA1E', 'HCC515', 'HEPG2', 'HT29', 'MCF7', 'NPC', 'PC3', 'PHH', 'SKB', 'VCAP']",19
amthamine,13,"['A375', 'A549', 'ASC', 'HA1E', 'HCC515', 'HEPG2', 'HT29', 'MCF7', 'NPC', 'PC3', 'PHH', 'SKB', 'VCAP']",19
ICI-162846,13,"['A375', 'A549', 'ASC', 'HA1E', 'HCC515', 'HEPG2', 'HT29', 'MCF7', 'NPC', 'PC3', 'PHH', 'SKB', 'VCAP']",19
isoxsuprine,13,"['A375', 'A549', 'ASC', 'HA1E', 'HCC515', 'HEPG2', 'HT29', 'MCF7', 'NPC', 'PC3', 'PHH', 'SKB', 'VCAP']",37
tremorine,13,"['A375', 'A549', 'ASC', 'HA1E', 'HCC515', 'HEPG2', 'HT29', 'MCF7', 'NPC', 'PC3', 'PHH', 'SKB', 'VCAP']",22
salmeterol,13,"['A375', 'A549', 'ASC', 'HA1E', 'HCC515', 'HEPG2', 'HT29', 'MCF7', 'NPC', 'PC3', 'PHH', 'SKB', 'VCAP']",36
BRD-K06800040,13,"['A375', 'A549', 'ASC', 'HA1E', 'HCC515', 'HT29', 'MCF7', 'NEU', 'NPC', 'PC3', 'PHH', 'SKB', 'VCAP']",17
isamoltane,13,"['A375', 'A549', 'ASC', 'HA1E', 'HCC515', 'HEPG2', 'HT29', 'MCF7', 'NPC', 'PC3', 'PHH', 'SKB', 'VCAP']",19
HU-211,13,"['A375', 'A549', 'ASC', 'HA1E', 'HCC515', 'HT29', 'MCF7', 'NEU', 'NPC', 'PC3', 'PHH', 'SKB', 'VCAP']",17
betaxolol,13,"['A375', 'A549', 'ASC', 'HA1E', 'HCC515', 'HEPG2', 'HT29', 'MCF7', 'NPC', 'PC3', 'PHH', 'SKB', 'VCAP']",33
trimethobenzamide,13,"['A375', 'A549', 'ASC', 'HA1E', 'HCC515', 'HEPG2', 'HT29', 'MCF7', 'NPC', 'PC3', 'PHH', 'SKB', 'VCAP']",22
ipratropium,13,"['A375', 'A549', 'ASC', 'HA1E', 'HCC515', 'HEPG2', 'HT29', 'MCF7', 'NPC', 'PC3', 'PHH', 'SKB', 'VCAP']",65
BRD-K68588778,13,"['A375', 'A549', 'ASC', 'HA1E', 'HCC515', 'HT29', 'MCF7', 'NEU', 'NPC', 'PC3', 'PHH', 'SKB', 'VCAP']",17
BRD-K36031023,13,"['A375', 'A549', 'ASC', 'HA1E', 'HCC515', 'HT29', 'MCF7', 'NEU', 'NPC', 'PC3', 'PHH', 'SKB', 'VCAP']",17
ropinirole,13,"['A375', 'A549', 'ASC', 'HA1E', 'HCC515', 'HEPG2', 'HT29', 'MCF7', 'NPC', 'PC3', 'PHH', 'SKB', 'VCAP']",27
BRD-K98004941,13,"['A375', 'A549', 'ASC', 'HA1E', 'HCC515', 'HT29', 'MCF7', 'NEU', 'NPC', 'PC3', 'PHH', 'SKB', 'VCAP']",21
immepip,13,"['A375', 'A549', 'ASC', 'HA1E', 'HCC515', 'HEPG2', 'HT29', 'MCF7', 'NPC', 'PC3', 'PHH', 'SKB', 'VCAP']",19
econazole,13,"['A375', 'A549', 'ASC', 'HA1E', 'HCC515', 'HEPG2', 'HT29', 'MCF7', 'NPC', 'PC3', 'PHH', 'SKB', 'VCAP']",19
SB-408124,13,"['A375', 'A549', 'ASC', 'HA1E', 'HCC515', 'HEPG2', 'HT29', 'MCF7', 'NEU', 'NPC', 'PC3', 'SKB', 'VCAP']",19
SB-222200,13,"['A375', 'A549', 'ASC', 'HA1E', 'HCC515', 'HEPG2', 'HT29', 'MCF7', 'NPC', 'PC3', 'PHH', 'SKB', 'VCAP']",19
imperatorin,13,"['A375', 'A549', 'ASC', 'HA1E', 'HCC515', 'HEPG2', 'HT29', 'MCF7', 'NPC', 'PC3', 'PHH', 'SKB', 'VCAP']",19
carbidopa,13,"['A375', 'A549', 'FIBRNPC', 'HA1E', 'HCC515', 'HEPG2', 'HT29', 'MCF7', 'NEU', 'NKDBA', 'NPC', 'PC3', 'VCAP']",35
reserpine,13,"['A375', 'A549', 'ASC', 'HA1E', 'HCC515', 'HEPG2', 'HT29', 'MCF7', 'NPC', 'PC3', 'PHH', 'SKB', 'VCAP']",23
ibudilast,13,"['A375', 'A549', 'ASC', 'HA1E', 'HCC515', 'HEPG2', 'HT29', 'MCF7', 'NPC', 'PC3', 'PHH', 'SKB', 'VCAP']",23
hyoscyamine,13,"['A375', 'A549', 'ASC', 'HA1E', 'HCC515', 'HEPG2', 'HT29', 'MCF7', 'NPC', 'PC3', 'PHH', 'SKB', 'VCAP']",37
cardiogenol-c,13,"['A375', 'A549', 'ASC', 'HA1E', 'HCC515', 'HEPG2', 'HT29', 'MCF7', 'NPC', 'PC3', 'PHH', 'SKB', 'VCAP']",19
KM-03439,13,"['A375', 'A549', 'ASC', 'HA1E', 'HCC515', 'HEPG2', 'HT29', 'MCF7', 'NEU', 'NPC', 'PC3', 'SKB', 'VCAP']",17
SDZ-205-557,13,"['A375', 'A549', 'ASC', 'HA1E', 'HCC515', 'HEPG2', 'HT29', 'MCF7', 'NEU', 'NPC', 'PC3', 'SKB', 'VCAP']",19
KN-62,13,"['A375', 'A549', 'ASC', 'HA1E', 'HCC515', 'HEPG2', 'HT29', 'MCF7', 'NPC', 'PC3', 'PHH', 'SKB', 'VCAP']",19
ZD-7114,13,"['A375', 'A549', 'ASC', 'HA1E', 'HCC515', 'HEPG2', 'HT29', 'MCF7', 'NPC', 'PC3', 'PHH', 'SKB', 'VCAP']",23
KU-14R,13,"['A375', 'A549', 'ASC', 'HA1E', 'HCC515', 'HEPG2', 'HT29', 'MCF7', 'NPC', 'PC3', 'PHH', 'SKB', 'VCAP']",19
BRD-K49861754,13,"['A375', 'A549', 'ASC', 'HA1E', 'HCC515', 'HEPG2', 'HT29', 'MCF7', 'NEU', 'NPC', 'PC3', 'SKB', 'VCAP']",17
BRD-K24346336,13,"['A375', 'A549', 'ASC', 'HA1E', 'HCC515', 'HEPG2', 'HT29', 'MCF7', 'NEU', 'NPC', 'PC3', 'SKB', 'VCAP']",17
strychnine,13,"['A375', 'A549', 'ASC', 'HA1E', 'HCC515', 'HEPG2', 'HT29', 'MCF7', 'NPC', 'PC3', 'PHH', 'SKB', 'VCAP']",23
BRD-K11362964,13,"['A375', 'A549', 'ASC', 'HA1E', 'HCC515', 'HT29', 'MCF7', 'NEU', 'NPC', 'PC3', 'PHH', 'SKB', 'VCAP']",17
cyclopiazonic-acid,13,"['A375', 'A549', 'ASC', 'HA1E', 'HCC515', 'HEPG2', 'HT29', 'MCF7', 'NEU', 'NPC', 'PC3', 'SKB', 'VCAP']",34
homosalate,13,"['A375', 'A549', 'ASC', 'HA1E', 'HCC515', 'HEPG2', 'HT29', 'MCF7', 'NPC', 'PC3', 'PHH', 'SKB', 'VCAP']",23
BRD-K35004659,13,"['A375', 'A549', 'ASC', 'HA1E', 'HCC515', 'HT29', 'MCF7', 'NEU', 'NPC', 'PC3', 'PHH', 'SKB', 'VCAP']",17
BRD-K11981252,13,"['A375', 'A549', 'ASC', 'HA1E', 'HCC515', 'HT29', 'MCF7', 'NEU', 'NPC', 'PC3', 'PHH', 'SKB', 'VCAP']",17
SRC-kinase-inhibitor-II,13,"['A375', 'A549', 'ASC', 'HA1E', 'HCC515', 'HEPG2', 'HT29', 'MCF7', 'NEU', 'NPC', 'PC3', 'SKB', 'VCAP']",19
BRD-K12238169,13,"['A375', 'A549', 'ASC', 'HA1E', 'HCC515', 'HT29', 'MCF7', 'NEU', 'NPC', 'PC3', 'PHH', 'SKB', 'VCAP']",32
Ro-04-6790,13,"['A375', 'A549', 'ASC', 'HA1E', 'HCC515', 'HEPG2', 'HT29', 'MCF7', 'NPC', 'PC3', 'PHH', 'SKB', 'VCAP']",23
tyrphostin-AG-82,13,"['A375', 'A549', 'ASC', 'HA1E', 'HCC515', 'HEPG2', 'HT29', 'MCF7', 'NEU', 'NPC', 'PC3', 'SKB', 'VCAP']",23
BRD-K78701355,13,"['A375', 'A549', 'ASC', 'HA1E', 'HCC515', 'HT29', 'MCF7', 'NEU', 'NPC', 'PC3', 'PHH', 'SKB', 'VCAP']",17
prednisolone-hemisuccinate,13,"['A375', 'A549', 'ASC', 'HA1E', 'HCC515', 'HEPG2', 'HT29', 'MCF7', 'NPC', 'PC3', 'PHH', 'SKB', 'VCAP']",23
chloroxine,13,"['A375', 'A549', 'ASC', 'HA1E', 'HCC515', 'HEPG2', 'HT29', 'MCF7', 'NEU', 'NPC', 'PC3', 'SKB', 'VCAP']",26
LY-320135,13,"['A375', 'A549', 'ASC', 'HA1E', 'HCC515', 'HEPG2', 'HT29', 'MCF7', 'NPC', 'PC3', 'PHH', 'SKB', 'VCAP']",19
BRD-K31754360,13,"['A375', 'A549', 'ASC', 'HA1E', 'HCC515', 'HEPG2', 'HT29', 'MCF7', 'NEU', 'NPC', 'PC3', 'SKB', 'VCAP']",17
pifithrin,13,"['A375', 'A549', 'ASC', 'HA1E', 'HCC515', 'HEPG2', 'HT29', 'MCF7', 'NPC', 'PC3', 'PHH', 'SKB', 'VCAP']",19
bulleyaconitine-a,13,"['A375', 'A549', 'ASC', 'HA1E', 'HCC515', 'HEPG2', 'HT29', 'MCF7', 'NPC', 'PC3', 'PHH', 'SKB', 'VCAP']",19
MD-920,13,"['A375', 'A549', 'ASC', 'HA1E', 'HCC515', 'HEPG2', 'HT29', 'MCF7', 'NPC', 'PC3', 'PHH', 'SKB', 'VCAP']",19
digoxin,13,"['A375', 'A549', 'ASC', 'HA1E', 'HCC515', 'HEPG2', 'HT29', 'MCF7', 'NPC', 'PC3', 'PHH', 'SKB', 'VCAP']",54
MDL-29951,13,"['A375', 'A549', 'ASC', 'HA1E', 'HCC515', 'HEPG2', 'HT29', 'MCF7', 'NPC', 'PC3', 'PHH', 'SKB', 'VCAP']",23
diflorasone,13,"['A375', 'A549', 'ASC', 'HA1E', 'HCC515', 'HEPG2', 'HT29', 'MCF7', 'NPC', 'PC3', 'PHH', 'SKB', 'VCAP']",23
perphenazine,13,"['A375', 'A549', 'ASC', 'HA1E', 'HCC515', 'HEPG2', 'HT29', 'MCF7', 'NPC', 'PC3', 'PHH', 'SKB', 'VCAP']",37
clomipramine,13,"['A375', 'A549', 'ASC', 'HA1E', 'HCC515', 'HEPG2', 'HT29', 'MCF7', 'NPC', 'PC3', 'PHH', 'SKB', 'VCAP']",33
ML-7,13,"['A375', 'A549', 'ASC', 'HA1E', 'HCC515', 'HEPG2', 'HT29', 'MCF7', 'NPC', 'PC3', 'PHH', 'SKB', 'VCAP']",19
benperidol,13,"['A375', 'A549', 'ASC', 'HA1E', 'HCC515', 'HEPG2', 'HT29', 'MCF7', 'NEU', 'NPC', 'PC3', 'SKB', 'VCAP']",23
pantoprazole,13,"['A375', 'A549', 'ASC', 'HA1E', 'HCC515', 'HEPG2', 'HT29', 'MCF7', 'NPC', 'PC3', 'PHH', 'SKB', 'VCAP']",30
BRD-K95253417,13,"['A375', 'A549', 'ASC', 'HA1E', 'HCC515', 'HT29', 'MCF7', 'NEU', 'NPC', 'PC3', 'PHH', 'SKB', 'VCAP']",17
vinpocetine,13,"['A375', 'A549', 'ASC', 'HA1E', 'HCC515', 'HEPG2', 'HT29', 'MCF7', 'NPC', 'PC3', 'PHH', 'SKB', 'VCAP']",41
aristolochic-acid,13,"['A375', 'A549', 'ASC', 'HA1E', 'HCC515', 'HEPG2', 'HT29', 'MCF7', 'NPC', 'PC3', 'PHH', 'SKB', 'VCAP']",23
MW-STK33-3B,13,"['A375', 'A549', 'ASC', 'HA1E', 'HCC515', 'HT29', 'MCF7', 'NEU', 'NPC', 'PC3', 'PHH', 'SKB', 'VCAP']",17
ST-91,13,"['A375', 'A549', 'ASC', 'HA1E', 'HCC515', 'HEPG2', 'HT29', 'MCF7', 'NPC', 'PC3', 'PHH', 'SKB', 'VCAP']",19
omeprazole,13,"['A375', 'A549', 'ASC', 'HA1E', 'HCC515', 'HEPG2', 'HT29', 'MCF7', 'NPC', 'PC3', 'PHH', 'SKB', 'VCAP']",36
BRD-K71427192,13,"['A375', 'A549', 'ASC', 'HA1E', 'HCC515', 'HEPG2', 'HT29', 'MCF7', 'NEU', 'NPC', 'PC3', 'SKB', 'VCAP']",17
norgestimate,13,"['A375', 'A549', 'ASC', 'HA1E', 'HCC515', 'HEPG2', 'HT29', 'MCF7', 'NPC', 'PC3', 'PHH', 'SKB', 'VCAP']",27
flupentixol,13,"['A375', 'A549', 'ASC', 'HA1E', 'HCC515', 'HEPG2', 'HT29', 'MCF7', 'NEU', 'NPC', 'PC3', 'SKB', 'VCAP']",19
CP-55940,13,"['A375', 'A549', 'ASC', 'HA1E', 'HCC515', 'HEPG2', 'HT29', 'MCF7', 'NPC', 'PC3', 'PHH', 'SKB', 'VCAP']",19
BRD-K39187410,13,"['A375', 'A549', 'ASC', 'HA1E', 'HCC515', 'HEPG2', 'HT29', 'MCF7', 'NPC', 'PC3', 'PHH', 'SKB', 'VCAP']",19
NNC-63-0532,13,"['A375', 'A549', 'ASC', 'HA1E', 'HCC515', 'HEPG2', 'HT29', 'MCF7', 'NEU', 'NPC', 'PC3', 'SKB', 'VCAP']",19
RS-102221,13,"['A375', 'A549', 'ASC', 'HA1E', 'HCC515', 'HEPG2', 'HT29', 'MCF7', 'NEU', 'NPC', 'PC3', 'SKB', 'VCAP']",19
BRD-K47764688,13,"['A375', 'A549', 'ASC', 'HA1E', 'HCC515', 'HEPG2', 'HT29', 'MCF7', 'NEU', 'NPC', 'PC3', 'SKB', 'VCAP']",17
benzylpenicillin,13,"['A375', 'A549', 'ASC', 'HA1E', 'HCC515', 'HEPG2', 'HT29', 'MCF7', 'NPC', 'PC3', 'PHH', 'SKB', 'VCAP']",23
flavoxate,13,"['A375', 'A549', 'ASC', 'HA1E', 'HCC515', 'HEPG2', 'HT29', 'MCF7', 'NPC', 'PC3', 'PHH', 'SKB', 'VCAP']",22
fillalbin,13,"['A375', 'A549', 'ASC', 'HA1E', 'HCC515', 'HEPG2', 'HT29', 'MCF7', 'NEU', 'NPC', 'PC3', 'SKB', 'VCAP']",19
BRD-A90643929,13,"['A375', 'A549', 'ASC', 'HA1E', 'HCC515', 'HEPG2', 'HT29', 'MCF7', 'NEU', 'NPC', 'PC3', 'SKB', 'VCAP']",17
alverine,13,"['A375', 'A549', 'ASC', 'HA1E', 'HCC515', 'HEPG2', 'HT29', 'MCF7', 'NPC', 'PC3', 'PHH', 'SKB', 'VCAP']",22
nefazodone,13,"['A375', 'A549', 'ASC', 'HA1E', 'HCC515', 'HEPG2', 'HT29', 'MCF7', 'NEU', 'NPC', 'PC3', 'SKB', 'VCAP']",30
BRD-K80346834,13,"['A375', 'A549', 'ASC', 'HA1E', 'HCC515', 'HEPG2', 'HT29', 'MCF7', 'NEU', 'NPC', 'PC3', 'SKB', 'VCAP']",17
naftifine,13,"['A375', 'A549', 'ASC', 'HA1E', 'HCC515', 'HEPG2', 'HT29', 'MCF7', 'NPC', 'PC3', 'PHH', 'SKB', 'VCAP']",23
BRD-K37340241,13,"['A375', 'A549', 'ASC', 'HA1E', 'HCC515', 'HEPG2', 'HT29', 'MCF7', 'NEU', 'NPC', 'PC3', 'SKB', 'VCAP']",17
BRD-K58070753,13,"['A375', 'A549', 'ASC', 'HA1E', 'HCC515', 'HT29', 'MCF7', 'NEU', 'NPC', 'PC3', 'PHH', 'SKB', 'VCAP']",17
BRD-K32896438,13,"['A375', 'A549', 'ASC', 'HA1E', 'HCC515', 'HT29', 'MCF7', 'NEU', 'NPC', 'PC3', 'PHH', 'SKB', 'VCAP']",25
mibefradil,13,"['A375', 'A549', 'ASC', 'HA1E', 'HCC515', 'HEPG2', 'HT29', 'MCF7', 'NPC', 'PC3', 'PHH', 'SKB', 'VCAP']",36
clocortolone-pivalate,13,"['A375', 'A549', 'ASC', 'HA1E', 'HCC515', 'HEPG2', 'HT29', 'MCF7', 'NEU', 'NPC', 'PC3', 'SKB', 'VCAP']",19
CGP-12177,13,"['A375', 'A549', 'ASC', 'HA1E', 'HCC515', 'HEPG2', 'HT29', 'MCF7', 'NPC', 'PC3', 'PHH', 'SKB', 'VCAP']",19
BRD-K93215584,13,"['A375', 'A549', 'ASC', 'HA1E', 'HCC515', 'HEPG2', 'HT29', 'MCF7', 'NEU', 'NPC', 'PC3', 'SKB', 'VCAP']",17
PG-9,13,"['A375', 'A549', 'ASC', 'HA1E', 'HCC515', 'HEPG2', 'HT29', 'MCF7', 'NEU', 'NPC', 'PC3', 'SKB', 'VCAP']",19
cefixime,13,"['A375', 'A549', 'ASC', 'HA1E', 'HCC515', 'HEPG2', 'HT29', 'MCF7', 'NEU', 'NPC', 'PC3', 'SKB', 'VCAP']",35
CFM-1571,13,"['A375', 'A549', 'ASC', 'HA1E', 'HCC515', 'HEPG2', 'HT29', 'MCF7', 'NPC', 'PC3', 'PHH', 'SKB', 'VCAP']",19
BRD-K28293491,13,"['A375', 'A549', 'ASC', 'HA1E', 'HCC515', 'HEPG2', 'HT29', 'MCF7', 'NEU', 'NPC', 'PC3', 'SKB', 'VCAP']",17
mestranol,13,"['A375', 'A549', 'ASC', 'HA1E', 'HCC515', 'HEPG2', 'HT29', 'MCF7', 'NPC', 'PC3', 'PHH', 'SKB', 'VCAP']",53
asiatic-acid,13,"['A375', 'A549', 'ASC', 'HA1E', 'HCC515', 'HEPG2', 'HT29', 'MCF7', 'NPC', 'PC3', 'PHH', 'SKB', 'VCAP']",23
meprylcaine,13,"['A375', 'A549', 'ASC', 'HA1E', 'HCC515', 'HEPG2', 'HT29', 'MCF7', 'NEU', 'NPC', 'PC3', 'SKB', 'VCAP']",23
estradiol-cypionate,13,"['A375', 'A549', 'ASC', 'HA1E', 'HCC515', 'HEPG2', 'HT29', 'MCF7', 'NPC', 'PC3', 'PHH', 'SKB', 'VCAP']",23
BRD-K55996963,13,"['A375', 'A549', 'ASC', 'HA1E', 'HCC515', 'HT29', 'MCF7', 'NEU', 'NPC', 'PC3', 'PHH', 'SKB', 'VCAP']",17
mead-acid,13,"['A375', 'A549', 'ASC', 'HA1E', 'HCC515', 'HEPG2', 'HT29', 'MCF7', 'NEU', 'NPC', 'PC3', 'SKB', 'VCAP']",19
erythrosine,13,"['A375', 'A549', 'ASC', 'HA1E', 'HCC515', 'HEPG2', 'HT29', 'MCF7', 'NPC', 'PC3', 'PHH', 'SKB', 'VCAP']",22
maackiain,13,"['A375', 'A549', 'ASC', 'HA1E', 'HCC515', 'HEPG2', 'HT29', 'MCF7', 'NPC', 'PC3', 'PHH', 'SKB', 'VCAP']",19
cinchonine,13,"['A375', 'A549', 'ASC', 'HA1E', 'HCC515', 'HEPG2', 'HT29', 'MCF7', 'NEU', 'NPC', 'PC3', 'SKB', 'VCAP']",23
RAN-27,13,"['A375', 'A549', 'ASC', 'HA1E', 'HCC515', 'HT29', 'MCF7', 'NEU', 'NPC', 'PC3', 'PHH', 'SKB', 'VCAP']",17
BRD-A14178283,13,"['A375', 'A549', 'ASC', 'HA1E', 'HCC515', 'HEPG2', 'HT29', 'MCF7', 'NEU', 'NPC', 'PC3', 'SKB', 'VCAP']",17
linezolid,13,"['A375', 'A549', 'ASC', 'HA1E', 'HCC515', 'HEPG2', 'HT29', 'MCF7', 'NEU', 'NPC', 'PC3', 'SKB', 'VCAP']",32
bifemelane,13,"['A375', 'A549', 'ASC', 'HA1E', 'HCC515', 'HEPG2', 'HT29', 'MCF7', 'NEU', 'NPC', 'PC3', 'SKB', 'VCAP']",30
caffeic-acid,13,"['A375', 'A549', 'ASC', 'HA1E', 'HCC515', 'HEPG2', 'HT29', 'MCF7', 'NEU', 'NPC', 'PC3', 'SKB', 'VCAP']",30
ergocryptine,13,"['A375', 'A549', 'ASC', 'HA1E', 'HCC515', 'HEPG2', 'HT29', 'MCF7', 'NEU', 'NPC', 'PC3', 'SKB', 'VCAP']",23
GR-144053,13,"['A375', 'A549', 'ASC', 'HA1E', 'HCC515', 'HEPG2', 'HT29', 'MCF7', 'NPC', 'PC3', 'PHH', 'SKB', 'VCAP']",19
BRD-A22272113,13,"['A375', 'A549', 'ASC', 'HA1E', 'HCC515', 'HT29', 'MCF7', 'NEU', 'NPC', 'PC3', 'PHH', 'SKB', 'VCAP']",17
BRD-K99303177,13,"['A375', 'A549', 'ASC', 'HA1E', 'HCC515', 'HEPG2', 'HT29', 'MCF7', 'NEU', 'NPC', 'PC3', 'SKB', 'VCAP']",17
amsacrine,13,"['A375', 'A549', 'ASC', 'HA1E', 'HCC515', 'HEPG2', 'HT29', 'MCF7', 'NPC', 'PC3', 'PHH', 'SKB', 'VCAP']",23
labetalol,13,"['A375', 'A549', 'ASC', 'HA1E', 'HCC515', 'HEPG2', 'HT29', 'MCF7', 'NPC', 'PC3', 'PHH', 'SKB', 'VCAP']",48
rosuvastatin,13,"['A375', 'A549', 'ASC', 'HA1E', 'HCC515', 'HEPG2', 'HT29', 'MCF7', 'NPC', 'PC3', 'PHH', 'SKB', 'VCAP']",23
BRD-K03122949,13,"['A375', 'A549', 'ASC', 'HA1E', 'HCC515', 'HEPG2', 'HT29', 'MCF7', 'NEU', 'NPC', 'PC3', 'SKB', 'VCAP']",17
BRD-K90849765,13,"['A375', 'A549', 'ASC', 'HA1E', 'HCC515', 'HT29', 'MCF7', 'NEU', 'NPC', 'PC3', 'PHH', 'SKB', 'VCAP']",17
trap-101,13,"['A375', 'A549', 'ASC', 'HA1E', 'HCC515', 'HEPG2', 'HT29', 'MCF7', 'NEU', 'NPC', 'PC3', 'SKB', 'VCAP']",19
ciclacillin,13,"['A375', 'A549', 'ASC', 'HA1E', 'HCC515', 'HEPG2', 'HT29', 'MCF7', 'NEU', 'NPC', 'PC3', 'SKB', 'VCAP']",19
IC-261,13,"['A375', 'A549', 'ASC', 'HA1E', 'HCC515', 'HEPG2', 'HT29', 'MCF7', 'NPC', 'PC3', 'PHH', 'SKB', 'VCAP']",27
BRD-K51608872,13,"['A375', 'A549', 'ASC', 'HA1E', 'HCC515', 'HEPG2', 'HT29', 'MCF7', 'NEU', 'NPC', 'PC3', 'SKB', 'VCAP']",32
rotenonic-acid,13,"['A375', 'A549', 'ASC', 'HA1E', 'HCC515', 'HEPG2', 'HT29', 'MCF7', 'NEU', 'NPC', 'PC3', 'SKB', 'VCAP']",19
carmoxirole,13,"['A375', 'A549', 'ASC', 'HA1E', 'HCC515', 'HEPG2', 'HT29', 'MCF7', 'NEU', 'NPC', 'PC3', 'SKB', 'VCAP']",19
JNJ-7706621,13,"['A375', 'A549', 'ASC', 'HA1E', 'HCC515', 'HEPG2', 'HT29', 'MCF7', 'NEU', 'NPC', 'PC3', 'SKB', 'VCAP']",16
BRD-A57300602,13,"['A375', 'A549', 'ASC', 'HA1E', 'HCC515', 'HEPG2', 'HT29', 'MCF7', 'NEU', 'NPC', 'PC3', 'SKB', 'VCAP']",17
rhizocarpic-acid,13,"['A375', 'A549', 'ASC', 'HA1E', 'HCC515', 'HEPG2', 'HT29', 'MCF7', 'NPC', 'PC3', 'PHH', 'SKB', 'VCAP']",19
doxepin,13,"['A375', 'A549', 'ASC', 'HA1E', 'HCC515', 'HEPG2', 'HT29', 'MCF7', 'NPC', 'PC3', 'PHH', 'SKB', 'VCAP']",90
"tropanyl-3,5-dimethylbenzoate",13,"['A375', 'A549', 'ASC', 'HA1E', 'HCC515', 'HEPG2', 'HT29', 'MCF7', 'NEU', 'NPC', 'PC3', 'SKB', 'VCAP']",19
SCH-442416,13,"['A375', 'A549', 'ASC', 'HA1E', 'HCC515', 'HEPG2', 'HT29', 'MCF7', 'NPC', 'PC3', 'PHH', 'SKB', 'VCAP']",19
DPPE,13,"['A375', 'A549', 'ASC', 'HA1E', 'HCC515', 'HEPG2', 'HT29', 'MCF7', 'NEU', 'NPC', 'PC3', 'SKB', 'VCAP']",19
BRD-K69501658,13,"['A375', 'A549', 'ASC', 'HA1E', 'HCC515', 'HT29', 'MCF7', 'NEU', 'NPC', 'PC3', 'PHH', 'SKB', 'VCAP']",17
BRD-K63425657,13,"['A375', 'A549', 'ASC', 'HA1E', 'HCC515', 'HEPG2', 'HT29', 'MCF7', 'NEU', 'NPC', 'PC3', 'SKB', 'VCAP']",17
hinokitiol,13,"['A375', 'A549', 'ASC', 'HA1E', 'HCC515', 'HEPG2', 'HT29', 'MCF7', 'NEU', 'NPC', 'PC3', 'SKB', 'VCAP']",19
L-733060,13,"['A375', 'A549', 'ASC', 'HA1E', 'HCC515', 'HEPG2', 'HT29', 'MCF7', 'NPC', 'PC3', 'PHH', 'SKB', 'VCAP']",19
BRD-K84803513,13,"['A375', 'A549', 'ASC', 'HA1E', 'HCC515', 'HEPG2', 'HT29', 'MCF7', 'NEU', 'NPC', 'PC3', 'SKB', 'VCAP']",17
LY-225910,13,"['A375', 'A549', 'ASC', 'HA1E', 'HCC515', 'HEPG2', 'HT29', 'MCF7', 'NPC', 'PC3', 'PHH', 'SKB', 'VCAP']",19
diltiazem,13,"['A375', 'A549', 'ASC', 'HA1E', 'HCC515', 'HEPG2', 'HT29', 'MCF7', 'NPC', 'PC3', 'PHH', 'SKB', 'VCAP']",75
pizotifen,13,"['A375', 'A549', 'ASC', 'HA1E', 'HCC515', 'HEPG2', 'HT29', 'MCF7', 'NPC', 'PC3', 'PHH', 'SKB', 'VCAP']",38
benzydamine,13,"['A375', 'A549', 'ASC', 'HA1E', 'HCC515', 'HEPG2', 'HT29', 'MCF7', 'NPC', 'PC3', 'PHH', 'SKB', 'VCAP']",22
ST-4028268,13,"['A375', 'A549', 'ASC', 'HA1E', 'HCC515', 'HEPG2', 'HT29', 'MCF7', 'NEU', 'NPC', 'PC3', 'SKB', 'VCAP']",17
ST-019366,13,"['A375', 'A549', 'ASC', 'HA1E', 'HCC515', 'HEPG2', 'HT29', 'MCF7', 'NEU', 'NPC', 'PC3', 'SKB', 'VCAP']",17
acarbose,13,"['A375', 'A549', 'ASC', 'HA1E', 'HCC515', 'HEPG2', 'HT29', 'MCF7', 'NPC', 'PC3', 'PHH', 'SKB', 'VCAP']",44
BRD-A04172077,13,"['A375', 'A549', 'ASC', 'HA1E', 'HCC515', 'HT29', 'MCF7', 'NEU', 'NPC', 'PC3', 'PHH', 'SKB', 'VCAP']",17
MRS-1220,13,"['A375', 'A549', 'ASC', 'HA1E', 'HCC515', 'HEPG2', 'HT29', 'MCF7', 'NEU', 'NPC', 'PC3', 'SKB', 'VCAP']",19
gavestinel,13,"['A375', 'A549', 'ASC', 'HA1E', 'HCC515', 'HEPG2', 'HT29', 'MCF7', 'NPC', 'PC3', 'PHH', 'SKB', 'VCAP']",19
DAPT-GSI-IX,13,"['A375', 'A549', 'ASC', 'HA1E', 'HCC515', 'HEPG2', 'HT29', 'MCF7', 'NEU', 'NPC', 'PC3', 'SKB', 'VCAP']",19
BRD-K70974948,13,"['A375', 'A549', 'ASC', 'HA1E', 'HCC515', 'HEPG2', 'HT29', 'MCF7', 'NEU', 'NPC', 'PC3', 'SKB', 'VCAP']",17
NAS-181,13,"['A375', 'A549', 'ASC', 'HA1E', 'HCC515', 'HEPG2', 'HT29', 'MCF7', 'NPC', 'PC3', 'PHH', 'SKB', 'VCAP']",19
flurofamide,13,"['A375', 'A549', 'ASC', 'HA1E', 'HCC515', 'HEPG2', 'HT29', 'MCF7', 'NEU', 'NPC', 'PC3', 'SKB', 'VCAP']",19
bepridil,13,"['A375', 'A549', 'ASC', 'HA1E', 'HCC515', 'HEPG2', 'HT29', 'MCF7', 'NEU', 'NPC', 'PC3', 'SKB', 'VCAP']",26
BMY-14802,13,"['A375', 'A549', 'ASC', 'HA1E', 'HCC515', 'HEPG2', 'HT29', 'MCF7', 'NPC', 'PC3', 'PHH', 'SKB', 'VCAP']",19
CO-102862,13,"['A375', 'A549', 'ASC', 'HA1E', 'HCC515', 'HEPG2', 'HT29', 'MCF7', 'NPC', 'PC3', 'PHH', 'SKB', 'VCAP']",19
T-0156,13,"['A375', 'A549', 'ASC', 'HA1E', 'HCC515', 'HEPG2', 'HT29', 'MCF7', 'NEU', 'NPC', 'PC3', 'SKB', 'VCAP']",27
BRD-A94381689,13,"['A375', 'A549', 'ASC', 'HA1E', 'HCC515', 'HEPG2', 'HT29', 'MCF7', 'NEU', 'NPC', 'PC3', 'SKB', 'VCAP']",17
cromakalim,13,"['A375', 'A549', 'ASC', 'HA1E', 'HCC515', 'HEPG2', 'HT29', 'MCF7', 'NEU', 'NPC', 'PC3', 'SKB', 'VCAP']",19
mycophenolate-mofetil,13,"['A375', 'A549', 'ASC', 'HA1E', 'HCC515', 'HEPG2', 'HT29', 'MCF7', 'NPC', 'PC3', 'PHH', 'SKB', 'VCAP']",19
BRD-A32241587,13,"['A375', 'A549', 'ASC', 'HA1E', 'HCC515', 'HEPG2', 'HT29', 'MCF7', 'NEU', 'NPC', 'PC3', 'SKB', 'VCAP']",17
PD-166793,13,"['A375', 'A549', 'ASC', 'HA1E', 'HCC515', 'HEPG2', 'HT29', 'MCF7', 'NEU', 'NPC', 'PC3', 'SKB', 'VCAP']",19
cisapride,13,"['A375', 'A549', 'ASC', 'HA1E', 'HCC515', 'HEPG2', 'HT29', 'MCF7', 'NPC', 'PC3', 'PHH', 'SKB', 'VCAP']",53
PNU-120596,13,"['A375', 'A549', 'ASC', 'HA1E', 'HCC515', 'HEPG2', 'HT29', 'MCF7', 'NPC', 'PC3', 'PHH', 'SKB', 'VCAP']",19
dehydrocholate,13,"['A375', 'A549', 'ASC', 'HA1E', 'HCC515', 'HEPG2', 'HT29', 'MCF7', 'NPC', 'PC3', 'PHH', 'SKB', 'VCAP']",23
BRD-K56518176,13,"['A375', 'A549', 'ASC', 'HA1E', 'HCC515', 'HT29', 'MCF7', 'NEU', 'NPC', 'PC3', 'PHH', 'SKB', 'VCAP']",17
RAN-02,13,"['A375', 'A549', 'ASC', 'HA1E', 'HCC515', 'HT29', 'MCF7', 'NEU', 'NPC', 'PC3', 'PHH', 'SKB', 'VCAP']",17
danusertib,13,"['A375', 'A549', 'ASC', 'HA1E', 'HCC515', 'HEPG2', 'HT29', 'MCF7', 'NEU', 'NPC', 'PC3', 'SKB', 'VCAP']",17
BRD-A70591769,13,"['A375', 'A549', 'ASC', 'HA1E', 'HCC515', 'HEPG2', 'HT29', 'MCF7', 'NEU', 'NPC', 'PC3', 'SKB', 'VCAP']",17
amperozide,13,"['A375', 'A549', 'ASC', 'HA1E', 'HCC515', 'HEPG2', 'HT29', 'MCF7', 'NPC', 'PC3', 'PHH', 'SKB', 'VCAP']",23
RS-16566,13,"['A375', 'A549', 'ASC', 'HA1E', 'HCC515', 'HEPG2', 'HT29', 'MCF7', 'NEU', 'NPC', 'PC3', 'SKB', 'VCAP']",19
BRD-K54405293,13,"['A375', 'A549', 'ASC', 'HA1E', 'HCC515', 'HEPG2', 'HT29', 'MCF7', 'NEU', 'NPC', 'PC3', 'SKB', 'VCAP']",17
Ro-16-6941,13,"['A375', 'A549', 'ASC', 'HA1E', 'HCC515', 'HEPG2', 'HT29', 'MCF7', 'NPC', 'PC3', 'PHH', 'SKB', 'VCAP']",19
BRD-K30511626,13,"['A375', 'A549', 'ASC', 'HA1E', 'HCC515', 'HEPG2', 'HT29', 'MCF7', 'NEU', 'NPC', 'PC3', 'SKB', 'VCAP']",17
BRD-K69003436,13,"['A375', 'A549', 'ASC', 'HA1E', 'HCC515', 'HT29', 'MCF7', 'NEU', 'NPC', 'PC3', 'PHH', 'SKB', 'VCAP']",17
BRD-K52640952,13,"['A375', 'A549', 'ASC', 'HA1E', 'HCC515', 'HEPG2', 'HT29', 'MCF7', 'NEU', 'NPC', 'PC3', 'SKB', 'VCAP']",17
BRD-K72451865,13,"['A375', 'A549', 'ASC', 'HA1E', 'HCC515', 'HEPG2', 'HT29', 'MCF7', 'NEU', 'NPC', 'PC3', 'SKB', 'VCAP']",17
bendroflumethiazide,13,"['A375', 'A549', 'ASC', 'HA1E', 'HCC515', 'HEPG2', 'HT29', 'MCF7', 'NEU', 'NPC', 'PC3', 'SKB', 'VCAP']",38
triclosan,13,"['A375', 'A549', 'ASC', 'HA1E', 'HCC515', 'HEPG2', 'HT29', 'MCF7', 'NPC', 'PC3', 'PHH', 'SKB', 'VCAP']",27
icilin,13,"['A375', 'A549', 'ASC', 'HA1E', 'HCC515', 'HEPG2', 'HT29', 'MCF7', 'NPC', 'PC3', 'PHH', 'SKB', 'VCAP']",23
quipazine,13,"['A375', 'A549', 'ASC', 'HA1E', 'HCC515', 'HEPG2', 'HT29', 'MCF7', 'NPC', 'PC3', 'PHH', 'SKB', 'VCAP']",27
bumetanide,13,"['A375', 'A549', 'ASC', 'HA1E', 'HCC515', 'HEPG2', 'HT29', 'MCF7', 'NPC', 'PC3', 'PHH', 'SKB', 'VCAP']",33
prothionamide,13,"['A375', 'A549', 'ASC', 'HA1E', 'HCC515', 'HEPG2', 'HT29', 'MCF7', 'NPC', 'PC3', 'PHH', 'SKB', 'VCAP']",23
hexylcaine,13,"['A375', 'A549', 'ASC', 'HA1E', 'HCC515', 'HEPG2', 'HT29', 'MCF7', 'NPC', 'PC3', 'PHH', 'SKB', 'VCAP']",23
BRD-K25070860,13,"['A375', 'A549', 'ASC', 'HA1E', 'HCC515', 'HT29', 'MCF7', 'NEU', 'NPC', 'PC3', 'PHH', 'SKB', 'VCAP']",23
ditolylguanidine,13,"['A375', 'A549', 'ASC', 'HA1E', 'HCC515', 'HEPG2', 'HT29', 'MCF7', 'NPC', 'PC3', 'PHH', 'SKB', 'VCAP']",19
phentermine,13,"['A375', 'A549', 'ASC', 'HA1E', 'HCC515', 'HEPG2', 'HT29', 'MCF7', 'NPC', 'PC3', 'PHH', 'SKB', 'VCAP']",23
ST-4029487,13,"['A375', 'A549', 'ASC', 'HA1E', 'HCC515', 'HEPG2', 'HT29', 'MCF7', 'NEU', 'NPC', 'PC3', 'SKB', 'VCAP']",17
MW-A1-2,13,"['A375', 'A549', 'ASC', 'HA1E', 'HCC515', 'HT29', 'MCF7', 'NEU', 'NPC', 'PC3', 'PHH', 'SKB', 'VCAP']",17
BRD-K86693415,13,"['A375', 'A549', 'ASC', 'HA1E', 'HCC515', 'HT29', 'MCF7', 'NEU', 'NPC', 'PC3', 'PHH', 'SKB', 'VCAP']",32
BRD-K16057611,13,"['A375', 'A549', 'ASC', 'HA1E', 'HCC515', 'HEPG2', 'HT29', 'MCF7', 'NEU', 'NPC', 'PC3', 'SKB', 'VCAP']",17
T-0070907,13,"['A375', 'A549', 'ASC', 'HA1E', 'HCC515', 'HEPG2', 'HT29', 'MCF7', 'NPC', 'PC3', 'PHH', 'SKB', 'VCAP']",19
O-3M3FBS,13,"['A375', 'A549', 'ASC', 'HA1E', 'HCC515', 'HEPG2', 'HT29', 'MCF7', 'NPC', 'PC3', 'PHH', 'SKB', 'VCAP']",23
dibutyrylcyclic-gmp,13,"['A375', 'A549', 'ASC', 'HA1E', 'HCC515', 'HEPG2', 'HT29', 'MCF7', 'NPC', 'PC3', 'PHH', 'SKB', 'VCAP']",19
molsidomine,13,"['A375', 'A549', 'ASC', 'HA1E', 'HCC515', 'HEPG2', 'HT29', 'MCF7', 'NPC', 'PC3', 'PHH', 'SKB', 'VCAP']",23
TUL-XX025TFA,13,"['A375', 'A549', 'ASC', 'HA1E', 'HCC515', 'HT29', 'MCF7', 'NEU', 'NPC', 'PC3', 'PHH', 'SKB', 'VCAP']",17
BRD-K93541117,13,"['A375', 'A549', 'ASC', 'HA1E', 'HCC515', 'HEPG2', 'HT29', 'MCF7', 'NEU', 'NPC', 'PC3', 'SKB', 'VCAP']",19
BRD-K45842176,13,"['A375', 'A549', 'ASC', 'HA1E', 'HCC515', 'HT29', 'MCF7', 'NEU', 'NPC', 'PC3', 'PHH', 'SKB', 'VCAP']",17
W-13,13,"['A375', 'A549', 'ASC', 'HA1E', 'HCC515', 'HEPG2', 'HT29', 'MCF7', 'NPC', 'PC3', 'PHH', 'SKB', 'VCAP']",19
ticlopidine,13,"['A375', 'A549', 'ASC', 'HA1E', 'HCC515', 'HEPG2', 'HT29', 'MCF7', 'NPC', 'PC3', 'PHH', 'SKB', 'VCAP']",34
cilostamide,13,"['A375', 'A549', 'ASC', 'HA1E', 'HCC515', 'HEPG2', 'HT29', 'MCF7', 'NEU', 'NPC', 'PC3', 'SKB', 'VCAP']",67
siguazodan,13,"['A375', 'A549', 'ASC', 'HA1E', 'HCC515', 'HEPG2', 'HT29', 'MCF7', 'NPC', 'PC3', 'PHH', 'SKB', 'VCAP']",34
SB-218078,13,"['A375', 'A549', 'ASC', 'HA1E', 'HCC515', 'HEPG2', 'HT29', 'MCF7', 'NEU', 'NPC', 'PC3', 'SKB', 'VCAP']",23
BRD-K09460252,13,"['A375', 'A549', 'ASC', 'HA1E', 'HCC515', 'HEPG2', 'HT29', 'MCF7', 'NEU', 'NPC', 'PC3', 'SKB', 'VCAP']",17
cyproterone,13,"['A375', 'A549', 'ASC', 'HA1E', 'HCC515', 'HEPG2', 'HT29', 'MCF7', 'NPC', 'PC3', 'PHH', 'SKB', 'VCAP']",23
procainamide,13,"['A375', 'A549', 'ASC', 'HA1E', 'HCC515', 'HEPG2', 'HT29', 'MCF7', 'NPC', 'PC3', 'PHH', 'SKB', 'VCAP']",33
BRD-K97631938,13,"['A375', 'A549', 'ASC', 'HA1E', 'HCC515', 'HT29', 'MCF7', 'NEU', 'NPC', 'PC3', 'PHH', 'SKB', 'VCAP']",17
DH-97,13,"['A375', 'A549', 'ASC', 'HA1E', 'HCC515', 'HEPG2', 'HT29', 'MCF7', 'NPC', 'PC3', 'PHH', 'SKB', 'VCAP']",19
betahistine,13,"['A375', 'A549', 'ASC', 'HA1E', 'HCC515', 'HEPG2', 'HT29', 'MCF7', 'NPC', 'PC3', 'PHH', 'SKB', 'VCAP']",23
nitrocaramiphen,13,"['A375', 'A549', 'ASC', 'HA1E', 'HCC515', 'HEPG2', 'HT29', 'MCF7', 'NEU', 'NPC', 'PC3', 'SKB', 'VCAP']",23
felbamate,13,"['A375', 'A549', 'ASC', 'HA1E', 'HCC515', 'HEPG2', 'HT29', 'MCF7', 'NPC', 'PC3', 'PHH', 'SKB', 'VCAP']",30
CGP-57380,13,"['A375', 'A549', 'ASC', 'HA1E', 'HCC515', 'HEPG2', 'HT29', 'MCF7', 'NPC', 'PC3', 'PHH', 'SKB', 'VCAP']",31
zoxazolamine,13,"['A375', 'A549', 'ASC', 'HA1E', 'HCC515', 'HEPG2', 'HT29', 'MCF7', 'NPC', 'PC3', 'PHH', 'SKB', 'VCAP']",26
BRD-K33676730,13,"['A375', 'A549', 'ASC', 'HA1E', 'HCC515', 'HT29', 'MCF7', 'NEU', 'NPC', 'PC3', 'PHH', 'SKB', 'VCAP']",17
JAK3-inhibitor-V,13,"['A375', 'A549', 'ASC', 'HA1E', 'HCC515', 'HEPG2', 'HT29', 'MCF7', 'NEU', 'NPC', 'PC3', 'SKB', 'VCAP']",19
BRD-K90430314,13,"['A375', 'A549', 'ASC', 'HA1E', 'HCC515', 'HT29', 'MCF7', 'NEU', 'NPC', 'PC3', 'PHH', 'SKB', 'VCAP']",17
piperacetazine,13,"['A375', 'A549', 'ASC', 'HA1E', 'HCC515', 'HEPG2', 'HT29', 'MCF7', 'NPC', 'PC3', 'PHH', 'SKB', 'VCAP']",19
BRD-K43069600,13,"['A375', 'A549', 'ASC', 'HA1E', 'HCC515', 'HT29', 'MCF7', 'NEU', 'NPC', 'PC3', 'PHH', 'SKB', 'VCAP']",32
P-1075,13,"['A375', 'A549', 'ASC', 'HA1E', 'HCC515', 'HEPG2', 'HT29', 'MCF7', 'NPC', 'PC3', 'PHH', 'SKB', 'VCAP']",19
BRD-K76425827,13,"['A375', 'A549', 'ASC', 'HA1E', 'HCC515', 'HT29', 'MCF7', 'NEU', 'NPC', 'PC3', 'PHH', 'SKB', 'VCAP']",17
hydralazine,13,"['A375', 'A549', 'ASC', 'HA1E', 'HCC515', 'HEPG2', 'HT29', 'MCF7', 'NEU', 'NPC', 'PC3', 'SKB', 'VCAP']",22
BRD-A43087975,13,"['A375', 'A549', 'ASC', 'HA1E', 'HCC515', 'HEPG2', 'HT29', 'MCF7', 'NEU', 'NPC', 'PC3', 'SKB', 'VCAP']",17
BRD-K65342895,13,"['A375', 'A549', 'ASC', 'HA1E', 'HCC515', 'HEPG2', 'HT29', 'MCF7', 'NEU', 'NPC', 'PC3', 'SKB', 'VCAP']",17
lidocaine,13,"['A375', 'A549', 'ASC', 'HA1E', 'HCC515', 'HEPG2', 'HT29', 'MCF7', 'NPC', 'PC3', 'PHH', 'SKB', 'VCAP']",33
zardaverine,13,"['A375', 'A549', 'ASC', 'HA1E', 'HCC515', 'HEPG2', 'HT29', 'MCF7', 'NEU', 'NPC', 'PC3', 'SKB', 'VCAP']",34
lumicolchicine,13,"['A375', 'A549', 'ASC', 'HA1E', 'HCC515', 'HEPG2', 'HT29', 'MCF7', 'NPC', 'PC3', 'PHH', 'SKB', 'VCAP']",22
BRD-K37852224,13,"['A375', 'A549', 'ASC', 'HA1E', 'HCC515', 'HT29', 'MCF7', 'NEU', 'NPC', 'PC3', 'PHH', 'SKB', 'VCAP']",17
loxapine,13,"['A375', 'A549', 'ASC', 'HA1E', 'HCC515', 'HEPG2', 'HT29', 'MCF7', 'NEU', 'NPC', 'PC3', 'SKB', 'VCAP']",37
butein,13,"['A375', 'A549', 'ASC', 'HA1E', 'HCC515', 'HEPG2', 'HT29', 'MCF7', 'NPC', 'PC3', 'PHH', 'SKB', 'VCAP']",19
loreclezole,13,"['A375', 'A549', 'ASC', 'HA1E', 'HCC515', 'HEPG2', 'HT29', 'MCF7', 'NEU', 'NPC', 'PC3', 'SKB', 'VCAP']",19
buspirone,13,"['A375', 'A549', 'ASC', 'HA1E', 'HCC515', 'HEPG2', 'HT29', 'MCF7', 'NEU', 'NPC', 'PC3', 'SKB', 'VCAP']",34
BRD-K37883585,13,"['A375', 'A549', 'ASC', 'HA1E', 'HCC515', 'HEPG2', 'HT29', 'MCF7', 'NEU', 'NPC', 'PC3', 'SKB', 'VCAP']",19
buphenine,13,"['A375', 'A549', 'ASC', 'HA1E', 'HCC515', 'HEPG2', 'HT29', 'MCF7', 'NPC', 'PC3', 'PHH', 'SKB', 'VCAP']",23
lobendazole,13,"['A375', 'A549', 'ASC', 'HA1E', 'HCC515', 'HEPG2', 'HT29', 'MCF7', 'NPC', 'PC3', 'PHH', 'SKB', 'VCAP']",23
capecitabine,13,"['A375', 'A549', 'ASC', 'HA1E', 'HCC515', 'HEPG2', 'HT29', 'MCF7', 'NEU', 'NPC', 'PC3', 'SKB', 'VCAP']",17
lobelanidine,13,"['A375', 'A549', 'ASC', 'HA1E', 'HCC515', 'HEPG2', 'HT29', 'MCF7', 'NPC', 'PC3', 'PHH', 'SKB', 'VCAP']",19
AM-630,13,"['A375', 'A549', 'ASC', 'HA1E', 'HCC515', 'HEPG2', 'HT29', 'MCF7', 'NEU', 'NPC', 'PC3', 'SKB', 'VCAP']",19
RHC-80267,13,"['A375', 'A549', 'ASC', 'HA1E', 'HCC515', 'HEPG2', 'HT29', 'MCF7', 'NEU', 'NPC', 'PC3', 'SKB', 'VCAP']",19
AM-251,13,"['A375', 'A549', 'ASC', 'HA1E', 'HCC515', 'HEPG2', 'HT29', 'MCF7', 'NEU', 'NPC', 'PC3', 'SKB', 'VCAP']",32
RG-14620,13,"['A375', 'A549', 'ASC', 'HA1E', 'HCC515', 'HEPG2', 'HT29', 'MCF7', 'NPC', 'PC3', 'PHH', 'SKB', 'VCAP']",19
BRD-K86269644,13,"['A375', 'A549', 'ASC', 'HA1E', 'HCC515', 'HT29', 'MCF7', 'NEU', 'NPC', 'PC3', 'PHH', 'SKB', 'VCAP']",17
RS-56812,13,"['A375', 'A549', 'ASC', 'HA1E', 'HCC515', 'HEPG2', 'HT29', 'MCF7', 'NEU', 'NPC', 'PC3', 'SKB', 'VCAP']",19
RS-504393,13,"['A375', 'A549', 'ASC', 'HA1E', 'HCC515', 'HEPG2', 'HT29', 'MCF7', 'NEU', 'NPC', 'PC3', 'SKB', 'VCAP']",19
BRD-K82685933,12,"['A375', 'A549', 'ASC', 'HA1E', 'HCC515', 'HEPG2', 'HT29', 'MCF7', 'NEU', 'PC3', 'SKB', 'VCAP']",16
clopidogrel,12,"['A375', 'A549', 'FIBRNPC', 'HA1E', 'HCC515', 'HEPG2', 'HT29', 'MCF7', 'NEU', 'NPC', 'PC3', 'VCAP']",19
cortisone,12,"['A375', 'A549', 'FIBRNPC', 'HA1E', 'HCC515', 'HEPG2', 'HT29', 'MCF7', 'NEU', 'NPC', 'PC3', 'VCAP']",48
chromomycin-a3,12,"['A375', 'A549', 'ASC', 'HA1E', 'HCC515', 'HEPG2', 'HT29', 'MCF7', 'PC3', 'PHH', 'SKB', 'VCAP']",15
dactinomycin,12,"['A375', 'A549', 'ASC', 'HA1E', 'HCC515', 'HEPG2', 'HT29', 'MCF7', 'PC3', 'PHH', 'SKB', 'VCAP']",30
amonafide,12,"['A375', 'A549', 'ASC', 'HA1E', 'HCC515', 'HEPG2', 'HT29', 'MCF7', 'NPC', 'PC3', 'SKB', 'VCAP']",15
BRD-A43155244,12,"['A375', 'A549', 'ASC', 'HA1E', 'HCC515', 'HT29', 'MCF7', 'NEU', 'PC3', 'PHH', 'SKB', 'VCAP']",16
benzoxiquine,12,"['A375', 'A549', 'ASC', 'HA1E', 'HCC515', 'HEPG2', 'HT29', 'MCF7', 'PC3', 'PHH', 'SKB', 'VCAP']",22
doxorubicin,12,"['A375', 'A549', 'ASC', 'HA1E', 'HCC515', 'HEPG2', 'HT29', 'MCF7', 'PC3', 'PHH', 'SKB', 'VCAP']",150
CGS-15943,12,"['A375', 'A549', 'HA1E', 'HCC515', 'HEPG2', 'HT29', 'HUH7', 'MCF7', 'NKDBA', 'PC3', 'PHH', 'VCAP']",85
DMeOB,12,"['A375', 'A549', 'HA1E', 'HCC515', 'HEPG2', 'HT29', 'MCF7', 'NPC', 'PC3', 'PHH', 'SKB', 'VCAP']",17
BRD-K03176945,12,"['A375', 'A549', 'ASC', 'HA1E', 'HCC515', 'HEPG2', 'HT29', 'MCF7', 'NPC', 'PC3', 'SKB', 'VCAP']",16
thiocolchicoside,12,"['A375', 'A549', 'ASC', 'HA1E', 'HCC515', 'HEPG2', 'HT29', 'MCF7', 'NPC', 'PC3', 'SKB', 'VCAP']",22
fluoxetine,12,"['A375', 'A549', 'FIBRNPC', 'HA1E', 'HCC515', 'HEPG2', 'HT29', 'MCF7', 'NEU', 'NPC', 'PC3', 'VCAP']",38
PCI-34051,12,"['A375', 'A549', 'FIBRNPC', 'HA1E', 'HCC515', 'HEPG2', 'HT29', 'MCF7', 'NEU', 'NPC', 'PC3', 'VCAP']",131
camptothecin,12,"['A375', 'A549', 'ASC', 'HA1E', 'HCC515', 'HEPG2', 'HT29', 'MCF7', 'NEU', 'PC3', 'SKB', 'VCAP']",87
nicotinamide,12,"['A375', 'A549', 'FIBRNPC', 'HA1E', 'HCC515', 'HEPG2', 'HT29', 'MCF7', 'NEU', 'NPC', 'PC3', 'VCAP']",23
NSC-663284,12,"['A375', 'A549', 'ASC', 'HA1E', 'HCC515', 'HEPG2', 'HT29', 'HUH7', 'MCF7', 'PC3', 'PHH', 'VCAP']",28
NAN-190,12,"['A375', 'A549', 'ASC', 'HA1E', 'HCC515', 'HEPG2', 'HT29', 'MCF7', 'NPC', 'PC3', 'PHH', 'VCAP']",17
metformin,12,"['A375', 'A549', 'FIBRNPC', 'HA1E', 'HCC515', 'HEK293T', 'HT29', 'MCF7', 'NEU', 'NPC', 'PC3', 'VCAP']",36
MY-5445,12,"['A375', 'A549', 'ASC', 'HA1E', 'HCC515', 'HEPG2', 'HT29', 'MCF7', 'NPC', 'PC3', 'PHH', 'VCAP']",18
BRD-K04534322,12,"['A375', 'A549', 'ASC', 'HA1E', 'HCC515', 'HT29', 'MCF7', 'NEU', 'PC3', 'PHH', 'SKB', 'VCAP']",15
BRD-K25731886,12,"['A375', 'A549', 'ASC', 'HA1E', 'HCC515', 'HT29', 'MCF7', 'NEU', 'PC3', 'PHH', 'SKB', 'VCAP']",16
cephaeline,12,"['A375', 'A549', 'ASC', 'HA1E', 'HCC515', 'HEPG2', 'HT29', 'MCF7', 'NEU', 'NPC', 'PC3', 'SKB']",17
sulpiride,12,"['A375', 'A549', 'ASC', 'HA1E', 'HCC515', 'HEPG2', 'HT29', 'MCF7', 'PC3', 'PHH', 'SKB', 'VCAP']",21
MD-II-008-P,12,"['A375', 'A549', 'ASC', 'HA1E', 'HCC515', 'HEPG2', 'HT29', 'MCF7', 'NPC', 'PC3', 'SKB', 'VCAP']",16
bisindolylmaleimide-ix,12,"['A375', 'A549', 'ASC', 'HA1E', 'HCC515', 'HEPG2', 'HT29', 'MCF7', 'NEU', 'PC3', 'SKB', 'VCAP']",21
LY-294002,12,"['A375', 'A549', 'FIBRNPC', 'HA1E', 'HCC515', 'HT29', 'MCF7', 'NEU', 'NKDBA', 'NPC', 'PC3', 'VCAP']",375
RS-17053,12,"['A375', 'A549', 'ASC', 'HA1E', 'HCC515', 'HEPG2', 'HT29', 'MCF7', 'PC3', 'PHH', 'SKB', 'VCAP']",18
BRD-K62970326,12,"['A375', 'A549', 'ASC', 'HA1E', 'HCC515', 'HEPG2', 'HT29', 'MCF7', 'NPC', 'PC3', 'SKB', 'VCAP']",16
L-701252,12,"['A375', 'A549', 'ASC', 'HA1E', 'HCC515', 'HEPG2', 'HT29', 'MCF7', 'NPC', 'PC3', 'PHH', 'VCAP']",17
Ro-08-2750,12,"['A375', 'A549', 'ASC', 'HA1E', 'HCC515', 'HEPG2', 'HT29', 'MCF7', 'PC3', 'PHH', 'SKB', 'VCAP']",18
ivermectin,12,"['A375', 'A549', 'ASC', 'HA1E', 'HCC515', 'HEPG2', 'HT29', 'MCF7', 'PC3', 'PHH', 'SKB', 'VCAP']",21
sulindac,12,"['A375', 'A549', 'FIBRNPC', 'HA1E', 'HCC515', 'HEK293T', 'HT29', 'MCF7', 'NEU', 'NPC', 'PC3', 'VCAP']",42
BRD-K69406317,12,"['A375', 'A549', 'ASC', 'HA1E', 'HCC515', 'HT29', 'MCF7', 'NEU', 'PC3', 'PHH', 'SKB', 'VCAP']",16
IKK-16,12,"['A375', 'A549', 'ASC', 'HA1E', 'HCC515', 'HEPG2', 'HT29', 'MCF7', 'PC3', 'PHH', 'SKB', 'VCAP']",17
KM-00799,12,"['A375', 'A549', 'ASC', 'HA1E', 'HCC515', 'HT29', 'MCF7', 'NPC', 'PC3', 'PHH', 'SKB', 'VCAP']",16
brazilin,12,"['A375', 'A549', 'ASC', 'HA1E', 'HCC515', 'HEPG2', 'HT29', 'MCF7', 'PC3', 'PHH', 'SKB', 'VCAP']",22
BL003-049-HDAC3,11,"['A375', 'A549', 'FIBRNPC', 'HA1E', 'HCC515', 'HEPG2', 'HT29', 'MCF7', 'NEU', 'NPC', 'PC3']",70
BRD-K23582869,11,"['A375', 'A549', 'HA1E', 'HCC515', 'HEPG2', 'HT29', 'MCF7', 'NOMO1', 'PC3', 'THP1', 'VCAP']",44
quinapril,11,"['A375', 'A549', 'HA1E', 'HCC515', 'HEPG2', 'HT29', 'MCF7', 'NEU', 'NPC', 'PC3', 'VCAP']",20
ichthynone,11,"['A375', 'A549', 'HA1E', 'HCC515', 'HEPG2', 'HT29', 'HUH7', 'MCF7', 'PC3', 'PHH', 'VCAP']",27
KI-8751,11,"['A375', 'A549', 'HA1E', 'HCC515', 'HEPG2', 'HT29', 'HUH7', 'MCF7', 'PC3', 'PHH', 'VCAP']",27
BRD-K51556300,11,"['A375', 'A549', 'HA1E', 'HCC515', 'HEPG2', 'HT29', 'MCF7', 'NOMO1', 'PC3', 'THP1', 'VCAP']",45
"hydroxytacrine-maleate-(r,s)",11,"['A375', 'A549', 'FIBRNPC', 'HA1E', 'HCC515', 'HT29', 'MCF7', 'NEU', 'NPC', 'PC3', 'VCAP']",25
SD-6-035-B3,11,"['A375', 'A549', 'HA1E', 'HCC515', 'HEPG2', 'HT29', 'MCF7', 'NEU', 'NPC', 'PC3', 'VCAP']",27
isradipine,11,"['A375', 'A549', 'FIBRNPC', 'HA1E', 'HCC515', 'HT29', 'MCF7', 'NEU', 'NPC', 'PC3', 'VCAP']",36
BRD-K67774729,11,"['A375', 'A549', 'HA1E', 'HCC515', 'HEPG2', 'HT29', 'HUH7', 'MCF7', 'PC3', 'PHH', 'VCAP']",64
selamectin,11,"['A375', 'A549', 'ASC', 'HA1E', 'HCC515', 'HEPG2', 'HT29', 'MCF7', 'PC3', 'PHH', 'VCAP']",20
SJB-shh-31,11,"['A375', 'A549', 'HA1E', 'HCC515', 'HEPG2', 'HT29', 'JURKAT', 'MCF7', 'PC3', 'U266', 'VCAP']",112
BRD-K49010888,11,"['A375', 'A549', 'HA1E', 'HCC515', 'HEPG2', 'HT29', 'MCF7', 'NOMO1', 'PC3', 'THP1', 'VCAP']",45
isonicotinohydroxamic-acid,11,"['A375', 'A549', 'FIBRNPC', 'HA1E', 'HCC515', 'HEPG2', 'HT29', 'MCF7', 'NEU', 'NPC', 'PC3']",111
HDAC1-selective,11,"['A375', 'A549', 'FIBRNPC', 'HA1E', 'HCC515', 'HEPG2', 'HT29', 'MCF7', 'NEU', 'NPC', 'PC3']",118
HDAC3-selective,11,"['A375', 'A549', 'FIBRNPC', 'HA1E', 'HCC515', 'HEPG2', 'HT29', 'MCF7', 'NEU', 'NPC', 'PC3']",118
tacedinaline,11,"['A375', 'A549', 'FIBRNPC', 'HA1E', 'HCC515', 'HEPG2', 'HT29', 'MCF7', 'NEU', 'NPC', 'PC3']",130
Ro-90-7501,11,"['A375', 'A549', 'HA1E', 'HCC515', 'HEPG2', 'HT29', 'HUH7', 'MCF7', 'PC3', 'PHH', 'VCAP']",27
BRD-K61894884,11,"['A375', 'A549', 'FIBRNPC', 'HA1E', 'HCC515', 'HEPG2', 'HT29', 'MCF7', 'NEU', 'NPC', 'PC3']",118
splitomycin,11,"['A375', 'A549', 'FIBRNPC', 'HA1E', 'HCC515', 'HT29', 'MCF7', 'NEU', 'NPC', 'PC3', 'VCAP']",27
phenylbutyrate,11,"['A375', 'A549', 'FIBRNPC', 'HA1E', 'HCC515', 'HT29', 'MCF7', 'NEU', 'NPC', 'PC3', 'VCAP']",17
gemfibrozil,11,"['A375', 'A549', 'FIBRNPC', 'HA1E', 'HCC515', 'HT29', 'MCF7', 'NEU', 'NPC', 'PC3', 'VCAP']",35
gingerol,11,"['A375', 'A549', 'FIBRNPC', 'HA1E', 'HCC515', 'HT29', 'MCF7', 'NEU', 'NPC', 'PC3', 'VCAP']",21
BRD-K55149044,11,"['A375', 'A549', 'HEPG2', 'HT29', 'HUH7', 'MCF7', 'NEU', 'NPC', 'PC3', 'PHH', 'VCAP']",25
paxilline,11,"['A375', 'A549', 'FIBRNPC', 'HA1E', 'HCC515', 'HT29', 'MCF7', 'NEU', 'NPC', 'PC3', 'VCAP']",21
tetrabenazine,11,"['A375', 'A549', 'FIBRNPC', 'HA1E', 'HCC515', 'HT29', 'MCF7', 'NEU', 'NPC', 'PC3', 'VCAP']",33
BRD-K19876534,11,"['A375', 'A549', 'HA1E', 'HCC515', 'HEPG2', 'HT29', 'HUH7', 'MCF7', 'PC3', 'PHH', 'VCAP']",61
zonisamide,11,"['A375', 'A549', 'FIBRNPC', 'HA1E', 'HCC515', 'HT29', 'MCF7', 'NEU', 'NPC', 'PC3', 'VCAP']",31
MPEP,11,"['A375', 'A549', 'ASC', 'FIBRNPC', 'HEPG2', 'HT29', 'MCF7', 'NEU', 'NPC', 'PHH', 'SKB']",17
tranylcypromine,11,"['A375', 'A549', 'FIBRNPC', 'HA1E', 'HCC515', 'HT29', 'MCF7', 'NEU', 'NPC', 'PC3', 'VCAP']",30
flavanone,11,"['A375', 'A549', 'FIBRNPC', 'HA1E', 'HCC515', 'HT29', 'MCF7', 'NEU', 'NPC', 'PC3', 'VCAP']",21
MW-STK33-2B,11,"['A375', 'A549', 'HA1E', 'HCC515', 'HEPG2', 'HT29', 'MCF7', 'NOMO1', 'PC3', 'THP1', 'VCAP']",45
etoposide,11,"['A375', 'A549', 'FIBRNPC', 'HA1E', 'HCC515', 'HT29', 'MCF7', 'NEU', 'NPC', 'PC3', 'VCAP']",43
tyrphostin-AG-527,11,"['A375', 'A549', 'HA1E', 'HCC515', 'HEPG2', 'HT29', 'HUH7', 'MCF7', 'PC3', 'PHH', 'VCAP']",27
MW-STK33-1C,11,"['A375', 'A549', 'HA1E', 'HCC515', 'HEPG2', 'HT29', 'MCF7', 'NOMO1', 'PC3', 'THP1', 'VCAP']",53
norepinephrine,11,"['A375', 'A549', 'FIBRNPC', 'HA1E', 'HCC515', 'HT29', 'MCF7', 'NEU', 'NPC', 'PC3', 'VCAP']",17
CITCO,11,"['A375', 'A549', 'FIBRNPC', 'HA1E', 'HCC515', 'HT29', 'MCF7', 'NEU', 'NPC', 'PC3', 'VCAP']",21
W-5,11,"['A375', 'A549', 'FIBRNPC', 'HA1E', 'HCC515', 'HT29', 'MCF7', 'NEU', 'NPC', 'PC3', 'VCAP']",21
ephedrine,11,"['A375', 'A549', 'FIBRNPC', 'HA1E', 'HCC515', 'HT29', 'MCF7', 'NEU', 'NPC', 'PC3', 'VCAP']",21
BRD-K75627148,11,"['A375', 'A549', 'HA1E', 'HCC515', 'HEPG2', 'HT29', 'HUH7', 'MCF7', 'PC3', 'PHH', 'VCAP']",62
BRD-K99636700,11,"['A375', 'A549', 'FIBRNPC', 'HA1E', 'HCC515', 'HEPG2', 'HT29', 'MCF7', 'NEU', 'NPC', 'PC3']",70
NCH-51,11,"['A375', 'A549', 'FIBRNPC', 'HA1E', 'HCC515', 'HT29', 'MCF7', 'NEU', 'NPC', 'PC3', 'VCAP']",17
BRD-K57064803,11,"['A375', 'A549', 'HA1E', 'HCC515', 'HEPG2', 'HT29', 'HUH7', 'MCF7', 'PC3', 'PHH', 'VCAP']",62
BRD-A62200266,11,"['A375', 'A549', 'HA1E', 'HCC515', 'HT29', 'MCF7', 'NEU', 'NPC', 'PC3', 'PHH', 'VCAP']",14
acadesine,11,"['A375', 'A549', 'ASC', 'FIBRNPC', 'HEPG2', 'HT29', 'MCF7', 'NEU', 'NPC', 'PHH', 'SKB']",17
BRD-K16410418,11,"['A375', 'A549', 'HA1E', 'HCC515', 'HEPG2', 'HT29', 'HUH7', 'MCF7', 'PC3', 'PHH', 'VCAP']",54
NNC-55-0396,11,"['A375', 'A549', 'ASC', 'HA1E', 'HCC515', 'HEPG2', 'HT29', 'MCF7', 'PC3', 'SKB', 'VCAP']",31
benzohydroxamic-acid,11,"['A375', 'A549', 'FIBRNPC', 'HA1E', 'HCC515', 'HEPG2', 'HT29', 'MCF7', 'NEU', 'NPC', 'PC3']",70
BRD-K16956545,11,"['A375', 'A549', 'HA1E', 'HCC515', 'HEPG2', 'HT29', 'HUH7', 'MCF7', 'PC3', 'PHH', 'VCAP']",64
BRD-K41878610,11,"['A375', 'A549', 'HEPG2', 'HT29', 'HUH7', 'MCF7', 'NEU', 'NPC', 'PC3', 'PHH', 'VCAP']",31
BRD-K91781484,11,"['A375', 'A549', 'ASC', 'FIBRNPC', 'HEPG2', 'HT29', 'MCF7', 'NEU', 'NPC', 'PHH', 'SKB']",17
niacin,11,"['A375', 'A549', 'HA1E', 'HCC515', 'HEPG2', 'HT29', 'HUH7', 'MCF7', 'PC3', 'PHH', 'VCAP']",25
cyanopindolol,11,"['A375', 'A549', 'FIBRNPC', 'HA1E', 'HCC515', 'HT29', 'MCF7', 'NEU', 'NPC', 'PC3', 'VCAP']",21
zacopride,11,"['A375', 'A549', 'FIBRNPC', 'HA1E', 'HCC515', 'HT29', 'MCF7', 'NEU', 'NPC', 'PC3', 'VCAP']",32
mitoxantrone,11,"['A375', 'A549', 'HA1E', 'HCC515', 'HEPG2', 'HT29', 'HUH7', 'MCF7', 'PC3', 'PHH', 'VCAP']",94
tolcapone,11,"['A375', 'A549', 'FIBRNPC', 'HA1E', 'HCC515', 'HT29', 'MCF7', 'NEU', 'NPC', 'PC3', 'VCAP']",17
BML-257,11,"['A375', 'A549', 'HA1E', 'HCC515', 'HEPG2', 'HT29', 'MCF7', 'NEU', 'NPC', 'PC3', 'VCAP']",16
BRD-K83694683,11,"['A375', 'A549', 'HA1E', 'HCC515', 'HEPG2', 'HT29', 'HUH7', 'MCF7', 'PC3', 'PHH', 'VCAP']",63
BRD-K35860134,11,"['A375', 'A549', 'HA1E', 'HCC515', 'HEPG2', 'HT29', 'HUH7', 'MCF7', 'PC3', 'PHH', 'VCAP']",62
icosapent,11,"['A375', 'A549', 'FIBRNPC', 'HA1E', 'HCC515', 'HT29', 'MCF7', 'NEU', 'NPC', 'PC3', 'VCAP']",21
tomelukast,11,"['A375', 'A549', 'FIBRNPC', 'HA1E', 'HCC515', 'HT29', 'MCF7', 'NEU', 'NPC', 'PC3', 'VCAP']",32
BRD-K58547375,10,"['A375', 'A549', 'HA1E', 'HCC515', 'HEPG2', 'HT29', 'JURKAT', 'MCF7', 'PC3', 'U266']",101
MW-STK33-2A,10,"['A375', 'A549', 'HA1E', 'HCC515', 'HEPG2', 'HT29', 'MCF7', 'NKDBA', 'PC3', 'VCAP']",25
oxetane,10,"['A375', 'A549', 'HA1E', 'HCC515', 'HEPG2', 'HT29', 'JURKAT', 'MCF7', 'PC3', 'U266']",96
STK-721917,10,"['A375', 'A549', 'HA1E', 'HCC515', 'HEPG2', 'HT29', 'JURKAT', 'MCF7', 'PC3', 'U266']",101
MW-SHH-28,10,"['A375', 'A549', 'HA1E', 'HCC515', 'HEPG2', 'HT29', 'JURKAT', 'MCF7', 'PC3', 'U266']",101
tigecycline,10,"['A375', 'A549', 'HA1E', 'HCC515', 'HEPG2', 'HT29', 'JURKAT', 'MCF7', 'PC3', 'U266']",72
MW-SHH-54,10,"['A375', 'A549', 'HA1E', 'HCC515', 'HEPG2', 'HT29', 'JURKAT', 'MCF7', 'PC3', 'U266']",101
MW-SHH-61,10,"['A375', 'A549', 'HA1E', 'HCC515', 'HEPG2', 'HT29', 'JURKAT', 'MCF7', 'PC3', 'U266']",101
MW-SHH-97,10,"['A375', 'A549', 'HA1E', 'HCC515', 'HEPG2', 'HT29', 'JURKAT', 'MCF7', 'PC3', 'U266']",101
MW-SHH-98,10,"['A375', 'A549', 'HA1E', 'HCC515', 'HEPG2', 'HT29', 'JURKAT', 'MCF7', 'PC3', 'U266']",101
MW-SHH-151,10,"['A375', 'A549', 'HA1E', 'HCC515', 'HEPG2', 'HT29', 'JURKAT', 'MCF7', 'PC3', 'U266']",101
SA-247615,10,"['A375', 'A549', 'HA1E', 'HCC515', 'HEPG2', 'HT29', 'MCF7', 'NKDBA', 'PC3', 'VCAP']",25
MW-SHH-250,10,"['A375', 'A549', 'HA1E', 'HCC515', 'HEPG2', 'HT29', 'JURKAT', 'MCF7', 'PC3', 'U266']",101
SA-247714,10,"['A375', 'A549', 'HA1E', 'HCC515', 'HEPG2', 'HT29', 'MCF7', 'NKDBA', 'PC3', 'VCAP']",25
SA-25547,10,"['A375', 'A549', 'HA1E', 'HCC515', 'HEPG2', 'HT29', 'MCF7', 'NKDBA', 'PC3', 'VCAP']",24
BRD-K55896799,10,"['A375', 'A549', 'HA1E', 'HCC515', 'HEPG2', 'HT29', 'JURKAT', 'MCF7', 'PC3', 'U266']",101
SA-3676,10,"['A375', 'A549', 'HA1E', 'HCC515', 'HEPG2', 'HT29', 'MCF7', 'NKDBA', 'PC3', 'VCAP']",24
SA-423131,10,"['A375', 'A549', 'HA1E', 'HCC515', 'HEPG2', 'HT29', 'MCF7', 'NKDBA', 'PC3', 'VCAP']",25
SA-423167,10,"['A375', 'A549', 'HA1E', 'HCC515', 'HEPG2', 'HT29', 'MCF7', 'NKDBA', 'PC3', 'VCAP']",24
BRD-K00640357,10,"['A375', 'A549', 'HA1E', 'HCC515', 'HEPG2', 'HT29', 'JURKAT', 'MCF7', 'PC3', 'U266']",101
SA-424589,10,"['A375', 'A549', 'HA1E', 'HCC515', 'HEPG2', 'HT29', 'MCF7', 'NKDBA', 'PC3', 'VCAP']",25
SA-424936,10,"['A375', 'A549', 'HA1E', 'HCC515', 'HEPG2', 'HT29', 'MCF7', 'NKDBA', 'PC3', 'VCAP']",25
SA-427543,10,"['A375', 'A549', 'HA1E', 'HCC515', 'HEPG2', 'HT29', 'MCF7', 'NKDBA', 'PC3', 'VCAP']",25
SA-84512,10,"['A375', 'A549', 'HA1E', 'HCC515', 'HEPG2', 'HT29', 'MCF7', 'NKDBA', 'PC3', 'VCAP']",25
SA-85901,10,"['A375', 'A549', 'HA1E', 'HCC515', 'HEPG2', 'HT29', 'MCF7', 'NKDBA', 'PC3', 'VCAP']",25
SA-89068,10,"['A375', 'A549', 'HA1E', 'HCC515', 'HEPG2', 'HT29', 'MCF7', 'NKDBA', 'PC3', 'VCAP']",25
COL-3,10,"['A375', 'A549', 'HA1E', 'HCC515', 'HEPG2', 'HT29', 'JURKAT', 'MCF7', 'PC3', 'U266']",108
SA-94315,10,"['A375', 'A549', 'HA1E', 'HCC515', 'HEPG2', 'HT29', 'MCF7', 'NKDBA', 'PC3', 'VCAP']",25
SA-97259,10,"['A375', 'A549', 'HA1E', 'HCC515', 'HEPG2', 'HT29', 'MCF7', 'NKDBA', 'PC3', 'VCAP']",25
WY-01-034,10,"['A375', 'A549', 'HA1E', 'HCC515', 'HEPG2', 'HT29', 'JURKAT', 'MCF7', 'PC3', 'U266']",101
WY-01-045,10,"['A375', 'A549', 'HA1E', 'HCC515', 'HEPG2', 'HT29', 'JURKAT', 'MCF7', 'PC3', 'U266']",101
elvitegravir,10,"['A375', 'A549', 'HA1E', 'HCC515', 'HEPG2', 'HT29', 'MCF7', 'NEU', 'PC3', 'VCAP']",14
pregnenolone-succinate,10,"['A375', 'A549', 'HA1E', 'HCC515', 'HEPG2', 'HT29', 'MCF7', 'NPC', 'PC3', 'VCAP']",20
BRD-K98948170,10,"['A375', 'A549', 'HA1E', 'HCC515', 'HEPG2', 'HT29', 'JURKAT', 'MCF7', 'PC3', 'U266']",197
hydroxyl,10,"['A375', 'A549', 'HA1E', 'HCC515', 'HEPG2', 'HT29', 'JURKAT', 'MCF7', 'PC3', 'U266']",101
KUC111109N,10,"['A375', 'A549', 'HA1E', 'HCC515', 'HEPG2', 'HT29', 'JURKAT', 'MCF7', 'PC3', 'U266']",101
KUC111774N,10,"['A375', 'A549', 'HA1E', 'HCC515', 'HEPG2', 'HT29', 'JURKAT', 'MCF7', 'PC3', 'U266']",101
acamprosate,10,"['A375', 'A549', 'ASC', 'HEPG2', 'HT29', 'MCF7', 'NPC', 'PC3', 'PHH', 'SKB']",15
acepromazine,10,"['A375', 'A549', 'ASC', 'HEPG2', 'HT29', 'MCF7', 'NPC', 'PC3', 'PHH', 'SKB']",15
BRD-A47832959,10,"['A375', 'A549', 'HA1E', 'HCC515', 'HEPG2', 'HT29', 'MCF7', 'NKDBA', 'PC3', 'VCAP']",25
lansoprazole,10,"['A375', 'A549', 'FIBRNPC', 'HA1E', 'HT29', 'MCF7', 'NEU', 'NPC', 'PC3', 'VCAP']",21
BRD-K93367411,10,"['A375', 'A549', 'HA1E', 'HCC515', 'HEPG2', 'HT29', 'JURKAT', 'MCF7', 'PC3', 'U266']",148
AT1-SHH-29,10,"['A375', 'A549', 'HA1E', 'HCC515', 'HEPG2', 'HT29', 'JURKAT', 'MCF7', 'PC3', 'U266']",101
AT1-SHH-09,10,"['A375', 'A549', 'HA1E', 'HCC515', 'HEPG2', 'HT29', 'JURKAT', 'MCF7', 'PC3', 'U266']",101
pterostilbene,10,"['A375', 'A549', 'FIBRNPC', 'HA1E', 'HT29', 'MCF7', 'NEU', 'NPC', 'PC3', 'VCAP']",17
cytarabine,10,"['A375', 'A549', 'HA1E', 'HS27A', 'HT29', 'MCF7', 'PC3', 'SKM1', 'U937', 'VCAP']",19
BRD-K91338578,10,"['A375', 'A549', 'HA1E', 'HCC515', 'HEPG2', 'HT29', 'JURKAT', 'MCF7', 'PC3', 'U266']",101
SA-103123,10,"['A375', 'A549', 'HA1E', 'HCC515', 'HEPG2', 'HT29', 'MCF7', 'NKDBA', 'PC3', 'VCAP']",25
avicin-d,10,"['A375', 'A549', 'HA1E', 'HCC515', 'HEPG2', 'HT29', 'JURKAT', 'MCF7', 'PC3', 'U266']",98
avicin-g,10,"['A375', 'A549', 'HA1E', 'HCC515', 'HEPG2', 'HT29', 'JURKAT', 'MCF7', 'PC3', 'U266']",94
cephalosporanic-acid,10,"['A375', 'A549', 'ASC', 'HEPG2', 'HT29', 'MCF7', 'NPC', 'PC3', 'PHH', 'SKB']",15
tert-butylhydroquinone,10,"['A375', 'A549', 'HA1E', 'HCC515', 'HEPG2', 'HT29', 'JURKAT', 'MCF7', 'PC3', 'U266']",149
BRD-K17025677,10,"['A375', 'A549', 'HA1E', 'HCC515', 'HEPG2', 'HT29', 'MCF7', 'NKDBA', 'PC3', 'VCAP']",25
BRD-K03829970,9,"['A375', 'A549', 'HA1E', 'HCC515', 'HEPG2', 'HT29', 'MCF7', 'PC3', 'VCAP']",13
KU-C104140,9,"['A375', 'A549', 'HA1E', 'HCC515', 'HEPG2', 'HT29', 'MCF7', 'PC3', 'VCAP']",13
BRD-K60218670,9,"['A375', 'A549', 'HA1E', 'HCC515', 'HEPG2', 'HT29', 'MCF7', 'PC3', 'VCAP']",13
BRD-K18726304,9,"['A375', 'A549', 'HA1E', 'HCC515', 'HEPG2', 'HT29', 'MCF7', 'PC3', 'VCAP']",13
4-carboxy-3-hydroxyphenylglycine-(RS),9,"['A375', 'A549', 'ASC', 'HEPG2', 'HT29', 'MCF7', 'NPC', 'PHH', 'SKB']",11
beclometasone,9,"['A375', 'A549', 'HA1E', 'HCC515', 'HEPG2', 'HT29', 'MCF7', 'PC3', 'VCAP']",17
BRD-K82732294,9,"['A375', 'A549', 'HA1E', 'HCC515', 'HEPG2', 'HT29', 'MCF7', 'PC3', 'VCAP']",13
BRD-K25719068,9,"['A375', 'A549', 'HA1E', 'HCC515', 'HEPG2', 'HT29', 'MCF7', 'PC3', 'VCAP']",13
BRD-K82024442,9,"['A375', 'A549', 'HA1E', 'HCC515', 'HEPG2', 'HT29', 'MCF7', 'PC3', 'VCAP']",13
BRD-K19593010,9,"['A375', 'A549', 'HA1E', 'HCC515', 'HEPG2', 'HT29', 'MCF7', 'PC3', 'VCAP']",13
BRD-K90996982,9,"['A375', 'A549', 'HA1E', 'HCC515', 'HEPG2', 'HT29', 'MCF7', 'PC3', 'VCAP']",13
BRD-K25460880,9,"['A375', 'A549', 'HA1E', 'HCC515', 'HEPG2', 'HT29', 'MCF7', 'PC3', 'VCAP']",13
BRD-K82196068,9,"['A375', 'A549', 'HA1E', 'HCC515', 'HEPG2', 'HT29', 'MCF7', 'PC3', 'VCAP']",13
KU-C104228,9,"['A375', 'A549', 'HA1E', 'HCC515', 'HEPG2', 'HT29', 'MCF7', 'PC3', 'VCAP']",13
BRD-K39921295,9,"['A375', 'A549', 'HA1E', 'HCC515', 'HEPG2', 'HT29', 'MCF7', 'PC3', 'VCAP']",13
ST-014147,9,"['A375', 'A549', 'HA1E', 'HCC515', 'HEPG2', 'HT29', 'MCF7', 'PC3', 'VCAP']",13
BRD-K35191571,9,"['A375', 'A549', 'HA1E', 'HCC515', 'HEPG2', 'HT29', 'MCF7', 'PC3', 'VCAP']",13
BRD-K91028164,9,"['A375', 'A549', 'HA1E', 'HCC515', 'HEPG2', 'HT29', 'MCF7', 'PC3', 'VCAP']",13
BRD-K82092559,9,"['A375', 'A549', 'HA1E', 'HCC515', 'HEPG2', 'HT29', 'MCF7', 'PC3', 'VCAP']",61
BRD-K48803730,9,"['A375', 'A549', 'HA1E', 'HCC515', 'HEPG2', 'HT29', 'MCF7', 'PC3', 'VCAP']",13
BRD-K40941388,9,"['A375', 'A549', 'HA1E', 'HCC515', 'HEPG2', 'HT29', 'MCF7', 'PC3', 'VCAP']",13
KU-C104226,9,"['A375', 'A549', 'HA1E', 'HCC515', 'HEPG2', 'HT29', 'MCF7', 'PC3', 'VCAP']",13
BRD-K34974324,9,"['A375', 'A549', 'HA1E', 'HCC515', 'HEPG2', 'HT29', 'MCF7', 'PC3', 'VCAP']",19
BRD-K06592610,9,"['A375', 'A549', 'HA1E', 'HCC515', 'HEPG2', 'HT29', 'MCF7', 'PC3', 'VCAP']",13
BRD-K34711351,9,"['A375', 'A549', 'HA1E', 'HCC515', 'HEPG2', 'HT29', 'MCF7', 'PC3', 'VCAP']",13
BRD-K19973744,9,"['A375', 'A549', 'HA1E', 'HCC515', 'HEPG2', 'HT29', 'MCF7', 'PC3', 'VCAP']",13
corticosterone,9,"['A375', 'A549', 'HA1E', 'HCC515', 'HEPG2', 'HT29', 'MCF7', 'PC3', 'VCAP']",17
BRD-K06432680,9,"['A375', 'A549', 'HA1E', 'HCC515', 'HEPG2', 'HT29', 'MCF7', 'PC3', 'VCAP']",13
BRD-K91517665,9,"['A375', 'A549', 'HA1E', 'HCC515', 'HEPG2', 'HT29', 'MCF7', 'PC3', 'VCAP']",13
BRD-K56593336,9,"['A375', 'A549', 'HA1E', 'HCC515', 'HEPG2', 'HT29', 'MCF7', 'PC3', 'VCAP']",13
BRD-K91273791,9,"['A375', 'A549', 'HA1E', 'HCC515', 'HEPG2', 'HT29', 'MCF7', 'PC3', 'VCAP']",13
stiripentol,9,"['A375', 'A549', 'HA1E', 'HCC515', 'HEPG2', 'HT29', 'MCF7', 'PC3', 'VCAP']",13
BRD-A05565054,9,"['A375', 'A549', 'HA1E', 'HCC515', 'HEPG2', 'HT29', 'MCF7', 'PC3', 'VCAP']",13
BRD-K53610452,9,"['A375', 'A549', 'HA1E', 'HCC515', 'HEPG2', 'HT29', 'MCF7', 'PC3', 'VCAP']",13
BRD-A11095214,9,"['A375', 'A549', 'HA1E', 'HCC515', 'HEPG2', 'HT29', 'MCF7', 'PC3', 'VCAP']",13
BRD-K84762162,9,"['A375', 'A549', 'HA1E', 'HCC515', 'HEPG2', 'HT29', 'MCF7', 'PC3', 'VCAP']",13
BRD-A19928752,9,"['A375', 'A549', 'HA1E', 'HCC515', 'HEPG2', 'HT29', 'MCF7', 'PC3', 'VCAP']",13
SA-1017940,9,"['A375', 'A549', 'HA1E', 'HCC515', 'HT29', 'MCF7', 'NKDBA', 'PC3', 'VCAP']",23
BRD-A18411371,9,"['A375', 'A549', 'HA1E', 'HCC515', 'HEPG2', 'HT29', 'MCF7', 'PC3', 'VCAP']",13
haloperidol,9,"['A375', 'A549', 'HA1E', 'HCC515', 'HEPG2', 'HT29', 'MCF7', 'PC3', 'VCAP']",31
BRD-K91677732,9,"['A375', 'A549', 'HA1E', 'HCC515', 'HEPG2', 'HT29', 'MCF7', 'PC3', 'VCAP']",13
BRD-K60965159,9,"['A375', 'A549', 'HA1E', 'HCC515', 'HEPG2', 'HT29', 'MCF7', 'PC3', 'VCAP']",13
BRD-K34596778,9,"['A375', 'A549', 'HA1E', 'HCC515', 'HEPG2', 'HT29', 'MCF7', 'PC3', 'VCAP']",13
BRD-K25094947,9,"['A375', 'A549', 'HA1E', 'HCC515', 'HEPG2', 'HT29', 'MCF7', 'PC3', 'VCAP']",13
BRD-K34412705,9,"['A375', 'A549', 'HA1E', 'HCC515', 'HEPG2', 'HT29', 'MCF7', 'PC3', 'VCAP']",13
BRD-K53923665,9,"['A375', 'A549', 'HA1E', 'HCC515', 'HEPG2', 'HT29', 'MCF7', 'PC3', 'VCAP']",13
BRD-K41284916,9,"['A375', 'A549', 'HA1E', 'HCC515', 'HEPG2', 'HT29', 'MCF7', 'PC3', 'VCAP']",13
BRD-K49094915,9,"['A375', 'A549', 'HA1E', 'HCC515', 'HEPG2', 'HT29', 'MCF7', 'PC3', 'VCAP']",13
BRD-K06186994,9,"['A375', 'A549', 'HA1E', 'HCC515', 'HEPG2', 'HT29', 'MCF7', 'PC3', 'VCAP']",13
BRD-K40846327,9,"['A375', 'A549', 'HA1E', 'HCC515', 'HEPG2', 'HT29', 'MCF7', 'PC3', 'VCAP']",13
BRD-K40955748,9,"['A375', 'A549', 'HA1E', 'HCC515', 'HEPG2', 'HT29', 'MCF7', 'PC3', 'VCAP']",13
BRD-K69676861,9,"['A375', 'A549', 'HA1E', 'HCC515', 'HEPG2', 'HT29', 'MCF7', 'PC3', 'VCAP']",13
BRD-K92932331,9,"['A375', 'A549', 'HA1E', 'HCC515', 'HEPG2', 'HT29', 'MCF7', 'PC3', 'VCAP']",13
BRD-K64099269,9,"['A375', 'A549', 'HA1E', 'HCC515', 'HEPG2', 'HT29', 'MCF7', 'PC3', 'VCAP']",21
BRD-K92754162,9,"['A375', 'A549', 'HA1E', 'HCC515', 'HEPG2', 'HT29', 'MCF7', 'PC3', 'VCAP']",13
secoisolariciresinol,9,"['A375', 'A549', 'HA1E', 'HCC515', 'HEPG2', 'HT29', 'MCF7', 'PC3', 'VCAP']",13
BRD-K92033419,9,"['A375', 'A549', 'HA1E', 'HCC515', 'HEPG2', 'HT29', 'MCF7', 'PC3', 'VCAP']",13
methylprednisolone,9,"['A375', 'A549', 'HA1E', 'HCC515', 'HEPG2', 'HT29', 'MCF7', 'PC3', 'VCAP']",13
BRD-K81397638,9,"['A375', 'A549', 'HA1E', 'HCC515', 'HEPG2', 'HT29', 'MCF7', 'PC3', 'VCAP']",13
BRD-K07339740,9,"['A375', 'A549', 'HEPG2', 'HT29', 'HUH7', 'MCF7', 'PC3', 'PHH', 'VCAP']",19
BRD-K39732687,9,"['A375', 'A549', 'HA1E', 'HCC515', 'HEPG2', 'HT29', 'MCF7', 'PC3', 'VCAP']",13
BRD-K11072542,9,"['A375', 'A549', 'HA1E', 'HCC515', 'HEPG2', 'HT29', 'MCF7', 'PC3', 'VCAP']",21
BRD-K41557448,9,"['A375', 'A549', 'ASC', 'HEPG2', 'HT29', 'MCF7', 'NPC', 'PHH', 'SKB']",11
phenelzine,9,"['A375', 'A549', 'HA1E', 'HCC515', 'HEPG2', 'HT29', 'MCF7', 'PC3', 'VCAP']",27
BRD-K39757396,9,"['A375', 'A549', 'HA1E', 'HCC515', 'HEPG2', 'HT29', 'MCF7', 'PC3', 'VCAP']",13
BRD-K37549600,9,"['A375', 'A549', 'HA1E', 'HCC515', 'HEPG2', 'HT29', 'MCF7', 'PC3', 'VCAP']",13
BRD-A22514244,9,"['A375', 'A549', 'HA1E', 'HCC515', 'HEPG2', 'HT29', 'MCF7', 'PC3', 'VCAP']",13
BRD-K69159985,9,"['A375', 'A549', 'HA1E', 'HCC515', 'HEPG2', 'HT29', 'MCF7', 'PC3', 'VCAP']",13
BRD-K93285993,9,"['A375', 'A549', 'HA1E', 'HCC515', 'HEPG2', 'HT29', 'MCF7', 'PC3', 'VCAP']",13
BRD-K10833576,9,"['A375', 'A549', 'HA1E', 'HCC515', 'HEPG2', 'HT29', 'MCF7', 'PC3', 'VCAP']",13
BRD-A31429689,9,"['A375', 'A549', 'HA1E', 'HCC515', 'HEPG2', 'HT29', 'MCF7', 'PC3', 'VCAP']",13
ARG-A1-2,9,"['A375', 'A549', 'HA1E', 'HCC515', 'HEPG2', 'HT29', 'MCF7', 'PC3', 'VCAP']",13
BRD-A30395175,9,"['A375', 'A549', 'ASC', 'HEPG2', 'HT29', 'MCF7', 'NPC', 'PHH', 'SKB']",11
palonosetron,9,"['A375', 'A549', 'HA1E', 'HCC515', 'HEPG2', 'HT29', 'MCF7', 'PC3', 'VCAP']",13
BRD-A25170757,9,"['A375', 'A549', 'HA1E', 'HCC515', 'HEPG2', 'HT29', 'MCF7', 'PC3', 'VCAP']",13
BRD-K69231968,9,"['A375', 'A549', 'HA1E', 'HCC515', 'HEPG2', 'HT29', 'MCF7', 'PC3', 'VCAP']",13
BRD-K93155496,9,"['A375', 'A549', 'HA1E', 'HCC515', 'HEPG2', 'HT29', 'MCF7', 'PC3', 'VCAP']",13
BRD-K63979920,9,"['A375', 'A549', 'HA1E', 'HCC515', 'HEPG2', 'HT29', 'MCF7', 'PC3', 'VCAP']",13
BRD-K80962769,9,"['A375', 'A549', 'HA1E', 'HCC515', 'HEPG2', 'HT29', 'MCF7', 'PC3', 'VCAP']",13
BRD-K24754728,9,"['A375', 'A549', 'HA1E', 'HCC515', 'HEPG2', 'HT29', 'MCF7', 'PC3', 'VCAP']",13
BRD-K33762302,9,"['A375', 'A549', 'HA1E', 'HCC515', 'HEPG2', 'HT29', 'MCF7', 'PC3', 'VCAP']",13
goserelin,9,"['A375', 'A549', 'HA1E', 'HCC515', 'HEPG2', 'HT29', 'MCF7', 'PC3', 'VCAP']",13
BRD-K33459729,9,"['A375', 'A549', 'HA1E', 'HCC515', 'HEPG2', 'HT29', 'MCF7', 'PC3', 'VCAP']",13
BRD-K88008216,9,"['A375', 'A549', 'HA1E', 'HCC515', 'HEPG2', 'HT29', 'MCF7', 'PC3', 'VCAP']",13
BRD-K94296811,9,"['A375', 'A549', 'HA1E', 'HCC515', 'HEPG2', 'HT29', 'MCF7', 'PC3', 'VCAP']",13
BRD-K64314806,9,"['A375', 'A549', 'HA1E', 'HCC515', 'HEPG2', 'HT29', 'MCF7', 'PC3', 'VCAP']",13
BRD-K42006476,9,"['A375', 'A549', 'HA1E', 'HCC515', 'HEPG2', 'HT29', 'MCF7', 'PC3', 'VCAP']",13
BRD-K68158690,9,"['A375', 'A549', 'HA1E', 'HCC515', 'HEPG2', 'HT29', 'MCF7', 'PC3', 'VCAP']",13
dehydrocholic-acid,9,"['A375', 'A549', 'HA1E', 'HCC515', 'HEPG2', 'HT29', 'MCF7', 'PC3', 'VCAP']",16
BRD-K55722623,9,"['A375', 'A549', 'HA1E', 'HCC515', 'HEPG2', 'HT29', 'MCF7', 'PC3', 'VCAP']",13
BRD-K33116223,9,"['A375', 'A549', 'HA1E', 'HCC515', 'HEPG2', 'HT29', 'MCF7', 'PC3', 'VCAP']",13
BRD-K68020183,9,"['A375', 'A549', 'HA1E', 'HCC515', 'HEPG2', 'HT29', 'MCF7', 'PC3', 'VCAP']",13
BRD-K33619512,9,"['A375', 'A549', 'HA1E', 'HCC515', 'HEPG2', 'HT29', 'MCF7', 'PC3', 'VCAP']",13
BRD-K63801873,9,"['A375', 'A549', 'HA1E', 'HCC515', 'HEPG2', 'HT29', 'MCF7', 'PC3', 'VCAP']",13
BRD-K42499654,9,"['A375', 'A549', 'HA1E', 'HCC515', 'HEPG2', 'HT29', 'MCF7', 'PC3', 'VCAP']",13
BRD-K07398339,9,"['A375', 'A549', 'HA1E', 'HCC515', 'HEPG2', 'HT29', 'MCF7', 'PC3', 'VCAP']",13
BRD-K93605482,9,"['A375', 'A549', 'HA1E', 'HCC515', 'HEPG2', 'HT29', 'MCF7', 'PC3', 'VCAP']",13
BRD-K56977905,9,"['A375', 'A549', 'HA1E', 'HCC515', 'HEPG2', 'HT29', 'MCF7', 'PC3', 'VCAP']",13
BRD-K93331292,9,"['A375', 'A549', 'HA1E', 'HCC515', 'HEPG2', 'HT29', 'MCF7', 'PC3', 'VCAP']",13
BRD-K68690198,9,"['A375', 'A549', 'HA1E', 'HCC515', 'HEPG2', 'HT29', 'MCF7', 'PC3', 'VCAP']",13
BRD-K79459005,9,"['A375', 'A549', 'HA1E', 'HCC515', 'HEPG2', 'HT29', 'MCF7', 'PC3', 'VCAP']",13
KUC103424N,9,"['A375', 'A549', 'HA1E', 'HCC515', 'HEPG2', 'HT29', 'MCF7', 'PC3', 'VCAP']",13
BRD-K94987138,9,"['A375', 'A549', 'HA1E', 'HCC515', 'HEPG2', 'HT29', 'MCF7', 'PC3', 'VCAP']",13
BRD-K49477212,9,"['A375', 'A549', 'HA1E', 'HCC515', 'HEPG2', 'HT29', 'MCF7', 'PC3', 'VCAP']",13
BRD-A37735495,9,"['A375', 'A549', 'HA1E', 'HCC515', 'HEPG2', 'HT29', 'MCF7', 'PC3', 'VCAP']",13
BRD-K56024573,9,"['A375', 'A549', 'HA1E', 'HCC515', 'HEPG2', 'HT29', 'MCF7', 'PC3', 'VCAP']",13
BRD-A32440707,9,"['A375', 'A549', 'ASC', 'HEPG2', 'HT29', 'MCF7', 'NPC', 'PHH', 'SKB']",11
homatropine,9,"['A375', 'A549', 'HA1E', 'HCC515', 'HEK293T', 'HT29', 'MCF7', 'PC3', 'VCAP']",49
BRD-K42489623,9,"['A375', 'A549', 'HA1E', 'HCC515', 'HEPG2', 'HT29', 'MCF7', 'PC3', 'VCAP']",13
KU-C104502N,9,"['A375', 'A549', 'HA1E', 'HCC515', 'HEPG2', 'HT29', 'MCF7', 'PC3', 'VCAP']",13
BRD-K32656671,9,"['A375', 'A549', 'HA1E', 'HCC515', 'HEPG2', 'HT29', 'MCF7', 'PC3', 'VCAP']",13
ARG-CSC-18,9,"['A375', 'A549', 'HA1E', 'HCC515', 'HEPG2', 'HT29', 'MCF7', 'PC3', 'VCAP']",13
BRD-K32581454,9,"['A375', 'A549', 'HEPG2', 'HT29', 'HUH7', 'MCF7', 'PC3', 'PHH', 'VCAP']",27
BRD-K90705745,9,"['A375', 'A549', 'HA1E', 'HCC515', 'HEPG2', 'HT29', 'MCF7', 'PC3', 'VCAP']",13
BRD-K94390040,9,"['A375', 'A549', 'HA1E', 'HCC515', 'HEPG2', 'HT29', 'MCF7', 'PC3', 'VCAP']",13
HTS-11203SC,9,"['A375', 'A549', 'HA1E', 'HCC515', 'HEPG2', 'HT29', 'MCF7', 'PC3', 'VCAP']",13
BRD-K95842463,9,"['A375', 'A549', 'HA1E', 'HCC515', 'HEPG2', 'HT29', 'MCF7', 'PC3', 'VCAP']",13
KU-C104486,9,"['A375', 'A549', 'HA1E', 'HCC515', 'HEPG2', 'HT29', 'MCF7', 'PC3', 'VCAP']",13
BRD-K95786143,9,"['A375', 'A549', 'HA1E', 'HCC515', 'HEPG2', 'HT29', 'MCF7', 'PC3', 'VCAP']",13
BRD-K08325710,9,"['A375', 'A549', 'HA1E', 'HCC515', 'HEPG2', 'HT29', 'MCF7', 'PC3', 'VCAP']",13
BRD-K95561591,9,"['A375', 'A549', 'HA1E', 'HCC515', 'HEPG2', 'HT29', 'MCF7', 'PC3', 'VCAP']",13
BRD-K55966666,9,"['A375', 'A549', 'HA1E', 'HCC515', 'HEPG2', 'HT29', 'MCF7', 'PC3', 'VCAP']",13
BRD-K95482240,9,"['A375', 'A549', 'HA1E', 'HCC515', 'HEPG2', 'HT29', 'MCF7', 'PC3', 'VCAP']",13
BRD-K67798612,9,"['A375', 'A549', 'HA1E', 'HCC515', 'HEPG2', 'HT29', 'MCF7', 'PC3', 'VCAP']",13
BRD-K79251086,9,"['A375', 'A549', 'HA1E', 'HCC515', 'HEPG2', 'HT29', 'MCF7', 'PC3', 'VCAP']",13
KU-C104255,9,"['A375', 'A549', 'HA1E', 'HCC515', 'HEPG2', 'HT29', 'MCF7', 'PC3', 'VCAP']",13
BRD-K32568627,9,"['A375', 'A549', 'HA1E', 'HCC515', 'HEPG2', 'HT29', 'MCF7', 'PC3', 'VCAP']",13
BRD-K67742177,9,"['A375', 'A549', 'HA1E', 'HCC515', 'HEPG2', 'HT29', 'MCF7', 'PC3', 'VCAP']",13
BRD-K32188552,9,"['A375', 'A549', 'ASC', 'HEPG2', 'HT29', 'MCF7', 'NPC', 'PHH', 'SKB']",11
ondansetron,9,"['A375', 'A549', 'HA1E', 'HCC515', 'HEPG2', 'HT29', 'MCF7', 'PC3', 'VCAP']",43
BRD-K42841443,9,"['A375', 'A549', 'HA1E', 'HCC515', 'HEPG2', 'HT29', 'MCF7', 'PC3', 'VCAP']",13
ropivacaine,9,"['A375', 'A549', 'HA1E', 'HCC515', 'HEPG2', 'HT29', 'MCF7', 'PC3', 'VCAP']",13
BRD-K96456313,9,"['A375', 'A549', 'HA1E', 'HCC515', 'HEPG2', 'HT29', 'MCF7', 'PC3', 'VCAP']",13
BRD-K86846944,9,"['A375', 'A549', 'HA1E', 'HCC515', 'HEPG2', 'HT29', 'MCF7', 'PC3', 'VCAP']",13
BRD-K96194181,9,"['A375', 'A549', 'HA1E', 'HCC515', 'HEPG2', 'HT29', 'MCF7', 'PC3', 'VCAP']",13
BRD-K07872006,9,"['A375', 'A549', 'HA1E', 'HCC515', 'HEPG2', 'HT29', 'MCF7', 'PC3', 'VCAP']",13
BRD-K96083840,9,"['A375', 'A549', 'HA1E', 'HCC515', 'HEPG2', 'HT29', 'MCF7', 'PC3', 'VCAP']",13
BRD-K55827386,9,"['A375', 'A549', 'HA1E', 'HCC515', 'HEPG2', 'HT29', 'MCF7', 'PC3', 'VCAP']",13
alpha-estradiol,9,"['A375', 'A549', 'HA1E', 'HCC515', 'HEPG2', 'HT29', 'MCF7', 'PC3', 'VCAP']",76
BRD-K23980805,9,"['A375', 'A549', 'HA1E', 'HCC515', 'HEPG2', 'HT29', 'MCF7', 'PC3', 'VCAP']",28
BRD-K32101742,9,"['A375', 'A549', 'HA1E', 'HCC515', 'HEPG2', 'HT29', 'MCF7', 'PC3', 'VCAP']",13
BRD-K60757524,9,"['A375', 'A549', 'HA1E', 'HCC515', 'HEPG2', 'HT29', 'MCF7', 'PC3', 'VCAP']",13
BRD-A43640821,9,"['A375', 'A549', 'HA1E', 'HCC515', 'HEPG2', 'HT29', 'MCF7', 'PC3', 'VCAP']",13
BRD-K24461445,9,"['A375', 'A549', 'HA1E', 'HCC515', 'HEPG2', 'HT29', 'MCF7', 'PC3', 'VCAP']",13
BRD-A42969626,9,"['A375', 'A549', 'HA1E', 'HCC515', 'HEPG2', 'HT29', 'MCF7', 'PC3', 'VCAP']",13
BRD-K05684908,9,"['A375', 'A549', 'HA1E', 'HCC515', 'HEPG2', 'HT29', 'MCF7', 'PC3', 'VCAP']",14
BRD-A40560522,9,"['A375', 'A549', 'HA1E', 'HCC515', 'HEPG2', 'HT29', 'MCF7', 'PC3', 'VCAP']",13
BRD-K50204028,9,"['A375', 'A549', 'HA1E', 'HCC515', 'HEPG2', 'HT29', 'MCF7', 'PC3', 'VCAP']",21
BRD-A54077041,9,"['A375', 'A549', 'HA1E', 'HCC515', 'HEPG2', 'HT29', 'MCF7', 'PC3', 'VCAP']",13
BRD-K21786893,9,"['A375', 'A549', 'HA1E', 'HCC515', 'HEPG2', 'HT29', 'MCF7', 'PC3', 'VCAP']",13
SD-8-006,9,"['A375', 'A549', 'HA1E', 'HCC515', 'HEPG2', 'HT29', 'MCF7', 'PC3', 'VCAP']",24
BRD-K21773564,9,"['A375', 'A549', 'HA1E', 'HCC515', 'HEPG2', 'HT29', 'MCF7', 'PC3', 'VCAP']",12
BRD-A45206415,9,"['A375', 'A549', 'HA1E', 'HCC515', 'HEPG2', 'HT29', 'MCF7', 'PC3', 'VCAP']",13
BRD-K82580504,9,"['A375', 'A549', 'HA1E', 'HCC515', 'HEPG2', 'HT29', 'MCF7', 'PC3', 'VCAP']",13
BRD-K78524708,9,"['A375', 'A549', 'HA1E', 'HCC515', 'HEPG2', 'HT29', 'MCF7', 'PC3', 'VCAP']",13
BRD-K84874839,9,"['A375', 'A549', 'HA1E', 'HCC515', 'HEPG2', 'HT29', 'MCF7', 'PC3', 'VCAP']",13
BRD-K43131268,9,"['A375', 'A549', 'HA1E', 'HCC515', 'HEPG2', 'HT29', 'MCF7', 'PC3', 'VCAP']",13
BRD-K63399564,9,"['A375', 'A549', 'HA1E', 'HCC515', 'HEPG2', 'HT29', 'MCF7', 'PC3', 'VCAP']",13
BRD-K31887147,9,"['A375', 'A549', 'HA1E', 'HCC515', 'HEPG2', 'HT29', 'MCF7', 'PC3', 'VCAP']",13
SD-6-035-B1,9,"['A375', 'A549', 'HA1E', 'HCC515', 'HEPG2', 'HT29', 'MCF7', 'PC3', 'VCAP']",13
acyclovir,9,"['A375', 'A549', 'HA1E', 'HCC515', 'HEPG2', 'HT29', 'MCF7', 'PC3', 'VCAP']",24
synephrine,9,"['A375', 'A549', 'HA1E', 'HCC515', 'HEPG2', 'HT29', 'MCF7', 'PC3', 'VCAP']",17
BRD-K50634134,9,"['A375', 'A549', 'HA1E', 'HCC515', 'HEPG2', 'HT29', 'MCF7', 'PC3', 'VCAP']",13
BRD-K63239300,9,"['A375', 'A549', 'HA1E', 'HCC515', 'HEPG2', 'HT29', 'MCF7', 'PC3', 'VCAP']",13
dilazep,9,"['A375', 'A549', 'HA1E', 'HCC515', 'HT29', 'MCF7', 'NKDBA', 'PC3', 'VCAP']",30
ARG-A1-22,9,"['A375', 'A549', 'HA1E', 'HCC515', 'HEPG2', 'HT29', 'MCF7', 'PC3', 'VCAP']",13
BRD-K31706415,9,"['A375', 'A549', 'HA1E', 'HCC515', 'HEPG2', 'HT29', 'MCF7', 'PC3', 'VCAP']",13
BRD-K50521229,9,"['A375', 'A549', 'HA1E', 'HCC515', 'HEPG2', 'HT29', 'MCF7', 'PC3', 'VCAP']",13
BRD-K31600199,9,"['A375', 'A549', 'HA1E', 'HCC515', 'HEPG2', 'HT29', 'MCF7', 'PC3', 'VCAP']",13
NM-PP1,9,"['A375', 'A549', 'HA1E', 'HCC515', 'HEPG2', 'HT29', 'MCF7', 'PC3', 'VCAP']",13
BRD-K31453413,9,"['A375', 'A549', 'HA1E', 'HCC515', 'HEPG2', 'HT29', 'MCF7', 'PC3', 'VCAP']",13
SD-6-035-A8,9,"['A375', 'A549', 'HA1E', 'HCC515', 'HEPG2', 'HT29', 'MCF7', 'PC3', 'VCAP']",13
BRD-K78388870,9,"['A375', 'A549', 'HA1E', 'HCC515', 'HEPG2', 'HT29', 'MCF7', 'PC3', 'VCAP']",13
propranolol,9,"['A375', 'A549', 'HA1E', 'HCC515', 'HEPG2', 'HT29', 'MCF7', 'PC3', 'VCAP']",21
BRD-K78223772,9,"['A375', 'A549', 'HA1E', 'HCC515', 'HEPG2', 'HT29', 'MCF7', 'PC3', 'VCAP']",13
BRD-K67519589,9,"['A375', 'A549', 'HA1E', 'HCC515', 'HEPG2', 'HT29', 'MCF7', 'PC3', 'VCAP']",13
BRD-K78189262,9,"['A375', 'A549', 'HA1E', 'HCC515', 'HEPG2', 'HT29', 'MCF7', 'PC3', 'VCAP']",13
BRD-K82384352,9,"['A375', 'A549', 'HA1E', 'HCC515', 'HEPG2', 'HT29', 'MCF7', 'PC3', 'VCAP']",13
BRD-K97522823,9,"['A375', 'A549', 'HA1E', 'HCC515', 'HEPG2', 'HT29', 'MCF7', 'PC3', 'VCAP']",13
BRD-K08463963,9,"['A375', 'A549', 'HA1E', 'HCC515', 'HEPG2', 'HT29', 'MCF7', 'PC3', 'VCAP']",13
BRD-A58482795,9,"['A375', 'A549', 'HA1E', 'HCC515', 'HEPG2', 'HT29', 'MCF7', 'PC3', 'VCAP']",13
1-benzylimidazole,9,"['A375', 'A549', 'HA1E', 'HCC515', 'HEPG2', 'HT29', 'MCF7', 'PC3', 'VCAP']",13
BRD-A54632525,9,"['A375', 'A549', 'HA1E', 'HCC515', 'HEPG2', 'HT29', 'MCF7', 'PC3', 'VCAP']",13
JAS07-009,9,"['A375', 'A549', 'HA1E', 'HCC515', 'HEPG2', 'HT29', 'MCF7', 'PC3', 'VCAP']",13
BRD-K77480336,9,"['A375', 'A549', 'HA1E', 'HCC515', 'HEPG2', 'HT29', 'MCF7', 'PC3', 'VCAP']",13
nialamide,9,"['A375', 'A549', 'HA1E', 'HCC515', 'HEPG2', 'HT29', 'MCF7', 'PC3', 'VCAP']",17
BRD-K77762110,9,"['A375', 'A549', 'HA1E', 'HCC515', 'HEPG2', 'HT29', 'MCF7', 'PC3', 'VCAP']",13
JAS07-004,9,"['A375', 'A549', 'HA1E', 'HCC515', 'HEPG2', 'HT29', 'MCF7', 'PC3', 'VCAP']",13
BRD-K98288062,9,"['A375', 'A549', 'HA1E', 'HCC515', 'HEPG2', 'HT29', 'MCF7', 'PC3', 'VCAP']",13
KUC104542N,9,"['A375', 'A549', 'HA1E', 'HCC515', 'HEPG2', 'HT29', 'MCF7', 'PC3', 'VCAP']",13
BRD-K31260488,9,"['A375', 'A549', 'HA1E', 'HCC515', 'HEPG2', 'HT29', 'MCF7', 'PC3', 'VCAP']",13
cefdinir,9,"['A375', 'A549', 'HA1E', 'HCC515', 'HEPG2', 'HT29', 'MCF7', 'PC3', 'VCAP']",17
BRD-K43913647,9,"['A375', 'A549', 'HA1E', 'HCC515', 'HEPG2', 'HT29', 'MCF7', 'PC3', 'VCAP']",13
BRD-K37393297,9,"['A375', 'A549', 'HA1E', 'HCC515', 'HEPG2', 'HT29', 'MCF7', 'PC3', 'VCAP']",13
BRD-K43226598,9,"['A375', 'A549', 'HA1E', 'HCC515', 'HEPG2', 'HT29', 'MCF7', 'PC3', 'VCAP']",13
hydroflumethiazide,9,"['A375', 'A549', 'HA1E', 'HCC515', 'HEK293T', 'HT29', 'MCF7', 'PC3', 'VCAP']",30
BRD-K99146421,9,"['A375', 'A549', 'HA1E', 'HCC515', 'HEPG2', 'HT29', 'MCF7', 'PC3', 'VCAP']",13
BRD-K54285697,9,"['A375', 'A549', 'HA1E', 'HCC515', 'HEPG2', 'HT29', 'MCF7', 'PC3', 'VCAP']",13
BRD-K24053449,9,"['A375', 'A549', 'HA1E', 'HCC515', 'HEPG2', 'HT29', 'MCF7', 'PC3', 'VCAP']",13
BRD-K21482967,9,"['A375', 'A549', 'HA1E', 'HCC515', 'HEPG2', 'HT29', 'MCF7', 'PC3', 'VCAP']",13
BRD-K98834634,9,"['A375', 'A549', 'HA1E', 'HCC515', 'HEPG2', 'HT29', 'MCF7', 'PC3', 'VCAP']",13
BRD-K19056367,9,"['A375', 'A549', 'HA1E', 'HCC515', 'HEPG2', 'HT29', 'MCF7', 'PC3', 'VCAP']",13
BRD-K98739056,9,"['A375', 'A549', 'HA1E', 'HCC515', 'HEPG2', 'HT29', 'MCF7', 'PC3', 'VCAP']",13
SD-6-035-A6,9,"['A375', 'A549', 'HA1E', 'HCC515', 'HEPG2', 'HT29', 'MCF7', 'PC3', 'VCAP']",13
BRD-K76999748,9,"['A375', 'A549', 'HA1E', 'HCC515', 'HEPG2', 'HT29', 'MCF7', 'PC3', 'VCAP']",17
larixinic-acid,9,"['A375', 'A549', 'HA1E', 'HCC515', 'HEPG2', 'HT29', 'MCF7', 'PC3', 'VCAP']",13
BRD-K43806450,9,"['A375', 'A549', 'HA1E', 'HCC515', 'HEPG2', 'HT29', 'MCF7', 'PC3', 'VCAP']",13
SD-6-035-A3,9,"['A375', 'A549', 'HA1E', 'HCC515', 'HEPG2', 'HT29', 'MCF7', 'PC3', 'VCAP']",13
BRD-K76935234,9,"['A375', 'A549', 'HA1E', 'HCC515', 'HEPG2', 'HT29', 'MCF7', 'PC3', 'VCAP']",13
BRD-K81927853,9,"['A375', 'A549', 'HA1E', 'HCC515', 'HEPG2', 'HT29', 'MCF7', 'PC3', 'VCAP']",13
BRD-A61189834,9,"['A375', 'A549', 'HA1E', 'HCC515', 'HEPG2', 'HT29', 'MCF7', 'PC3', 'VCAP']",13
SD-6-035-A12,9,"['A375', 'A549', 'HA1E', 'HCC515', 'HEPG2', 'HT29', 'MCF7', 'PC3', 'VCAP']",27
BRD-K99465084,9,"['A375', 'A549', 'HA1E', 'HCC515', 'HEPG2', 'HT29', 'MCF7', 'PC3', 'VCAP']",17
KUC104235N,9,"['A375', 'A549', 'HA1E', 'HCC515', 'HEPG2', 'HT29', 'MCF7', 'PC3', 'VCAP']",13
BRD-A65516924,9,"['A375', 'A549', 'HA1E', 'HCC515', 'HEPG2', 'HT29', 'MCF7', 'PC3', 'VCAP']",13
rifapentine,9,"['A375', 'A549', 'HA1E', 'HCC515', 'HEPG2', 'HT29', 'MCF7', 'PC3', 'VCAP']",28
BRD-K88013557,9,"['A375', 'A549', 'HA1E', 'HCC515', 'HEPG2', 'HT29', 'MCF7', 'PC3', 'VCAP']",13
BRD-K85853281,9,"['A375', 'A549', 'HA1E', 'HCC515', 'HEPG2', 'HT29', 'MCF7', 'PC3', 'VCAP']",12
BRD-K76846644,9,"['A375', 'A549', 'HA1E', 'HCC515', 'HEPG2', 'HT29', 'MCF7', 'PC3', 'VCAP']",13
BRD-K08799912,9,"['A375', 'A549', 'HA1E', 'HCC515', 'HEPG2', 'HT29', 'MCF7', 'PC3', 'VCAP']",13
chlordiazepoxide,9,"['A375', 'A549', 'HA1E', 'HCC515', 'HEPG2', 'HT29', 'MCF7', 'PC3', 'VCAP']",13
BRD-K86027709,9,"['A375', 'A549', 'HA1E', 'HCC515', 'HEPG2', 'HT29', 'MCF7', 'PC3', 'VCAP']",13
BRD-K30804015,9,"['A375', 'A549', 'HA1E', 'HCC515', 'HEPG2', 'HT29', 'MCF7', 'PC3', 'VCAP']",13
JPR-3-97-17,9,"['A375', 'A549', 'HA1E', 'HCC515', 'HEPG2', 'HT29', 'MCF7', 'PC3', 'VCAP']",13
BRD-K30781400,9,"['A375', 'A549', 'HA1E', 'HCC515', 'HEPG2', 'HT29', 'MCF7', 'PC3', 'VCAP']",13
BRD-K58223721,9,"['A375', 'A549', 'ASC', 'HEPG2', 'HT29', 'MCF7', 'NPC', 'PHH', 'SKB']",11
BRD-K44575778,9,"['A375', 'A549', 'HA1E', 'HCC515', 'HEPG2', 'HT29', 'MCF7', 'PC3', 'VCAP']",13
SD-6-035-A10,9,"['A375', 'A549', 'HA1E', 'HCC515', 'HEPG2', 'HT29', 'MCF7', 'PC3', 'VCAP']",13
BRD-K99756483,9,"['A375', 'A549', 'HA1E', 'HCC515', 'HEPG2', 'HT29', 'MCF7', 'PC3', 'VCAP']",13
BRD-K62719675,9,"['A375', 'A549', 'HA1E', 'HCC515', 'HEPG2', 'HT29', 'MCF7', 'PC3', 'VCAP']",13
BRD-K36317223,9,"['A375', 'A549', 'HA1E', 'HCC515', 'HEPG2', 'HT29', 'MCF7', 'PC3', 'VCAP']",13
BRD-K50907285,9,"['A375', 'A549', 'HA1E', 'HCC515', 'HEPG2', 'HT29', 'MCF7', 'PC3', 'VCAP']",13
BRD-K44484254,9,"['A375', 'A549', 'HA1E', 'HCC515', 'HEPG2', 'HT29', 'MCF7', 'PC3', 'VCAP']",13
BRD-K37724988,9,"['A375', 'A549', 'HA1E', 'HCC515', 'HEPG2', 'HT29', 'MCF7', 'PC3', 'VCAP']",13
BRD-K30523950,9,"['A375', 'A549', 'HA1E', 'HCC515', 'HEPG2', 'HT29', 'MCF7', 'PC3', 'VCAP']",13
BRD-K51155404,9,"['A375', 'A549', 'HA1E', 'HCC515', 'HEPG2', 'HT29', 'MCF7', 'PC3', 'VCAP']",13
BRD-K30463976,9,"['A375', 'A549', 'HA1E', 'HCC515', 'HEPG2', 'HT29', 'MCF7', 'PC3', 'VCAP']",13
BRD-K38698447,9,"['A375', 'A549', 'HA1E', 'HCC515', 'HEPG2', 'HT29', 'MCF7', 'PC3', 'VCAP']",13
BRD-K99633092,9,"['A375', 'A549', 'HA1E', 'HCC515', 'HEPG2', 'HT29', 'MCF7', 'PC3', 'VCAP']",13
BRD-K51126483,9,"['A375', 'A549', 'HA1E', 'HCC515', 'HEPG2', 'HT29', 'MCF7', 'PC3', 'VCAP']",13
BRD-K76612204,9,"['A375', 'A549', 'HA1E', 'HCC515', 'HEPG2', 'HT29', 'MCF7', 'PC3', 'VCAP']",13
BRD-K60070073,9,"['A375', 'A549', 'HA1E', 'HCC515', 'HEPG2', 'HT29', 'MCF7', 'PC3', 'VCAP']",13
BRD-K99582188,9,"['A375', 'A549', 'HA1E', 'HCC515', 'HEPG2', 'HT29', 'MCF7', 'PC3', 'VCAP']",13
BRD-K67414432,9,"['A375', 'A549', 'HA1E', 'HCC515', 'HEPG2', 'HT29', 'MCF7', 'PC3', 'VCAP']",13
BRD-A71707563,9,"['A375', 'A549', 'HA1E', 'HCC515', 'HEPG2', 'HT29', 'MCF7', 'PC3', 'VCAP']",13
BRD-K63129749,9,"['A375', 'A549', 'HA1E', 'HCC515', 'HEPG2', 'HT29', 'MCF7', 'PC3', 'VCAP']",13
BRD-A70311631,9,"['A375', 'A549', 'HA1E', 'HCC515', 'HEPG2', 'HT29', 'MCF7', 'PC3', 'VCAP']",13
BRD-K66359319,9,"['A375', 'A549', 'ASC', 'HA1E', 'HEPG2', 'HT29', 'MCF7', 'PC3', 'VCAP']",13
BRD-A69421747,9,"['A375', 'A549', 'HA1E', 'HCC515', 'HEPG2', 'HT29', 'MCF7', 'PC3', 'VCAP']",13
2-(4-methoxybenzylthio)-6-methylpyrimidin-4-ol,9,"['A375', 'A549', 'HA1E', 'HCC515', 'HEPG2', 'HT29', 'MCF7', 'PC3', 'VCAP']",13
BRD-K44696931,9,"['A375', 'A549', 'HA1E', 'HCC515', 'HEPG2', 'HT29', 'MCF7', 'PC3', 'VCAP']",13
KM-00519SC,9,"['A375', 'A549', 'HA1E', 'HCC515', 'HEPG2', 'HT29', 'MCF7', 'PC3', 'VCAP']",13
ebselen,9,"['A375', 'A549', 'HA1E', 'HCC515', 'HEPG2', 'HT29', 'MCF7', 'PC3', 'VCAP']",24
noreleagnine,9,"['A375', 'A549', 'HA1E', 'HCC515', 'HEPG2', 'HT29', 'MCF7', 'PC3', 'VCAP']",21
BRD-K36772364,9,"['A375', 'A549', 'HA1E', 'HCC515', 'HEPG2', 'HT29', 'MCF7', 'PC3', 'VCAP']",13
BRD-K54168141,9,"['A375', 'A549', 'HA1E', 'HCC515', 'HEPG2', 'HT29', 'MCF7', 'PC3', 'VCAP']",13
BRD-K76363932,9,"['A375', 'A549', 'HA1E', 'HCC515', 'HEPG2', 'HT29', 'MCF7', 'PC3', 'VCAP']",13
BRD-K86565213,9,"['A375', 'A549', 'HA1E', 'HCC515', 'HEPG2', 'HT29', 'MCF7', 'PC3', 'VCAP']",13
BRD-U86222656,9,"['A375', 'A549', 'HA1E', 'HCC515', 'HEPG2', 'HT29', 'MCF7', 'PC3', 'VCAP']",12
BRD-K66448556,9,"['A375', 'A549', 'HA1E', 'HCC515', 'HEPG2', 'HT29', 'MCF7', 'PC3', 'VCAP']",13
BRD-A81372523,9,"['A375', 'A549', 'HA1E', 'HCC515', 'HEPG2', 'HT29', 'MCF7', 'PC3', 'VCAP']",13
BRD-K21009077,9,"['A375', 'A549', 'HA1E', 'HCC515', 'HEPG2', 'HT29', 'MCF7', 'PC3', 'VCAP']",13
BRD-A75301702,9,"['A375', 'A549', 'HA1E', 'HCC515', 'HEPG2', 'HT29', 'MCF7', 'PC3', 'VCAP']",13
BRD-K08887444,9,"['A375', 'A549', 'HA1E', 'HCC515', 'HEPG2', 'HT29', 'MCF7', 'PC3', 'VCAP']",13
CD-00491SC,9,"['A375', 'A549', 'HA1E', 'HCC515', 'HEPG2', 'HT29', 'MCF7', 'PC3', 'VCAP']",26
3-matida,9,"['A375', 'A549', 'ASC', 'HEPG2', 'HT29', 'MCF7', 'NPC', 'PHH', 'SKB']",11
BRD-K36354764,9,"['A375', 'A549', 'HA1E', 'HCC515', 'HEPG2', 'HT29', 'MCF7', 'PC3', 'VCAP']",13
BRD-K23931216,9,"['A375', 'A549', 'HA1E', 'HCC515', 'HEPG2', 'HT29', 'MCF7', 'PC3', 'VCAP']",13
CAM-9-021,9,"['A375', 'A549', 'HA1E', 'HCC515', 'HEPG2', 'HT29', 'MCF7', 'PC3', 'VCAP']",25
BRD-K11224669,9,"['A375', 'A549', 'HA1E', 'HCC515', 'HEPG2', 'HT29', 'MCF7', 'PC3', 'VCAP']",17
BRD-A74608937,9,"['A375', 'A549', 'HA1E', 'HCC515', 'HEPG2', 'HT29', 'MCF7', 'PC3', 'VCAP']",13
BRD-K11778076,9,"['A375', 'A549', 'HA1E', 'HCC515', 'HEPG2', 'HT29', 'MCF7', 'PC3', 'VCAP']",13
BRD-K44978960,9,"['A375', 'A549', 'HA1E', 'HCC515', 'HEPG2', 'HT29', 'MCF7', 'PC3', 'VCAP']",25
cladribine,9,"['A375', 'A549', 'HA1E', 'HCC515', 'HEPG2', 'HT29', 'MCF7', 'PC3', 'VCAP']",28
BRD-K29500995,9,"['A375', 'A549', 'HA1E', 'HCC515', 'HEPG2', 'HT29', 'MCF7', 'PC3', 'VCAP']",13
BRD-K66909449,9,"['A375', 'A549', 'HA1E', 'HCC515', 'HEPG2', 'HT29', 'MCF7', 'PC3', 'VCAP']",13
BRD-A84524947,9,"['A375', 'A549', 'HA1E', 'HCC515', 'HEPG2', 'HT29', 'MCF7', 'PC3', 'VCAP']",13
BRD-K11757396,9,"['A375', 'A549', 'HA1E', 'HCC515', 'HEPG2', 'HT29', 'MCF7', 'PC3', 'VCAP']",13
BRD-A83706824,9,"['A375', 'A549', 'HA1E', 'HCC515', 'HEPG2', 'HT29', 'MCF7', 'PC3', 'VCAP']",13
KU-C103420N,9,"['A375', 'A549', 'HA1E', 'HCC515', 'HEPG2', 'HT29', 'MCF7', 'PC3', 'VCAP']",13
BRD-A82197375,9,"['A375', 'A549', 'HA1E', 'HCC515', 'HEPG2', 'HT29', 'MCF7', 'PC3', 'VCAP']",13
xanthinol,9,"['A375', 'A549', 'HA1E', 'HCC515', 'HEPG2', 'HT29', 'MCF7', 'PC3', 'VCAP']",13
BRD-K74980345,9,"['A375', 'A549', 'HA1E', 'HCC515', 'HEPG2', 'HT29', 'MCF7', 'PC3', 'VCAP']",13
BRD-K10143126,9,"['A375', 'A549', 'HA1E', 'HCC515', 'HEPG2', 'HT29', 'MCF7', 'PC3', 'VCAP']",13
VU-0447134-2,9,"['A375', 'A549', 'HA1E', 'HCC515', 'HEPG2', 'HT29', 'MCF7', 'PC3', 'VCAP']",13
BRD-K37141476,9,"['A375', 'A549', 'HA1E', 'HCC515', 'HEPG2', 'HT29', 'MCF7', 'PC3', 'VCAP']",13
BRD-K45232279,9,"['A375', 'A549', 'HA1E', 'HCC515', 'HEPG2', 'HT29', 'MCF7', 'PC3', 'VCAP']",13
BRD-K09922072,9,"['A375', 'A549', 'HA1E', 'HCC515', 'HEPG2', 'HT29', 'MCF7', 'PC3', 'VCAP']",13
BRD-K45582470,9,"['A375', 'A549', 'HA1E', 'HCC515', 'HEPG2', 'HT29', 'MCF7', 'PC3', 'VCAP']",13
BRD-K19027210,9,"['A375', 'A549', 'HA1E', 'HCC515', 'HEPG2', 'HT29', 'MCF7', 'PC3', 'VCAP']",13
BRD-K75302809,9,"['A375', 'A549', 'HA1E', 'HCC515', 'HEPG2', 'HT29', 'MCF7', 'PC3', 'VCAP']",13
BRD-K09716788,9,"['A375', 'A549', 'HA1E', 'HCC515', 'HEPG2', 'HT29', 'MCF7', 'PC3', 'VCAP']",13
BRD-K74486276,9,"['A375', 'A549', 'HA1E', 'HCC515', 'HEPG2', 'HT29', 'MCF7', 'PC3', 'VCAP']",13
BRD-K61921568,9,"['A375', 'A549', 'HA1E', 'HCC515', 'HEPG2', 'HT29', 'MCF7', 'PC3', 'VCAP']",13
VU-0447127-2,9,"['A375', 'A549', 'HA1E', 'HCC515', 'HEPG2', 'HT29', 'MCF7', 'PC3', 'VCAP']",13
BRD-K38599483,9,"['A375', 'A549', 'HA1E', 'HCC515', 'HEPG2', 'HT29', 'MCF7', 'PC3', 'VCAP']",13
BRD-K29160485,9,"['A375', 'A549', 'HA1E', 'HCC515', 'HEPG2', 'HT29', 'MCF7', 'PC3', 'VCAP']",13
BRD-K14833463,9,"['A375', 'A549', 'HA1E', 'HCC515', 'HEPG2', 'HT29', 'MCF7', 'PC3', 'VCAP']",17
BRD-K74447990,9,"['A375', 'A549', 'HA1E', 'HCC515', 'HEPG2', 'HT29', 'MCF7', 'PC3', 'VCAP']",13
BRD-K51377689,9,"['A375', 'A549', 'HA1E', 'HCC515', 'HEPG2', 'HT29', 'MCF7', 'PC3', 'VCAP']",13
BRD-K74690444,9,"['A375', 'A549', 'HA1E', 'HCC515', 'HEPG2', 'HT29', 'MCF7', 'PC3', 'VCAP']",13
pitavastatin,9,"['A375', 'A549', 'HA1E', 'HCC515', 'HEPG2', 'HT29', 'MCF7', 'PC3', 'VCAP']",13
BRD-A89049230,9,"['A375', 'A549', 'HA1E', 'HCC515', 'HEPG2', 'HT29', 'MCF7', 'PC3', 'VCAP']",13
imipramine,9,"['A375', 'A549', 'HA1E', 'HCC515', 'HEK293T', 'HT29', 'MCF7', 'PC3', 'VCAP']",45
BRD-A87455648,9,"['A375', 'A549', 'HA1E', 'HCC515', 'HEPG2', 'HT29', 'MCF7', 'PC3', 'VCAP']",13
NSC-94258,9,"['A375', 'A549', 'ASC', 'HEPG2', 'HT29', 'MCF7', 'NPC', 'PHH', 'SKB']",11
BRD-A85891951,9,"['A375', 'A549', 'HA1E', 'HCC515', 'HEPG2', 'HT29', 'MCF7', 'PC3', 'VCAP']",13
KM-04644SC,9,"['A375', 'A549', 'HA1E', 'HCC515', 'HEPG2', 'HT29', 'MCF7', 'PC3', 'VCAP']",13
VU-0415533-1,9,"['A375', 'A549', 'HA1E', 'HCC515', 'HEPG2', 'HT29', 'MCF7', 'PC3', 'VCAP']",13
BRD-K54674054,9,"['A375', 'A549', 'HA1E', 'HCC515', 'HEPG2', 'HT29', 'MCF7', 'PC3', 'VCAP']",13
BRD-K45763312,9,"['A375', 'A549', 'HA1E', 'HCC515', 'HEPG2', 'HT29', 'MCF7', 'PC3', 'VCAP']",12
KU-C103676,9,"['A375', 'A549', 'HA1E', 'HCC515', 'HEPG2', 'HT29', 'MCF7', 'PC3', 'VCAP']",13
VU-0415374-1,9,"['A375', 'A549', 'HA1E', 'HCC515', 'HEPG2', 'HT29', 'MCF7', 'PC3', 'VCAP']",13
BRD-K14636731,9,"['A375', 'A549', 'HA1E', 'HCC515', 'HEPG2', 'HT29', 'MCF7', 'PC3', 'VCAP']",13
BRD-K74596421,9,"['A375', 'A549', 'HA1E', 'HCC515', 'HEPG2', 'HT29', 'MCF7', 'PC3', 'VCAP']",13
KU-C103658,9,"['A375', 'A549', 'HA1E', 'HCC515', 'HEPG2', 'HT29', 'MCF7', 'PC3', 'VCAP']",13
BRD-A95795120,9,"['A375', 'A549', 'HA1E', 'HCC515', 'HEPG2', 'HT29', 'MCF7', 'PC3', 'VCAP']",13
RJC-00245SC,9,"['A375', 'A549', 'HA1E', 'HCC515', 'HEPG2', 'HT29', 'MCF7', 'PC3', 'VCAP']",13
BRD-A94567954,9,"['A375', 'A549', 'HA1E', 'HCC515', 'HEPG2', 'HT29', 'MCF7', 'PC3', 'VCAP']",13
KU-C103655,9,"['A375', 'A549', 'HA1E', 'HCC515', 'HEPG2', 'HT29', 'MCF7', 'PC3', 'VCAP']",13
BRD-A93507363,9,"['A375', 'A549', 'HA1E', 'HCC515', 'HEPG2', 'HT29', 'MCF7', 'PC3', 'VCAP']",13
BRD-K18970629,9,"['A375', 'A549', 'HA1E', 'HCC515', 'HEPG2', 'HT29', 'MCF7', 'PC3', 'VCAP']",13
BRD-K74561903,9,"['A375', 'A549', 'HA1E', 'HCC515', 'HEPG2', 'HT29', 'MCF7', 'PC3', 'VCAP']",13
BRD-K65742362,9,"['A375', 'A549', 'HA1E', 'HCC515', 'HEPG2', 'HT29', 'MCF7', 'PC3', 'VCAP']",13
BRD-K73945663,9,"['A375', 'A549', 'HA1E', 'HCC515', 'HEPG2', 'HT29', 'MCF7', 'PC3', 'VCAP']",13
BRD-K20914082,9,"['A375', 'A549', 'HA1E', 'HCC515', 'HEPG2', 'HT29', 'MCF7', 'PC3', 'VCAP']",13
BRD-K74189021,9,"['A375', 'A549', 'HA1E', 'HCC515', 'HEPG2', 'HT29', 'MCF7', 'PC3', 'VCAP']",13
BRD-K65983740,9,"['A375', 'A549', 'HA1E', 'HCC515', 'HEPG2', 'HT29', 'MCF7', 'PC3', 'VCAP']",13
BRD-K74155249,9,"['A375', 'A549', 'HA1E', 'HCC515', 'HEPG2', 'HT29', 'MCF7', 'PC3', 'VCAP']",13
BRD-K15428056,9,"['A375', 'A549', 'HA1E', 'HCC515', 'HEPG2', 'HT29', 'MCF7', 'PC3', 'VCAP']",15
BRD-A99218607,9,"['A375', 'A549', 'HA1E', 'HCC515', 'HEPG2', 'HT29', 'MCF7', 'PC3', 'VCAP']",13
BRD-K65904652,9,"['A375', 'A549', 'HA1E', 'HCC515', 'HEPG2', 'HT29', 'MCF7', 'PC3', 'VCAP']",13
BRD-A98444709,9,"['A375', 'A549', 'HA1E', 'HCC515', 'HEPG2', 'HT29', 'MCF7', 'PC3', 'VCAP']",13
lofexidine,9,"['A375', 'A549', 'HA1E', 'HCC515', 'HEPG2', 'HT29', 'MCF7', 'PC3', 'VCAP']",17
CHIR-99021,9,"['BT20', 'FIBRNPC', 'HS578T', 'MCF10A', 'MCF7', 'MDAMB231', 'NEU', 'NPC', 'SKBR3']",60
BRD-K51774655,9,"['A375', 'A549', 'HA1E', 'HCC515', 'HEPG2', 'HT29', 'MCF7', 'PC3', 'VCAP']",13
VU-0404997-2,9,"['A375', 'A549', 'HA1E', 'HCC515', 'HEPG2', 'HT29', 'MCF7', 'PC3', 'VCAP']",13
SA-1457945,9,"['A375', 'A549', 'HT29', 'MCF7', 'NEU', 'NKDBA', 'NPC', 'PC3', 'VCAP']",26
BRD-K46373671,9,"['A375', 'A549', 'HA1E', 'HCC515', 'HEPG2', 'HT29', 'MCF7', 'PC3', 'VCAP']",13
BRD-K23103632,9,"['A375', 'A549', 'HA1E', 'HCC515', 'HEPG2', 'HT29', 'MCF7', 'PC3', 'VCAP']",13
BRD-K00289828,9,"['A375', 'A549', 'HA1E', 'HCC515', 'HEPG2', 'HT29', 'MCF7', 'PC3', 'VCAP']",13
BRD-K12393722,9,"['A375', 'A549', 'HA1E', 'HCC515', 'HEPG2', 'HT29', 'MCF7', 'PC3', 'VCAP']",13
VU-0402605,9,"['A375', 'A549', 'HA1E', 'HCC515', 'HEPG2', 'HT29', 'MCF7', 'PC3', 'VCAP']",13
KU-C103871,9,"['A375', 'A549', 'HA1E', 'HCC515', 'HEPG2', 'HT29', 'MCF7', 'PC3', 'VCAP']",13
VU-0400195-3,9,"['A375', 'A549', 'HA1E', 'HCC515', 'HEPG2', 'HT29', 'MCF7', 'PC3', 'VCAP']",13
MW-MITF9,9,"['A375', 'A549', 'HA1E', 'HCC515', 'HEPG2', 'HT29', 'MCF7', 'PC3', 'VCAP']",13
VU-0400071-3,9,"['A375', 'A549', 'HA1E', 'HCC515', 'HEPG2', 'HT29', 'MCF7', 'PC3', 'VCAP']",13
BRD-K51896917,9,"['A375', 'A549', 'HA1E', 'HCC515', 'HEPG2', 'HT29', 'MCF7', 'PC3', 'VCAP']",13
VU-0366037-2,9,"['A375', 'A549', 'HA1E', 'HCC515', 'HEPG2', 'HT29', 'MCF7', 'PC3', 'VCAP']",13
BRD-K89696951,9,"['A375', 'A549', 'HA1E', 'HCC515', 'HEPG2', 'HT29', 'MCF7', 'PC3', 'VCAP']",13
VU-0011562,9,"['A375', 'A549', 'HA1E', 'HCC515', 'HEPG2', 'HT29', 'MCF7', 'PC3', 'VCAP']",13
MW-MITF28,9,"['A375', 'A549', 'HA1E', 'HCC515', 'HEPG2', 'HT29', 'MCF7', 'PC3', 'VCAP']",26
CS-110266,9,"['A375', 'A549', 'ASC', 'FIBRNPC', 'HT29', 'MCF7', 'NEU', 'NPC', 'SKB']",15
BRD-K89486464,9,"['A375', 'A549', 'HA1E', 'HCC515', 'HEPG2', 'HT29', 'MCF7', 'PC3', 'VCAP']",13
BRD-K74126469,9,"['A375', 'A549', 'HA1E', 'HCC515', 'HEPG2', 'HT29', 'MCF7', 'PC3', 'VCAP']",13
BRD-K18814832,9,"['A375', 'A549', 'HA1E', 'HCC515', 'HEPG2', 'HT29', 'MCF7', 'PC3', 'VCAP']",13
BRD-K00442147,9,"['A375', 'A549', 'HA1E', 'HCC515', 'HEPG2', 'HT29', 'MCF7', 'PC3', 'VCAP']",13
BRD-K57457519,9,"['A375', 'A549', 'HA1E', 'HCC515', 'HEPG2', 'HT29', 'MCF7', 'PC3', 'VCAP']",13
BRD-K00429057,9,"['A375', 'A549', 'HA1E', 'HCC515', 'HEPG2', 'HT29', 'MCF7', 'PC3', 'VCAP']",13
SA-84902,9,"['A375', 'A549', 'HT29', 'MCF7', 'NEU', 'NKDBA', 'NPC', 'PC3', 'VCAP']",25
BRD-K46532897,9,"['A375', 'A549', 'HA1E', 'HCC515', 'HEPG2', 'HT29', 'MCF7', 'PC3', 'VCAP']",13
BRD-K89832926,9,"['A375', 'A549', 'HA1E', 'HCC515', 'HEPG2', 'HT29', 'MCF7', 'PC3', 'VCAP']",13
ethambutol,9,"['A375', 'A549', 'HA1E', 'HCC515', 'HEPG2', 'HT29', 'MCF7', 'PC3', 'VCAP']",16
BRD-K52341396,9,"['A375', 'A549', 'HA1E', 'HCC515', 'HEPG2', 'HT29', 'MCF7', 'PC3', 'VCAP']",13
BRD-K28892486,9,"['A375', 'A549', 'HA1E', 'HCC515', 'HEPG2', 'HT29', 'MCF7', 'PC3', 'VCAP']",13
BRD-K14027855,9,"['A375', 'A549', 'HA1E', 'HCC515', 'HEPG2', 'HT29', 'MCF7', 'PC3', 'VCAP']",13
BRD-K46692335,9,"['A375', 'A549', 'HA1E', 'HCC515', 'HEPG2', 'HT29', 'MCF7', 'PC3', 'VCAP']",13
BRD-K10649245,9,"['A375', 'A549', 'HA1E', 'HCC515', 'HEPG2', 'HT29', 'MCF7', 'PC3', 'VCAP']",13
BRD-K46645809,9,"['A375', 'A549', 'HA1E', 'HCC515', 'HEPG2', 'HT29', 'MCF7', 'PC3', 'VCAP']",13
SA-1459291,9,"['A375', 'A549', 'HT29', 'MCF7', 'NEU', 'NKDBA', 'NPC', 'PC3', 'VCAP']",26
BRD-K73567619,9,"['A375', 'A549', 'HA1E', 'HCC515', 'HEPG2', 'HT29', 'MCF7', 'PC3', 'VCAP']",13
KU-C103867,9,"['A375', 'A549', 'HA1E', 'HCC515', 'HEPG2', 'HT29', 'MCF7', 'PC3', 'VCAP']",13
BRD-K88269385,9,"['A375', 'A549', 'HA1E', 'HCC515', 'HEPG2', 'HT29', 'MCF7', 'PC3', 'VCAP']",13
BRD-K13604076,9,"['A375', 'A549', 'HA1E', 'HCC515', 'HEPG2', 'HT29', 'MCF7', 'PC3', 'VCAP']",13
BRD-K73315009,9,"['A375', 'A549', 'HA1E', 'HCC515', 'HEPG2', 'HT29', 'MCF7', 'PC3', 'VCAP']",13
SA-432998,9,"['A375', 'A549', 'HA1E', 'HCC515', 'HEPG2', 'HT29', 'MCF7', 'PC3', 'VCAP']",21
BRD-K01265221,9,"['A375', 'A549', 'HA1E', 'HCC515', 'HEPG2', 'HT29', 'MCF7', 'PC3', 'VCAP']",13
SA-1463810,9,"['A375', 'A549', 'HT29', 'MCF7', 'NEU', 'NKDBA', 'NPC', 'PC3', 'VCAP']",25
BRD-K01089529,9,"['A375', 'A549', 'HA1E', 'HCC515', 'HEPG2', 'HT29', 'MCF7', 'PC3', 'VCAP']",13
BRD-K13277629,9,"['A375', 'A549', 'HA1E', 'HCC515', 'HEPG2', 'HT29', 'MCF7', 'PC3', 'VCAP']",13
BRD-K88668992,9,"['A375', 'A549', 'HA1E', 'HCC515', 'HEPG2', 'HT29', 'MCF7', 'PC3', 'VCAP']",13
BRD-K57443339,9,"['A375', 'A549', 'HA1E', 'HCC515', 'HEPG2', 'HT29', 'MCF7', 'PC3', 'VCAP']",13
BRD-K28284219,9,"['A375', 'A549', 'HA1E', 'HCC515', 'HEPG2', 'HT29', 'MCF7', 'PC3', 'VCAP']",13
SA-424763,9,"['A375', 'A549', 'HT29', 'MCF7', 'NEU', 'NKDBA', 'NPC', 'PC3', 'VCAP']",26
RDR-01440SC,9,"['A375', 'A549', 'HA1E', 'HCC515', 'HEPG2', 'HT29', 'MCF7', 'PC3', 'VCAP']",13
BRD-K90417362,9,"['A375', 'A549', 'HA1E', 'HCC515', 'HEPG2', 'HT29', 'MCF7', 'PC3', 'VCAP']",13
BRD-K00256256,9,"['A375', 'A549', 'HA1E', 'HCC515', 'HEPG2', 'HT29', 'MCF7', 'PC3', 'VCAP']",13
SA-424577,9,"['A375', 'A549', 'HA1E', 'HCC515', 'HEPG2', 'HT29', 'MCF7', 'PC3', 'VCAP']",21
tremulacin,9,"['A375', 'A549', 'HA1E', 'HCC515', 'HEPG2', 'HT29', 'MCF7', 'PC3', 'VCAP']",13
mafenide,9,"['A375', 'A549', 'HA1E', 'HCC515', 'HEPG2', 'HT29', 'MCF7', 'PC3', 'VCAP']",24
BRD-K02175743,9,"['A375', 'A549', 'HA1E', 'HCC515', 'HEPG2', 'HT29', 'MCF7', 'PC3', 'VCAP']",13
BRD-K52524742,9,"['A375', 'A549', 'HA1E', 'HCC515', 'HEPG2', 'HT29', 'MCF7', 'PC3', 'VCAP']",13
EMF-csc-9,9,"['A375', 'A549', 'HA1E', 'HCC515', 'HEPG2', 'HT29', 'MCF7', 'PC3', 'VCAP']",25
MW-MITF22,9,"['A375', 'A549', 'HA1E', 'HCC515', 'HEPG2', 'HT29', 'MCF7', 'PC3', 'VCAP']",13
BRD-K72817452,9,"['A375', 'A549', 'HA1E', 'HCC515', 'HEPG2', 'HT29', 'MCF7', 'PC3', 'VCAP']",13
KU-C103884,9,"['A375', 'A549', 'HA1E', 'HCC515', 'HEPG2', 'HT29', 'MCF7', 'PC3', 'VCAP']",13
BRD-K01806521,9,"['A375', 'A549', 'HA1E', 'HCC515', 'HEPG2', 'HT29', 'MCF7', 'PC3', 'VCAP']",13
BRD-K37021324,9,"['A375', 'A549', 'HA1E', 'HCC515', 'HEPG2', 'HT29', 'MCF7', 'PC3', 'VCAP']",13
BRD-K46836114,9,"['A375', 'A549', 'ASC', 'HEPG2', 'HT29', 'MCF7', 'NPC', 'PHH', 'SKB']",11
BRD-K64979116,9,"['A375', 'A549', 'HA1E', 'HCC515', 'HEPG2', 'HT29', 'MCF7', 'PC3', 'VCAP']",13
BRD-K28377013,9,"['A375', 'A549', 'HA1E', 'HCC515', 'HEPG2', 'HT29', 'MCF7', 'PC3', 'VCAP']",13
BRD-K89412978,9,"['A375', 'A549', 'HA1E', 'HCC515', 'HEPG2', 'HT29', 'MCF7', 'PC3', 'VCAP']",13
tubastatin-a,9,"['A375', 'A549', 'HA1E', 'HCC515', 'HEPG2', 'HT29', 'MCF7', 'PC3', 'VCAP']",125
BRD-K65148867,9,"['A375', 'A549', 'HA1E', 'HCC515', 'HEPG2', 'HT29', 'MCF7', 'PC3', 'VCAP']",13
BRD-K83929831,9,"['A375', 'A549', 'HA1E', 'HCC515', 'HEPG2', 'HT29', 'MCF7', 'PC3', 'VCAP']",13
BRD-K55116708,9,"['A375', 'A549', 'HA1E', 'HCC515', 'HEPG2', 'HT29', 'MCF7', 'PC3', 'VCAP']",13
BRD-K02969269,9,"['A375', 'A549', 'HA1E', 'HCC515', 'HEPG2', 'HT29', 'MCF7', 'PC3', 'VCAP']",13
KU-C104123,9,"['A375', 'A549', 'HA1E', 'HCC515', 'HEPG2', 'HT29', 'MCF7', 'PC3', 'VCAP']",13
BRD-K71915010,9,"['A375', 'A549', 'HA1E', 'HCC515', 'HEPG2', 'HT29', 'MCF7', 'PC3', 'VCAP']",13
BRD-K15054362,9,"['A375', 'A549', 'HA1E', 'HCC515', 'HEPG2', 'HT29', 'MCF7', 'PC3', 'VCAP']",13
BRD-K47147974,9,"['A375', 'A549', 'HA1E', 'HCC515', 'HEPG2', 'HT29', 'MCF7', 'PC3', 'VCAP']",13
KU-C103904N,9,"['A375', 'A549', 'HA1E', 'HCC515', 'HEPG2', 'HT29', 'MCF7', 'PC3', 'VCAP']",13
BRD-K84091085,9,"['A375', 'A549', 'HA1E', 'HCC515', 'HEPG2', 'HT29', 'MCF7', 'PC3', 'VCAP']",13
BRD-K37043259,9,"['A375', 'A549', 'HA1E', 'HCC515', 'HEPG2', 'HT29', 'MCF7', 'PC3', 'VCAP']",13
BRD-K02920722,9,"['A375', 'A549', 'HA1E', 'HCC515', 'HEPG2', 'HT29', 'MCF7', 'PC3', 'VCAP']",13
BRD-K14975149,9,"['A375', 'A549', 'HA1E', 'HCC515', 'HEPG2', 'HT29', 'MCF7', 'PC3', 'VCAP']",13
BRD-K02641134,9,"['A375', 'A549', 'HA1E', 'HCC515', 'HEPG2', 'HT29', 'MCF7', 'PC3', 'VCAP']",13
BRD-K83780283,9,"['A375', 'A549', 'HA1E', 'HCC515', 'HEPG2', 'HT29', 'MCF7', 'PC3', 'VCAP']",13
BRD-K84102257,9,"['A375', 'A549', 'HA1E', 'HCC515', 'HEPG2', 'HT29', 'MCF7', 'PC3', 'VCAP']",13
SA-422830,9,"['A375', 'A549', 'HA1E', 'HCC515', 'HEPG2', 'HT29', 'MCF7', 'PC3', 'VCAP']",21
BRD-K17969842,9,"['A375', 'A549', 'HA1E', 'HCC515', 'HEPG2', 'HT29', 'MCF7', 'PC3', 'VCAP']",13
BRD-K61106942,9,"['A375', 'A549', 'HA1E', 'HCC515', 'HEPG2', 'HT29', 'MCF7', 'PC3', 'VCAP']",13
BRD-K18249495,9,"['A375', 'A549', 'HA1E', 'HCC515', 'HEPG2', 'HT29', 'MCF7', 'PC3', 'VCAP']",13
KU-C104250,9,"['A375', 'A549', 'HA1E', 'HCC515', 'HEPG2', 'HT29', 'MCF7', 'PC3', 'VCAP']",13
BRD-K57732441,9,"['A375', 'A549', 'HA1E', 'HCC515', 'HEPG2', 'HT29', 'MCF7', 'PC3', 'VCAP']",13
BRD-K87371039,9,"['A375', 'A549', 'HA1E', 'HCC515', 'HEPG2', 'HT29', 'MCF7', 'PC3', 'VCAP']",13
BRD-K47490989,9,"['A375', 'A549', 'HA1E', 'HCC515', 'HEPG2', 'HT29', 'MCF7', 'PC3', 'VCAP']",13
BRD-K57309821,9,"['A375', 'A549', 'HA1E', 'HCC515', 'HEPG2', 'HT29', 'MCF7', 'PC3', 'VCAP']",13
BRD-K27290412,9,"['A375', 'A549', 'HA1E', 'HCC515', 'HEPG2', 'HT29', 'MCF7', 'PC3', 'VCAP']",13
BRD-K05197617,9,"['A375', 'A549', 'HA1E', 'HCC515', 'HEPG2', 'HT29', 'MCF7', 'PC3', 'VCAP']",13
BRD-K27151060,9,"['A375', 'A549', 'HA1E', 'HCC515', 'HEPG2', 'HT29', 'MCF7', 'PC3', 'VCAP']",13
SA-247384,9,"['A375', 'A549', 'HA1E', 'HCC515', 'HEPG2', 'HT29', 'MCF7', 'PC3', 'VCAP']",21
BRD-K47802551,9,"['A375', 'A549', 'HA1E', 'HCC515', 'HEPG2', 'HT29', 'MCF7', 'PC3', 'VCAP']",13
BRD-K70646792,9,"['A375', 'A549', 'HA1E', 'HCC515', 'HEPG2', 'HT29', 'MCF7', 'PC3', 'VCAP']",13
BRD-K71746288,9,"['A375', 'A549', 'HA1E', 'HCC515', 'HEPG2', 'HT29', 'MCF7', 'PC3', 'VCAP']",13
SA-1973507,9,"['A375', 'A549', 'HEPG2', 'HT29', 'HUH7', 'MCF7', 'PC3', 'PHH', 'VCAP']",27
BRD-K84106030,9,"['A375', 'A549', 'HA1E', 'HCC515', 'HEPG2', 'HT29', 'MCF7', 'PC3', 'VCAP']",13
BRD-K86231656,9,"['A375', 'A549', 'HA1E', 'HCC515', 'HEPG2', 'HT29', 'MCF7', 'PC3', 'VCAP']",13
BRD-K70977695,9,"['A375', 'A549', 'HA1E', 'HCC515', 'HEPG2', 'HT29', 'MCF7', 'PC3', 'VCAP']",13
KU-C104223,9,"['A375', 'A549', 'HA1E', 'HCC515', 'HEPG2', 'HT29', 'MCF7', 'PC3', 'VCAP']",13
BRD-K47690943,9,"['A375', 'A549', 'HA1E', 'HCC515', 'HEPG2', 'HT29', 'MCF7', 'PC3', 'VCAP']",13
BRD-K89224880,9,"['A375', 'A549', 'HA1E', 'HCC515', 'HEPG2', 'HT29', 'MCF7', 'PC3', 'VCAP']",13
BRD-K26822808,9,"['A375', 'A549', 'HA1E', 'HCC515', 'HEPG2', 'HT29', 'MCF7', 'PC3', 'VCAP']",13
KU-C104145,9,"['A375', 'A549', 'HA1E', 'HCC515', 'HEPG2', 'HT29', 'MCF7', 'PC3', 'VCAP']",13
BRD-K71140693,9,"['A375', 'A549', 'HA1E', 'HCC515', 'HEPG2', 'HT29', 'MCF7', 'PC3', 'VCAP']",13
KU-C104133,9,"['A375', 'A549', 'HA1E', 'HCC515', 'HEPG2', 'HT29', 'MCF7', 'PC3', 'VCAP']",13
BRD-K71540055,9,"['A375', 'A549', 'HA1E', 'HCC515', 'HEPG2', 'HT29', 'MCF7', 'PC3', 'VCAP']",13
BRD-K64881093,9,"['A375', 'A549', 'HA1E', 'HCC515', 'HEPG2', 'HT29', 'MCF7', 'PC3', 'VCAP']",13
tinidazole,9,"['A375', 'A549', 'HA1E', 'HCC515', 'HEPG2', 'HT29', 'MCF7', 'PC3', 'VCAP']",17
BRD-K18749194,9,"['A375', 'A549', 'HA1E', 'HCC515', 'HEPG2', 'HT29', 'MCF7', 'PC3', 'VCAP']",13
tibolone,9,"['A375', 'A549', 'HA1E', 'HCC515', 'HEPG2', 'HT29', 'MCF7', 'PC3', 'VCAP']",12
BRD-K85051645,9,"['A375', 'A549', 'HA1E', 'HCC515', 'HEPG2', 'HT29', 'MCF7', 'PC3', 'VCAP']",28
BRD-K85147876,9,"['A375', 'A549', 'HA1E', 'HCC515', 'HEPG2', 'HT29', 'MCF7', 'PC3', 'VCAP']",13
BRD-K86492010,9,"['A375', 'A549', 'HA1E', 'HCC515', 'HEPG2', 'HT29', 'MCF7', 'PC3', 'VCAP']",13
BRD-K47917680,9,"['A375', 'A549', 'HA1E', 'HCC515', 'HEPG2', 'HT29', 'MCF7', 'PC3', 'VCAP']",13
BRD-K53461563,9,"['A375', 'A549', 'HA1E', 'HCC515', 'HEPG2', 'HT29', 'MCF7', 'PC3', 'VCAP']",13
BRD-K26211296,9,"['A375', 'A549', 'HA1E', 'HCC515', 'HEPG2', 'HT29', 'MCF7', 'PC3', 'VCAP']",13
4-hydroxy-2-nonenal,9,"['A375', 'A549', 'ASC', 'HEPG2', 'HT29', 'MCF7', 'NPC', 'PHH', 'SKB']",11
BRD-K25835021,9,"['A375', 'A549', 'HA1E', 'HCC515', 'HEPG2', 'HT29', 'MCF7', 'PC3', 'VCAP']",13
BRD-K53423944,9,"['A375', 'A549', 'HA1E', 'HCC515', 'HEPG2', 'HT29', 'MCF7', 'PC3', 'VCAP']",13
BRD-K70831943,9,"['A375', 'A549', 'HA1E', 'HCC515', 'HEPG2', 'HT29', 'MCF7', 'PC3', 'VCAP']",13
nicotinyl-alcohol-tartrate,9,"['A375', 'A549', 'HA1E', 'HCC515', 'HEPG2', 'HT29', 'MCF7', 'PC3', 'VCAP']",13
BRD-K70751730,9,"['A375', 'A549', 'HA1E', 'HCC515', 'HEPG2', 'HT29', 'MCF7', 'PC3', 'VCAP']",13
BRD-K64754843,9,"['A375', 'A549', 'HA1E', 'HCC515', 'HEPG2', 'HT29', 'MCF7', 'PC3', 'VCAP']",13
BRD-K70693222,9,"['A375', 'A549', 'HA1E', 'HCC515', 'HEPG2', 'HT29', 'MCF7', 'PC3', 'VCAP']",27
BRD-K03704870,9,"['A375', 'A549', 'HA1E', 'HCC515', 'HEPG2', 'HT29', 'MCF7', 'PC3', 'VCAP']",13
4-(2-amino-ethyl)-benzenesulfonamide,9,"['A375', 'A549', 'HA1E', 'HCC515', 'HEPG2', 'HT29', 'MCF7', 'PC3', 'VCAP']",13
BRD-K89306950,9,"['A375', 'A549', 'HA1E', 'HCC515', 'HEPG2', 'HT29', 'MCF7', 'PC3', 'VCAP']",13
KU-C104132,9,"['A375', 'A549', 'HA1E', 'HCC515', 'HEPG2', 'HT29', 'MCF7', 'PC3', 'VCAP']",13
balsalazide,9,"['A375', 'A549', 'HA1E', 'HCC515', 'HEPG2', 'HT29', 'MCF7', 'PC3', 'VCAP']",12
terazosin,9,"['A375', 'A549', 'HA1E', 'HCC515', 'HEPG2', 'HT29', 'MCF7', 'PC3', 'VCAP']",28
azauridine,9,"['A375', 'A549', 'HA1E', 'HCC515', 'HEPG2', 'HT29', 'MCF7', 'PC3', 'VCAP']",13
BRD-K91184774,9,"['A375', 'A549', 'HA1E', 'HCC515', 'HEPG2', 'HT29', 'MCF7', 'PC3', 'VCAP']",13
BJM-CSC-15,9,"['A375', 'A549', 'HA1E', 'HCC515', 'HEPG2', 'HT29', 'MCF7', 'PC3', 'VCAP']",38
BRD-K70508482,9,"['A375', 'A549', 'HA1E', 'HCC515', 'HEPG2', 'HT29', 'MCF7', 'PC3', 'VCAP']",13
BRD-K90041947,9,"['A375', 'A549', 'HA1E', 'HCC515', 'HEPG2', 'HT29', 'MCF7', 'PC3', 'VCAP']",13
SA-1460224,9,"['A375', 'A549', 'HT29', 'MCF7', 'NEU', 'NKDBA', 'NPC', 'PC3', 'VCAP']",26
BRD-K89546934,9,"['A375', 'A549', 'HA1E', 'HCC515', 'HEPG2', 'HT29', 'MCF7', 'PC3', 'VCAP']",13
BRD-K87387614,9,"['A375', 'A549', 'HA1E', 'HCC515', 'HEPG2', 'HT29', 'MCF7', 'PC3', 'VCAP']",13
BRD-K40151202,9,"['A375', 'A549', 'HA1E', 'HCC515', 'HEPG2', 'HT29', 'MCF7', 'PC3', 'VCAP']",35
BRD-K53501402,9,"['A375', 'A549', 'HA1E', 'HCC515', 'HEPG2', 'HT29', 'MCF7', 'PC3', 'VCAP']",13
citalopram,9,"['A375', 'A549', 'HA1E', 'HCC515', 'HEPG2', 'HT29', 'MCF7', 'PC3', 'VCAP']",43
BRD-K36490574,9,"['A375', 'A549', 'HA1E', 'HCC515', 'HEPG2', 'HT29', 'MCF7', 'PC3', 'VCAP']",13
BRD-K82524003,9,"['A375', 'A549', 'HA1E', 'HCC515', 'HEPG2', 'HT29', 'MCF7', 'PC3', 'VCAP']",33
SA-1457472,9,"['A375', 'A549', 'HT29', 'MCF7', 'NEU', 'NKDBA', 'NPC', 'PC3', 'VCAP']",26
BRD-K90700939,9,"['A375', 'A549', 'HA1E', 'HCC515', 'HEPG2', 'HT29', 'MCF7', 'PC3', 'VCAP']",13
BRD-K53638321,9,"['A375', 'A549', 'HA1E', 'HCC515', 'HEPG2', 'HT29', 'MCF7', 'PC3', 'VCAP']",13
BRD-K40480443,9,"['A375', 'A549', 'HA1E', 'HCC515', 'HEPG2', 'HT29', 'MCF7', 'PC3', 'VCAP']",13
atomoxetine,9,"['A375', 'A549', 'HA1E', 'HCC515', 'HEPG2', 'HT29', 'MCF7', 'PC3', 'VCAP']",30
BRD-K82747512,9,"['A375', 'A549', 'HA1E', 'HCC515', 'HEPG2', 'HT29', 'MCF7', 'PC3', 'VCAP']",13
granisetron,9,"['A375', 'A549', 'HA1E', 'HCC515', 'HEPG2', 'HT29', 'MCF7', 'PC3', 'VCAP']",17
BRD-K81933000,9,"['A375', 'A549', 'HA1E', 'HCC515', 'HEPG2', 'HT29', 'MCF7', 'PC3', 'VCAP']",13
KU-C104230,9,"['A375', 'A549', 'HA1E', 'HCC515', 'HEPG2', 'HT29', 'MCF7', 'PC3', 'VCAP']",13
BRD-K90970920,9,"['A375', 'A549', 'HA1E', 'HCC515', 'HEPG2', 'HT29', 'MCF7', 'PC3', 'VCAP']",13
ST-014366,9,"['A375', 'A549', 'HA1E', 'HCC515', 'HEPG2', 'HT29', 'MCF7', 'PC3', 'VCAP']",13
BRD-K35254025,9,"['A375', 'A549', 'HA1E', 'HCC515', 'HEPG2', 'HT29', 'MCF7', 'PC3', 'VCAP']",13
BRD-K04695623,9,"['A375', 'A549', 'HA1E', 'HCC515', 'HEPG2', 'HT29', 'MCF7', 'PC3', 'VCAP']",13
BRD-K82034465,9,"['A375', 'A549', 'HA1E', 'HCC515', 'HEPG2', 'HT29', 'MCF7', 'PC3', 'VCAP']",13
BRD-K04676863,9,"['A375', 'A549', 'HA1E', 'HCC515', 'HEPG2', 'HT29', 'MCF7', 'PC3', 'VCAP']",13
BRD-K34968258,9,"['A375', 'A549', 'HA1E', 'HCC515', 'HEPG2', 'HT29', 'MCF7', 'PC3', 'VCAP']",13
KU-C104224,9,"['A375', 'A549', 'HA1E', 'HCC515', 'HEPG2', 'HT29', 'MCF7', 'PC3', 'VCAP']",13
BRD-K34092011,9,"['A375', 'A549', 'HA1E', 'HCC515', 'HEPG2', 'HT29', 'MCF7', 'PC3', 'VCAP']",13
BRD-K86899078,9,"['A375', 'A549', 'HA1E', 'HCC515', 'HEPG2', 'HT29', 'MCF7', 'PC3', 'VCAP']",13
BRD-K91264756,9,"['A375', 'A549', 'HA1E', 'HCC515', 'HEPG2', 'HT29', 'MCF7', 'PC3', 'VCAP']",13
BRD-K69695287,9,"['A375', 'A549', 'HA1E', 'HCC515', 'HEPG2', 'HT29', 'MCF7', 'PC3', 'VCAP']",13
BRD-A11087911,9,"['A375', 'A549', 'HA1E', 'HCC515', 'HEPG2', 'HT29', 'MCF7', 'PC3', 'VCAP']",13
BRD-K06217810,9,"['A375', 'A549', 'HA1E', 'HCC515', 'HEPG2', 'HT29', 'MCF7', 'PC3', 'VCAP']",13
BRD-A17664363,9,"['A375', 'A549', 'HA1E', 'HCC515', 'HEPG2', 'HT29', 'MCF7', 'PC3', 'VCAP']",13
BRD-K53932786,9,"['A375', 'A549', 'HA1E', 'HCC515', 'HEPG2', 'HT29', 'MCF7', 'PC3', 'VCAP']",13
BRD-K34495954,9,"['A375', 'A549', 'HA1E', 'HCC515', 'HEPG2', 'HT29', 'MCF7', 'PC3', 'VCAP']",13
BRD-K24894325,9,"['A375', 'A549', 'HA1E', 'HCC515', 'HEPG2', 'HT29', 'MCF7', 'PC3', 'VCAP']",13
BRD-K41240505,9,"['A375', 'A549', 'HA1E', 'HCC515', 'HEPG2', 'HT29', 'MCF7', 'PC3', 'VCAP']",13
BRD-K57037351,9,"['A375', 'A549', 'HA1E', 'HCC515', 'HEPG2', 'HT29', 'MCF7', 'PC3', 'VCAP']",13
BRD-K40949493,9,"['A375', 'A549', 'HA1E', 'HCC515', 'HEPG2', 'HT29', 'MCF7', 'PC3', 'VCAP']",13
BRD-K84770158,9,"['A375', 'A549', 'HA1E', 'HCC515', 'HEPG2', 'HT29', 'MCF7', 'PC3', 'VCAP']",13
BRD-K92107474,9,"['A375', 'A549', 'HA1E', 'HCC515', 'HEPG2', 'HT29', 'MCF7', 'PC3', 'VCAP']",13
penicillin,9,"['A375', 'A549', 'HA1E', 'HCC515', 'HEPG2', 'HT29', 'MCF7', 'PC3', 'VCAP']",17
BRD-K81300454,9,"['A375', 'A549', 'HA1E', 'HCC515', 'HEPG2', 'HT29', 'MCF7', 'PC3', 'VCAP']",13
HTMT,9,"['A375', 'A549', 'HA1E', 'HCC515', 'HEPG2', 'HT29', 'MCF7', 'PC3', 'VCAP']",28
anastrozole,9,"['A375', 'A549', 'HA1E', 'HCC515', 'HEPG2', 'HT29', 'MCF7', 'PC3', 'VCAP']",17
BRD-K56983253,9,"['A375', 'A549', 'HA1E', 'HCC515', 'HEPG2', 'HT29', 'MCF7', 'PC3', 'VCAP']",13
BRD-A21812217,9,"['A375', 'A549', 'HA1E', 'HCC515', 'HEPG2', 'HT29', 'MCF7', 'PC3', 'VCAP']",13
BRD-K69021489,9,"['A375', 'A549', 'HA1E', 'HCC515', 'HEPG2', 'HT29', 'MCF7', 'PC3', 'VCAP']",13
BRD-A30856524,9,"['A375', 'A549', 'ASC', 'HEPG2', 'HT29', 'MCF7', 'NPC', 'PHH', 'SKB']",11
BRD-K10806285,9,"['A375', 'A549', 'HA1E', 'HCC515', 'HEPG2', 'HT29', 'MCF7', 'PC3', 'VCAP']",13
BRD-K93229693,9,"['A375', 'A549', 'HA1E', 'HCC515', 'HEPG2', 'HT29', 'MCF7', 'PC3', 'VCAP']",13
BRD-K24861700,9,"['A375', 'A549', 'HA1E', 'HCC515', 'HEPG2', 'HT29', 'MCF7', 'PC3', 'VCAP']",13
benzbromarone,9,"['A375', 'A549', 'HA1E', 'HCC515', 'HEPG2', 'HT29', 'MCF7', 'PC3', 'VCAP']",36
BRD-K57293132,9,"['A375', 'A549', 'HA1E', 'HCC515', 'HEPG2', 'HT29', 'MCF7', 'PC3', 'VCAP']",13
BRD-K92981876,9,"['A375', 'A549', 'HA1E', 'HCC515', 'HEPG2', 'HT29', 'MCF7', 'PC3', 'VCAP']",13
BRD-K48969316,9,"['A375', 'A549', 'HA1E', 'HCC515', 'HEPG2', 'HT29', 'MCF7', 'PC3', 'VCAP']",13
BRD-K83816656,9,"['A375', 'A549', 'HA1E', 'HCC515', 'HEPG2', 'HT29', 'MCF7', 'PC3', 'VCAP']",13
BRD-K64304398,9,"['A375', 'A549', 'HA1E', 'HCC515', 'HEPG2', 'HT29', 'MCF7', 'PC3', 'VCAP']",13
BRD-K33045404,9,"['A375', 'A549', 'HA1E', 'HCC515', 'HEPG2', 'HT29', 'MCF7', 'PC3', 'VCAP']",13
BRD-K07452532,9,"['A375', 'A549', 'HA1E', 'HCC515', 'HEPG2', 'HT29', 'MCF7', 'PC3', 'VCAP']",14
BRD-K80602561,9,"['A375', 'A549', 'HA1E', 'HCC515', 'HEPG2', 'HT29', 'MCF7', 'PC3', 'VCAP']",13
BRD-K15888437,9,"['A375', 'A549', 'HA1E', 'HCC515', 'HEPG2', 'HT29', 'MCF7', 'PC3', 'VCAP']",13
BRD-K93302072,9,"['A375', 'A549', 'HA1E', 'HCC515', 'HEPG2', 'HT29', 'MCF7', 'PC3', 'VCAP']",13
BRD-K49553303,9,"['A375', 'A549', 'HA1E', 'HCC515', 'HEPG2', 'HT29', 'MCF7', 'PC3', 'VCAP']",13
BRD-A24225650,9,"['A375', 'A549', 'HA1E', 'HCC515', 'HEPG2', 'HT29', 'MCF7', 'PC3', 'VCAP']",13
KUC103423N,9,"['A375', 'A549', 'HA1E', 'HCC515', 'HEPG2', 'HT29', 'MCF7', 'PC3', 'VCAP']",13
BRD-K94580036,9,"['A375', 'A549', 'HA1E', 'HCC515', 'HEPG2', 'HT29', 'MCF7', 'PC3', 'VCAP']",13
BRD-K24686773,9,"['A375', 'A549', 'HA1E', 'HCC515', 'HEPG2', 'HT29', 'MCF7', 'PC3', 'VCAP']",13
BRD-K32598858,9,"['A375', 'A549', 'ASC', 'HEPG2', 'HT29', 'MCF7', 'NPC', 'PHH', 'SKB']",11
BRD-K15885023,9,"['A375', 'A549', 'HA1E', 'HCC515', 'HEPG2', 'HT29', 'MCF7', 'PC3', 'VCAP']",13
BRD-K94381355,9,"['A375', 'A549', 'HA1E', 'HCC515', 'HEPG2', 'HT29', 'MCF7', 'PC3', 'VCAP']",13
ARG-CSC-22,9,"['A375', 'A549', 'HA1E', 'HCC515', 'HEPG2', 'HT29', 'MCF7', 'PC3', 'VCAP']",13
BRD-K95673125,9,"['A375', 'A549', 'HA1E', 'HCC515', 'HEPG2', 'HT29', 'MCF7', 'PC3', 'VCAP']",13
KU-C104337,9,"['A375', 'A549', 'HA1E', 'HCC515', 'HEPG2', 'HT29', 'MCF7', 'PC3', 'VCAP']",12
BRD-K79381128,9,"['A375', 'A549', 'HA1E', 'HCC515', 'HEPG2', 'HT29', 'MCF7', 'PC3', 'VCAP']",13
ARG-CSC-26,9,"['A375', 'A549', 'HA1E', 'HCC515', 'HEPG2', 'HT29', 'MCF7', 'PC3', 'VCAP']",13
BRD-K32238524,9,"['A375', 'A549', 'HA1E', 'HCC515', 'HEPG2', 'HT29', 'MCF7', 'PC3', 'VCAP']",13
BRD-K55844427,9,"['A375', 'A549', 'HA1E', 'HCC515', 'HEPG2', 'HT29', 'MCF7', 'PC3', 'VCAP']",13
BRD-K79491139,9,"['A375', 'A549', 'HA1E', 'HCC515', 'HEPG2', 'HT29', 'MCF7', 'PC3', 'VCAP']",13
rolitetracycline,9,"['A375', 'A549', 'HA1E', 'HCC515', 'HEPG2', 'HT29', 'MCF7', 'PC3', 'VCAP']",13
BRD-K96147838,9,"['A375', 'A549', 'HA1E', 'HCC515', 'HEPG2', 'HT29', 'MCF7', 'PC3', 'VCAP']",13
BRD-K21822525,9,"['A375', 'A549', 'HA1E', 'HCC515', 'HEPG2', 'HT29', 'MCF7', 'PC3', 'VCAP']",13
BRD-K32112425,9,"['A375', 'A549', 'HA1E', 'HCC515', 'HEPG2', 'HT29', 'MCF7', 'PC3', 'VCAP']",24
BRD-K23978082,9,"['A375', 'A549', 'HA1E', 'HCC515', 'HEPG2', 'HT29', 'MCF7', 'PC3', 'VCAP']",13
BIX-02188,9,"['A375', 'A549', 'HA1E', 'HCC515', 'HEPG2', 'HT29', 'MCF7', 'PC3', 'VCAP']",25
BRD-K58519325,9,"['A375', 'A549', 'HA1E', 'HCC515', 'HEPG2', 'HT29', 'MCF7', 'PC3', 'VCAP']",13
BRD-A39599596,9,"['A375', 'A549', 'HA1E', 'HCC515', 'HEPG2', 'HT29', 'MCF7', 'PC3', 'VCAP']",13
BRD-K50177987,9,"['A375', 'A549', 'HA1E', 'HCC515', 'HEPG2', 'HT29', 'MCF7', 'PC3', 'VCAP']",13
BRD-A45657137,9,"['A375', 'A549', 'HA1E', 'HCC515', 'HEPG2', 'HT29', 'MCF7', 'PC3', 'VCAP']",13
BRD-K86905031,9,"['A375', 'A549', 'HA1E', 'HCC515', 'HEPG2', 'HT29', 'MCF7', 'PC3', 'VCAP']",13
BRD-K96621343,9,"['A375', 'A549', 'HA1E', 'HCC515', 'HEPG2', 'HT29', 'MCF7', 'PC3', 'VCAP']",13
SD-6-035-B2,9,"['A375', 'A549', 'HA1E', 'HCC515', 'HEPG2', 'HT29', 'MCF7', 'PC3', 'VCAP']",13
BRD-K31856043,9,"['A375', 'A549', 'HA1E', 'HCC515', 'HEPG2', 'HT29', 'MCF7', 'PC3', 'VCAP']",13
BRD-K15440898,9,"['A375', 'A549', 'HA1E', 'HCC515', 'HEPG2', 'HT29', 'MCF7', 'PC3', 'VCAP']",13
BJM-AF-64,9,"['A375', 'A549', 'HA1E', 'HCC515', 'HEPG2', 'HT29', 'MCF7', 'PC3', 'VCAP']",23
BRD-K50532160,9,"['A375', 'A549', 'HA1E', 'HCC515', 'HEPG2', 'HT29', 'MCF7', 'PC3', 'VCAP']",13
BRD-K31688005,9,"['A375', 'A549', 'HA1E', 'HCC515', 'HEPG2', 'HT29', 'MCF7', 'PC3', 'VCAP']",13
prostratin,9,"['A375', 'A549', 'HA1E', 'HCC515', 'HEPG2', 'HT29', 'MCF7', 'PC3', 'VCAP']",13
BRD-K31412180,9,"['A375', 'A549', 'HA1E', 'HCC515', 'HEPG2', 'HT29', 'MCF7', 'PC3', 'VCAP']",13
SD-6-035-A7,9,"['A375', 'A549', 'HA1E', 'HCC515', 'HEPG2', 'HT29', 'MCF7', 'PC3', 'VCAP']",13
BRD-K78206606,9,"['A375', 'A549', 'HA1E', 'HCC515', 'HEPG2', 'HT29', 'MCF7', 'PC3', 'VCAP']",13
BRD-K20123385,9,"['A375', 'A549', 'HA1E', 'HCC515', 'HEPG2', 'HT29', 'MCF7', 'PC3', 'VCAP']",13
BRD-K97019106,9,"['A375', 'A549', 'ASC', 'HEPG2', 'HT29', 'MCF7', 'NPC', 'PHH', 'SKB']",11
BRD-K08448573,9,"['A375', 'A549', 'HA1E', 'HCC515', 'HEPG2', 'HT29', 'MCF7', 'PC3', 'VCAP']",13
BRD-K77547920,9,"['A375', 'A549', 'HA1E', 'HCC515', 'HEPG2', 'HT29', 'MCF7', 'PC3', 'VCAP']",13
KUC104547N,9,"['A375', 'A549', 'HA1E', 'HCC515', 'HEPG2', 'HT29', 'MCF7', 'PC3', 'VCAP']",13
BRD-K77690805,9,"['A375', 'A549', 'HA1E', 'HCC515', 'HEPG2', 'HT29', 'MCF7', 'PC3', 'VCAP']",28
JAS07-002,9,"['A375', 'A549', 'HA1E', 'HCC515', 'HEPG2', 'HT29', 'MCF7', 'PC3', 'VCAP']",13
dolasetron,9,"['A375', 'A549', 'HA1E', 'HCC515', 'HEPG2', 'HT29', 'MCF7', 'PC3', 'VCAP']",17
BRD-K19196783,9,"['A375', 'A549', 'HA1E', 'HCC515', 'HEPG2', 'HT29', 'MCF7', 'PC3', 'VCAP']",13
dimercaptosuccinic-acid,9,"['A375', 'A549', 'ASC', 'HEPG2', 'HT29', 'MCF7', 'NPC', 'PHH', 'SKB']",11
BRD-K24127443,9,"['A375', 'A549', 'HA1E', 'HCC515', 'HEPG2', 'HT29', 'MCF7', 'PC3', 'VCAP']",13
BRD-K98856658,9,"['A375', 'A549', 'HA1E', 'HCC515', 'HEPG2', 'HT29', 'MCF7', 'PC3', 'VCAP']",13
17-hydroxyprogesterone-caproate,9,"['A375', 'A549', 'HA1E', 'HCC515', 'HEPG2', 'HT29', 'MCF7', 'PC3', 'VCAP']",13
BRD-K77239206,9,"['A375', 'A549', 'HA1E', 'HCC515', 'HEPG2', 'HT29', 'MCF7', 'PC3', 'VCAP']",13
SD-6-035-A4,9,"['A375', 'A549', 'HA1E', 'HCC515', 'HEPG2', 'HT29', 'MCF7', 'PC3', 'VCAP']",20
BRD-K43782924,9,"['A375', 'A549', 'HA1E', 'HCC515', 'HEPG2', 'HT29', 'MCF7', 'PC3', 'VCAP']",13
BRD-K90610876,9,"['A375', 'A549', 'ASC', 'HEPG2', 'HT29', 'MCF7', 'NPC', 'PHH', 'SKB']",11
BRD-A60784279,9,"['A375', 'A549', 'HA1E', 'HCC515', 'HEPG2', 'HT29', 'MCF7', 'PC3', 'VCAP']",13
SDM-25N,9,"['A375', 'A549', 'HA1E', 'HCC515', 'HEPG2', 'HT29', 'MCF7', 'PC3', 'VCAP']",28
BRD-A62647958,9,"['A375', 'A549', 'HA1E', 'HCC515', 'HEPG2', 'HT29', 'MCF7', 'PC3', 'VCAP']",13
KUC103903N,9,"['A375', 'A549', 'HA1E', 'HCC515', 'HEPG2', 'HT29', 'MCF7', 'PC3', 'VCAP']",13
BRD-K99423120,9,"['A375', 'A549', 'HA1E', 'HCC515', 'HEPG2', 'HT29', 'MCF7', 'PC3', 'VCAP']",13
BRD-K08777248,9,"['A375', 'A549', 'HA1E', 'HCC515', 'HEPG2', 'HT29', 'MCF7', 'PC3', 'VCAP']",13
BRD-K30802967,9,"['A375', 'A549', 'HA1E', 'HCC515', 'HEPG2', 'HT29', 'MCF7', 'PC3', 'VCAP']",12
MW-STK33-1A,9,"['A375', 'A549', 'HA1E', 'HCC515', 'HEPG2', 'HT29', 'MCF7', 'PC3', 'VCAP']",13
BRD-K99381377,9,"['A375', 'A549', 'HA1E', 'HCC515', 'HEPG2', 'HT29', 'MCF7', 'PC3', 'VCAP']",13
SD-6-035-A1,9,"['A375', 'A549', 'HA1E', 'HCC515', 'HEPG2', 'HT29', 'MCF7', 'PC3', 'VCAP']",13
BRD-K44510578,9,"['A375', 'A549', 'HA1E', 'HCC515', 'HEPG2', 'HT29', 'MCF7', 'PC3', 'VCAP']",13
BRD-K62659735,9,"['A375', 'A549', 'HA1E', 'HCC515', 'HEPG2', 'HT29', 'MCF7', 'PC3', 'VCAP']",13
BRD-K30468800,9,"['A375', 'A549', 'HA1E', 'HCC515', 'HEPG2', 'HT29', 'MCF7', 'PC3', 'VCAP']",17
BRD-K51140856,9,"['A375', 'A549', 'HA1E', 'HCC515', 'HEPG2', 'HT29', 'MCF7', 'PC3', 'VCAP']",13
BRD-K76691125,9,"['A375', 'A549', 'HA1E', 'HCC515', 'HEPG2', 'HT29', 'MCF7', 'PC3', 'VCAP']",13
BRD-K58935841,9,"['A375', 'A549', 'HA1E', 'HCC515', 'HEPG2', 'HT29', 'MCF7', 'PC3', 'VCAP']",13
BRD-K99502566,9,"['A375', 'A549', 'HA1E', 'HCC515', 'HEPG2', 'HT29', 'MCF7', 'PC3', 'VCAP']",13
BRD-K67090983,9,"['A375', 'A549', 'HA1E', 'HCC515', 'HEPG2', 'HT29', 'MCF7', 'PC3', 'VCAP']",13
BRD-A69429454,9,"['A375', 'A549', 'HA1E', 'HCC515', 'HEPG2', 'HT29', 'MCF7', 'PC3', 'VCAP']",13
BRD-K37124285,9,"['A375', 'A549', 'HA1E', 'HCC515', 'HEPG2', 'HT29', 'MCF7', 'PC3', 'VCAP']",13
BRD-K44652183,9,"['A375', 'A549', 'HA1E', 'HCC515', 'HEPG2', 'HT29', 'MCF7', 'PC3', 'VCAP']",13
BRD-K62818989,9,"['A375', 'A549', 'HA1E', 'HCC515', 'HEPG2', 'HT29', 'MCF7', 'PC3', 'VCAP']",21
BRD-K76073118,9,"['A375', 'A549', 'HA1E', 'HCC515', 'HEPG2', 'HT29', 'MCF7', 'PC3', 'VCAP']",13
"7,4'-dihydroxyflavone",9,"['A375', 'A549', 'ASC', 'HEPG2', 'HT29', 'MCF7', 'NPC', 'PHH', 'SKB']",11
BRD-U32049204,9,"['A375', 'A549', 'HA1E', 'HCC515', 'HEPG2', 'HT29', 'MCF7', 'PC3', 'VCAP']",13
BRD-K08995965,9,"['A375', 'A549', 'HA1E', 'HCC515', 'HEPG2', 'HT29', 'MCF7', 'PC3', 'VCAP']",13
BRD-A75106577,9,"['A375', 'A549', 'HA1E', 'HCC515', 'HEPG2', 'HT29', 'MCF7', 'PC3', 'VCAP']",13
BRD-K37127624,9,"['A375', 'A549', 'HA1E', 'HCC515', 'HEPG2', 'HT29', 'MCF7', 'PC3', 'VCAP']",24
BRD-K75477256,9,"['A375', 'A549', 'HA1E', 'HCC515', 'HEPG2', 'HT29', 'MCF7', 'PC3', 'VCAP']",13
BRD-K23774426,9,"['A375', 'A549', 'HA1E', 'HCC515', 'HEPG2', 'HT29', 'MCF7', 'PC3', 'VCAP']",13
BRD-K23217072,9,"['A375', 'A549', 'HA1E', 'HCC515', 'HEPG2', 'HT29', 'MCF7', 'PC3', 'VCAP']",13
BRD-K35514965,9,"['A375', 'A549', 'HA1E', 'HCC515', 'HEPG2', 'HT29', 'MCF7', 'PC3', 'VCAP']",13
BRD-A73747855,9,"['A375', 'A549', 'HA1E', 'HCC515', 'HEPG2', 'HT29', 'MCF7', 'PC3', 'VCAP']",13
BRD-K66908362,9,"['A375', 'A549', 'HA1E', 'HCC515', 'HEPG2', 'HT29', 'MCF7', 'PC3', 'VCAP']",13
BRD-A82976242,9,"['A375', 'A549', 'HA1E', 'HCC515', 'HEPG2', 'HT29', 'MCF7', 'PC3', 'VCAP']",13
BRD-K11611839,9,"['A375', 'A549', 'HA1E', 'HCC515', 'HEPG2', 'HT29', 'MCF7', 'PC3', 'VCAP']",13
BRD-K88059273,9,"['A375', 'A549', 'HA1E', 'HCC515', 'HEPG2', 'HT29', 'MCF7', 'PC3', 'VCAP']",13
BRD-K10114046,9,"['A375', 'A549', 'HA1E', 'HCC515', 'HEPG2', 'HT29', 'MCF7', 'PC3', 'VCAP']",13
BRD-K45205755,9,"['A375', 'A549', 'HA1E', 'HCC515', 'HEPG2', 'HT29', 'MCF7', 'PC3', 'VCAP']",13
BRD-K60729220,9,"['A375', 'A549', 'HA1E', 'HCC515', 'HEPG2', 'HT29', 'MCF7', 'PC3', 'VCAP']",12
BRD-K75296800,9,"['A375', 'A549', 'HA1E', 'HCC515', 'HEPG2', 'HT29', 'MCF7', 'PC3', 'VCAP']",13
cefotaxime,9,"['A375', 'A549', 'HA1E', 'HCC515', 'HEPG2', 'HT29', 'MCF7', 'PC3', 'VCAP']",16
VU-0447126-2,9,"['A375', 'A549', 'HA1E', 'HCC515', 'HEPG2', 'HT29', 'MCF7', 'PC3', 'VCAP']",13
BRD-K37150847,9,"['A375', 'A549', 'HA1E', 'HCC515', 'HEPG2', 'HT29', 'MCF7', 'PC3', 'VCAP']",26
BRD-K74840245,9,"['A375', 'A549', 'HA1E', 'HCC515', 'HEPG2', 'HT29', 'MCF7', 'PC3', 'VCAP']",13
BRD-K51320264,9,"['A375', 'A549', 'HA1E', 'HCC515', 'HEPG2', 'HT29', 'MCF7', 'PC3', 'VCAP']",26
BRD-A88878656,9,"['A375', 'A549', 'HA1E', 'HCC515', 'HEPG2', 'HT29', 'MCF7', 'PC3', 'VCAP']",13
BRD-K56855930,9,"['A375', 'A549', 'HA1E', 'HCC515', 'HEPG2', 'HT29', 'MCF7', 'PC3', 'VCAP']",13
BRD-A85712510,9,"['A375', 'A549', 'HA1E', 'HCC515', 'HEPG2', 'HT29', 'MCF7', 'PC3', 'VCAP']",13
KM-03949SC,9,"['A375', 'A549', 'HA1E', 'HCC515', 'HEPG2', 'HT29', 'MCF7', 'PC3', 'VCAP']",13
BRD-K45735142,9,"['A375', 'A549', 'HA1E', 'HCC515', 'HEPG2', 'HT29', 'MCF7', 'PC3', 'VCAP']",14
BRD-K54657957,9,"['A375', 'A549', 'HA1E', 'HCC515', 'HEPG2', 'HT29', 'MCF7', 'PC3', 'VCAP']",13
BRD-A96006241,9,"['A375', 'A549', 'HA1E', 'HCC515', 'HEPG2', 'HT29', 'MCF7', 'PC3', 'VCAP']",13
KU-C103656,9,"['A375', 'A549', 'HA1E', 'HCC515', 'HEPG2', 'HT29', 'MCF7', 'PC3', 'VCAP']",13
BRD-A94297859,9,"['A375', 'A549', 'HA1E', 'HCC515', 'HEPG2', 'HT29', 'MCF7', 'PC3', 'VCAP']",13
oxyphenonium,9,"['A375', 'A549', 'HA1E', 'HCC515', 'HEPG2', 'HT29', 'MCF7', 'PC3', 'VCAP']",13
BRD-K74534237,9,"['A375', 'A549', 'ASC', 'HEPG2', 'HT29', 'MCF7', 'NPC', 'PHH', 'SKB']",11
BRD-K65404805,9,"['A375', 'A549', 'HA1E', 'HCC515', 'HEPG2', 'HT29', 'MCF7', 'PC3', 'VCAP']",20
BRD-K74163137,9,"['A375', 'A549', 'HA1E', 'HCC515', 'HEPG2', 'HT29', 'MCF7', 'PC3', 'VCAP']",13
BRD-K20859359,9,"['A375', 'A549', 'HA1E', 'HCC515', 'HEPG2', 'HT29', 'MCF7', 'PC3', 'VCAP']",13
BRD-A98777808,9,"['A375', 'A549', 'ASC', 'HEPG2', 'HT29', 'MCF7', 'NPC', 'PHH', 'SKB']",11
KU-C103654,9,"['A375', 'A549', 'HA1E', 'HCC515', 'HEPG2', 'HT29', 'MCF7', 'PC3', 'VCAP']",13
BRD-K84450674,9,"['A375', 'A549', 'HA1E', 'HCC515', 'HEPG2', 'HT29', 'MCF7', 'PC3', 'VCAP']",17
6-hydroxytropinone,9,"['A375', 'A549', 'ASC', 'HEPG2', 'HT29', 'MCF7', 'NPC', 'PHH', 'SKB']",11
BRD-K46255814,9,"['A375', 'A549', 'HA1E', 'HCC515', 'HEPG2', 'HT29', 'MCF7', 'PC3', 'VCAP']",13
BRD-K38625260,9,"['A375', 'A549', 'HA1E', 'HCC515', 'HEPG2', 'HT29', 'MCF7', 'PC3', 'VCAP']",13
VU-0402604,9,"['A375', 'A549', 'HA1E', 'HCC515', 'HEPG2', 'HT29', 'MCF7', 'PC3', 'VCAP']",13
BRD-K12182524,9,"['A375', 'A549', 'HA1E', 'HCC515', 'HEPG2', 'HT29', 'MCF7', 'PC3', 'VCAP']",13
VU-0366968,9,"['A375', 'A549', 'HA1E', 'HCC515', 'HEPG2', 'HT29', 'MCF7', 'PC3', 'VCAP']",13
BRD-K14270862,9,"['A375', 'A549', 'HA1E', 'HCC515', 'HEPG2', 'HT29', 'MCF7', 'PC3', 'VCAP']",13
UTMB-00530,9,"['A375', 'A549', 'HA1E', 'HCC515', 'HEPG2', 'HT29', 'MCF7', 'PC3', 'VCAP']",13
BRD-K48388979,9,"['A375', 'A549', 'HA1E', 'HCC515', 'HEPG2', 'HT29', 'MCF7', 'PC3', 'VCAP']",13
BRD-K73951926,9,"['A375', 'A549', 'HA1E', 'HCC515', 'HEPG2', 'HT29', 'MCF7', 'PC3', 'VCAP']",13
cefaclor,9,"['A375', 'A549', 'HA1E', 'HCC515', 'HEPG2', 'HT29', 'MCF7', 'PC3', 'VCAP']",17
BRD-K46555627,9,"['A375', 'A549', 'HA1E', 'HCC515', 'HEPG2', 'HT29', 'MCF7', 'PC3', 'VCAP']",13
mepivacaine,9,"['A375', 'A549', 'HA1E', 'HCC515', 'HEPG2', 'HT29', 'MCF7', 'PC3', 'VCAP']",17
BRD-K28916077,9,"['A375', 'A549', 'HA1E', 'HCC515', 'HEPG2', 'HT29', 'MCF7', 'PC3', 'VCAP']",12
BRD-K52321331,9,"['A375', 'A549', 'HA1E', 'HCC515', 'HEPG2', 'HT29', 'MCF7', 'PC3', 'VCAP']",13
BRD-K46681113,9,"['A375', 'A549', 'HA1E', 'HCC515', 'HEPG2', 'HT29', 'MCF7', 'PC3', 'VCAP']",13
BRD-K55216615,9,"['A375', 'A549', 'HA1E', 'HCC515', 'HEPG2', 'HT29', 'MCF7', 'PC3', 'VCAP']",13
BRD-K00313977,9,"['A375', 'A549', 'HA1E', 'HCC515', 'HEPG2', 'HT29', 'MCF7', 'PC3', 'VCAP']",13
KU-C103853,9,"['A375', 'A549', 'HA1E', 'HCC515', 'HEPG2', 'HT29', 'MCF7', 'PC3', 'VCAP']",13
BRD-K73285375,9,"['A375', 'A549', 'HA1E', 'HCC515', 'HEPG2', 'HT29', 'MCF7', 'PC3', 'VCAP']",13
PSH-022,9,"['A375', 'A549', 'HA1E', 'HCC515', 'HEPG2', 'HT29', 'MCF7', 'PC3', 'VCAP']",13
BRD-K88511582,9,"['A375', 'A549', 'HA1E', 'HCC515', 'HEPG2', 'HT29', 'MCF7', 'PC3', 'VCAP']",13
SA-424828,9,"['A375', 'A549', 'HT29', 'MCF7', 'NEU', 'NKDBA', 'NPC', 'PC3', 'VCAP']",25
BRD-K28215800,9,"['A375', 'A549', 'HA1E', 'HCC515', 'HEPG2', 'HT29', 'MCF7', 'PC3', 'VCAP']",13
BRD-K85580279,9,"['A375', 'A549', 'HA1E', 'HCC515', 'HEPG2', 'HT29', 'MCF7', 'PC3', 'VCAP']",13
BRD-K00541156,9,"['A375', 'A549', 'HA1E', 'HCC515', 'HEPG2', 'HT29', 'MCF7', 'PC3', 'VCAP']",13
BRD-K52801121,9,"['A375', 'A549', 'HA1E', 'HCC515', 'HEPG2', 'HT29', 'MCF7', 'PC3', 'VCAP']",13
BRD-K02174945,9,"['A375', 'A549', 'HA1E', 'HCC515', 'HEPG2', 'HT29', 'MCF7', 'PC3', 'VCAP']",13
BRD-K20401833,9,"['A375', 'A549', 'HA1E', 'HCC515', 'HEPG2', 'HT29', 'MCF7', 'PC3', 'VCAP']",13
BRD-K01834163,9,"['A375', 'A549', 'HA1E', 'HCC515', 'HEPG2', 'HT29', 'MCF7', 'PC3', 'VCAP']",13
BRD-K65093687,9,"['A375', 'A549', 'HA1E', 'HCC515', 'HEPG2', 'HT29', 'MCF7', 'PC3', 'VCAP']",13
BRD-K27986637,9,"['A375', 'A549', 'HA1E', 'HCC515', 'HEPG2', 'HT29', 'MCF7', 'PC3', 'VCAP']",13
BRD-K04363266,9,"['A375', 'A549', 'HA1E', 'HCC515', 'HEPG2', 'HT29', 'MCF7', 'PC3', 'VCAP']",13
tubacin,9,"['A375', 'A549', 'HA1E', 'HCC515', 'HEPG2', 'HT29', 'MCF7', 'PC3', 'VCAP']",13
KU-C103882,9,"['A375', 'A549', 'HA1E', 'HCC515', 'HEPG2', 'HT29', 'MCF7', 'PC3', 'VCAP']",13
BRD-K71917235,9,"['A375', 'A549', 'HA1E', 'HCC515', 'HEPG2', 'HT29', 'MCF7', 'PC3', 'VCAP']",13
BRD-K55034844,9,"['A375', 'A549', 'HA1E', 'HCC515', 'HEPG2', 'HT29', 'MCF7', 'PC3', 'VCAP']",13
BRD-K27539181,9,"['A375', 'A549', 'HA1E', 'HCC515', 'HEPG2', 'HT29', 'MCF7', 'PC3', 'VCAP']",13
BRD-K52446745,9,"['A375', 'A549', 'HA1E', 'HCC515', 'HEPG2', 'HT29', 'MCF7', 'PC3', 'VCAP']",13
BRD-K02735834,9,"['A375', 'A549', 'HA1E', 'HCC515', 'HEPG2', 'HT29', 'MCF7', 'PC3', 'VCAP']",13
BRD-K60093216,9,"['A375', 'A549', 'HA1E', 'HCC515', 'HEPG2', 'HT29', 'MCF7', 'PC3', 'VCAP']",13
BRD-K57975631,9,"['A375', 'A549', 'HA1E', 'HCC515', 'HEPG2', 'HT29', 'MCF7', 'PC3', 'VCAP']",13
SA-419083,9,"['A375', 'A549', 'HT29', 'MCF7', 'NEU', 'NKDBA', 'NPC', 'PC3', 'VCAP']",22
BRD-K57836103,9,"['A375', 'A549', 'HA1E', 'HCC515', 'HEPG2', 'HT29', 'MCF7', 'PC3', 'VCAP']",13
azithromycin,9,"['A375', 'A549', 'HA1E', 'HCC515', 'HEPG2', 'HT29', 'MCF7', 'PC3', 'VCAP']",17
BRD-K58288048,9,"['A375', 'A549', 'HA1E', 'HCC515', 'HEPG2', 'HT29', 'MCF7', 'PC3', 'VCAP']",13
BRD-K58479490,9,"['A375', 'A549', 'HA1E', 'HCC515', 'HEPG2', 'HT29', 'MCF7', 'PC3', 'VCAP']",26
BRD-K47808476,9,"['A375', 'A549', 'HA1E', 'HCC515', 'HEPG2', 'HT29', 'MCF7', 'PC3', 'VCAP']",13
BRD-K83509924,9,"['A375', 'A549', 'HA1E', 'HCC515', 'HEPG2', 'HT29', 'MCF7', 'PC3', 'VCAP']",13
BRD-K71599932,9,"['A375', 'A549', 'HA1E', 'HCC515', 'HEPG2', 'HT29', 'MCF7', 'PC3', 'VCAP']",13
SA-1973497,9,"['A375', 'A549', 'HEPG2', 'HT29', 'HUH7', 'MCF7', 'PC3', 'PHH', 'VCAP']",27
BRD-K71142328,9,"['A375', 'A549', 'HA1E', 'HCC515', 'HEPG2', 'HT29', 'MCF7', 'PC3', 'VCAP']",24
BRD-K59794046,9,"['A375', 'A549', 'HA1E', 'HCC515', 'HEPG2', 'HT29', 'MCF7', 'PC3', 'VCAP']",13
BRD-K87040771,9,"['A375', 'A549', 'HA1E', 'HCC515', 'HEPG2', 'HT29', 'MCF7', 'PC3', 'VCAP']",13
KU-C104142,9,"['A375', 'A549', 'HA1E', 'HCC515', 'HEPG2', 'HT29', 'MCF7', 'PC3', 'VCAP']",13
BRD-K03651937,9,"['A375', 'A549', 'HA1E', 'HCC515', 'HEPG2', 'HT29', 'MCF7', 'PC3', 'VCAP']",13
BRD-A00474148,9,"['A375', 'A549', 'HA1E', 'HCC515', 'HEPG2', 'HT29', 'MCF7', 'PC3', 'VCAP']",13
BRD-K71523760,9,"['A375', 'A549', 'HA1E', 'HCC515', 'HEPG2', 'HT29', 'MCF7', 'PC3', 'VCAP']",13
BRD-K38594532,9,"['A375', 'A549', 'HA1E', 'HCC515', 'HEPG2', 'HT29', 'MCF7', 'PC3', 'VCAP']",14
BRD-K26304855,9,"['A375', 'A549', 'HA1E', 'HCC515', 'HEPG2', 'HT29', 'MCF7', 'PC3', 'VCAP']",12
BRD-K60228169,9,"['A375', 'A549', 'HA1E', 'HCC515', 'HEPG2', 'HT29', 'MCF7', 'PC3', 'VCAP']",13
BRD-K25784575,9,"['A375', 'A549', 'HA1E', 'HCC515', 'HEPG2', 'HT29', 'MCF7', 'PC3', 'VCAP']",13
BRD-K53335770,9,"['A375', 'A549', 'HA1E', 'HCC515', 'HEPG2', 'HT29', 'MCF7', 'PC3', 'VCAP']",13
BRD-K70714754,9,"['A375', 'A549', 'HA1E', 'HCC515', 'HEPG2', 'HT29', 'MCF7', 'PC3', 'VCAP']",13
BRD-A01973626,9,"['A375', 'A549', 'HA1E', 'HCC515', 'HEPG2', 'HT29', 'MCF7', 'PC3', 'VCAP']",13
BRD-K88784410,9,"['A375', 'A549', 'HA1E', 'HCC515', 'HEPG2', 'HT29', 'MCF7', 'PC3', 'VCAP']",13
BRD-K35858371,9,"['A375', 'A549', 'HA1E', 'HCC515', 'HEPG2', 'HT29', 'MCF7', 'PC3', 'VCAP']",13
BRD-K61105081,9,"['A375', 'A549', 'HA1E', 'HCC515', 'HEPG2', 'HT29', 'MCF7', 'PC3', 'VCAP']",13
BRD-K39866321,9,"['A375', 'A549', 'HA1E', 'HCC515', 'HEPG2', 'HT29', 'MCF7', 'PC3', 'VCAP']",13
BRD-K04136539,9,"['A375', 'A549', 'HA1E', 'HCC515', 'HEPG2', 'HT29', 'MCF7', 'PC3', 'VCAP']",13
BRD-K89451433,9,"['A375', 'A549', 'HA1E', 'HCC515', 'HEPG2', 'HT29', 'MCF7', 'PC3', 'VCAP']",13
BRD-K20178228,9,"['A375', 'A549', 'HA1E', 'HCC515', 'HEPG2', 'HT29', 'MCF7', 'PC3', 'VCAP']",13
BRD-K82594686,9,"['A375', 'A549', 'HA1E', 'HCC515', 'HEPG2', 'HT29', 'MCF7', 'PC3', 'VCAP']",13
bicuculline,9,"['A375', 'A549', 'ASC', 'HEPG2', 'HT29', 'MCF7', 'NPC', 'PHH', 'SKB']",11
BRD-K69795440,9,"['A375', 'A549', 'HA1E', 'HCC515', 'HEPG2', 'HT29', 'MCF7', 'PC3', 'VCAP']",13
BRD-K20112532,9,"['A375', 'A549', 'HA1E', 'HCC515', 'HEPG2', 'HT29', 'MCF7', 'PC3', 'VCAP']",13
BRD-K91134378,9,"['A375', 'A549', 'HA1E', 'HCC515', 'HEPG2', 'HT29', 'MCF7', 'PC3', 'VCAP']",13
glycopyrrolate,9,"['A375', 'A549', 'HA1E', 'HCC515', 'HEPG2', 'HT29', 'MCF7', 'PC3', 'VCAP']",28
BRD-K82137294,9,"['A375', 'A549', 'HA1E', 'HCC515', 'HEPG2', 'HT29', 'MCF7', 'PC3', 'VCAP']",13
BRD-K56307118,9,"['A375', 'A549', 'HA1E', 'HCC515', 'HEPG2', 'HT29', 'MCF7', 'PC3', 'VCAP']",13
BRD-K35024477,9,"['A375', 'A549', 'HA1E', 'HCC515', 'HEPG2', 'HT29', 'MCF7', 'PC3', 'VCAP']",17
BRD-K06555716,9,"['A375', 'A549', 'HA1E', 'HCC515', 'HEPG2', 'HT29', 'MCF7', 'PC3', 'VCAP']",13
BRD-K06405410,9,"['A375', 'A549', 'HA1E', 'HCC515', 'HEPG2', 'HT29', 'MCF7', 'PC3', 'VCAP']",13
SA-102096,9,"['A375', 'A549', 'HA1E', 'HCC515', 'HEPG2', 'HT29', 'MCF7', 'PC3', 'VCAP']",21
BRD-A18725729,9,"['A375', 'A549', 'HA1E', 'HCC515', 'HEPG2', 'HT29', 'MCF7', 'PC3', 'VCAP']",12
BRD-K25144184,9,"['A375', 'A549', 'HA1E', 'HCC515', 'HEPG2', 'HT29', 'MCF7', 'PC3', 'VCAP']",13
BRD-K36038115,9,"['A375', 'A549', 'HA1E', 'HCC515', 'HEPG2', 'HT29', 'MCF7', 'PC3', 'VCAP']",13
BRD-K56478238,9,"['A375', 'A549', 'HA1E', 'HCC515', 'HEPG2', 'HT29', 'MCF7', 'PC3', 'VCAP']",13
BRD-K81249836,9,"['A375', 'A549', 'HA1E', 'HCC515', 'HEPG2', 'HT29', 'MCF7', 'PC3', 'VCAP']",13
BRD-K07005393,9,"['A375', 'A549', 'HA1E', 'HCC515', 'HEPG2', 'HT29', 'MCF7', 'PC3', 'VCAP']",17
BRD-K41666683,9,"['A375', 'A549', 'HA1E', 'HCC515', 'HEPG2', 'HT29', 'MCF7', 'PC3', 'VCAP']",13
BRD-K59563627,9,"['A375', 'A549', 'HA1E', 'HCC515', 'HEPG2', 'HT29', 'MCF7', 'PC3', 'VCAP']",21
BRD-A16820783,9,"['A375', 'A549', 'HA1E', 'HCC515', 'HEPG2', 'HT29', 'MCF7', 'PC3', 'VCAP']",13
BRD-K69347381,9,"['A375', 'A549', 'HA1E', 'HCC515', 'HEPG2', 'HT29', 'MCF7', 'PC3', 'VCAP']",17
BRD-K93127801,9,"['A375', 'A549', 'HA1E', 'HCC515', 'HEPG2', 'HT29', 'MCF7', 'PC3', 'VCAP']",13
BRD-K60067222,9,"['A375', 'A549', 'HA1E', 'HCC515', 'HEPG2', 'HT29', 'MCF7', 'PC3', 'VCAP']",13
BRD-K80094086,9,"['A375', 'A549', 'HA1E', 'HCC515', 'HEPG2', 'HT29', 'MCF7', 'PC3', 'VCAP']",13
BRD-K68038686,9,"['A375', 'A549', 'HA1E', 'HCC515', 'HEPG2', 'HT29', 'MCF7', 'PC3', 'VCAP']",13
aminoindazole,9,"['A375', 'A549', 'HA1E', 'HCC515', 'HEPG2', 'HT29', 'MCF7', 'PC3', 'VCAP']",13
BRD-K55557659,9,"['A375', 'A549', 'HA1E', 'HCC515', 'HEPG2', 'HT29', 'MCF7', 'PC3', 'VCAP']",13
BRD-K95138506,9,"['A375', 'A549', 'HA1E', 'HCC515', 'HEPG2', 'HT29', 'MCF7', 'PC3', 'VCAP']",13
homoveratrylamine,9,"['A375', 'A549', 'HA1E', 'HCC515', 'HEPG2', 'HT29', 'MCF7', 'PC3', 'VCAP']",13
BRD-K42471691,9,"['A375', 'A549', 'HA1E', 'HCC515', 'HEPG2', 'HT29', 'MCF7', 'PC3', 'VCAP']",13
BRD-K55972177,9,"['A375', 'A549', 'HA1E', 'HCC515', 'HEPG2', 'HT29', 'MCF7', 'PC3', 'VCAP']",13
BRD-K79131428,9,"['A375', 'A549', 'HA1E', 'HCC515', 'HEPG2', 'HT29', 'MCF7', 'PC3', 'VCAP']",13
BRD-K68007270,9,"['A375', 'A549', 'HA1E', 'HCC515', 'HEPG2', 'HT29', 'MCF7', 'PC3', 'VCAP']",17
BRD-K79222491,9,"['A375', 'A549', 'HA1E', 'HCC515', 'HEPG2', 'HT29', 'MCF7', 'PC3', 'VCAP']",12
KU-C104254,9,"['A375', 'A549', 'HA1E', 'HCC515', 'HEPG2', 'HT29', 'MCF7', 'PC3', 'VCAP']",13
BRD-K96213252,9,"['A375', 'A549', 'HA1E', 'HCC515', 'HEPG2', 'HT29', 'MCF7', 'PC3', 'VCAP']",13
ARG-CSC-81,9,"['A375', 'A549', 'HA1E', 'HCC515', 'HEPG2', 'HT29', 'MCF7', 'PC3', 'VCAP']",13
dicloxacillin,9,"['A375', 'A549', 'HA1E', 'HCC515', 'HEPG2', 'HT29', 'MCF7', 'PC3', 'VCAP']",17
BRD-K57562268,9,"['A375', 'A549', 'HA1E', 'HCC515', 'HEPG2', 'HT29', 'MCF7', 'PC3', 'VCAP']",13
BRD-A52771319,9,"['A375', 'A549', 'ASC', 'HEPG2', 'HT29', 'MCF7', 'NPC', 'PHH', 'SKB']",11
SD-6-035-B4,9,"['A375', 'A549', 'HA1E', 'HCC515', 'HEPG2', 'HT29', 'MCF7', 'PC3', 'VCAP']",20
dihydrexidine,9,"['A375', 'A549', 'HA1E', 'HCC515', 'HEPG2', 'HT29', 'MCF7', 'PC3', 'VCAP']",28
BRD-K85237725,9,"['A375', 'A549', 'HA1E', 'HCC515', 'HEPG2', 'HT29', 'MCF7', 'PC3', 'VCAP']",13
dihydroxyphenylglycine,9,"['A375', 'A549', 'ASC', 'HEPG2', 'HT29', 'MCF7', 'NPC', 'PHH', 'SKB']",11
BRD-K50280607,9,"['A375', 'A549', 'HA1E', 'HCC515', 'HEPG2', 'HT29', 'MCF7', 'PC3', 'VCAP']",17
BRD-K78385490,9,"['A375', 'A549', 'HA1E', 'HCC515', 'HEPG2', 'HT29', 'MCF7', 'PC3', 'VCAP']",13
merck-ketone,9,"['A375', 'A549', 'HA1E', 'HCC515', 'HEPG2', 'HT29', 'MCF7', 'PC3', 'VCAP']",13
BRD-A55609290,9,"['A375', 'A549', 'HA1E', 'HCC515', 'HEPG2', 'HT29', 'MCF7', 'PC3', 'VCAP']",13
JAS07-007,9,"['A375', 'A549', 'HA1E', 'HCC515', 'HEPG2', 'HT29', 'MCF7', 'PC3', 'VCAP']",13
BRD-K97534490,9,"['A375', 'A549', 'HA1E', 'HCC515', 'HEPG2', 'HT29', 'MCF7', 'PC3', 'VCAP']",13
1-monopalmitin,9,"['A375', 'A549', 'ASC', 'HEPG2', 'HT29', 'MCF7', 'NPC', 'PHH', 'SKB']",11
BRD-K99135512,9,"['A375', 'A549', 'HA1E', 'HCC515', 'HEPG2', 'HT29', 'MCF7', 'PC3', 'VCAP']",13
BRD-K24051260,9,"['A375', 'A549', 'HA1E', 'HCC515', 'HEPG2', 'HT29', 'MCF7', 'PC3', 'VCAP']",13
BRD-K76951091,9,"['A375', 'A549', 'HA1E', 'HCC515', 'HEPG2', 'HT29', 'MCF7', 'PC3', 'VCAP']",13
BRD-K18724229,9,"['A375', 'A549', 'HA1E', 'HCC515', 'HEPG2', 'HT29', 'MCF7', 'PC3', 'VCAP']",13
BRD-A68061604,9,"['A375', 'A549', 'HA1E', 'HCC515', 'HEPG2', 'HT29', 'MCF7', 'PC3', 'VCAP']",13
ribavirin,9,"['A375', 'A549', 'HA1E', 'HCC515', 'HEPG2', 'HT29', 'MCF7', 'PC3', 'VCAP']",17
doxapram,9,"['A375', 'A549', 'HA1E', 'HCC515', 'HEPG2', 'HT29', 'MCF7', 'PC3', 'VCAP']",13
BRD-K62412498,9,"['A375', 'A549', 'HA1E', 'HCC515', 'HEPG2', 'HT29', 'MCF7', 'PC3', 'VCAP']",13
BRD-K99750259,9,"['A375', 'A549', 'HA1E', 'HCC515', 'HEPG2', 'HT29', 'MCF7', 'PC3', 'VCAP']",13
BRD-K51189903,9,"['A375', 'A549', 'HA1E', 'HCC515', 'HEPG2', 'HT29', 'MCF7', 'PC3', 'VCAP']",13
BRD-K30459086,9,"['A375', 'A549', 'HA1E', 'HCC515', 'HEPG2', 'HT29', 'MCF7', 'PC3', 'VCAP']",13
BRD-K37984227,9,"['A375', 'A549', 'HA1E', 'HCC515', 'HEPG2', 'HT29', 'MCF7', 'PC3', 'VCAP']",13
BRD-A71339955,9,"['A375', 'A549', 'HA1E', 'HCC515', 'HEPG2', 'HT29', 'MCF7', 'PC3', 'VCAP']",13
BRD-K36754064,9,"['A375', 'A549', 'HA1E', 'HCC515', 'HEPG2', 'HT29', 'MCF7', 'PC3', 'VCAP']",13
reichstein,9,"['A375', 'A549', 'HA1E', 'HCC515', 'HEPG2', 'HT29', 'MCF7', 'PC3', 'VCAP']",13
"3,6-dimethoxyflavone",9,"['A375', 'A549', 'ASC', 'HEPG2', 'HT29', 'MCF7', 'NPC', 'PHH', 'SKB']",11
BRD-A81282034,9,"['A375', 'A549', 'HA1E', 'HCC515', 'HEPG2', 'HT29', 'MCF7', 'PC3', 'VCAP']",13
BRD-K36817836,9,"['A375', 'A549', 'HA1E', 'HCC515', 'HEPG2', 'HT29', 'MCF7', 'PC3', 'VCAP']",13
BRD-A61825514,9,"['A375', 'A549', 'HA1E', 'HCC515', 'HEPG2', 'HT29', 'MCF7', 'PC3', 'VCAP']",13
BRD-K58191509,9,"['A375', 'A549', 'HA1E', 'HCC515', 'HEPG2', 'HT29', 'MCF7', 'PC3', 'VCAP']",13
BRD-K75040614,9,"['A375', 'A549', 'HA1E', 'HCC515', 'HEPG2', 'HT29', 'MCF7', 'PC3', 'VCAP']",13
BRD-K36895979,9,"['A375', 'A549', 'HA1E', 'HCC515', 'HEPG2', 'HT29', 'MCF7', 'PC3', 'VCAP']",17
BRD-K45256078,9,"['A375', 'A549', 'HA1E', 'HCC515', 'HEPG2', 'HT29', 'MCF7', 'PC3', 'VCAP']",13
BRD-K62019540,9,"['A375', 'A549', 'HA1E', 'HCC515', 'HEPG2', 'HT29', 'MCF7', 'PC3', 'VCAP']",13
BRD-K45437867,9,"['A375', 'A549', 'ASC', 'HEPG2', 'HT29', 'MCF7', 'NPC', 'PHH', 'SKB']",11
BRD-K51454562,9,"['A375', 'A549', 'HA1E', 'HCC515', 'HEPG2', 'HT29', 'MCF7', 'PC3', 'VCAP']",12
BRD-A89494828,9,"['A375', 'A549', 'HA1E', 'HCC515', 'HEPG2', 'HT29', 'MCF7', 'PC3', 'VCAP']",13
BRD-K14788918,9,"['A375', 'A549', 'HA1E', 'HCC515', 'HEPG2', 'HT29', 'MCF7', 'PC3', 'VCAP']",13
BRD-K45895591,9,"['A375', 'A549', 'HA1E', 'HCC515', 'HEPG2', 'HT29', 'MCF7', 'PC3', 'VCAP']",13
KU-C103671,9,"['A375', 'A549', 'HA1E', 'HCC515', 'HEPG2', 'HT29', 'MCF7', 'PC3', 'VCAP']",13
BRD-A94570195,9,"['A375', 'A549', 'HA1E', 'HCC515', 'HEPG2', 'HT29', 'MCF7', 'PC3', 'VCAP']",13
linopirdine,9,"['A375', 'A549', 'HA1E', 'HCC515', 'HEPG2', 'HT29', 'MCF7', 'PC3', 'VCAP']",28
BRD-K74271701,9,"['A375', 'A549', 'HA1E', 'HCC515', 'HEPG2', 'HT29', 'MCF7', 'PC3', 'VCAP']",17
BRD-K65955264,9,"['A375', 'A549', 'HA1E', 'HCC515', 'HEPG2', 'HT29', 'MCF7', 'PC3', 'VCAP']",13
BRD-K88217904,9,"['A375', 'A549', 'HA1E', 'HCC515', 'HEPG2', 'HT29', 'MCF7', 'PC3', 'VCAP']",13
BRD-K58618158,9,"['A375', 'A549', 'HA1E', 'HCC515', 'HEPG2', 'HT29', 'MCF7', 'PC3', 'VCAP']",13
CS-2092524,9,"['A375', 'A549', 'HA1E', 'HCC515', 'HEPG2', 'HT29', 'MCF7', 'PC3', 'VCAP']",13
KU-C103869,9,"['A375', 'A549', 'HA1E', 'HCC515', 'HEPG2', 'HT29', 'MCF7', 'PC3', 'VCAP']",13
VU-0365118-1,9,"['A375', 'A549', 'HA1E', 'HCC515', 'HEPG2', 'HT29', 'MCF7', 'PC3', 'VCAP']",13
BRD-K18861610,9,"['A375', 'A549', 'HA1E', 'HCC515', 'HEPG2', 'HT29', 'MCF7', 'PC3', 'VCAP']",13
BRD-K00430421,9,"['A375', 'A549', 'HA1E', 'HCC515', 'HEPG2', 'HT29', 'MCF7', 'PC3', 'VCAP']",13
BRD-K37323001,9,"['A375', 'A549', 'HA1E', 'HCC515', 'HEPG2', 'HT29', 'MCF7', 'PC3', 'VCAP']",13
BRD-K28800414,9,"['A375', 'A549', 'HA1E', 'HCC515', 'HEPG2', 'HT29', 'MCF7', 'PC3', 'VCAP']",13
BRD-K19724398,9,"['A375', 'A549', 'HA1E', 'HCC515', 'HEPG2', 'HT29', 'MCF7', 'PC3', 'VCAP']",13
BRD-K73334721,9,"['A375', 'A549', 'HA1E', 'HCC515', 'HEPG2', 'HT29', 'MCF7', 'PC3', 'VCAP']",13
BRD-K13580623,9,"['A375', 'A549', 'HA1E', 'HCC515', 'HEPG2', 'HT29', 'MCF7', 'PC3', 'VCAP']",13
BRD-K28366633,9,"['A375', 'A549', 'HA1E', 'HCC515', 'HEPG2', 'HT29', 'MCF7', 'PC3', 'VCAP']",13
BRD-K59139557,9,"['A375', 'A549', 'HA1E', 'HCC515', 'HEPG2', 'HT29', 'MCF7', 'PC3', 'VCAP']",13
BRD-K02502363,9,"['A375', 'A549', 'HA1E', 'HCC515', 'HEPG2', 'HT29', 'MCF7', 'PC3', 'VCAP']",13
KU-C103898N,9,"['A375', 'A549', 'HA1E', 'HCC515', 'HEPG2', 'HT29', 'MCF7', 'PC3', 'VCAP']",13
BRD-K46869836,9,"['A375', 'A549', 'HA1E', 'HCC515', 'HEPG2', 'HT29', 'MCF7', 'PC3', 'VCAP']",13
BRD-K59705555,9,"['A375', 'A549', 'HA1E', 'HCC515', 'HEPG2', 'HT29', 'MCF7', 'PC3', 'VCAP']",13
BRD-K02986291,9,"['A375', 'A549', 'HA1E', 'HCC515', 'HEPG2', 'HT29', 'MCF7', 'PC3', 'VCAP']",13
KU-C104122,9,"['A375', 'A549', 'HA1E', 'HCC515', 'HEPG2', 'HT29', 'MCF7', 'PC3', 'VCAP']",13
BRD-K71879957,9,"['A375', 'A549', 'HA1E', 'HCC515', 'HEPG2', 'HT29', 'MCF7', 'PC3', 'VCAP']",13
BRD-K59633395,9,"['A375', 'A549', 'ASC', 'HEPG2', 'HT29', 'MCF7', 'NPC', 'PHH', 'SKB']",11
BRD-K17773477,9,"['A375', 'A549', 'HA1E', 'HCC515', 'HEPG2', 'HT29', 'MCF7', 'PC3', 'VCAP']",13
BRD-K14939371,9,"['A375', 'A549', 'HA1E', 'HCC515', 'HEPG2', 'HT29', 'MCF7', 'PC3', 'VCAP']",13
BRD-K27169919,9,"['A375', 'A549', 'HA1E', 'HCC515', 'HEPG2', 'HT29', 'MCF7', 'PC3', 'VCAP']",13
BRD-K83670234,9,"['A375', 'A549', 'HA1E', 'HCC515', 'HEPG2', 'HT29', 'MCF7', 'PC3', 'VCAP']",13
BRD-K71029018,9,"['A375', 'A549', 'HA1E', 'HCC515', 'HEPG2', 'HT29', 'MCF7', 'PC3', 'VCAP']",13
KU-C104219,9,"['A375', 'A549', 'HA1E', 'HCC515', 'HEPG2', 'HT29', 'MCF7', 'PC3', 'VCAP']",13
BRD-K71138616,9,"['A375', 'A549', 'HA1E', 'HCC515', 'HEPG2', 'HT29', 'MCF7', 'PC3', 'VCAP']",13
BRD-K58674774,9,"['A375', 'A549', 'HA1E', 'HCC515', 'HEPG2', 'HT29', 'MCF7', 'PC3', 'VCAP']",13
BRD-K48036219,9,"['A375', 'A549', 'HA1E', 'HCC515', 'HEPG2', 'HT29', 'MCF7', 'PC3', 'VCAP']",13
BRD-K53445087,9,"['A375', 'A549', 'HA1E', 'HCC515', 'HEPG2', 'HT29', 'MCF7', 'PC3', 'VCAP']",13
BRD-K70821460,9,"['A375', 'A549', 'ASC', 'HEPG2', 'HT29', 'MCF7', 'NPC', 'PHH', 'SKB']",11
BRD-K39829853,9,"['A375', 'A549', 'HA1E', 'HCC515', 'HEPG2', 'HT29', 'MCF7', 'PC3', 'VCAP']",13
KU-C104248,9,"['A375', 'A549', 'HA1E', 'HCC515', 'HEPG2', 'HT29', 'MCF7', 'PC3', 'VCAP']",13
BRD-K89786160,9,"['A375', 'A549', 'HA1E', 'HCC515', 'HEPG2', 'HT29', 'MCF7', 'PC3', 'VCAP']",13
SA-1459020,9,"['A375', 'A549', 'HT29', 'MCF7', 'NEU', 'NKDBA', 'NPC', 'PC3', 'VCAP']",26
BRD-K82230692,9,"['A375', 'A549', 'HA1E', 'HCC515', 'HEPG2', 'HT29', 'MCF7', 'PC3', 'VCAP']",24
BRD-K05331696,9,"['A375', 'A549', 'HA1E', 'HCC515', 'HEPG2', 'HT29', 'MCF7', 'PC3', 'VCAP']",13
BRD-K81814927,9,"['A375', 'A549', 'HA1E', 'HCC515', 'HEPG2', 'HT29', 'MCF7', 'PC3', 'VCAP']",11
BRD-K19985802,9,"['A375', 'A549', 'HA1E', 'HCC515', 'HEPG2', 'HT29', 'MCF7', 'PC3', 'VCAP']",13
BRD-K36022244,9,"['A375', 'A549', 'HA1E', 'HCC515', 'HEPG2', 'HT29', 'MCF7', 'PC3', 'VCAP']",13
BRD-K39010473,9,"['A375', 'A549', 'HA1E', 'HCC515', 'HEPG2', 'HT29', 'MCF7', 'PC3', 'VCAP']",13
BRD-K81538844,9,"['A375', 'A549', 'HA1E', 'HCC515', 'HEPG2', 'HT29', 'MCF7', 'PC3', 'VCAP']",13
BRD-K14340219,9,"['A375', 'A549', 'HA1E', 'HCC515', 'HEPG2', 'HT29', 'MCF7', 'PC3', 'VCAP']",13
BRD-K91836367,9,"['A375', 'A549', 'HA1E', 'HCC515', 'HEPG2', 'HT29', 'MCF7', 'PC3', 'VCAP']",13
BRD-K10855750,9,"['A375', 'A549', 'HA1E', 'HCC515', 'HEPG2', 'HT29', 'MCF7', 'PC3', 'VCAP']",13
BRD-A29721261,9,"['A375', 'A549', 'HA1E', 'HCC515', 'HEPG2', 'HT29', 'MCF7', 'PC3', 'VCAP']",13
Merck60,9,"['A375', 'A549', 'HA1E', 'HCC515', 'HEPG2', 'HT29', 'MCF7', 'PC3', 'VCAP']",75
BRD-K33182644,9,"['A375', 'A549', 'HA1E', 'HCC515', 'HEPG2', 'HT29', 'MCF7', 'PC3', 'VCAP']",13
KUC103893N,9,"['A375', 'A549', 'HA1E', 'HCC515', 'HEPG2', 'HT29', 'MCF7', 'PC3', 'VCAP']",13
BRD-A32449311,9,"['A375', 'A549', 'HA1E', 'HCC515', 'HEPG2', 'HT29', 'MCF7', 'PC3', 'VCAP']",13
KU-C104493,9,"['A375', 'A549', 'HA1E', 'HCC515', 'HEPG2', 'HT29', 'MCF7', 'PC3', 'VCAP']",13
BRD-K95547711,9,"['A375', 'A549', 'HA1E', 'HCC515', 'HEPG2', 'HT29', 'MCF7', 'PC3', 'VCAP']",13
BRD-K08174547,9,"['A375', 'A549', 'HA1E', 'HCC515', 'HEPG2', 'HT29', 'MCF7', 'PC3', 'VCAP']",13
BRD-K42681396,9,"['A375', 'A549', 'HA1E', 'HCC515', 'HEPG2', 'HT29', 'MCF7', 'PC3', 'VCAP']",13
olopatadine,9,"['A375', 'A549', 'HA1E', 'HCC515', 'HEPG2', 'HT29', 'MCF7', 'PC3', 'VCAP']",17
BRD-K96704648,9,"['A375', 'A549', 'HA1E', 'HCC515', 'HEPG2', 'HT29', 'MCF7', 'PC3', 'VCAP']",13
BRD-K63368502,9,"['A375', 'A549', 'HA1E', 'HCC515', 'HEPG2', 'HT29', 'MCF7', 'PC3', 'VCAP']",13
dipropyl-dopamine,9,"['A375', 'A549', 'HA1E', 'HCC515', 'HT29', 'MCF7', 'NKDBA', 'PC3', 'VCAP']",27
10-hydroxycamptothecin,9,"['A375', 'A549', 'ASC', 'HEPG2', 'HT29', 'MCF7', 'NPC', 'PHH', 'SKB']",11
BRD-K98546361,9,"['A375', 'A549', 'HA1E', 'HCC515', 'HEPG2', 'HT29', 'MCF7', 'PC3', 'VCAP']",24
BRD-K38634661,9,"['A375', 'A549', 'HA1E', 'HCC515', 'HEPG2', 'HT29', 'MCF7', 'PC3', 'VCAP']",13
BRD-K98824517,9,"['A375', 'A549', 'HA1E', 'HCC515', 'HEPG2', 'HT29', 'MCF7', 'PC3', 'VCAP']",11
5-methylhydantoin,9,"['A375', 'A549', 'ASC', 'HEPG2', 'HT29', 'MCF7', 'NPC', 'PHH', 'SKB']",11
BRD-K76896292,9,"['A375', 'A549', 'HA1E', 'HCC515', 'HEPG2', 'HT29', 'MCF7', 'PC3', 'VCAP']",13
SD-6-035-A11,9,"['A375', 'A549', 'HA1E', 'HCC515', 'HEPG2', 'HT29', 'MCF7', 'PC3', 'VCAP']",20
BRD-K30536692,9,"['A375', 'A549', 'HA1E', 'HCC515', 'HEPG2', 'HT29', 'MCF7', 'PC3', 'VCAP']",13
BRD-K63157263,9,"['A375', 'A549', 'HA1E', 'HCC515', 'HEPG2', 'HT29', 'MCF7', 'PC3', 'VCAP']",13
BRD-K44781077,9,"['A375', 'A549', 'HA1E', 'HCC515', 'HEPG2', 'HT29', 'MCF7', 'PC3', 'VCAP']",13
BRD-K66555411,9,"['A375', 'A549', 'HA1E', 'HCC515', 'HEPG2', 'HT29', 'MCF7', 'PC3', 'VCAP']",13
BRD-K75641083,9,"['A375', 'A549', 'HA1E', 'HCC515', 'HEPG2', 'HT29', 'MCF7', 'PC3', 'VCAP']",13
BRD-K16046246,9,"['A375', 'A549', 'HA1E', 'HCC515', 'HEPG2', 'HT29', 'MCF7', 'PC3', 'VCAP']",13
BRD-K74989018,9,"['A375', 'A549', 'HA1E', 'HCC515', 'HEPG2', 'HT29', 'MCF7', 'PC3', 'VCAP']",13
BRD-K09902564,9,"['A375', 'A549', 'HA1E', 'HCC515', 'HEPG2', 'HT29', 'MCF7', 'PC3', 'VCAP']",13
BRD-K29138830,9,"['A375', 'A549', 'HA1E', 'HCC515', 'HEPG2', 'HT29', 'MCF7', 'PC3', 'VCAP']",13
BRD-K12623437,9,"['A375', 'A549', 'HA1E', 'HCC515', 'HEPG2', 'HT29', 'MCF7', 'PC3', 'VCAP']",13
VU-0415108-1,9,"['A375', 'A549', 'HA1E', 'HCC515', 'HEPG2', 'HT29', 'MCF7', 'PC3', 'VCAP']",13
BRD-K65774694,9,"['A375', 'A549', 'HA1E', 'HCC515', 'HEPG2', 'HT29', 'MCF7', 'PC3', 'VCAP']",13
BRD-K00007652,9,"['A375', 'A549', 'HA1E', 'HCC515', 'HEPG2', 'HT29', 'MCF7', 'PC3', 'VCAP']",21
BRD-K18865856,9,"['A375', 'A549', 'HA1E', 'HCC515', 'HEPG2', 'HT29', 'MCF7', 'PC3', 'VCAP']",13
VU-0400193-3,9,"['A375', 'A549', 'HA1E', 'HCC515', 'HEPG2', 'HT29', 'MCF7', 'PC3', 'VCAP']",13
BRD-K14171663,9,"['A375', 'A549', 'HA1E', 'HCC515', 'HEPG2', 'HT29', 'MCF7', 'PC3', 'VCAP']",13
BRD-K46505016,9,"['A375', 'A549', 'HA1E', 'HCC515', 'HEPG2', 'HT29', 'MCF7', 'PC3', 'VCAP']",13
BRD-K13872703,9,"['A375', 'A549', 'ASC', 'HEPG2', 'HT29', 'MCF7', 'NPC', 'PHH', 'SKB']",11
BRD-K01229043,9,"['A375', 'A549', 'HA1E', 'HCC515', 'HEPG2', 'HT29', 'MCF7', 'PC3', 'VCAP']",13
PSH-012,9,"['A375', 'A549', 'HA1E', 'HCC515', 'HEPG2', 'HT29', 'MCF7', 'PC3', 'VCAP']",13
EMF-bca1-16,9,"['A375', 'A549', 'HA1E', 'HCC515', 'HEPG2', 'HT29', 'MCF7', 'PC3', 'VCAP']",24
BRD-K60297835,9,"['A375', 'A549', 'HA1E', 'HCC515', 'HEPG2', 'HT29', 'MCF7', 'PC3', 'VCAP']",13
BRD-K47448802,9,"['A375', 'A549', 'HA1E', 'HCC515', 'HEPG2', 'HT29', 'MCF7', 'PC3', 'VCAP']",13
ML-167,9,"['A375', 'A549', 'HA1E', 'HCC515', 'HEPG2', 'HT29', 'MCF7', 'PC3', 'VCAP']",13
BRD-K18096819,9,"['A375', 'A549', 'HA1E', 'HCC515', 'HEPG2', 'HT29', 'MCF7', 'PC3', 'VCAP']",13
BRD-K59840856,9,"['A375', 'A549', 'HA1E', 'HCC515', 'HEPG2', 'HT29', 'MCF7', 'PC3', 'VCAP']",13
BRD-K26947839,9,"['A375', 'A549', 'HA1E', 'HCC515', 'HEPG2', 'HT29', 'MCF7', 'PC3', 'VCAP']",13
BRD-K59754458,9,"['A375', 'A549', 'HA1E', 'HCC515', 'HEPG2', 'HT29', 'MCF7', 'PC3', 'VCAP']",13
gatifloxacin,9,"['A375', 'A549', 'HA1E', 'HCC515', 'HEPG2', 'HT29', 'MCF7', 'PC3', 'VCAP']",25
BRD-K89005359,9,"['A375', 'A549', 'HA1E', 'HCC515', 'HEPG2', 'HT29', 'MCF7', 'PC3', 'VCAP']",13
BRD-K25608435,9,"['A375', 'A549', 'HA1E', 'HCC515', 'HEPG2', 'HT29', 'MCF7', 'PC3', 'VCAP']",13
BRD-K40566034,9,"['A375', 'A549', 'HA1E', 'HCC515', 'HEPG2', 'HT29', 'MCF7', 'PC3', 'VCAP']",13
KU-C104227,9,"['A375', 'A549', 'HA1E', 'HCC515', 'HEPG2', 'HT29', 'MCF7', 'PC3', 'VCAP']",13
BRD-A11929187,9,"['A375', 'A549', 'HA1E', 'HCC515', 'HEPG2', 'HT29', 'MCF7', 'PC3', 'VCAP']",13
BRD-K86652643,9,"['A375', 'A549', 'HA1E', 'HCC515', 'HEPG2', 'HT29', 'MCF7', 'PC3', 'VCAP']",13
BRD-K41845021,9,"['A375', 'A549', 'HA1E', 'HCC515', 'HEPG2', 'HT29', 'MCF7', 'PC3', 'VCAP']",13
medroxyprogesterone,9,"['A375', 'A549', 'HA1E', 'HCC515', 'HEPG2', 'HT29', 'MCF7', 'PC3', 'VCAP']",24
BRD-K68826049,9,"['A375', 'A549', 'HA1E', 'HCC515', 'HEPG2', 'HT29', 'MCF7', 'PC3', 'VCAP']",13
HTS-12264SC,9,"['A375', 'A549', 'HA1E', 'HCC515', 'HEPG2', 'HT29', 'MCF7', 'PC3', 'VCAP']",13
dexchlorpheniramine,9,"['A375', 'A549', 'HA1E', 'HCC515', 'HEPG2', 'HT29', 'MCF7', 'PC3', 'VCAP']",13
lamivudine,9,"['A375', 'A549', 'HA1E', 'HCC515', 'HEPG2', 'HT29', 'MCF7', 'PC3', 'VCAP']",28
SD-6-035-A9,9,"['A375', 'A549', 'HA1E', 'HCC515', 'HEPG2', 'HT29', 'MCF7', 'PC3', 'VCAP']",13
BRD-K67484673,9,"['A375', 'A549', 'HA1E', 'HCC515', 'HEPG2', 'HT29', 'MCF7', 'PC3', 'VCAP']",26
BRD-K43267173,9,"['A375', 'A549', 'HA1E', 'HCC515', 'HEPG2', 'HT29', 'MCF7', 'PC3', 'VCAP']",13
BRD-K58982513,9,"['A375', 'A549', 'HA1E', 'HCC515', 'HEPG2', 'HT29', 'MCF7', 'PC3', 'VCAP']",13
BRD-K30779094,9,"['A375', 'A549', 'HA1E', 'HCC515', 'HEPG2', 'HT29', 'MCF7', 'PC3', 'VCAP']",13
BRD-K51083659,9,"['A375', 'A549', 'HA1E', 'HCC515', 'HEPG2', 'HT29', 'MCF7', 'PC3', 'VCAP']",13
BRD-K76357752,9,"['A375', 'A549', 'HA1E', 'HCC515', 'HEPG2', 'HT29', 'MCF7', 'PC3', 'VCAP']",24
5-nonyloxytryptamine,9,"['A375', 'A549', 'HA1E', 'HCC515', 'HEPG2', 'HT29', 'MCF7', 'PC3', 'VCAP']",13
BRD-K75304533,9,"['A375', 'A549', 'HA1E', 'HCC515', 'HEPG2', 'HT29', 'MCF7', 'PC3', 'VCAP']",13
BRD-K23282736,9,"['A375', 'A549', 'HA1E', 'HCC515', 'HEPG2', 'HT29', 'MCF7', 'PC3', 'VCAP']",13
BRD-K00028814,9,"['A375', 'A549', 'HA1E', 'HCC515', 'HEPG2', 'HT29', 'MCF7', 'PC3', 'VCAP']",13
MW-RAS9,9,"['A375', 'A549', 'HA1E', 'HCC515', 'HEPG2', 'HT29', 'MCF7', 'PC3', 'VCAP']",13
SA-90377,9,"['A375', 'A549', 'HT29', 'MCF7', 'NEU', 'NKDBA', 'NPC', 'PC3', 'VCAP']",25
BRD-K10405667,9,"['A375', 'A549', 'HA1E', 'HCC515', 'HEPG2', 'HT29', 'MCF7', 'PC3', 'VCAP']",13
BRD-K73481389,9,"['A375', 'A549', 'HA1E', 'HCC515', 'HEPG2', 'HT29', 'MCF7', 'PC3', 'VCAP']",13
BRD-K55127335,9,"['A375', 'A549', 'HA1E', 'HCC515', 'HEPG2', 'HT29', 'MCF7', 'PC3', 'VCAP']",13
BRD-K02598395,9,"['A375', 'A549', 'HA1E', 'HCC515', 'HEPG2', 'HT29', 'MCF7', 'PC3', 'VCAP']",13
SA-1973509,9,"['A375', 'A549', 'HEPG2', 'HT29', 'HUH7', 'MCF7', 'PC3', 'PHH', 'VCAP']",27
BRD-K22449070,9,"['A375', 'A549', 'HA1E', 'HCC515', 'HEPG2', 'HT29', 'MCF7', 'PC3', 'VCAP']",13
BRD-K35429092,9,"['A375', 'A549', 'HA1E', 'HCC515', 'HEPG2', 'HT29', 'MCF7', 'PC3', 'VCAP']",13
ST-014075,9,"['A375', 'A549', 'HA1E', 'HCC515', 'HEPG2', 'HT29', 'MCF7', 'PC3', 'VCAP']",13
cyproheptadine,9,"['A375', 'A549', 'HA1E', 'HCC515', 'HEPG2', 'HT29', 'MCF7', 'PC3', 'VCAP']",16
BRD-K64366758,9,"['A375', 'A549', 'HA1E', 'HCC515', 'HEPG2', 'HT29', 'MCF7', 'PC3', 'VCAP']",13
BRD-K94544211,9,"['A375', 'A549', 'HA1E', 'HCC515', 'HEPG2', 'HT29', 'MCF7', 'PC3', 'VCAP']",17
BRD-K24214483,9,"['A375', 'A549', 'HA1E', 'HCC515', 'HEPG2', 'HT29', 'MCF7', 'PC3', 'VCAP']",13
BRD-K78167523,9,"['A375', 'A549', 'HA1E', 'HCC515', 'HEPG2', 'HT29', 'MCF7', 'PC3', 'VCAP']",13
BRD-K85818861,9,"['A375', 'A549', 'HA1E', 'HCC515', 'HEPG2', 'HT29', 'MCF7', 'PC3', 'VCAP']",13
BRD-K76595177,9,"['A375', 'A549', 'HA1E', 'HCC515', 'HEPG2', 'HT29', 'MCF7', 'PC3', 'VCAP']",13
BRD-K23644387,9,"['A375', 'A549', 'ASC', 'HEPG2', 'HT29', 'MCF7', 'NPC', 'PHH', 'SKB']",11
BRD-A86792397,9,"['A375', 'A549', 'HA1E', 'HCC515', 'HEPG2', 'HT29', 'MCF7', 'PC3', 'VCAP']",13
L-ascorbyl-6-palmitate,9,"['A375', 'A549', 'HA1E', 'HCC515', 'HEPG2', 'HT29', 'MCF7', 'PC3', 'VCAP']",12
BRD-K46594703,9,"['A375', 'A549', 'HA1E', 'HCC515', 'HEPG2', 'HT29', 'MCF7', 'PC3', 'VCAP']",13
BRD-K65242613,9,"['A375', 'A549', 'HA1E', 'HCC515', 'HEPG2', 'HT29', 'MCF7', 'PC3', 'VCAP']",13
BRD-K47786739,9,"['A375', 'A549', 'HA1E', 'HCC515', 'HEPG2', 'HT29', 'MCF7', 'PC3', 'VCAP']",17
BRD-K35133769,9,"['A375', 'A549', 'HA1E', 'HCC515', 'HEPG2', 'HT29', 'MCF7', 'PC3', 'VCAP']",13
BRD-K24705176,9,"['A375', 'A549', 'HA1E', 'HCC515', 'HEPG2', 'HT29', 'MCF7', 'PC3', 'VCAP']",13
BRD-A42737819,9,"['A375', 'A549', 'HA1E', 'HCC515', 'HEPG2', 'HT29', 'MCF7', 'PC3', 'VCAP']",13
KUC104240N,9,"['A375', 'A549', 'HA1E', 'HCC515', 'HEPG2', 'HT29', 'MCF7', 'PC3', 'VCAP']",13
BRD-K39289507,9,"['A375', 'A549', 'HA1E', 'HCC515', 'HEPG2', 'HT29', 'MCF7', 'PC3', 'VCAP']",13
BRD-K23149109,9,"['A375', 'A549', 'HA1E', 'HCC515', 'HEPG2', 'HT29', 'MCF7', 'PC3', 'VCAP']",13
BRD-K73125384,9,"['A375', 'A549', 'HA1E', 'HCC515', 'HEPG2', 'HT29', 'MCF7', 'PC3', 'VCAP']",13
BRD-K33720404,9,"['A375', 'A549', 'HA1E', 'HCC515', 'HEPG2', 'HT29', 'MCF7', 'PC3', 'VCAP']",13
SD-6-035-A2,9,"['A375', 'A549', 'HA1E', 'HCC515', 'HEPG2', 'HT29', 'MCF7', 'PC3', 'VCAP']",13
BRD-K46445327,9,"['A375', 'A549', 'HA1E', 'HCC515', 'HEPG2', 'HT29', 'MCF7', 'PC3', 'VCAP']",13
BRD-A43885598,9,"['A375', 'A549', 'HA1E', 'HCC515', 'HEPG2', 'HT29', 'MCF7', 'PC3', 'VCAP']",13
3-methyl-GABA,9,"['A375', 'A549', 'ASC', 'HEPG2', 'HT29', 'MCF7', 'NPC', 'PHH', 'SKB']",11
BRD-K03652504,9,"['A375', 'A549', 'HEPG2', 'HT29', 'HUH7', 'MCF7', 'PC3', 'PHH', 'VCAP']",19
BRD-K86217247,9,"['A375', 'A549', 'HA1E', 'HCC515', 'HEPG2', 'HT29', 'MCF7', 'PC3', 'VCAP']",13
BRD-K87113270,9,"['A375', 'A549', 'HA1E', 'HCC515', 'HEPG2', 'HT29', 'MCF7', 'PC3', 'VCAP']",13
BRD-K04516579,9,"['A375', 'A549', 'HA1E', 'HCC515', 'HEPG2', 'HT29', 'MCF7', 'PC3', 'VCAP']",13
BRD-K17830172,9,"['A375', 'A549', 'HA1E', 'HCC515', 'HEPG2', 'HT29', 'MCF7', 'PC3', 'VCAP']",13
trequinsin,9,"['A375', 'A549', 'HA1E', 'HCC515', 'HEPG2', 'HT29', 'MCF7', 'PC3', 'VCAP']",63
BRD-K17754811,9,"['A375', 'A549', 'HA1E', 'HCC515', 'HEPG2', 'HT29', 'MCF7', 'PC3', 'VCAP']",13
BRD-K71489689,9,"['A375', 'A549', 'HA1E', 'HCC515', 'HEPG2', 'HT29', 'MCF7', 'PC3', 'VCAP']",13
BRD-K17739445,9,"['A375', 'A549', 'HA1E', 'HCC515', 'HEPG2', 'HT29', 'MCF7', 'PC3', 'VCAP']",13
BRD-K71380401,9,"['A375', 'A549', 'HA1E', 'HCC515', 'HEPG2', 'HT29', 'MCF7', 'PC3', 'VCAP']",13
BRD-K57786095,9,"['A375', 'A549', 'HA1E', 'HCC515', 'HEPG2', 'HT29', 'MCF7', 'PC3', 'VCAP']",13
BRD-K71303366,9,"['A375', 'A549', 'HA1E', 'HCC515', 'HEPG2', 'HT29', 'MCF7', 'PC3', 'VCAP']",21
BRD-K57678861,9,"['A375', 'A549', 'HA1E', 'HCC515', 'HEPG2', 'HT29', 'MCF7', 'PC3', 'VCAP']",13
BRD-K86108784,9,"['A375', 'A549', 'HA1E', 'HCC515', 'HEPG2', 'HT29', 'MCF7', 'PC3', 'VCAP']",13
BRD-K18059480,9,"['A375', 'A549', 'HA1E', 'HCC515', 'HEPG2', 'HT29', 'MCF7', 'PC3', 'VCAP']",13
BRD-K03358980,9,"['A375', 'A549', 'HA1E', 'HCC515', 'HEPG2', 'HT29', 'MCF7', 'PC3', 'VCAP']",13
"1,2,3,4,5,6-hexabromocyclohexane",9,"['A375', 'A549', 'ASC', 'HEPG2', 'HT29', 'MCF7', 'NPC', 'PHH', 'SKB']",11
BRD-K03339442,9,"['A375', 'A549', 'HA1E', 'HCC515', 'HEPG2', 'HT29', 'MCF7', 'PC3', 'VCAP']",13
5'-guanidinonaltrindole,8,"['A375', 'A549', 'HA1E', 'HCC515', 'HT29', 'MCF7', 'PC3', 'VCAP']",15
6-benzylaminopurine,8,"['A375', 'A549', 'HA1E', 'HCC515', 'HT29', 'MCF7', 'PC3', 'VCAP']",18
zimelidine,8,"['A375', 'A549', 'HA1E', 'HCC515', 'HT29', 'MCF7', 'PC3', 'VCAP']",18
zidovudine,8,"['A375', 'A549', 'HA1E', 'HCC515', 'HT29', 'MCF7', 'PC3', 'VCAP']",14
2-(biphenyl-4-ylsulfonamido)pentanedioic-acid,8,"['A375', 'A549', 'HA1E', 'HCC515', 'HT29', 'MCF7', 'PC3', 'VCAP']",15
BRD-K37940862,8,"['A375', 'A549', 'HA1E', 'HCC515', 'HT29', 'MCF7', 'PC3', 'VCAP']",15
BRD-K37879871,8,"['A375', 'A549', 'HT29', 'MCF7', 'NEU', 'NPC', 'PC3', 'VCAP']",12
BRD-K37669227,8,"['A375', 'A549', 'HT29', 'MCF7', 'NEU', 'NPC', 'PC3', 'VCAP']",28
calcipotriol,8,"['A375', 'A549', 'HA1E', 'HCC515', 'HT29', 'MCF7', 'PC3', 'VCAP']",33
BRD-K85937960,8,"['A375', 'A549', 'HCC515', 'HEPG2', 'HT29', 'MCF7', 'PC3', 'VCAP']",12
BRD-K85806228,8,"['A375', 'A549', 'HT29', 'MCF7', 'NEU', 'NPC', 'PC3', 'VCAP']",9
1-phenylbiguanide,8,"['A375', 'A549', 'ASC', 'HEPG2', 'HT29', 'MCF7', 'NPC', 'PHH']",9
zolpidem,8,"['A375', 'A549', 'HA1E', 'HCC515', 'HT29', 'MCF7', 'PC3', 'VCAP']",22
zamifenacin,8,"['A375', 'A549', 'HA1E', 'HCC515', 'HT29', 'MCF7', 'PC3', 'VCAP']",15
17-beta-estradiol,8,"['A375', 'A549', 'HA1E', 'HCC515', 'HT29', 'MCF7', 'PC3', 'VCAP']",11
busulfan,8,"['A375', 'A549', 'HA1E', 'HCC515', 'HT29', 'MCF7', 'PC3', 'VCAP']",17
byssochlamic-acid,8,"['A375', 'A549', 'HA1E', 'HCC515', 'HT29', 'MCF7', 'PC3', 'VCAP']",15
BRD-K85549762,8,"['A375', 'A549', 'HT29', 'MCF7', 'NEU', 'NPC', 'PC3', 'VCAP']",13
BRD-K85592362,8,"['A375', 'A549', 'HA1E', 'HCC515', 'HT29', 'MCF7', 'PC3', 'VCAP']",11
BRD-K85593835,8,"['A375', 'A549', 'HT29', 'MCF7', 'NEU', 'NPC', 'PC3', 'VCAP']",11
BRD-K85650383,8,"['A375', 'A549', 'HT29', 'MCF7', 'NEU', 'NPC', 'PC3', 'VCAP']",12
BRD-K85660637,8,"['A375', 'A549', 'HA1E', 'HCC515', 'HT29', 'MCF7', 'PC3', 'VCAP']",11
BRD-K85670329,8,"['A375', 'A549', 'HCC515', 'HEPG2', 'HT29', 'MCF7', 'PC3', 'VCAP']",12
ALX-5407,8,"['A375', 'A549', 'HA1E', 'HCC515', 'HT29', 'MCF7', 'PC3', 'VCAP']",15
AM-281,8,"['A375', 'A549', 'HA1E', 'HCC515', 'HT29', 'MCF7', 'PC3', 'VCAP']",15
BRD-K86618560,8,"['A375', 'A549', 'HT29', 'MCF7', 'NEU', 'NPC', 'PC3', 'VCAP']",11
BRD-K86671899,8,"['A375', 'A549', 'HT29', 'MCF7', 'NEU', 'NPC', 'PC3', 'VCAP']",11
BRD-K86786416,8,"['A375', 'A549', 'HT29', 'MCF7', 'NEU', 'NPC', 'PC3', 'VCAP']",12
BRD-K38700430,8,"['A375', 'A549', 'HT29', 'MCF7', 'NEU', 'NPC', 'PC3', 'VCAP']",13
cefazolin,8,"['A375', 'A549', 'HA1E', 'HCC515', 'HT29', 'MCF7', 'PC3', 'VCAP']",15
bromfenac,8,"['A375', 'A549', 'HA1E', 'HCC515', 'HT29', 'MCF7', 'PC3', 'VCAP']",11
BRD-K18711687,8,"['A375', 'A549', 'HCC515', 'HEPG2', 'HT29', 'MCF7', 'PC3', 'VCAP']",12
metyrapone,8,"['A375', 'A549', 'HA1E', 'HCC515', 'HT29', 'MCF7', 'PC3', 'VCAP']",19
PF-543,8,"['A375', 'A549', 'HA1E', 'HCC515', 'HEPG2', 'HT29', 'MCF7', 'PC3']",48
BRD-K57353465,8,"['A375', 'A549', 'HCC515', 'HEPG2', 'HT29', 'MCF7', 'PC3', 'VCAP']",12
napelline,8,"['A375', 'A549', 'HA1E', 'HCC515', 'HT29', 'MCF7', 'PC3', 'VCAP']",15
BRD-K17086338,8,"['A375', 'A549', 'HCC515', 'HEPG2', 'HT29', 'MCF7', 'PC3', 'VCAP']",12
BRD-K17139610,8,"['A375', 'A549', 'HT29', 'MCF7', 'NEU', 'NPC', 'PC3', 'VCAP']",11
BRD-K17203693,8,"['A375', 'A549', 'HA1E', 'HCC515', 'HT29', 'MCF7', 'PC3', 'VCAP']",14
naringin,8,"['A375', 'A549', 'HA1E', 'HCC515', 'HT29', 'MCF7', 'PC3', 'VCAP']",15
BRD-K58214070,8,"['A375', 'A549', 'HA1E', 'HCC515', 'HT29', 'MCF7', 'PC3', 'VCAP']",12
BRD-K58247702,8,"['A375', 'A549', 'HCC515', 'HEPG2', 'HT29', 'MCF7', 'PC3', 'VCAP']",12
BRD-K58318000,8,"['A375', 'A549', 'HA1E', 'HCC515', 'HT29', 'MCF7', 'PC3', 'VCAP']",15
myricetin,8,"['A375', 'A549', 'HA1E', 'HCC515', 'HT29', 'MCF7', 'PC3', 'VCAP']",35
nabumetone,8,"['A375', 'A549', 'HA1E', 'HCC515', 'HT29', 'MCF7', 'PC3', 'VCAP']",19
BRD-K58033748,8,"['A375', 'A549', 'HCC515', 'HEPG2', 'HT29', 'MCF7', 'PC3', 'VCAP']",12
BRD-K57592392,8,"['A375', 'A549', 'HCC515', 'HEPG2', 'HT29', 'MCF7', 'PC3', 'VCAP']",12
NS-3694,8,"['A375', 'A549', 'HA1E', 'HCC515', 'HT29', 'MCF7', 'PC3', 'VCAP']",15
NSC-119889,8,"['A375', 'A549', 'HA1E', 'HCC515', 'HT29', 'MCF7', 'PC3', 'VCAP']",15
BRD-K58679021,8,"['A375', 'A549', 'HA1E', 'HCC515', 'HT29', 'MCF7', 'PC3', 'VCAP']",15
BRD-K58808184,8,"['A375', 'A549', 'HT29', 'MCF7', 'NEU', 'NPC', 'PC3', 'VCAP']",13
BRD-K58846134,8,"['A375', 'A549', 'HCC515', 'HEPG2', 'HT29', 'MCF7', 'PC3', 'VCAP']",12
BRD-K58853583,8,"['A375', 'A549', 'HCC515', 'HEPG2', 'HT29', 'MCF7', 'PC3', 'VCAP']",12
nevirapine,8,"['A375', 'A549', 'HA1E', 'HCC515', 'HT29', 'MCF7', 'PC3', 'VCAP']",22
BRD-K16934333,8,"['A375', 'A549', 'HT29', 'MCF7', 'NEU', 'NPC', 'PC3', 'VCAP']",9
BRD-K16940042,8,"['A375', 'A549', 'HCC515', 'HEPG2', 'HT29', 'MCF7', 'PC3', 'VCAP']",12
BRD-K16947188,8,"['A375', 'A549', 'HA1E', 'HCC515', 'HT29', 'MCF7', 'PC3', 'VCAP']",15
metixene,8,"['A375', 'A549', 'HA1E', 'HCC515', 'HT29', 'MCF7', 'PC3', 'VCAP']",19
metrizamide,8,"['A375', 'A549', 'HA1E', 'HCC515', 'HT29', 'MCF7', 'PC3', 'VCAP']",19
BRD-K18495986,8,"['A375', 'A549', 'HCC515', 'HEPG2', 'HT29', 'MCF7', 'PC3', 'VCAP']",12
BRD-K18542345,8,"['A375', 'A549', 'HT29', 'MCF7', 'NEU', 'NPC', 'PC3', 'VCAP']",14
BRD-K18595892,8,"['A375', 'A549', 'HA1E', 'HCC515', 'HT29', 'MCF7', 'PC3', 'VCAP']",15
BRD-K18641148,8,"['A375', 'A549', 'HT29', 'MCF7', 'NEU', 'NPC', 'PC3', 'VCAP']",13
BRD-K57166447,8,"['A375', 'A549', 'HT29', 'MCF7', 'NEU', 'NPC', 'PC3', 'VCAP']",11
BRD-K57238941,8,"['A375', 'A549', 'HCC515', 'HEPG2', 'HT29', 'MCF7', 'PC3', 'VCAP']",12
PHCCC,8,"['A375', 'A549', 'HA1E', 'HCC515', 'HT29', 'MCF7', 'PC3', 'VCAP']",15
BRD-K18761689,8,"['A375', 'A549', 'HA1E', 'HCC515', 'HT29', 'MCF7', 'PC3', 'VCAP']",15
BRD-K16472144,8,"['A375', 'A549', 'HA1E', 'HCC515', 'HT29', 'MCF7', 'PC3', 'VCAP']",15
BRD-K16535949,8,"['A375', 'A549', 'HT29', 'MCF7', 'NEU', 'NPC', 'PC3', 'VCAP']",17
BRD-K16618170,8,"['A375', 'A549', 'HCC515', 'HEPG2', 'HT29', 'MCF7', 'PC3', 'VCAP']",12
niridazole,8,"['A375', 'A549', 'HA1E', 'HCC515', 'HT29', 'MCF7', 'PC3', 'VCAP']",19
nitrarine,8,"['A375', 'A549', 'HA1E', 'HCC515', 'HT29', 'MCF7', 'PC3', 'VCAP']",15
nitrofural,8,"['A375', 'A549', 'HA1E', 'HCC515', 'HT29', 'MCF7', 'PC3', 'VCAP']",19
nicotine,8,"['A375', 'A549', 'HA1E', 'HCC515', 'HT29', 'MCF7', 'PC3', 'VCAP']",26
niflumic-acid,8,"['A375', 'A549', 'HA1E', 'HCC515', 'HT29', 'MCF7', 'PC3', 'VCAP']",14
BRD-K16625384,8,"['A375', 'A549', 'HT29', 'MCF7', 'NEU', 'NPC', 'PC3', 'VCAP']",13
BRD-K16714380,8,"['A375', 'A549', 'HT29', 'MCF7', 'NEU', 'NPC', 'PC3', 'VCAP']",10
BRD-K16752617,8,"['A375', 'A549', 'HT29', 'MCF7', 'NEU', 'NPC', 'PC3', 'VCAP']",11
BRD-K16782389,8,"['A375', 'A549', 'HT29', 'MCF7', 'NEU', 'NPC', 'PC3', 'VCAP']",11
methapyrilene,8,"['A375', 'A549', 'HA1E', 'HCC515', 'HT29', 'MCF7', 'PC3', 'VCAP']",17
methazolamide,8,"['A375', 'A549', 'HA1E', 'HCC515', 'HT29', 'MCF7', 'PC3', 'VCAP']",15
BRD-K19011062,8,"['A375', 'A549', 'HT29', 'MCF7', 'NEU', 'NPC', 'PC3', 'VCAP']",12
BRD-K16034108,8,"['A375', 'A549', 'HT29', 'MCF7', 'NEU', 'NPC', 'PC3', 'VCAP']",11
ofloxacin,8,"['A375', 'A549', 'HA1E', 'HCC515', 'HT29', 'MCF7', 'PC3', 'VCAP']",14
nomifensine,8,"['A375', 'A549', 'HA1E', 'HCC515', 'HT29', 'MCF7', 'PC3', 'VCAP']",14
nor-binaltorphimine,8,"['A375', 'A549', 'HA1E', 'HCC515', 'HT29', 'MCF7', 'PC3', 'VCAP']",15
BRD-K16358524,8,"['A375', 'A549', 'HCC515', 'HEPG2', 'HT29', 'MCF7', 'PC3', 'VCAP']",12
norethindrone,8,"['A375', 'A549', 'HA1E', 'HCC515', 'HT29', 'MCF7', 'PC3', 'VCAP']",29
BRD-K58999277,8,"['A375', 'A549', 'HCC515', 'HEPG2', 'HT29', 'MCF7', 'PC3', 'VCAP']",12
BRD-K59024967,8,"['A375', 'A549', 'HA1E', 'HCC515', 'HT29', 'MCF7', 'PC3', 'VCAP']",15
BRD-K57480017,8,"['A375', 'A549', 'HA1E', 'HCC515', 'HT29', 'MCF7', 'PC3', 'VCAP']",15
BRD-K57016430,8,"['A375', 'A549', 'HA1E', 'HCC515', 'HT29', 'MCF7', 'PC3', 'VCAP']",15
BRD-K57044355,8,"['A375', 'A549', 'HCC515', 'HEPG2', 'HT29', 'MCF7', 'PC3', 'VCAP']",12
BRD-K57073585,8,"['A375', 'A549', 'HT29', 'MCF7', 'NEU', 'NPC', 'PC3', 'VCAP']",13
BRD-K57104759,8,"['A375', 'A549', 'HA1E', 'HCC515', 'HT29', 'MCF7', 'PC3', 'VCAP']",11
BRD-K15916856,8,"['A375', 'A549', 'HA1E', 'HCC515', 'HT29', 'MCF7', 'PC3', 'VCAP']",11
BRD-K15923759,8,"['A375', 'A549', 'HA1E', 'HCC515', 'HT29', 'MCF7', 'PC3', 'VCAP']",11
BRD-K15935695,8,"['A375', 'A549', 'HT29', 'MCF7', 'NEU', 'NPC', 'PC3', 'VCAP']",12
BRD-K59472190,8,"['A375', 'A549', 'HT29', 'MCF7', 'NEU', 'NPC', 'PC3', 'VCAP']",9
N-formylmethionylalanine,8,"['A375', 'A549', 'HA1E', 'HCC515', 'HT29', 'MCF7', 'PC3', 'VCAP']",15
N-methylquipazine,8,"['A375', 'A549', 'HA1E', 'HCC515', 'HT29', 'MCF7', 'PC3', 'VCAP']",15
N20C,8,"['A375', 'A549', 'HA1E', 'HCC515', 'HT29', 'MCF7', 'PC3', 'VCAP']",15
N6-cyclopentyladenosine,8,"['A375', 'A549', 'HA1E', 'HCC515', 'HT29', 'MCF7', 'PC3', 'VCAP']",15
BRD-K59222562,8,"['A375', 'A549', 'HCC515', 'HEPG2', 'HT29', 'MCF7', 'PC3', 'VCAP']",12
BRD-K15973523,8,"['A375', 'A549', 'HT29', 'MCF7', 'NEU', 'NPC', 'PC3', 'VCAP']",11
BRD-K18953385,8,"['A375', 'A549', 'HA1E', 'HCC515', 'HT29', 'MCF7', 'PC3', 'VCAP']",15
methimazole,8,"['A375', 'A549', 'HA1E', 'HCC515', 'HT29', 'MCF7', 'PC3', 'VCAP']",15
methotrexate,8,"['A375', 'A549', 'HA1E', 'HT29', 'MCF7', 'NKDBA', 'PC3', 'VCAP']",32
methoxsalen,8,"['A375', 'A549', 'HA1E', 'HCC515', 'HT29', 'MCF7', 'PC3', 'VCAP']",34
BRD-K56658166,8,"['A375', 'A549', 'HA1E', 'HCC515', 'HT29', 'MCF7', 'PC3', 'VCAP']",15
BRD-K56697208,8,"['A375', 'A549', 'HA1E', 'HCC515', 'HT29', 'MCF7', 'PC3', 'VCAP']",15
BRD-K19189705,8,"['A375', 'A549', 'HA1E', 'HCC515', 'HT29', 'MCF7', 'PC3', 'VCAP']",11
BRD-K19198293,8,"['A375', 'A549', 'HT29', 'MCF7', 'NEU', 'NPC', 'PC3', 'VCAP']",13
mercaptopurine,8,"['A375', 'A549', 'HA1E', 'HCC515', 'HT29', 'MCF7', 'PC3', 'VCAP']",14
meropenem,8,"['A375', 'A549', 'HA1E', 'HCC515', 'HT29', 'MCF7', 'PC3', 'VCAP']",26
BRD-K19290969,8,"['A375', 'A549', 'HA1E', 'HCC515', 'HT29', 'MCF7', 'PC3', 'VCAP']",15
BRD-K19390271,8,"['A375', 'A549', 'HT29', 'MCF7', 'NEU', 'NPC', 'PC3', 'VCAP']",13
BRD-K19410523,8,"['A375', 'A549', 'HCC515', 'HEPG2', 'HT29', 'MCF7', 'PC3', 'VCAP']",12
BRD-K19433082,8,"['A375', 'A549', 'HA1E', 'HCC515', 'HT29', 'MCF7', 'PC3', 'VCAP']",15
mesna,8,"['A375', 'A549', 'HA1E', 'HCC515', 'HT29', 'MCF7', 'PC3', 'VCAP']",15
mestinon,8,"['A375', 'A549', 'HA1E', 'HCC515', 'HT29', 'MCF7', 'PC3', 'VCAP']",15
MW-STK33-23,8,"['A375', 'A549', 'HA1E', 'HCC515', 'HT29', 'MCF7', 'PC3', 'VCAP']",11
BRD-K15467014,8,"['A375', 'A549', 'HA1E', 'HCC515', 'HT29', 'MCF7', 'PC3', 'VCAP']",15
BRD-K15640888,8,"['A375', 'A549', 'HA1E', 'HCC515', 'HT29', 'MCF7', 'PC3', 'VCAP']",15
oleylethanolamide,8,"['A375', 'A549', 'HA1E', 'HCC515', 'HT29', 'MCF7', 'PC3', 'VCAP']",15
orciprenaline,8,"['A375', 'A549', 'HA1E', 'HCC515', 'HT29', 'MCF7', 'PC3', 'VCAP']",26
BRD-K15892609,8,"['A375', 'A549', 'HT29', 'MCF7', 'NEU', 'NPC', 'PC3', 'VCAP']",11
BRD-K56555032,8,"['A375', 'A549', 'HA1E', 'HCC515', 'HT29', 'MCF7', 'PC3', 'VCAP']",11
BRD-K56130969,8,"['A375', 'A549', 'HT29', 'MCF7', 'NEU', 'NPC', 'PC3', 'VCAP']",11
BRD-K56208365,8,"['A375', 'A549', 'HT29', 'MCF7', 'NEU', 'NPC', 'PC3', 'VCAP']",13
PSB-1115,8,"['A375', 'A549', 'HA1E', 'HCC515', 'HT29', 'MCF7', 'PC3', 'VCAP']",15
PSB-36,8,"['A375', 'A549', 'HA1E', 'HCC515', 'HT29', 'MCF7', 'PC3', 'VCAP']",15
PSH-003,8,"['A375', 'A549', 'HA1E', 'HCC515', 'HT29', 'MCF7', 'PC3', 'VCAP']",15
PSH-008,8,"['A375', 'A549', 'HA1E', 'HCC515', 'HT29', 'MCF7', 'PC3', 'VCAP']",15
PSH-010,8,"['A375', 'A549', 'HA1E', 'HCC515', 'HT29', 'MCF7', 'PC3', 'VCAP']",15
BRD-K60202068,8,"['A375', 'A549', 'HA1E', 'HCC515', 'HT29', 'MCF7', 'PC3', 'VCAP']",15
BRD-K60212338,8,"['A375', 'A549', 'HT29', 'MCF7', 'NEU', 'NPC', 'PC3', 'VCAP']",13
BRD-K59761766,8,"['A375', 'A549', 'HA1E', 'HCC515', 'HT29', 'MCF7', 'PC3', 'VCAP']",15
BRD-K59805090,8,"['A375', 'A549', 'HT29', 'MCF7', 'NEU', 'NPC', 'PC3', 'VCAP']",11
MW-STK33-1B,8,"['A375', 'A549', 'HA1E', 'HCC515', 'HT29', 'MCF7', 'PC3', 'VCAP']",11
BRD-K19059335,8,"['A375', 'A549', 'HCC515', 'HEPG2', 'HT29', 'MCF7', 'PC3', 'VCAP']",12
BRD-K19117583,8,"['A375', 'A549', 'HA1E', 'HCC515', 'HT29', 'MCF7', 'PC3', 'VCAP']",15
BRD-K19134488,8,"['A375', 'A549', 'HCC515', 'HEPG2', 'HT29', 'MCF7', 'PC3', 'VCAP']",12
mephenytoin,8,"['A375', 'A549', 'HA1E', 'HCC515', 'HT29', 'MCF7', 'PC3', 'VCAP']",19
mepireserpate,8,"['A375', 'A549', 'HA1E', 'HCC515', 'HT29', 'MCF7', 'PC3', 'VCAP']",15
PSH-024,8,"['A375', 'A549', 'HA1E', 'HCC515', 'HT29', 'MCF7', 'PC3', 'VCAP']",15
PSH-025,8,"['A375', 'A549', 'HA1E', 'HCC515', 'HT29', 'MCF7', 'PC3', 'VCAP']",15
PSH-026,8,"['A375', 'A549', 'HA1E', 'HCC515', 'HT29', 'MCF7', 'PC3', 'VCAP']",15
PSH-027,8,"['A375', 'A549', 'HA1E', 'HCC515', 'HT29', 'MCF7', 'PC3', 'VCAP']",15
BRD-K15206810,8,"['A375', 'A549', 'HCC515', 'HEPG2', 'HT29', 'MCF7', 'PC3', 'VCAP']",12
BRD-K15293421,8,"['A375', 'A549', 'HCC515', 'HEPG2', 'HT29', 'MCF7', 'PC3', 'VCAP']",12
oxotremorine-sesquifumarate,8,"['A375', 'A549', 'HA1E', 'HCC515', 'HT29', 'MCF7', 'PC3', 'VCAP']",15
oxprenolol,8,"['A375', 'A549', 'HA1E', 'HCC515', 'HT29', 'MCF7', 'PC3', 'VCAP']",19
oxybutynin,8,"['A375', 'A549', 'HA1E', 'HCC515', 'HT29', 'MCF7', 'PC3', 'VCAP']",11
mesulergine,8,"['A375', 'A549', 'HA1E', 'HCC515', 'HT29', 'MCF7', 'PC3', 'VCAP']",15
met-leu-phe,8,"['A375', 'A549', 'HA1E', 'HCC515', 'HT29', 'MCF7', 'PC3', 'VCAP']",15
metanephrine,8,"['A375', 'A549', 'HA1E', 'HCC515', 'HT29', 'MCF7', 'PC3', 'VCAP']",15
BRD-K56446541,8,"['A375', 'A549', 'HA1E', 'HCC515', 'HT29', 'MCF7', 'PC3', 'VCAP']",15
BRD-K56489029,8,"['A375', 'A549', 'HCC515', 'HEPG2', 'HT29', 'MCF7', 'PC3', 'VCAP']",12
BRD-K60836534,8,"['A375', 'A549', 'HT29', 'MCF7', 'NEU', 'NPC', 'PC3', 'VCAP']",12
BRD-K60870698,8,"['A375', 'A549', 'HA1E', 'HCC515', 'HT29', 'MCF7', 'PC3', 'VCAP']",15
BRD-K60895275,8,"['A375', 'A549', 'HA1E', 'HCC515', 'HT29', 'MCF7', 'PC3', 'VCAP']",11
BRD-K14914284,8,"['A375', 'A549', 'HCC515', 'HEPG2', 'HT29', 'MCF7', 'PC3', 'VCAP']",12
BRD-K15030062,8,"['A375', 'A549', 'HT29', 'MCF7', 'NEU', 'NPC', 'PC3', 'VCAP']",13
BRD-K15050703,8,"['A375', 'A549', 'HT29', 'MCF7', 'NEU', 'NPC', 'PC3', 'VCAP']",14
BRD-K60391168,8,"['A375', 'A549', 'HT29', 'MCF7', 'NEU', 'NPC', 'PC3', 'VCAP']",12
BRD-K60571253,8,"['A375', 'A549', 'HA1E', 'HCC515', 'HT29', 'MCF7', 'PC3', 'VCAP']",15
BRD-K60636255,8,"['A375', 'A549', 'HT29', 'MCF7', 'NEU', 'NPC', 'PC3', 'VCAP']",14
BRD-K60637442,8,"['A375', 'A549', 'HT29', 'MCF7', 'NEU', 'NPC', 'PC3', 'VCAP']",14
PSH-013,8,"['A375', 'A549', 'HA1E', 'HCC515', 'HT29', 'MCF7', 'PC3', 'VCAP']",15
PSH-021,8,"['A375', 'A549', 'HA1E', 'HCC515', 'HT29', 'MCF7', 'PC3', 'VCAP']",15
PSH-023,8,"['A375', 'A549', 'HA1E', 'HCC515', 'HT29', 'MCF7', 'PC3', 'VCAP']",15
BRD-K19735876,8,"['A375', 'A549', 'HCC515', 'HEPG2', 'HT29', 'MCF7', 'PC3', 'VCAP']",12
BRD-K19826688,8,"['A375', 'A549', 'HA1E', 'HCC515', 'HEPG2', 'HT29', 'MCF7', 'PC3']",110
memantine,8,"['A375', 'A549', 'HA1E', 'HCC515', 'HT29', 'MCF7', 'PC3', 'VCAP']",26
BRD-K55487965,8,"['A375', 'A549', 'HCC515', 'HEPG2', 'HT29', 'MCF7', 'PC3', 'VCAP']",12
BRD-K55502647,8,"['A375', 'A549', 'HA1E', 'HCC515', 'HT29', 'MCF7', 'PC3', 'VCAP']",15
BRD-K55533488,8,"['A375', 'A549', 'HA1E', 'HCC515', 'HEPG2', 'HT29', 'MCF7', 'PC3']",48
BRD-K61001510,8,"['A375', 'A549', 'HT29', 'MCF7', 'NEU', 'NPC', 'PC3', 'VCAP']",13
ML-9,8,"['A375', 'A549', 'HA1E', 'HCC515', 'HT29', 'MCF7', 'PC3', 'VCAP']",15
pemoline,8,"['A375', 'A549', 'HA1E', 'HCC515', 'HT29', 'MCF7', 'PC3', 'VCAP']",22
BRD-K14609189,8,"['A375', 'A549', 'HCC515', 'HEPG2', 'HT29', 'MCF7', 'PC3', 'VCAP']",12
BRD-K14711204,8,"['A375', 'A549', 'HCC515', 'HEPG2', 'HT29', 'MCF7', 'PC3', 'VCAP']",12
BRD-K14721042,8,"['A375', 'A549', 'HA1E', 'HCC515', 'HT29', 'MCF7', 'PC3', 'VCAP']",11
PSH-028,8,"['A375', 'A549', 'HA1E', 'HCC515', 'HT29', 'MCF7', 'PC3', 'VCAP']",15
BRD-K55851396,8,"['A375', 'A549', 'HEPG2', 'HUH7', 'MCF7', 'PC3', 'PHH', 'VCAP']",18
QX-222,8,"['A375', 'A549', 'HA1E', 'HCC515', 'HT29', 'MCF7', 'PC3', 'VCAP']",15
R-59022,8,"['A375', 'A549', 'HA1E', 'HCC515', 'HT29', 'MCF7', 'PC3', 'VCAP']",15
medetomidine,8,"['A375', 'A549', 'HA1E', 'HCC515', 'HT29', 'MCF7', 'PC3', 'VCAP']",15
mefloquine,8,"['A375', 'A549', 'HA1E', 'HCC515', 'HT29', 'MCF7', 'PC3', 'VCAP']",14
megestrol,8,"['A375', 'A549', 'HA1E', 'HCC515', 'HT29', 'MCF7', 'PC3', 'VCAP']",41
BRD-K14236372,8,"['A375', 'A549', 'HCC515', 'HEPG2', 'HT29', 'MCF7', 'PC3', 'VCAP']",12
phenamil,8,"['A375', 'A549', 'HA1E', 'HCC515', 'HT29', 'MCF7', 'PC3', 'VCAP']",15
penicillic-acid,8,"['A375', 'A549', 'HA1E', 'HCC515', 'HT29', 'MCF7', 'PC3', 'VCAP']",15
pentobarbital,8,"['A375', 'A549', 'HA1E', 'HCC515', 'HT29', 'MCF7', 'PC3', 'VCAP']",19
pepstatin,8,"['A375', 'A549', 'HA1E', 'HCC515', 'HT29', 'MCF7', 'PC3', 'VCAP']",19
periplocymarin,8,"['A375', 'A549', 'HA1E', 'HCC515', 'HT29', 'MCF7', 'PC3', 'VCAP']",15
BRD-K14355517,8,"['A375', 'A549', 'HCC515', 'HEPG2', 'HT29', 'MCF7', 'PC3', 'VCAP']",12
BRD-K14415573,8,"['A375', 'A549', 'HT29', 'MCF7', 'NEU', 'NPC', 'PC3', 'VCAP']",13
MK-212,8,"['A375', 'A549', 'HA1E', 'HCC515', 'HT29', 'MCF7', 'PC3', 'VCAP']",15
MK-5108,8,"['A375', 'A549', 'HA1E', 'HCC515', 'HEPG2', 'HT29', 'MCF7', 'PC3']",47
BRD-K60996261,8,"['A375', 'A549', 'HA1E', 'HCC515', 'HT29', 'MCF7', 'PC3', 'VCAP']",11
BRD-K19677752,8,"['A375', 'A549', 'HT29', 'MCF7', 'NEU', 'NPC', 'PC3', 'VCAP']",11
marbofloxacin,8,"['A375', 'A549', 'HA1E', 'HCC515', 'HT29', 'MCF7', 'PC3', 'VCAP']",11
marmesin,8,"['A375', 'A549', 'HA1E', 'HCC515', 'HT29', 'MCF7', 'PC3', 'VCAP']",15
BRD-K20099363,8,"['A375', 'A549', 'HT29', 'MCF7', 'NEU', 'NPC', 'PC3', 'VCAP']",12
BRD-K20126873,8,"['A375', 'A549', 'HT29', 'MCF7', 'NEU', 'NPC', 'PC3', 'VCAP']",13
BRD-K13559922,8,"['A375', 'A549', 'HT29', 'MCF7', 'NEU', 'NPC', 'PC3', 'VCAP']",14
BRD-K13665914,8,"['A375', 'A549', 'HA1E', 'HCC515', 'HT29', 'MCF7', 'PC3', 'VCAP']",15
MAZ-51,8,"['A375', 'A549', 'HA1E', 'HCC515', 'HT29', 'MCF7', 'PC3', 'VCAP']",15
MBCQ,8,"['A375', 'A549', 'HA1E', 'HCC515', 'HT29', 'MCF7', 'PC3', 'VCAP']",15
BRD-K61679744,8,"['A375', 'A549', 'HA1E', 'HCC515', 'HT29', 'MCF7', 'PC3', 'VCAP']",15
BRD-K61718261,8,"['A375', 'A549', 'HCC515', 'HEPG2', 'HT29', 'MCF7', 'PC3', 'VCAP']",12
BRD-K61237522,8,"['A375', 'A549', 'HA1E', 'HCC515', 'HT29', 'MCF7', 'PC3', 'VCAP']",15
phensuximide,8,"['A375', 'A549', 'HA1E', 'HCC515', 'HT29', 'MCF7', 'PC3', 'VCAP']",19
BRD-K13842623,8,"['A375', 'A549', 'HA1E', 'HCC515', 'HT29', 'MCF7', 'PC3', 'VCAP']",15
BRD-K14048378,8,"['A375', 'A549', 'HA1E', 'HCC515', 'HT29', 'MCF7', 'PC3', 'VCAP']",15
phenylalanyltyrosine,8,"['A375', 'A549', 'HA1E', 'HCC515', 'HT29', 'MCF7', 'PC3', 'VCAP']",15
phenytoin,8,"['A375', 'A549', 'HA1E', 'HCC515', 'HT29', 'MCF7', 'PC3', 'VCAP']",11
BRD-K61413806,8,"['A375', 'A549', 'HA1E', 'HCC515', 'HT29', 'MCF7', 'PC3', 'VCAP']",11
MDL-11939,8,"['A375', 'A549', 'HA1E', 'HCC515', 'HT29', 'MCF7', 'PC3', 'VCAP']",15
MDL-73005EF,8,"['A375', 'A549', 'HA1E', 'HCC515', 'HT29', 'MCF7', 'PC3', 'VCAP']",26
BRD-K14471942,8,"['A375', 'A549', 'HT29', 'MCF7', 'NEU', 'NPC', 'PC3', 'VCAP']",11
BRD-K55082668,8,"['A375', 'A549', 'HEPG2', 'HT29', 'HUH7', 'MCF7', 'PHH', 'VCAP']",18
BRD-K55179756,8,"['A375', 'A549', 'HA1E', 'HCC515', 'HT29', 'MCF7', 'PC3', 'VCAP']",11
BRD-K20310932,8,"['A375', 'A549', 'HT29', 'MCF7', 'NEU', 'NPC', 'PC3', 'VCAP']",11
BRD-K20332840,8,"['A375', 'A549', 'HT29', 'MCF7', 'NEU', 'NPC', 'PC3', 'VCAP']",9
BRD-K20352452,8,"['A375', 'A549', 'HT29', 'MCF7', 'NEU', 'NPC', 'PC3', 'VCAP']",13
BRD-K55186349,8,"['A375', 'A549', 'HCC515', 'HEPG2', 'HT29', 'MCF7', 'PC3', 'VCAP']",12
BRD-K55194575,8,"['A375', 'A549', 'HT29', 'MCF7', 'NEU', 'NPC', 'PC3', 'VCAP']",12
RHO-kinase-inhibitor-II,8,"['A375', 'A549', 'HA1E', 'HCC515', 'HT29', 'MCF7', 'PC3', 'VCAP']",15
LY-83583,8,"['A375', 'HA1E', 'HCC515', 'HEPG2', 'HT29', 'MCF7', 'PC3', 'VCAP']",12
piperacillin,8,"['A375', 'A549', 'HA1E', 'HCC515', 'HT29', 'MCF7', 'PC3', 'VCAP']",15
BRD-K13046565,8,"['A375', 'A549', 'HA1E', 'HCC515', 'HT29', 'MCF7', 'PC3', 'VCAP']",15
BRD-K13060097,8,"['A375', 'A549', 'HT29', 'MCF7', 'NEU', 'NPC', 'PC3', 'VCAP']",11
BRD-K13146765,8,"['A375', 'A549', 'HA1E', 'HCC515', 'HT29', 'MCF7', 'PC3', 'VCAP']",15
BRD-K13318664,8,"['A375', 'A549', 'HCC515', 'HEPG2', 'HT29', 'MCF7', 'PC3', 'VCAP']",12
phylloquinone,8,"['A375', 'A549', 'HA1E', 'HCC515', 'HT29', 'MCF7', 'PC3', 'VCAP']",11
piceid,8,"['A375', 'A549', 'HA1E', 'HCC515', 'HT29', 'MCF7', 'PC3', 'VCAP']",15
BRD-K20718732,8,"['A375', 'A549', 'HA1E', 'HCC515', 'HT29', 'MCF7', 'PC3', 'VCAP']",11
BRD-K20827972,8,"['A375', 'A549', 'HT29', 'MCF7', 'NEU', 'NPC', 'PC3', 'VCAP']",9
linoleic-acid,8,"['A375', 'A549', 'HA1E', 'HCC515', 'HT29', 'MCF7', 'PC3', 'VCAP']",15
liothyronine,8,"['A375', 'A549', 'HA1E', 'HCC515', 'HT29', 'MCF7', 'PC3', 'VCAP']",19
liquiritigenin,8,"['A375', 'A549', 'HA1E', 'HCC515', 'HT29', 'MCF7', 'PC3', 'VCAP']",15
BRD-K12540328,8,"['A375', 'A549', 'HA1E', 'HCC515', 'HT29', 'MCF7', 'PC3', 'VCAP']",15
BRD-K12579869,8,"['A375', 'A549', 'HCC515', 'HEPG2', 'HT29', 'MCF7', 'PC3', 'VCAP']",12
BRD-K12683703,8,"['A375', 'A549', 'HT29', 'MCF7', 'NEU', 'NPC', 'PC3', 'VCAP']",13
BRD-K12690157,8,"['A375', 'A549', 'HCC515', 'HEPG2', 'HT29', 'MCF7', 'PC3', 'VCAP']",12
piribedil,8,"['A375', 'A549', 'HA1E', 'HCC515', 'HT29', 'MCF7', 'PC3', 'VCAP']",30
pirlindole,8,"['A375', 'A549', 'HA1E', 'HCC515', 'HT29', 'MCF7', 'PC3', 'VCAP']",19
BRD-K12707296,8,"['A375', 'A549', 'HA1E', 'HCC515', 'HT29', 'MCF7', 'PC3', 'VCAP']",15
BRD-K62056344,8,"['A375', 'A549', 'HEPG2', 'HUH7', 'MCF7', 'PC3', 'PHH', 'VCAP']",18
BRD-K62242359,8,"['A375', 'A549', 'HT29', 'MCF7', 'NEU', 'NPC', 'PC3', 'VCAP']",13
LY-344864,8,"['A375', 'A549', 'HA1E', 'HCC515', 'HT29', 'MCF7', 'PC3', 'VCAP']",15
BRD-K55077180,8,"['A375', 'A549', 'HT29', 'MCF7', 'NEU', 'NPC', 'PC3', 'VCAP']",13
procyclidine,8,"['A375', 'A549', 'HA1E', 'HCC515', 'HT29', 'MCF7', 'PC3', 'VCAP']",15
profenamine,8,"['A375', 'A549', 'HA1E', 'HCC515', 'HT29', 'MCF7', 'PC3', 'VCAP']",19
prilocaine,8,"['A375', 'A549', 'HA1E', 'HCC515', 'HT29', 'MCF7', 'PC3', 'VCAP']",14
BRD-K12401458,8,"['A375', 'A549', 'HCC515', 'HEPG2', 'HT29', 'MCF7', 'PC3', 'VCAP']",12
BRD-K12411950,8,"['A375', 'A549', 'HT29', 'MCF7', 'NEU', 'NPC', 'PC3', 'VCAP']",13
BRD-K11928012,8,"['A375', 'A549', 'HCC515', 'HEPG2', 'HT29', 'MCF7', 'PC3', 'VCAP']",12
BRD-K11977286,8,"['A375', 'A549', 'HT29', 'MCF7', 'NEU', 'NPC', 'PC3', 'VCAP']",12
BRD-K62466453,8,"['A375', 'A549', 'HCC515', 'HEPG2', 'HT29', 'MCF7', 'PC3', 'VCAP']",12
BRD-K62473229,8,"['A375', 'A549', 'HT29', 'MCF7', 'NEU', 'NPC', 'PC3', 'VCAP']",22
L-stepholidine,8,"['A375', 'A549', 'HA1E', 'HCC515', 'HT29', 'MCF7', 'PC3', 'VCAP']",15
LY-2140023,8,"['A375', 'A549', 'HA1E', 'HCC515', 'HT29', 'MCF7', 'PC3', 'VCAP']",11
BRD-K12814321,8,"['A375', 'A549', 'HCC515', 'HEPG2', 'HT29', 'MCF7', 'PC3', 'VCAP']",12
lobaric-acid,8,"['A375', 'A549', 'HA1E', 'HCC515', 'HT29', 'MCF7', 'PC3', 'VCAP']",15
lomatin,8,"['A375', 'A549', 'HA1E', 'HCC515', 'HT29', 'MCF7', 'PC3', 'VCAP']",15
BRD-K20492338,8,"['A375', 'A549', 'HCC515', 'HEPG2', 'HT29', 'MCF7', 'PC3', 'VCAP']",12
BRD-K20197338,8,"['A375', 'A549', 'HT29', 'MCF7', 'NEU', 'NPC', 'PC3', 'VCAP']",14
BRD-K21170640,8,"['A375', 'A549', 'HA1E', 'HCC515', 'HT29', 'MCF7', 'PC3', 'VCAP']",15
BRD-K21237738,8,"['A375', 'A549', 'HA1E', 'HCC515', 'HT29', 'MCF7', 'PC3', 'VCAP']",15
letrozole,8,"['A375', 'A549', 'HA1E', 'HCC515', 'HT29', 'MCF7', 'PC3', 'VCAP']",30
leu-enkephalin,8,"['A375', 'A549', 'HA1E', 'HCC515', 'HT29', 'MCF7', 'PC3', 'VCAP']",15
RS-79948,8,"['A375', 'A549', 'HA1E', 'HCC515', 'HT29', 'MCF7', 'PC3', 'VCAP']",15
BRD-K54470384,8,"['A375', 'A549', 'HCC515', 'HEPG2', 'HT29', 'MCF7', 'PC3', 'VCAP']",12
BRD-K54636101,8,"['A375', 'A549', 'HT29', 'MCF7', 'NEU', 'NPC', 'PC3', 'VCAP']",12
BRD-K54652275,8,"['A375', 'A549', 'HT29', 'MCF7', 'NEU', 'NPC', 'PC3', 'VCAP']",11
BRD-K62902879,8,"['A375', 'A549', 'HA1E', 'HCC515', 'HT29', 'MCF7', 'PC3', 'VCAP']",15
BRD-K63000292,8,"['A375', 'A549', 'HT29', 'MCF7', 'NEU', 'NPC', 'PC3', 'VCAP']",14
BRD-K63164430,8,"['A375', 'A549', 'HT29', 'MCF7', 'NEU', 'NPC', 'PC3', 'VCAP']",11
L-741742,8,"['A375', 'A549', 'HA1E', 'HCC515', 'HT29', 'MCF7', 'PC3', 'VCAP']",15
BRD-K62578746,8,"['A375', 'A549', 'HCC515', 'HEPG2', 'HT29', 'MCF7', 'PC3', 'VCAP']",12
BRD-K62716919,8,"['A375', 'A549', 'HA1E', 'HCC515', 'HT29', 'MCF7', 'PC3', 'VCAP']",15
BRD-K62283710,8,"['A375', 'A549', 'HT29', 'MCF7', 'NEU', 'NPC', 'PC3', 'VCAP']",9
BRD-K62300190,8,"['A375', 'A549', 'HA1E', 'HCC515', 'HT29', 'MCF7', 'PC3', 'VCAP']",11
BRD-K63181962,8,"['A375', 'A549', 'HA1E', 'HCC515', 'HT29', 'MCF7', 'PC3', 'VCAP']",15
BRD-K63279176,8,"['A375', 'A549', 'HT29', 'MCF7', 'NEU', 'NPC', 'PC3', 'VCAP']",9
BRD-K63308290,8,"['A375', 'A549', 'HCC515', 'HEPG2', 'HT29', 'MCF7', 'PC3', 'VCAP']",12
BRD-K63383460,8,"['A375', 'A549', 'HT29', 'MCF7', 'NEU', 'NPC', 'PC3', 'VCAP']",14
BRD-K63388446,8,"['A375', 'A549', 'HT29', 'MCF7', 'NEU', 'NPC', 'PC3', 'VCAP']",13
BRD-K11533227,8,"['A375', 'A549', 'HA1E', 'HCC515', 'HEPG2', 'HT29', 'MCF7', 'PC3']",64
BRD-K11671649,8,"['A375', 'A549', 'HA1E', 'HCC515', 'HT29', 'MCF7', 'PC3', 'VCAP']",15
BRD-K11759662,8,"['A375', 'A549', 'HA1E', 'HCC515', 'HT29', 'MCF7', 'PC3', 'VCAP']",11
BRD-K11169037,8,"['A375', 'A549', 'HT29', 'MCF7', 'NEU', 'NPC', 'PC3', 'VCAP']",13
BRD-K11187612,8,"['A375', 'A549', 'HA1E', 'HCC515', 'HT29', 'MCF7', 'PC3', 'VCAP']",15
BRD-K11260407,8,"['A375', 'A549', 'HA1E', 'HCC515', 'HT29', 'MCF7', 'PC3', 'VCAP']",15
BRD-K54674709,8,"['A375', 'A549', 'HA1E', 'HCC515', 'HT29', 'MCF7', 'PC3', 'VCAP']",15
BRD-K54687541,8,"['A375', 'A549', 'HCC515', 'HEPG2', 'HT29', 'MCF7', 'PC3', 'VCAP']",12
BRD-K54925167,8,"['A375', 'A549', 'HT29', 'MCF7', 'NEU', 'NPC', 'PC3', 'VCAP']",13
RS-102895,8,"['A375', 'A549', 'HA1E', 'HCC515', 'HT29', 'MCF7', 'PC3', 'VCAP']",15
BRD-K21037590,8,"['A375', 'A549', 'HT29', 'MCF7', 'NEU', 'NPC', 'PC3', 'VCAP']",11
BRD-K20923001,8,"['A375', 'A549', 'HCC515', 'HEPG2', 'HT29', 'MCF7', 'PC3', 'VCAP']",12
BRD-K21001652,8,"['A375', 'A549', 'HA1E', 'HCC515', 'HEPG2', 'HT29', 'MCF7', 'PC3']",48
BRD-K54247306,8,"['A375', 'A549', 'HT29', 'MCF7', 'NEU', 'NPC', 'PC3', 'VCAP']",11
BRD-K54294645,8,"['A375', 'A549', 'HT29', 'MCF7', 'NEU', 'NPC', 'PC3', 'VCAP']",16
BRD-K54343811,8,"['A375', 'A549', 'HA1E', 'HCC515', 'HEPG2', 'HT29', 'MCF7', 'PC3']",96
RU-28318,8,"['A375', 'A549', 'HA1E', 'HCC515', 'HT29', 'MCF7', 'PC3', 'VCAP']",15
RX-821002,8,"['A375', 'A549', 'HA1E', 'HCC515', 'HT29', 'MCF7', 'PC3', 'VCAP']",15
Ro-25-6981,8,"['A375', 'A549', 'HA1E', 'HCC515', 'HT29', 'MCF7', 'PC3', 'VCAP']",15
L-168049,8,"['A375', 'A549', 'HA1E', 'HCC515', 'HT29', 'MCF7', 'PC3', 'VCAP']",15
BRD-K11359987,8,"['A375', 'A549', 'HT29', 'MCF7', 'NEU', 'NPC', 'PC3', 'VCAP']",14
propantheline,8,"['A375', 'A549', 'HA1E', 'HCC515', 'HT29', 'MCF7', 'PC3', 'VCAP']",15
propentofylline,8,"['A375', 'A549', 'HA1E', 'HCC515', 'HT29', 'MCF7', 'PC3', 'VCAP']",30
propylthiouracil,8,"['A375', 'A549', 'HA1E', 'HCC515', 'HT29', 'MCF7', 'PC3', 'VCAP']",15
L-655708,8,"['A375', 'A549', 'HA1E', 'HCC515', 'HT29', 'MCF7', 'PC3', 'VCAP']",15
L-670596,8,"['A375', 'A549', 'HA1E', 'HCC515', 'HT29', 'MCF7', 'PC3', 'VCAP']",15
BRD-K63178889,8,"['A375', 'A549', 'HCC515', 'HEPG2', 'HT29', 'MCF7', 'PC3', 'VCAP']",12
KU-C104495,8,"['A375', 'A549', 'HCC515', 'HEPG2', 'HT29', 'MCF7', 'PC3', 'VCAP']",12
KU-C104545N,8,"['A375', 'A549', 'HCC515', 'HEPG2', 'HT29', 'MCF7', 'PC3', 'VCAP']",12
BRD-K63770300,8,"['A375', 'A549', 'HA1E', 'HCC515', 'HT29', 'MCF7', 'PC3', 'VCAP']",15
BRD-K63813530,8,"['A375', 'A549', 'HT29', 'MCF7', 'NEU', 'NPC', 'PC3', 'VCAP']",9
BRD-K63827443,8,"['A375', 'A549', 'HT29', 'MCF7', 'NEU', 'NPC', 'PC3', 'VCAP']",11
BRD-K63828515,8,"['A375', 'A549', 'HT29', 'MCF7', 'NEU', 'NPC', 'PC3', 'VCAP']",13
BRD-K63903580,8,"['A375', 'A549', 'HT29', 'MCF7', 'NEU', 'NPC', 'PC3', 'VCAP']",10
BRD-K63494246,8,"['A375', 'A549', 'HT29', 'MCF7', 'NEU', 'NPC', 'PC3', 'VCAP']",11
BRD-K63550534,8,"['A375', 'A549', 'HA1E', 'HCC515', 'HT29', 'MCF7', 'PC3', 'VCAP']",15
BRD-K63569039,8,"['A375', 'A549', 'HA1E', 'HCC515', 'HT29', 'MCF7', 'PC3', 'VCAP']",15
BRD-K63671514,8,"['A375', 'A549', 'HT29', 'MCF7', 'NEU', 'NPC', 'PC3', 'VCAP']",11
BRD-K63712590,8,"['A375', 'A549', 'HCC515', 'HEPG2', 'HT29', 'MCF7', 'PC3', 'VCAP']",12
latrepirdine,8,"['A375', 'A549', 'HCC515', 'HEPG2', 'HT29', 'MCF7', 'PC3', 'VCAP']",12
laudanosine,8,"['A375', 'A549', 'HA1E', 'HCC515', 'HT29', 'MCF7', 'PC3', 'VCAP']",15
BRD-K21387011,8,"['A375', 'A549', 'HT29', 'MCF7', 'NEU', 'NPC', 'PC3', 'VCAP']",25
BRD-K21401822,8,"['A375', 'A549', 'HCC515', 'HEPG2', 'HT29', 'MCF7', 'PC3', 'VCAP']",12
BRD-K21640605,8,"['A375', 'A549', 'HA1E', 'HCC515', 'HT29', 'MCF7', 'PC3', 'VCAP']",15
BRD-K21913257,8,"['A375', 'A549', 'HT29', 'MCF7', 'NEU', 'NPC', 'PC3', 'VCAP']",13
BRD-K22006123,8,"['A375', 'A549', 'HA1E', 'HCC515', 'HT29', 'MCF7', 'PC3', 'VCAP']",15
BRD-K22033393,8,"['A375', 'A549', 'HEPG2', 'HUH7', 'MCF7', 'PC3', 'PHH', 'VCAP']",18
BRD-K22052171,8,"['A375', 'A549', 'HT29', 'MCF7', 'NEU', 'NPC', 'PC3', 'VCAP']",14
BRD-K22080587,8,"['A375', 'A549', 'HT29', 'MCF7', 'NEU', 'NPC', 'PC3', 'VCAP']",14
BRD-K22210218,8,"['A375', 'A549', 'HA1E', 'HCC515', 'HT29', 'MCF7', 'PC3', 'VCAP']",15
karakoline,8,"['A375', 'A549', 'HA1E', 'HCC515', 'HT29', 'MCF7', 'PC3', 'VCAP']",15
kawain,8,"['A375', 'A549', 'HA1E', 'HCC515', 'HT29', 'MCF7', 'PC3', 'VCAP']",15
BRD-K64106162,8,"['A375', 'A549', 'HA1E', 'HCC515', 'HEPG2', 'HT29', 'MCF7', 'PC3']",48
BRD-K64272762,8,"['A375', 'A549', 'HT29', 'MCF7', 'NEU', 'NPC', 'PC3', 'VCAP']",14
KU-C104253,8,"['A375', 'A549', 'HCC515', 'HEPG2', 'HT29', 'MCF7', 'PC3', 'VCAP']",12
KU-C104256,8,"['A375', 'A549', 'HCC515', 'HEPG2', 'HT29', 'MCF7', 'PC3', 'VCAP']",12
KU-C104487,8,"['A375', 'A549', 'HCC515', 'HEPG2', 'HT29', 'MCF7', 'PC3', 'VCAP']",12
KU-C104488,8,"['A375', 'A549', 'HCC515', 'HEPG2', 'HT29', 'MCF7', 'PC3', 'VCAP']",11
KU-C104491,8,"['A375', 'A549', 'HCC515', 'HEPG2', 'HT29', 'MCF7', 'PC3', 'VCAP']",12
SA-1921085,8,"['A375', 'A549', 'HT29', 'MCF7', 'NEU', 'NKDBA', 'NPC', 'PC3']",24
BRD-K64523453,8,"['A375', 'A549', 'HT29', 'MCF7', 'NEU', 'NPC', 'PC3', 'VCAP']",11
protopine,8,"['A375', 'A549', 'HA1E', 'HCC515', 'HT29', 'MCF7', 'PC3', 'VCAP']",15
BRD-K10846167,8,"['A375', 'A549', 'HCC515', 'HEPG2', 'HT29', 'MCF7', 'PC3', 'VCAP']",11
BRD-K11088254,8,"['A375', 'A549', 'HT29', 'MCF7', 'NEU', 'NPC', 'PC3', 'VCAP']",9
Ro-3306,8,"['A375', 'A549', 'HA1E', 'HCC515', 'HT29', 'MCF7', 'PC3', 'VCAP']",11
S-14506,8,"['A375', 'A549', 'HA1E', 'HCC515', 'HT29', 'MCF7', 'PC3', 'VCAP']",15
BRD-K53808186,8,"['A375', 'A549', 'HT29', 'MCF7', 'NEU', 'NPC', 'PC3', 'VCAP']",13
BRD-K53833301,8,"['A375', 'A549', 'HA1E', 'HCC515', 'HT29', 'MCF7', 'PC3', 'VCAP']",15
BRD-K53987746,8,"['A375', 'A549', 'HA1E', 'HCC515', 'HT29', 'MCF7', 'PC3', 'VCAP']",15
BRD-K54018158,8,"['A375', 'A549', 'HA1E', 'HCC515', 'HT29', 'MCF7', 'PC3', 'VCAP']",15
BRD-K54051742,8,"['A375', 'A549', 'HT29', 'MCF7', 'NEU', 'NPC', 'PC3', 'VCAP']",12
BRD-K54070802,8,"['A375', 'A549', 'HCC515', 'HEPG2', 'HT29', 'MCF7', 'PC3', 'VCAP']",12
SA-1456751,8,"['A375', 'A549', 'HT29', 'MCF7', 'NEU', 'NPC', 'PC3', 'VCAP']",22
SA-1457187,8,"['A375', 'A549', 'HT29', 'MCF7', 'NEU', 'NPC', 'PC3', 'VCAP']",22
ketoconazole,8,"['A375', 'A549', 'HA1E', 'HCC515', 'HT29', 'MCF7', 'PC3', 'VCAP']",21
BRD-K22546959,8,"['A375', 'A549', 'HA1E', 'HCC515', 'HT29', 'MCF7', 'PC3', 'VCAP']",15
SA-1921617,8,"['A375', 'A549', 'HT29', 'MCF7', 'NEU', 'NKDBA', 'NPC', 'PC3']",24
SA-1938740,8,"['A375', 'A549', 'HT29', 'MCF7', 'NEU', 'NKDBA', 'NPC', 'PC3']",24
SA-1939936,8,"['A375', 'A549', 'HT29', 'MCF7', 'NEU', 'NKDBA', 'NPC', 'PC3']",24
BRD-K64864583,8,"['A375', 'A549', 'HT29', 'MCF7', 'NEU', 'NPC', 'PC3', 'VCAP']",11
KU-C104141,8,"['A375', 'A549', 'HCC515', 'HEPG2', 'HT29', 'MCF7', 'PC3', 'VCAP']",12
KU-C104218,8,"['A375', 'A549', 'HCC515', 'HEPG2', 'HT29', 'MCF7', 'PC3', 'VCAP']",12
KU-C104220,8,"['A375', 'A549', 'HCC515', 'HEPG2', 'HT29', 'MCF7', 'PC3', 'VCAP']",12
KU-C104233,8,"['A375', 'A549', 'HCC515', 'HEPG2', 'HT29', 'MCF7', 'PC3', 'VCAP']",12
KU-C104236N,8,"['A375', 'A549', 'HA1E', 'HCC515', 'HT29', 'MCF7', 'PC3', 'VCAP']",15
BRD-K53475565,8,"['A375', 'A549', 'HT29', 'MCF7', 'NEU', 'NPC', 'PC3', 'VCAP']",16
BRD-K53566850,8,"['A375', 'A549', 'HA1E', 'HCC515', 'HT29', 'MCF7', 'PC3', 'VCAP']",15
BRD-K53653395,8,"['A375', 'A549', 'HA1E', 'HCC515', 'HT29', 'MCF7', 'PC3', 'VCAP']",15
BRD-K53780220,8,"['A375', 'A549', 'HCC515', 'HEPG2', 'HT29', 'MCF7', 'PC3', 'VCAP']",11
SA-1458306,8,"['A375', 'A549', 'HT29', 'MCF7', 'NEU', 'NPC', 'PC3', 'VCAP']",22
SA-1459008,8,"['A375', 'A549', 'HT29', 'MCF7', 'NEU', 'NPC', 'PC3', 'VCAP']",22
BRD-K53032901,8,"['A375', 'A549', 'HCC515', 'HEPG2', 'HT29', 'MCF7', 'PC3', 'VCAP']",12
BRD-K53142391,8,"['A375', 'A549', 'HA1E', 'HCC515', 'HT29', 'MCF7', 'PC3', 'VCAP']",15
KU-C104126N,8,"['A375', 'A549', 'HCC515', 'HEPG2', 'HT29', 'MCF7', 'PC3', 'VCAP']",12
KU-C104127,8,"['A375', 'A549', 'HCC515', 'HEPG2', 'HT29', 'MCF7', 'PC3', 'VCAP']",12
KU-C104129,8,"['A375', 'A549', 'HCC515', 'HEPG2', 'HT29', 'MCF7', 'PC3', 'VCAP']",12
KU-C104131,8,"['A375', 'A549', 'HCC515', 'HEPG2', 'HT29', 'MCF7', 'PC3', 'VCAP']",12
KU-C104135,8,"['A375', 'A549', 'HCC515', 'HEPG2', 'HT29', 'MCF7', 'PC3', 'VCAP']",12
KU-C104137,8,"['A375', 'A549', 'HCC515', 'HEPG2', 'HT29', 'MCF7', 'PC3', 'VCAP']",12
KU-C104139,8,"['A375', 'A549', 'HCC515', 'HEPG2', 'HT29', 'MCF7', 'PC3', 'VCAP']",12
BRD-K64738596,8,"['A375', 'A549', 'HCC515', 'HEPG2', 'HT29', 'MCF7', 'PC3', 'VCAP']",12
BRD-K64780785,8,"['A375', 'A549', 'HCC515', 'HEPG2', 'HT29', 'MCF7', 'PC3', 'VCAP']",12
BRD-K53407305,8,"['A375', 'A549', 'HT29', 'MCF7', 'NEU', 'NPC', 'PC3', 'VCAP']",14
SA-1921456,8,"['A375', 'A549', 'HT29', 'MCF7', 'NEU', 'NKDBA', 'NPC', 'PC3']",24
BRD-K22215695,8,"['A375', 'A549', 'HA1E', 'HCC515', 'HT29', 'MCF7', 'PC3', 'VCAP']",15
BRD-K22261046,8,"['A375', 'A549', 'HT29', 'MCF7', 'NEU', 'NPC', 'PC3', 'VCAP']",13
BRD-K22321414,8,"['A375', 'A549', 'HA1E', 'HCC515', 'HEPG2', 'HT29', 'MCF7', 'PC3']",48
BRD-K51810646,8,"['A375', 'A549', 'HT29', 'MCF7', 'NEU', 'NPC', 'PC3', 'VCAP']",11
KU-C103874,8,"['A375', 'A549', 'HCC515', 'HEPG2', 'HT29', 'MCF7', 'PC3', 'VCAP']",12
KU-C103875,8,"['A375', 'A549', 'HCC515', 'HEPG2', 'HT29', 'MCF7', 'PC3', 'VCAP']",12
KU-C103881,8,"['A375', 'A549', 'HCC515', 'HEPG2', 'HT29', 'MCF7', 'PC3', 'VCAP']",12
BRD-K65283978,8,"['A375', 'A549', 'HCC515', 'HEPG2', 'HT29', 'MCF7', 'PC3', 'VCAP']",12
BRD-K65373229,8,"['A375', 'A549', 'HT29', 'MCF7', 'NEU', 'NPC', 'PC3', 'VCAP']",12
BRD-K65148580,8,"['A375', 'A549', 'HT29', 'MCF7', 'NEU', 'NPC', 'PC3', 'VCAP']",14
KU-C103885,8,"['A375', 'A549', 'HCC515', 'HEPG2', 'HT29', 'MCF7', 'PC3', 'VCAP']",12
BRD-K52695588,8,"['A375', 'A549', 'HCC515', 'HEPG2', 'HT29', 'MCF7', 'PC3', 'VCAP']",12
iproniazid,8,"['A375', 'A549', 'HA1E', 'HCC515', 'HT29', 'MCF7', 'PC3', 'VCAP']",14
ipsapirone,8,"['A375', 'A549', 'HA1E', 'HCC515', 'HT29', 'MCF7', 'PC3', 'VCAP']",19
BRD-K22587354,8,"['A375', 'A549', 'HA1E', 'HCC515', 'HEPG2', 'HT29', 'MCF7', 'PC3']",48
BRD-K22831754,8,"['A375', 'A549', 'HA1E', 'HCC515', 'HT29', 'MCF7', 'PC3', 'VCAP']",15
iso-olomoucine,8,"['A375', 'A549', 'HA1E', 'HCC515', 'HT29', 'MCF7', 'PC3', 'VCAP']",15
isogedunin,8,"['A375', 'A549', 'HA1E', 'HCC515', 'HT29', 'MCF7', 'PC3', 'VCAP']",15
BRD-K53011428,8,"['A375', 'A549', 'HA1E', 'HCC515', 'HT29', 'MCF7', 'PC3', 'VCAP']",26
BRD-K65657366,8,"['A375', 'A549', 'HT29', 'MCF7', 'NEU', 'NPC', 'PC3', 'VCAP']",11
KU-C103670,8,"['A375', 'A549', 'HCC515', 'HEPG2', 'HT29', 'MCF7', 'PC3', 'VCAP']",12
KU-C103672,8,"['A375', 'A549', 'HCC515', 'HEPG2', 'HT29', 'MCF7', 'PC3', 'VCAP']",12
KU-C103868,8,"['A375', 'A549', 'HCC515', 'HEPG2', 'HT29', 'MCF7', 'PC3', 'VCAP']",12
purvalanol-a,8,"['A375', 'A549', 'HA1E', 'HCC515', 'HT29', 'MCF7', 'PC3', 'VCAP']",15
purvalanol-b,8,"['A375', 'A549', 'HA1E', 'HCC515', 'HT29', 'MCF7', 'PC3', 'VCAP']",15
pyrazinamide,8,"['A375', 'A549', 'HA1E', 'HCC515', 'HT29', 'MCF7', 'PC3', 'VCAP']",15
pyridine-2-aldoxime,8,"['A375', 'A549', 'HA1E', 'HCC515', 'HT29', 'MCF7', 'PC3', 'VCAP']",11
BRD-K10361096,8,"['A375', 'A549', 'HCC515', 'HEPG2', 'HT29', 'MCF7', 'PC3', 'VCAP']",12
BRD-K10421834,8,"['A375', 'A549', 'HT29', 'MCF7', 'NEU', 'NPC', 'PC3', 'VCAP']",9
BRD-K10436544,8,"['A375', 'A549', 'HA1E', 'HCC515', 'HEPG2', 'HT29', 'MCF7', 'PC3']",96
BRD-K52111234,8,"['A375', 'A549', 'HA1E', 'HCC515', 'HT29', 'MCF7', 'PC3', 'VCAP']",11
BRD-K52160314,8,"['A375', 'A549', 'HA1E', 'HCC515', 'HEPG2', 'HT29', 'MCF7', 'PC3']",48
BRD-K52163391,8,"['A375', 'A549', 'HCC515', 'HEPG2', 'HT29', 'MCF7', 'PC3', 'VCAP']",12
BRD-K52225919,8,"['A375', 'A549', 'HT29', 'MCF7', 'NEU', 'NPC', 'PC3', 'VCAP']",12
SAL-1,8,"['A375', 'A549', 'HA1E', 'HCC515', 'HT29', 'MCF7', 'PC3', 'VCAP']",15
BRD-K51557114,8,"['A375', 'A549', 'HA1E', 'HCC515', 'HT29', 'MCF7', 'PC3', 'VCAP']",15
BRD-K51595563,8,"['A375', 'A549', 'HT29', 'MCF7', 'NEU', 'NPC', 'PC3', 'VCAP']",13
BRD-K51633576,8,"['A375', 'A549', 'HT29', 'MCF7', 'NEU', 'NPC', 'PC3', 'VCAP']",13
indoprofen,8,"['A375', 'A549', 'HA1E', 'HCC515', 'HT29', 'MCF7', 'PC3', 'VCAP']",19
BRD-K22912836,8,"['A375', 'A549', 'HT29', 'MCF7', 'NEU', 'NPC', 'PC3', 'VCAP']",14
BRD-K22988559,8,"['A375', 'A549', 'HA1E', 'HCC515', 'HT29', 'MCF7', 'PC3', 'VCAP']",15
BRD-K23050218,8,"['A375', 'A549', 'HT29', 'MCF7', 'NEU', 'NPC', 'PC3', 'VCAP']",14
iocetamic-acid,8,"['A375', 'A549', 'HA1E', 'HCC515', 'HT29', 'MCF7', 'PC3', 'VCAP']",19
iodoacetic-acid,8,"['A375', 'A549', 'HA1E', 'HCC515', 'HT29', 'MCF7', 'PC3', 'VCAP']",11
BRD-K51745483,8,"['A375', 'A549', 'HA1E', 'HCC515', 'HT29', 'MCF7', 'PC3', 'VCAP']",15
SB-203186,8,"['A375', 'A549', 'HA1E', 'HCC515', 'HT29', 'MCF7', 'PC3', 'VCAP']",15
KU-C103428N,8,"['A375', 'A549', 'HA1E', 'HCC515', 'HT29', 'MCF7', 'PC3', 'VCAP']",15
KU-C103443N,8,"['A375', 'A549', 'HA1E', 'HCC515', 'HT29', 'MCF7', 'PC3', 'VCAP']",15
BRD-K65968856,8,"['A375', 'A549', 'HT29', 'MCF7', 'NEU', 'NPC', 'PC3', 'VCAP']",11
BRD-K66037923,8,"['A375', 'A549', 'HCC515', 'HEPG2', 'HT29', 'MCF7', 'PC3', 'VCAP']",12
BRD-K65455015,8,"['A375', 'A549', 'HA1E', 'HCC515', 'HT29', 'MCF7', 'PC3', 'VCAP']",11
indapamide,8,"['A375', 'A549', 'HA1E', 'HCC515', 'HT29', 'MCF7', 'PC3', 'VCAP']",29
indirubin,8,"['A375', 'A549', 'HA1E', 'HCC515', 'HT29', 'MCF7', 'PC3', 'VCAP']",41
indometacin,8,"['A375', 'A549', 'HA1E', 'HCC515', 'HT29', 'MCF7', 'PC3', 'VCAP']",29
SB-258585,8,"['A375', 'A549', 'HA1E', 'HCC515', 'HT29', 'MCF7', 'PC3', 'VCAP']",15
imiloxan,8,"['A375', 'A549', 'HA1E', 'HCC515', 'HT29', 'MCF7', 'PC3', 'VCAP']",15
BRD-K23564937,8,"['A375', 'A549', 'HT29', 'MCF7', 'NEU', 'NPC', 'PC3', 'VCAP']",11
quinpirole,8,"['A375', 'A549', 'HA1E', 'HCC515', 'HT29', 'MCF7', 'PC3', 'VCAP']",15
BRD-K09701578,8,"['A375', 'A549', 'HEPG2', 'HUH7', 'MCF7', 'PC3', 'PHH', 'VCAP']",18
BRD-K09824708,8,"['A375', 'A549', 'HT29', 'MCF7', 'NEU', 'NPC', 'PC3', 'VCAP']",13
BRD-K09459434,8,"['A375', 'A549', 'HT29', 'MCF7', 'NEU', 'NPC', 'PC3', 'VCAP']",13
BRD-K10057859,8,"['A375', 'A549', 'HA1E', 'HCC515', 'HT29', 'MCF7', 'PC3', 'VCAP']",15
BRD-K10087454,8,"['A375', 'A549', 'HT29', 'MCF7', 'NEU', 'NPC', 'PC3', 'VCAP']",13
BRD-K10211010,8,"['A375', 'A549', 'HT29', 'MCF7', 'NEU', 'NPC', 'PC3', 'VCAP']",14
BRD-K10355322,8,"['A375', 'A549', 'HA1E', 'HCC515', 'HT29', 'MCF7', 'PC3', 'VCAP']",15
quinethazone,8,"['A375', 'A549', 'HA1E', 'HCC515', 'HT29', 'MCF7', 'PC3', 'VCAP']",19
BRD-K51973945,8,"['A375', 'A549', 'HA1E', 'HCC515', 'HT29', 'MCF7', 'PC3', 'VCAP']",15
BRD-K09424864,8,"['A375', 'A549', 'HT29', 'MCF7', 'NEU', 'NPC', 'PC3', 'VCAP']",11
repaglinide,8,"['A375', 'A549', 'HA1E', 'HCC515', 'HT29', 'MCF7', 'PC3', 'VCAP']",30
resmethrin,8,"['A375', 'A549', 'HA1E', 'HCC515', 'HT29', 'MCF7', 'PC3', 'VCAP']",15
BRD-K66598898,8,"['A375', 'A549', 'HA1E', 'HCC515', 'HT29', 'MCF7', 'PC3', 'VCAP']",11
BRD-K66634822,8,"['A375', 'A549', 'HCC515', 'HEPG2', 'HT29', 'MCF7', 'PC3', 'VCAP']",24
BRD-K66686673,8,"['A375', 'A549', 'HCC515', 'HEPG2', 'HT29', 'MCF7', 'PC3', 'VCAP']",12
BRD-K66775134,8,"['A375', 'A549', 'HT29', 'MCF7', 'NEU', 'NPC', 'PC3', 'VCAP']",11
BRD-K09526594,8,"['A375', 'A549', 'HT29', 'MCF7', 'NEU', 'NPC', 'PC3', 'VCAP']",11
BRD-K09640010,8,"['A375', 'A549', 'HT29', 'MCF7', 'NEU', 'NPC', 'PC3', 'VCAP']",10
ramipril,8,"['A375', 'A549', 'HA1E', 'HCC515', 'HT29', 'MCF7', 'PC3', 'VCAP']",41
rathyronine,8,"['A375', 'HA1E', 'HCC515', 'HEPG2', 'HT29', 'MCF7', 'PC3', 'VCAP']",12
BRD-K66383562,8,"['A375', 'A549', 'HEPG2', 'HUH7', 'MCF7', 'PC3', 'PHH', 'VCAP']",18
BRD-K66438357,8,"['A375', 'A549', 'HA1E', 'HCC515', 'HT29', 'MCF7', 'PC3', 'VCAP']",15
SB-206553,8,"['A375', 'A549', 'HA1E', 'HCC515', 'HT29', 'MCF7', 'PC3', 'VCAP']",15
BRD-K23342641,8,"['A375', 'A549', 'HA1E', 'HCC515', 'HT29', 'MCF7', 'PC3', 'VCAP']",15
BRD-K23412959,8,"['A375', 'A549', 'HCC515', 'HEPG2', 'HT29', 'MCF7', 'PC3', 'VCAP']",12
BRD-K23794511,8,"['A375', 'A549', 'HT29', 'MCF7', 'NEU', 'NPC', 'PC3', 'VCAP']",11
BRD-K23872111,8,"['A375', 'A549', 'HT29', 'MCF7', 'NEU', 'NPC', 'PC3', 'VCAP']",9
BRD-K23896287,8,"['A375', 'A549', 'HCC515', 'HEPG2', 'HT29', 'MCF7', 'PC3', 'VCAP']",12
BRD-K23935793,8,"['A375', 'A549', 'HA1E', 'HCC515', 'HT29', 'MCF7', 'PC3', 'VCAP']",15
BRD-K23958338,8,"['A375', 'A549', 'HT29', 'MCF7', 'NEU', 'NPC', 'PC3', 'VCAP']",11
ibuprofen,8,"['A375', 'A549', 'HA1E', 'HCC515', 'HT29', 'MCF7', 'PC3', 'VCAP']",26
SC-19220,8,"['A375', 'A549', 'HA1E', 'HCC515', 'HT29', 'MCF7', 'PC3', 'VCAP']",15
BRD-K51034923,8,"['A375', 'A549', 'HT29', 'MCF7', 'NEU', 'NPC', 'PC3', 'VCAP']",9
BRD-K09059649,8,"['A375', 'A549', 'HT29', 'MCF7', 'NEU', 'NPC', 'PC3', 'VCAP']",9
BRD-K09068728,8,"['A375', 'A549', 'HT29', 'MCF7', 'NEU', 'NPC', 'PC3', 'VCAP']",13
BRD-K09069264,8,"['A375', 'A549', 'HT29', 'MCF7', 'NEU', 'NPC', 'PC3', 'VCAP']",10
BRD-K08640787,8,"['A375', 'A549', 'HCC515', 'HEPG2', 'HT29', 'MCF7', 'PC3', 'VCAP']",12
BRD-K09186736,8,"['A375', 'A549', 'HA1E', 'HCC515', 'HT29', 'MCF7', 'PC3', 'VCAP']",11
BRD-K09231502,8,"['A375', 'A549', 'HT29', 'MCF7', 'NEU', 'NPC', 'PC3', 'VCAP']",13
BRD-K09299610,8,"['A375', 'A549', 'HCC515', 'HEPG2', 'HT29', 'MCF7', 'PC3', 'VCAP']",12
BRD-K09329774,8,"['A375', 'A549', 'HT29', 'MCF7', 'NEU', 'NPC', 'PC3', 'VCAP']",11
BRD-K50868745,8,"['A375', 'A549', 'HT29', 'MCF7', 'NEU', 'NPC', 'PC3', 'VCAP']",14
BRD-K50985433,8,"['A375', 'A549', 'HCC515', 'HEPG2', 'HT29', 'MCF7', 'PC3', 'VCAP']",12
SCH-28080,8,"['A375', 'A549', 'HA1E', 'HCC515', 'HT29', 'MCF7', 'PC3', 'VCAP']",15
SD-169,8,"['A375', 'A549', 'HA1E', 'HCC515', 'HT29', 'MCF7', 'PC3', 'VCAP']",15
BRD-K08829932,8,"['A375', 'A549', 'HCC515', 'HEPG2', 'HT29', 'MCF7', 'PC3', 'VCAP']",12
BRD-K08857385,8,"['A375', 'A549', 'HA1E', 'HCC515', 'HT29', 'MCF7', 'PC3', 'VCAP']",15
rhodomyrtoxin-b,8,"['A375', 'A549', 'HA1E', 'HCC515', 'HT29', 'MCF7', 'PC3', 'VCAP']",15
rimantadine,8,"['A375', 'A549', 'HA1E', 'HCC515', 'HT29', 'MCF7', 'PC3', 'VCAP']",15
BRD-K66884694,8,"['A375', 'A549', 'HCC515', 'HEPG2', 'HT29', 'MCF7', 'PC3', 'VCAP']",12
retrorsine,8,"['A375', 'A549', 'HA1E', 'HCC515', 'HT29', 'MCF7', 'PC3', 'VCAP']",15
rhapontin,8,"['A375', 'A549', 'HA1E', 'HCC515', 'HT29', 'MCF7', 'PC3', 'VCAP']",15
rhodomyrtoxin,8,"['A375', 'A549', 'HA1E', 'HCC515', 'HT29', 'MCF7', 'PC3', 'VCAP']",15
BRD-K08878345,8,"['A375', 'A549', 'HA1E', 'HCC515', 'HT29', 'MCF7', 'PC3', 'VCAP']",15
BRD-K23589333,8,"['A375', 'A549', 'HT29', 'MCF7', 'NEU', 'NPC', 'PC3', 'VCAP']",11
BRD-K23673040,8,"['A375', 'A549', 'HA1E', 'HCC515', 'HT29', 'MCF7', 'PC3', 'VCAP']",15
BRD-K23165181,8,"['A375', 'A549', 'HCC515', 'HEPG2', 'HT29', 'MCF7', 'PC3', 'VCAP']",12
hydrocotarnine,8,"['A375', 'A549', 'HA1E', 'HCC515', 'HT29', 'MCF7', 'PC3', 'VCAP']",15
hydroquinine,8,"['A375', 'A549', 'HA1E', 'HCC515', 'HT29', 'MCF7', 'PC3', 'VCAP']",15
hydroxyfasudil,8,"['A375', 'A549', 'HA1E', 'HCC515', 'HT29', 'MCF7', 'PC3', 'VCAP']",15
JAS07-001,8,"['A375', 'A549', 'HA1E', 'HCC515', 'HT29', 'MCF7', 'PC3', 'VCAP']",15
JAS07-003,8,"['A375', 'A549', 'HA1E', 'HCC515', 'HT29', 'MCF7', 'PC3', 'VCAP']",15
JAS07-005,8,"['A375', 'A549', 'HA1E', 'HCC515', 'HT29', 'MCF7', 'PC3', 'VCAP']",15
JAS07-006,8,"['A375', 'A549', 'HA1E', 'HCC515', 'HT29', 'MCF7', 'PC3', 'VCAP']",15
JAS07-008,8,"['A375', 'A549', 'HA1E', 'HCC515', 'HT29', 'MCF7', 'PC3', 'VCAP']",15
JAS07-010,8,"['A375', 'A549', 'HA1E', 'HCC515', 'HT29', 'MCF7', 'PC3', 'VCAP']",15
JL-7-128,8,"['A375', 'A549', 'HA1E', 'HCC515', 'HT29', 'MCF7', 'PC3', 'VCAP']",11
BRD-K67118123,8,"['A375', 'A549', 'HA1E', 'HCC515', 'HT29', 'MCF7', 'PC3', 'VCAP']",15
BRD-K67236950,8,"['A375', 'A549', 'HT29', 'MCF7', 'NEU', 'NPC', 'PC3', 'VCAP']",12
BRD-K67306351,8,"['A375', 'A549', 'HA1E', 'HCC515', 'HT29', 'MCF7', 'PC3', 'VCAP']",15
BRD-K51164721,8,"['A375', 'A549', 'HT29', 'MCF7', 'NEU', 'NPC', 'PC3', 'VCAP']",13
BRD-K51267267,8,"['A375', 'A549', 'HA1E', 'HCC515', 'HT29', 'MCF7', 'PC3', 'VCAP']",11
BRD-K50746423,8,"['A375', 'A549', 'HCC515', 'HEPG2', 'HT29', 'MCF7', 'PC3', 'VCAP']",11
BRD-K67678077,8,"['A375', 'A549', 'HCC515', 'HEPG2', 'HT29', 'MCF7', 'PC3', 'VCAP']",12
BRD-K67787765,8,"['A375', 'A549', 'HT29', 'MCF7', 'NEU', 'NPC', 'PC3', 'VCAP']",13
BRD-K67941506,8,"['A375', 'A549', 'HA1E', 'HCC515', 'HT29', 'MCF7', 'PC3', 'VCAP']",15
BRD-K08311783,8,"['A375', 'A549', 'HA1E', 'HCC515', 'HT29', 'MCF7', 'PC3', 'VCAP']",11
BRD-K08317416,8,"['A375', 'A549', 'HT29', 'MCF7', 'NEU', 'NPC', 'PC3', 'VCAP']",17
BRD-K08339178,8,"['A375', 'A549', 'HA1E', 'HCC515', 'HT29', 'MCF7', 'PC3', 'VCAP']",11
BRD-K08447949,8,"['A375', 'A549', 'HCC515', 'HEPG2', 'HT29', 'MCF7', 'PC3', 'VCAP']",12
ritonavir,8,"['A375', 'A549', 'HA1E', 'HCC515', 'HT29', 'MCF7', 'PC3', 'VCAP']",22
BRD-K67514995,8,"['A375', 'A549', 'HT29', 'MCF7', 'NEU', 'NPC', 'PC3', 'VCAP']",11
BRD-K67550673,8,"['A375', 'A549', 'HCC515', 'HEPG2', 'HT29', 'MCF7', 'PC3', 'VCAP']",12
BRD-K67619794,8,"['A375', 'A549', 'HCC515', 'HEPG2', 'HT29', 'MCF7', 'PC3', 'VCAP']",12
hymecromone,8,"['A375', 'A549', 'HA1E', 'HCC515', 'HT29', 'MCF7', 'PC3', 'VCAP']",19
BRD-K50277523,8,"['A375', 'A549', 'HT29', 'MCF7', 'NEU', 'NPC', 'PC3', 'VCAP']",14
SD-8-005,8,"['A375', 'A549', 'HA1E', 'HCC515', 'HT29', 'MCF7', 'PC3', 'VCAP']",22
BRD-K24106654,8,"['A375', 'A549', 'HT29', 'MCF7', 'NEU', 'NPC', 'PC3', 'VCAP']",12
hydrocortisone-phosphate,8,"['A375', 'A549', 'HA1E', 'HCC515', 'HT29', 'MCF7', 'PC3', 'VCAP']",15
BRD-K50218580,8,"['A375', 'A549', 'HCC515', 'HEPG2', 'HT29', 'MCF7', 'PC3', 'VCAP']",12
BRD-K49749421,8,"['A375', 'A549', 'HA1E', 'HCC515', 'HT29', 'MCF7', 'PC3', 'VCAP']",15
BRD-K49791723,8,"['A375', 'A549', 'HCC515', 'HEPG2', 'HT29', 'MCF7', 'PC3', 'VCAP']",12
hydrocortisone-acetate,8,"['A375', 'A549', 'HA1E', 'HCC515', 'HT29', 'MCF7', 'PC3', 'VCAP']",15
hydrocortisone-hemisuccinate,8,"['A375', 'A549', 'HA1E', 'HCC515', 'HT29', 'MCF7', 'PC3', 'VCAP']",15
BRD-K24156250,8,"['A375', 'A549', 'HCC515', 'HEPG2', 'HT29', 'MCF7', 'PC3', 'VCAP']",12
BRD-K23985857,8,"['A375', 'A549', 'HT29', 'MCF7', 'NEU', 'NPC', 'PC3', 'VCAP']",17
BRD-K49814456,8,"['A375', 'A549', 'HA1E', 'HCC515', 'HT29', 'MCF7', 'PC3', 'VCAP']",15
BRD-K49967178,8,"['A375', 'A549', 'HA1E', 'HCC515', 'HT29', 'MCF7', 'PC3', 'VCAP']",15
BRD-K07666543,8,"['A375', 'A549', 'HT29', 'MCF7', 'NEU', 'NPC', 'PC3', 'VCAP']",14
BRD-K07668032,8,"['A375', 'A549', 'HA1E', 'HCC515', 'HT29', 'MCF7', 'PC3', 'VCAP']",15
BRD-K07790824,8,"['A375', 'A549', 'HA1E', 'HCC515', 'HT29', 'MCF7', 'PC3', 'VCAP']",15
BRD-K07907451,8,"['A375', 'A549', 'HT29', 'MCF7', 'NEU', 'NPC', 'PC3', 'VCAP']",13
robustic-acid,8,"['A375', 'HA1E', 'HCC515', 'HEPG2', 'HT29', 'MCF7', 'PC3', 'VCAP']",12
BRD-K08251038,8,"['A375', 'A549', 'HT29', 'MCF7', 'NEU', 'NPC', 'PC3', 'VCAP']",14
BRD-K08293924,8,"['A375', 'A549', 'HT29', 'MCF7', 'NEU', 'NPC', 'PC3', 'VCAP']",14
BRD-K68253248,8,"['A375', 'A549', 'HT29', 'MCF7', 'NEU', 'NPC', 'PC3', 'VCAP']",14
BRD-K68319707,8,"['A375', 'A549', 'HT29', 'MCF7', 'NEU', 'NPC', 'PC3', 'VCAP']",14
BRD-K68326515,8,"['A375', 'A549', 'HT29', 'MCF7', 'NEU', 'NPC', 'PC3', 'VCAP']",14
BRD-K68495126,8,"['A375', 'A549', 'HA1E', 'HCC515', 'HT29', 'MCF7', 'PC3', 'VCAP']",15
BRD-K68504618,8,"['A375', 'A549', 'HT29', 'MCF7', 'NEU', 'NPC', 'PC3', 'VCAP']",9
safrolglycol,8,"['A375', 'A549', 'HA1E', 'HCC515', 'HT29', 'MCF7', 'PC3', 'VCAP']",15
BRD-K07381195,8,"['A375', 'A549', 'HT29', 'MCF7', 'NEU', 'NPC', 'PC3', 'VCAP']",10
BRD-K07515761,8,"['A375', 'A549', 'HCC515', 'HEPG2', 'HT29', 'MCF7', 'PC3', 'VCAP']",12
BRD-K07516181,8,"['A375', 'A549', 'HT29', 'MCF7', 'NEU', 'NPC', 'PC3', 'VCAP']",13
BRD-K07521754,8,"['A375', 'A549', 'HCC515', 'HEPG2', 'HT29', 'MCF7', 'PC3', 'VCAP']",12
BRD-K07530279,8,"['A375', 'A549', 'HA1E', 'HCC515', 'HT29', 'MCF7', 'PC3', 'VCAP']",26
salubrinal,8,"['A375', 'A549', 'HA1E', 'HCC515', 'HT29', 'MCF7', 'PC3', 'VCAP']",15
BRD-K68097207,8,"['A375', 'A549', 'HT29', 'MCF7', 'NEU', 'NPC', 'PC3', 'VCAP']",13
BRD-K68102868,8,"['A375', 'A549', 'HA1E', 'HCC515', 'HT29', 'MCF7', 'PC3', 'VCAP']",15
III606050,8,"['A375', 'A549', 'HA1E', 'HCC515', 'HT29', 'MCF7', 'PC3', 'VCAP']",11
BRD-K50131741,8,"['A375', 'A549', 'HT29', 'MCF7', 'NEU', 'NPC', 'PC3', 'VCAP']",11
BRD-K24656059,8,"['A375', 'A549', 'HT29', 'MCF7', 'NEU', 'NPC', 'PC3', 'VCAP']",9
BRD-K24665987,8,"['A375', 'A549', 'HA1E', 'HCC515', 'HT29', 'MCF7', 'PC3', 'VCAP']",15
BRD-K24677486,8,"['A375', 'A549', 'HA1E', 'HCC515', 'HT29', 'MCF7', 'PC3', 'VCAP']",15
homochlorcyclizine,8,"['A375', 'A549', 'HA1E', 'HCC515', 'HT29', 'MCF7', 'PC3', 'VCAP']",18
BRD-K49417484,8,"['A375', 'A549', 'HT29', 'MCF7', 'NEU', 'NPC', 'PC3', 'VCAP']",11
BRD-K49562544,8,"['A375', 'A549', 'HA1E', 'HCC515', 'HT29', 'MCF7', 'PC3', 'VCAP']",15
BRD-K68594214,8,"['A375', 'A549', 'HCC515', 'HEPG2', 'HT29', 'MCF7', 'PC3', 'VCAP']",12
BRD-K68682056,8,"['A375', 'A549', 'HT29', 'MCF7', 'NEU', 'NPC', 'PC3', 'VCAP']",11
BRD-K68783079,8,"['A375', 'A549', 'HCC515', 'HEPG2', 'HT29', 'MCF7', 'PC3', 'VCAP']",12
BRD-K68833544,8,"['A375', 'A549', 'HCC515', 'HEPG2', 'HT29', 'MCF7', 'PC3', 'VCAP']",12
I-505056,8,"['A375', 'A549', 'HA1E', 'HCC515', 'HT29', 'MCF7', 'PC3', 'VCAP']",11
I-606051,8,"['A375', 'A549', 'HA1E', 'HCC515', 'HT29', 'MCF7', 'PC3', 'VCAP']",11
I-606061,8,"['A375', 'A549', 'HA1E', 'HCC515', 'HT29', 'MCF7', 'PC3', 'VCAP']",11
I-OMe-AG-538,8,"['A375', 'A549', 'HA1E', 'HCC515', 'HT29', 'MCF7', 'PC3', 'VCAP']",15
ICI-118551,8,"['A375', 'A549', 'HA1E', 'HCC515', 'HT29', 'MCF7', 'PC3', 'VCAP']",15
ICI-204448,8,"['A375', 'A549', 'HA1E', 'HCC515', 'HT29', 'MCF7', 'PC3', 'VCAP']",15
BRD-K69218883,8,"['A375', 'A549', 'HT29', 'MCF7', 'NEU', 'NPC', 'PC3', 'VCAP']",13
BRD-K06718821,8,"['A375', 'A549', 'HT29', 'MCF7', 'NEU', 'NPC', 'PC3', 'VCAP']",12
BRD-K06748700,8,"['A375', 'A549', 'HA1E', 'HCC515', 'HT29', 'MCF7', 'PC3', 'VCAP']",15
solifenacin,8,"['A375', 'A549', 'HA1E', 'HCC515', 'HT29', 'MCF7', 'PC3', 'VCAP']",15
sotalol,8,"['A375', 'A549', 'HA1E', 'HCC515', 'HT29', 'MCF7', 'PC3', 'VCAP']",30
spectinomycin,8,"['A375', 'A549', 'HA1E', 'HCC515', 'HT29', 'MCF7', 'PC3', 'VCAP']",15
BRD-K06956503,8,"['A375', 'A549', 'HA1E', 'HCC515', 'HT29', 'MCF7', 'PC3', 'VCAP']",15
scopoline,8,"['A375', 'A549', 'HA1E', 'HCC515', 'HT29', 'MCF7', 'PC3', 'VCAP']",15
selegiline,8,"['A375', 'A549', 'HA1E', 'HCC515', 'HT29', 'MCF7', 'PC3', 'VCAP']",26
BRD-K07101857,8,"['A375', 'A549', 'HA1E', 'HCC515', 'HT29', 'MCF7', 'PC3', 'VCAP']",15
BRD-K07244661,8,"['A375', 'A549', 'HT29', 'MCF7', 'NEU', 'NPC', 'PC3', 'VCAP']",13
BRD-K07259155,8,"['A375', 'A549', 'HCC515', 'HEPG2', 'HT29', 'MCF7', 'PC3', 'VCAP']",12
SKF-83566,8,"['A375', 'A549', 'HA1E', 'HCC515', 'HT29', 'MCF7', 'PC3', 'VCAP']",26
BRD-K24468827,8,"['A375', 'A549', 'HA1E', 'HCC515', 'HT29', 'MCF7', 'PC3', 'VCAP']",15
BRD-K24598397,8,"['A375', 'A549', 'HA1E', 'HCC515', 'HT29', 'MCF7', 'PC3', 'VCAP']",15
BRD-K24632213,8,"['A375', 'A549', 'HA1E', 'HCC515', 'HT29', 'MCF7', 'PC3', 'VCAP']",15
BRD-K49669601,8,"['A375', 'A549', 'HT29', 'MCF7', 'NEU', 'NPC', 'PC3', 'VCAP']",18
BRD-K49687221,8,"['A375', 'A549', 'HT29', 'MCF7', 'NEU', 'NPC', 'PC3', 'VCAP']",13
BRD-K49712247,8,"['A375', 'A549', 'HCC515', 'HEPG2', 'HT29', 'MCF7', 'PC3', 'VCAP']",12
BRD-K48974000,8,"['A375', 'A549', 'HA1E', 'HCC515', 'HT29', 'MCF7', 'PC3', 'VCAP']",15
heliomycin,8,"['A375', 'A549', 'HA1E', 'HCC515', 'HT29', 'MCF7', 'PC3', 'VCAP']",11
heliotrine,8,"['A375', 'A549', 'HA1E', 'HCC515', 'HT29', 'MCF7', 'PC3', 'VCAP']",15
helveticoside,8,"['A375', 'A549', 'HA1E', 'HCC515', 'HT29', 'MCF7', 'PC3', 'VCAP']",15
hexylresorcinol,8,"['A375', 'A549', 'HA1E', 'HCC515', 'HT29', 'MCF7', 'PC3', 'VCAP']",15
BRD-K24798550,8,"['A375', 'A549', 'HT29', 'MCF7', 'NEU', 'NPC', 'PC3', 'VCAP']",13
BRD-K24890551,8,"['A375', 'A549', 'HT29', 'MCF7', 'NEU', 'NPC', 'PC3', 'VCAP']",11
BRD-K69295800,8,"['A375', 'A549', 'HT29', 'MCF7', 'NEU', 'NPC', 'PC3', 'VCAP']",13
BRD-K69304050,8,"['A375', 'A549', 'HA1E', 'HCC515', 'HT29', 'MCF7', 'PC3', 'VCAP']",15
BRD-K69396629,8,"['A375', 'A549', 'HCC515', 'HEPG2', 'HT29', 'MCF7', 'PC3', 'VCAP']",12
BRD-K69422440,8,"['A375', 'A549', 'HCC515', 'HEPG2', 'HT29', 'MCF7', 'PC3', 'VCAP']",12
BRD-K68863575,8,"['A375', 'A549', 'HCC515', 'HEPG2', 'HT29', 'MCF7', 'PC3', 'VCAP']",12
BRD-K69040870,8,"['A375', 'A549', 'HT29', 'MCF7', 'NEU', 'NPC', 'PC3', 'VCAP']",15
guaifenesin,8,"['A375', 'A549', 'HA1E', 'HCC515', 'HT29', 'MCF7', 'PC3', 'VCAP']",19
BRD-K24925364,8,"['A375', 'A549', 'HA1E', 'HCC515', 'HT29', 'MCF7', 'PC3', 'VCAP']",15
BRD-K25050358,8,"['A375', 'A549', 'HT29', 'MCF7', 'NEU', 'NPC', 'PC3', 'VCAP']",10
BRD-K25150581,8,"['A375', 'A549', 'HA1E', 'HCC515', 'HT29', 'MCF7', 'PC3', 'VCAP']",15
BRD-K48654774,8,"['A375', 'A549', 'HCC515', 'HEPG2', 'HT29', 'MCF7', 'PC3', 'VCAP']",12
BRD-K48673964,8,"['A375', 'A549', 'HT29', 'MCF7', 'NEU', 'NPC', 'PC3', 'VCAP']",13
BRD-K48724570,8,"['A375', 'A549', 'HT29', 'MCF7', 'NEU', 'NPC', 'PC3', 'VCAP']",11
BRD-K06206016,8,"['A375', 'A549', 'HCC515', 'HEPG2', 'HT29', 'MCF7', 'PC3', 'VCAP']",12
streptozotocin,8,"['A375', 'A549', 'HA1E', 'HCC515', 'HT29', 'MCF7', 'PC3', 'VCAP']",18
sulfacetamide,8,"['A375', 'A549', 'HA1E', 'HCC515', 'HT29', 'MCF7', 'PC3', 'VCAP']",14
sulfinpyrazone,8,"['A375', 'A549', 'HA1E', 'HCC515', 'HT29', 'MCF7', 'PC3', 'VCAP']",29
spiroxatrine,8,"['A375', 'A549', 'HA1E', 'HCC515', 'HT29', 'MCF7', 'PC3', 'VCAP']",15
stavudine,8,"['A375', 'A549', 'HA1E', 'HCC515', 'HT29', 'MCF7', 'PC3', 'VCAP']",26
BRD-K06436323,8,"['A375', 'A549', 'HCC515', 'HEPG2', 'HT29', 'MCF7', 'PC3', 'VCAP']",12
BRD-K06589444,8,"['A375', 'A549', 'HT29', 'MCF7', 'NEU', 'NPC', 'PC3', 'VCAP']",13
BRD-K49630153,8,"['A375', 'A549', 'HA1E', 'HCC515', 'HT29', 'MCF7', 'PC3', 'VCAP']",15
BRD-K69791739,8,"['A375', 'A549', 'HT29', 'MCF7', 'NEU', 'NPC', 'PC3', 'VCAP']",13
BRD-K69834151,8,"['A375', 'A549', 'HCC515', 'HEPG2', 'HT29', 'MCF7', 'PC3', 'VCAP']",12
BRD-K05549170,8,"['A375', 'A549', 'HCC515', 'HEPG2', 'HT29', 'MCF7', 'PC3', 'VCAP']",12
BRD-K05677905,8,"['A375', 'A549', 'HT29', 'MCF7', 'NEU', 'NPC', 'PC3', 'VCAP']",13
BRD-K05861053,8,"['A375', 'A549', 'HCC515', 'HEPG2', 'HT29', 'MCF7', 'PC3', 'VCAP']",12
BRD-K05979026,8,"['A375', 'A549', 'HCC515', 'HEPG2', 'HT29', 'MCF7', 'PC3', 'VCAP']",12
BRD-K05984448,8,"['A375', 'A549', 'HT29', 'MCF7', 'NEU', 'NPC', 'PC3', 'VCAP']",13
BRD-K06009608,8,"['A375', 'A549', 'HA1E', 'HCC515', 'HT29', 'MCF7', 'PC3', 'VCAP']",11
tacrine,8,"['A375', 'A549', 'HA1E', 'HCC515', 'HT29', 'MCF7', 'PC3', 'VCAP']",22
BRD-K69548259,8,"['A375', 'A549', 'HT29', 'MCF7', 'NEU', 'NPC', 'PC3', 'VCAP']",11
BRD-K69603398,8,"['A375', 'A549', 'HA1E', 'HCC515', 'HT29', 'MCF7', 'PC3', 'VCAP']",11
BRD-K06188347,8,"['A375', 'A549', 'HT29', 'MCF7', 'NEU', 'NPC', 'PC3', 'VCAP']",13
BRD-K49111930,8,"['A375', 'A549', 'HT29', 'MCF7', 'NEU', 'NPC', 'PC3', 'VCAP']",15
SQ-29548,8,"['A375', 'A549', 'HA1E', 'HCC515', 'HT29', 'MCF7', 'PC3', 'VCAP']",15
SRC-kinase-inhibitor-I,8,"['A375', 'A549', 'HA1E', 'HCC515', 'HT29', 'MCF7', 'PC3', 'VCAP']",15
griseofulvin,8,"['A375', 'A549', 'HA1E', 'HCC515', 'HT29', 'MCF7', 'PC3', 'VCAP']",14
BRD-K25427024,8,"['A375', 'A549', 'HT29', 'MCF7', 'NEU', 'NPC', 'PC3', 'VCAP']",11
BRD-K25436320,8,"['A375', 'A549', 'HT29', 'MCF7', 'NEU', 'NPC', 'PC3', 'VCAP']",11
BRD-K25522720,8,"['A375', 'A549', 'HA1E', 'HCC515', 'HT29', 'MCF7', 'PC3', 'VCAP']",15
BRD-K48527688,8,"['A375', 'A549', 'HT29', 'MCF7', 'NEU', 'NPC', 'PC3', 'VCAP']",9
BRD-K48598367,8,"['A375', 'A549', 'HT29', 'MCF7', 'NEU', 'NPC', 'PC3', 'VCAP']",11
BRD-K48199208,8,"['A375', 'A549', 'HA1E', 'HCC515', 'HT29', 'MCF7', 'PC3', 'VCAP']",15
BRD-K70052774,8,"['A375', 'A549', 'HA1E', 'HCC515', 'HT29', 'MCF7', 'PC3', 'VCAP']",15
BRD-K70074151,8,"['A375', 'A549', 'HT29', 'MCF7', 'NEU', 'NPC', 'PC3', 'VCAP']",12
BRD-K70200040,8,"['A375', 'A549', 'HT29', 'MCF7', 'NEU', 'NPC', 'PC3', 'VCAP']",11
BRD-K70229243,8,"['A375', 'A549', 'HA1E', 'HCC515', 'HT29', 'MCF7', 'PC3', 'VCAP']",15
BRD-K05326558,8,"['A375', 'A549', 'HA1E', 'HCC515', 'HT29', 'MCF7', 'PC3', 'VCAP']",15
BRD-K05353139,8,"['A375', 'A549', 'HT29', 'MCF7', 'NEU', 'NPC', 'PC3', 'VCAP']",14
BRD-K05359840,8,"['A375', 'A549', 'HCC515', 'HEPG2', 'HT29', 'MCF7', 'PC3', 'VCAP']",12
BRD-K05442673,8,"['A375', 'A549', 'HT29', 'MCF7', 'NEU', 'NPC', 'PC3', 'VCAP']",11
BRD-K69705756,8,"['A375', 'A549', 'HT29', 'MCF7', 'NEU', 'NPC', 'PC3', 'VCAP']",12
BRD-K69760878,8,"['A375', 'A549', 'HT29', 'MCF7', 'NEU', 'NPC', 'PC3', 'VCAP']",13
GP-42,8,"['A375', 'A549', 'HA1E', 'HCC515', 'HT29', 'MCF7', 'PC3', 'VCAP']",12
GR-103691,8,"['A375', 'A549', 'HA1E', 'HCC515', 'HT29', 'MCF7', 'PC3', 'VCAP']",15
GR-135531,8,"['A375', 'A549', 'HA1E', 'HCC515', 'HT29', 'MCF7', 'PC3', 'VCAP']",15
BRD-K04733502,8,"['A375', 'A549', 'HA1E', 'HCC515', 'HT29', 'MCF7', 'PC3', 'VCAP']",11
BRD-K04779531,8,"['A375', 'A549', 'HA1E', 'HCC515', 'HT29', 'MCF7', 'PC3', 'VCAP']",15
terbinafine,8,"['A375', 'A549', 'HA1E', 'HCC515', 'HT29', 'MCF7', 'PC3', 'VCAP']",22
terbutaline,8,"['A375', 'A549', 'HA1E', 'HCC515', 'HT29', 'MCF7', 'PC3', 'VCAP']",14
tetracycline,8,"['A375', 'A549', 'HA1E', 'HCC515', 'HT29', 'MCF7', 'PC3', 'VCAP']",17
tetrahydrobiopterin,8,"['A375', 'A549', 'HA1E', 'HCC515', 'HT29', 'MCF7', 'PC3', 'VCAP']",11
tetrahydrocannabinol-7-oic-acid,8,"['A375', 'A549', 'HA1E', 'HCC515', 'HT29', 'MCF7', 'PC3', 'VCAP']",15
BRD-K04930762,8,"['A375', 'A549', 'HCC515', 'HEPG2', 'HT29', 'MCF7', 'PC3', 'VCAP']",12
BRD-K05002121,8,"['A375', 'A549', 'HCC515', 'HEPG2', 'HT29', 'MCF7', 'PC3', 'VCAP']",12
BRD-K05153001,8,"['A375', 'A549', 'HA1E', 'HCC515', 'HT29', 'MCF7', 'PC3', 'VCAP']",15
BRD-K04380254,8,"['A375', 'A549', 'HT29', 'MCF7', 'NEU', 'NPC', 'PC3', 'VCAP']",13
BRD-K48844671,8,"['A375', 'A549', 'HCC515', 'HEPG2', 'HT29', 'MCF7', 'PC3', 'VCAP']",12
BRD-K25379780,8,"['A375', 'A549', 'HT29', 'MCF7', 'NEU', 'NPC', 'PC3', 'VCAP']",12
gestrinone,8,"['A375', 'A549', 'HA1E', 'HCC515', 'HT29', 'MCF7', 'PC3', 'VCAP']",15
BRD-K25536815,8,"['A375', 'A549', 'HCC515', 'HEPG2', 'HT29', 'MCF7', 'PC3', 'VCAP']",12
BRD-K25164076,8,"['A375', 'A549', 'HT29', 'MCF7', 'NEU', 'NPC', 'PC3', 'VCAP']",12
BRD-K25373946,8,"['A375', 'A549', 'HA1E', 'HCC515', 'HT29', 'MCF7', 'PC3', 'VCAP']",15
BRD-K48222931,8,"['A375', 'A549', 'HT29', 'MCF7', 'NEU', 'NPC', 'PC3', 'VCAP']",10
BRD-K48296029,8,"['A375', 'A549', 'HT29', 'MCF7', 'NEU', 'NPC', 'PC3', 'VCAP']",11
BRD-K48311056,8,"['A375', 'A549', 'HA1E', 'HCC515', 'HT29', 'MCF7', 'PC3', 'VCAP']",15
galantamine,8,"['A375', 'A549', 'HA1E', 'HCC515', 'HT29', 'MCF7', 'PC3', 'VCAP']",30
ganciclovir,8,"['A375', 'A549', 'HA1E', 'HCC515', 'HT29', 'MCF7', 'PC3', 'VCAP']",15
BRD-K70415218,8,"['A375', 'A549', 'HA1E', 'HCC515', 'HT29', 'MCF7', 'PC3', 'VCAP']",15
tetrahydrozoline,8,"['A375', 'A549', 'HA1E', 'HCC515', 'HT29', 'MCF7', 'PC3', 'VCAP']",19
BRD-K04238564,8,"['A375', 'A549', 'HA1E', 'HCC515', 'HT29', 'MCF7', 'PC3', 'VCAP']",11
BRD-K04279026,8,"['A375', 'A549', 'HCC515', 'HEPG2', 'HT29', 'MCF7', 'PC3', 'VCAP']",12
tetrindole,8,"['A375', 'A549', 'HA1E', 'HCC515', 'HT29', 'MCF7', 'PC3', 'VCAP']",15
theophylline,8,"['A375', 'A549', 'HA1E', 'HCC515', 'HT29', 'MCF7', 'PC3', 'VCAP']",15
BRD-K70503895,8,"['A375', 'A549', 'HA1E', 'HCC515', 'HT29', 'MCF7', 'PC3', 'VCAP']",15
FU-JMBII127B,8,"['A375', 'A549', 'HA1E', 'HCC515', 'HT29', 'MCF7', 'PC3', 'VCAP']",15
FU-JMBII227B,8,"['A375', 'A549', 'HA1E', 'HCC515', 'HT29', 'MCF7', 'PC3', 'VCAP']",15
BRD-K03954795,8,"['A375', 'A549', 'HA1E', 'HCC515', 'HT29', 'MCF7', 'PC3', 'VCAP']",15
BRD-K03957451,8,"['A375', 'A549', 'HT29', 'MCF7', 'NEU', 'NPC', 'PC3', 'VCAP']",13
BRD-K04025047,8,"['A375', 'A549', 'HT29', 'MCF7', 'NEU', 'NPC', 'PC3', 'VCAP']",11
BRD-K70711508,8,"['A375', 'A549', 'HT29', 'MCF7', 'NEU', 'NPC', 'PC3', 'VCAP']",14
BRD-K70345064,8,"['A375', 'A549', 'HT29', 'MCF7', 'NEU', 'NPC', 'PC3', 'VCAP']",10
BRD-K25990552,8,"['A375', 'A549', 'HT29', 'MCF7', 'NEU', 'NPC', 'PC3', 'VCAP']",13
gedunin,8,"['A375', 'HA1E', 'HCC515', 'HEPG2', 'HT29', 'MCF7', 'PC3', 'VCAP']",12
gelsemine,8,"['A375', 'A549', 'HA1E', 'HCC515', 'HT29', 'MCF7', 'PC3', 'VCAP']",15
BRD-K26233379,8,"['A375', 'A549', 'HCC515', 'HEPG2', 'HT29', 'MCF7', 'PC3', 'VCAP']",12
fosinopril,8,"['A375', 'A549', 'HA1E', 'HCC515', 'HT29', 'MCF7', 'PC3', 'VCAP']",11
fursultiamine,8,"['A375', 'A549', 'HA1E', 'HCC515', 'HT29', 'MCF7', 'PC3', 'VCAP']",15
ST-638,8,"['A375', 'A549', 'HA1E', 'HCC515', 'HT29', 'MCF7', 'PC3', 'VCAP']",15
STK-111867,8,"['A375', 'A549', 'HA1E', 'HCC515', 'HT29', 'MCF7', 'PC3', 'VCAP']",15
genipin,8,"['A375', 'A549', 'HA1E', 'HCC515', 'HT29', 'MCF7', 'PC3', 'VCAP']",11
BRD-K26831771,8,"['A375', 'A549', 'HCC515', 'HEPG2', 'HT29', 'MCF7', 'PC3', 'VCAP']",12
BRD-K26906367,8,"['A375', 'A549', 'HCC515', 'HEPG2', 'HT29', 'MCF7', 'PC3', 'VCAP']",12
BRD-K27074404,8,"['A375', 'A549', 'HA1E', 'HCC515', 'HT29', 'MCF7', 'PC3', 'VCAP']",15
BRD-K71151012,8,"['A375', 'A549', 'HT29', 'MCF7', 'NEU', 'NPC', 'PC3', 'VCAP']",12
BRD-K71169984,8,"['A375', 'A549', 'HCC515', 'HEPG2', 'HT29', 'MCF7', 'PC3', 'VCAP']",12
BRD-K71172276,8,"['A375', 'A549', 'HA1E', 'HCC515', 'HT29', 'MCF7', 'PC3', 'VCAP']",15
BRD-K71182391,8,"['A375', 'A549', 'HCC515', 'HEPG2', 'HT29', 'MCF7', 'PC3', 'VCAP']",12
BRD-K71195237,8,"['A375', 'A549', 'HT29', 'MCF7', 'NEU', 'NPC', 'PC3', 'VCAP']",9
BRD-K71265179,8,"['A375', 'A549', 'HA1E', 'HCC515', 'HT29', 'MCF7', 'PC3', 'VCAP']",15
BRD-K70875408,8,"['A375', 'A549', 'HT29', 'MCF7', 'NEU', 'NPC', 'PC3', 'VCAP']",13
BRD-K70917163,8,"['A375', 'A549', 'HCC515', 'HEPG2', 'HT29', 'MCF7', 'PC3', 'VCAP']",12
BRD-K70918484,8,"['A375', 'A549', 'HT29', 'MCF7', 'NEU', 'NPC', 'PC3', 'VCAP']",12
BRD-K70918941,8,"['A375', 'A549', 'HCC515', 'HEPG2', 'HT29', 'MCF7', 'PC3', 'VCAP']",12
BRD-K70983703,8,"['A375', 'A549', 'HT29', 'MCF7', 'NEU', 'NPC', 'PC3', 'VCAP']",11
FU-JMBII105B,8,"['A375', 'A549', 'HA1E', 'HCC515', 'HT29', 'MCF7', 'PC3', 'VCAP']",15
FU-JMBII113B,8,"['A375', 'A549', 'HA1E', 'HCC515', 'HT29', 'MCF7', 'PC3', 'VCAP']",15
BRD-K71387353,8,"['A375', 'A549', 'HT29', 'MCF7', 'NEU', 'NPC', 'PC3', 'VCAP']",12
BRD-K71498541,8,"['A375', 'A549', 'HT29', 'MCF7', 'NEU', 'NPC', 'PC3', 'VCAP']",13
tianeptine,8,"['A375', 'A549', 'HA1E', 'HCC515', 'HT29', 'MCF7', 'PC3', 'VCAP']",15
tiaprofenic-acid,8,"['A375', 'A549', 'HA1E', 'HCC515', 'HT29', 'MCF7', 'PC3', 'VCAP']",19
tienilic-acid,8,"['A375', 'A549', 'HA1E', 'HCC515', 'HT29', 'MCF7', 'PC3', 'VCAP']",11
BRD-K03552198,8,"['A375', 'A549', 'HA1E', 'HCC515', 'HT29', 'MCF7', 'PC3', 'VCAP']",15
BRD-K03601405,8,"['A375', 'A549', 'HCC515', 'HEPG2', 'HT29', 'MCF7', 'PC3', 'VCAP']",12
flurbiprofen-(+/-),8,"['A375', 'A549', 'HA1E', 'HCC515', 'HT29', 'MCF7', 'PC3', 'VCAP']",26
BRD-K26484692,8,"['A375', 'A549', 'HT29', 'MCF7', 'NEU', 'NPC', 'PC3', 'VCAP']",14
BRD-K26510616,8,"['A375', 'A549', 'HA1E', 'HCC515', 'HEPG2', 'HT29', 'MCF7', 'PC3']",96
BRD-K26626929,8,"['A375', 'A549', 'HT29', 'MCF7', 'NEU', 'NPC', 'PC3', 'VCAP']",11
BRD-K26160061,8,"['A375', 'A549', 'HCC515', 'HEPG2', 'HT29', 'MCF7', 'PC3', 'VCAP']",12
fluocinonide,8,"['A375', 'A549', 'HA1E', 'HCC515', 'HT29', 'MCF7', 'PC3', 'VCAP']",15
fluorometholone,8,"['A375', 'A549', 'HA1E', 'HCC515', 'HT29', 'MCF7', 'PC3', 'VCAP']",19
BRD-K26767475,8,"['A375', 'A549', 'HA1E', 'HCC515', 'HT29', 'MCF7', 'PC3', 'VCAP']",15
BRD-K26815099,8,"['A375', 'A549', 'HCC515', 'HEPG2', 'HT29', 'MCF7', 'PC3', 'VCAP']",12
fluocinolone-acetonide,8,"['A375', 'A549', 'HA1E', 'HCC515', 'HT29', 'MCF7', 'PC3', 'VCAP']",15
BRD-K47533918,8,"['A375', 'A549', 'HEPG2', 'HT29', 'HUH7', 'MCF7', 'PHH', 'VCAP']",18
BRD-K47551852,8,"['A375', 'A549', 'HT29', 'MCF7', 'NEU', 'NPC', 'PC3', 'VCAP']",18
TAS-301,8,"['A375', 'A549', 'HA1E', 'HCC515', 'HT29', 'MCF7', 'PC3', 'VCAP']",15
TBEP,8,"['A375', 'A549', 'HA1E', 'HCC515', 'HT29', 'MCF7', 'PC3', 'VCAP']",11
TCS-359,8,"['A375', 'A549', 'HA1E', 'HCC515', 'HT29', 'MCF7', 'PC3', 'VCAP']",15
FG-7142,8,"['A375', 'A549', 'HA1E', 'HCC515', 'HT29', 'MCF7', 'PC3', 'VCAP']",15
FGIN-1-43,8,"['A375', 'A549', 'HA1E', 'HCC515', 'HT29', 'MCF7', 'PC3', 'VCAP']",15
BRD-K03257659,8,"['A375', 'A549', 'HT29', 'MCF7', 'NEU', 'NPC', 'PC3', 'VCAP']",10
BRD-K03354784,8,"['A375', 'A549', 'HT29', 'MCF7', 'NEU', 'NPC', 'PC3', 'VCAP']",12
BRD-K03371390,8,"['A375', 'A549', 'HA1E', 'HCC515', 'HT29', 'MCF7', 'PC3', 'VCAP']",15
tizanidine,8,"['A375', 'A549', 'HA1E', 'HCC515', 'HT29', 'MCF7', 'PC3', 'VCAP']",15
tocainide,8,"['A375', 'A549', 'HA1E', 'HCC515', 'HT29', 'MCF7', 'PC3', 'VCAP']",30
tolazoline,8,"['A375', 'A549', 'HA1E', 'HCC515', 'HT29', 'MCF7', 'PC3', 'VCAP']",29
FL-HDAC-025,8,"['A375', 'A549', 'HA1E', 'HCC515', 'HEPG2', 'HT29', 'MCF7', 'PC3']",96
BRD-K71382703,8,"['A375', 'A549', 'HCC515', 'HEPG2', 'HT29', 'MCF7', 'PC3', 'VCAP']",12
BRD-K27630941,8,"['A375', 'A549', 'HA1E', 'HCC515', 'HT29', 'MCF7', 'PC3', 'VCAP']",15
BRD-K27720649,8,"['A375', 'A549', 'HT29', 'MCF7', 'NEU', 'NPC', 'PC3', 'VCAP']",11
BRD-K47071092,8,"['A375', 'A549', 'HT29', 'MCF7', 'NEU', 'NPC', 'PC3', 'VCAP']",12
BRD-K47324077,8,"['A375', 'A549', 'HCC515', 'HEPG2', 'HT29', 'MCF7', 'PC3', 'VCAP']",12
BRD-K71970656,8,"['A375', 'A549', 'HCC515', 'HEPG2', 'HT29', 'MCF7', 'PC3', 'VCAP']",12
torasemide,8,"['A375', 'A549', 'HA1E', 'HCC515', 'HT29', 'MCF7', 'PC3', 'VCAP']",30
BRD-K02952507,8,"['A375', 'A549', 'HT29', 'MCF7', 'NEU', 'NPC', 'PC3', 'VCAP']",11
BRD-K03013810,8,"['A375', 'A549', 'HT29', 'MCF7', 'NEU', 'NPC', 'PC3', 'VCAP']",9
BRD-K03050720,8,"['A375', 'A549', 'HT29', 'MCF7', 'NEU', 'NPC', 'PC3', 'VCAP']",13
BRD-K03113036,8,"['A375', 'A549', 'HEPG2', 'HUH7', 'MCF7', 'PC3', 'PHH', 'VCAP']",18
BRD-K71742078,8,"['A375', 'A549', 'HT29', 'MCF7', 'NEU', 'NPC', 'PC3', 'VCAP']",13
BRD-K71746704,8,"['A375', 'A549', 'HA1E', 'HCC515', 'HT29', 'MCF7', 'PC3', 'VCAP']",15
BRD-K71835137,8,"['A375', 'A549', 'HA1E', 'HCC515', 'HT29', 'MCF7', 'PC3', 'VCAP']",15
BRD-K47695085,8,"['A375', 'A549', 'HCC515', 'HEPG2', 'HT29', 'MCF7', 'PC3', 'VCAP']",12
fludrocortisone-acetate,8,"['A375', 'A549', 'HA1E', 'HCC515', 'HT29', 'MCF7', 'PC3', 'VCAP']",15
fluocinolone,8,"['A375', 'A549', 'HA1E', 'HCC515', 'HT29', 'MCF7', 'PC3', 'VCAP']",30
BRD-K02437976,8,"['A375', 'A549', 'HCC515', 'HEPG2', 'HT29', 'MCF7', 'PC3', 'VCAP']",12
BRD-K02558072,8,"['A375', 'A549', 'HA1E', 'HCC515', 'HT29', 'MCF7', 'PC3', 'VCAP']",11
triamcinolone-acetonide,8,"['A375', 'A549', 'HA1E', 'HCC515', 'HT29', 'MCF7', 'PC3', 'VCAP']",15
tribenoside,8,"['A375', 'A549', 'HA1E', 'HCC515', 'HT29', 'MCF7', 'PC3', 'VCAP']",19
BRD-K02562327,8,"['A375', 'A549', 'HA1E', 'HCC515', 'HT29', 'MCF7', 'PC3', 'VCAP']",19
BRD-K02665621,8,"['A375', 'A549', 'HT29', 'MCF7', 'NEU', 'NPC', 'PC3', 'VCAP']",12
BRD-K02882069,8,"['A375', 'A549', 'HT29', 'MCF7', 'NEU', 'NPC', 'PC3', 'VCAP']",9
ENMD-2076,8,"['A375', 'A549', 'HA1E', 'HCC515', 'HEPG2', 'HT29', 'MCF7', 'PC3']",47
BRD-K27411973,8,"['A375', 'A549', 'HT29', 'MCF7', 'NEU', 'NPC', 'PC3', 'VCAP']",13
BRD-K27440500,8,"['A375', 'A549', 'HA1E', 'HCC515', 'HT29', 'MCF7', 'PC3', 'VCAP']",15
BRD-K27452198,8,"['A375', 'A549', 'HT29', 'MCF7', 'NEU', 'NPC', 'PC3', 'VCAP']",11
BRD-K27484191,8,"['A375', 'A549', 'HA1E', 'HCC515', 'HT29', 'MCF7', 'PC3', 'VCAP']",15
fisetinidol,8,"['A375', 'A549', 'HA1E', 'HCC515', 'HT29', 'MCF7', 'PC3', 'VCAP']",15
BRD-K27520107,8,"['A375', 'A549', 'HA1E', 'HCC515', 'HT29', 'MCF7', 'PC3', 'VCAP']",15
BRD-K27597389,8,"['A375', 'A549', 'HT29', 'MCF7', 'NEU', 'NPC', 'PC3', 'VCAP']",13
BRD-K27622376,8,"['A375', 'A549', 'HT29', 'MCF7', 'NEU', 'NPC', 'PC3', 'VCAP']",13
BRD-K01573538,8,"['A375', 'A549', 'HT29', 'MCF7', 'NEU', 'NPC', 'PC3', 'VCAP']",9
BRD-K01578344,8,"['A375', 'A549', 'HA1E', 'HCC515', 'HT29', 'MCF7', 'PC3', 'VCAP']",15
BRD-K01602319,8,"['A375', 'A549', 'HA1E', 'HCC515', 'HT29', 'MCF7', 'PC3', 'VCAP']",15
BRD-K72864428,8,"['A375', 'A549', 'HA1E', 'HCC515', 'HT29', 'MCF7', 'PC3', 'VCAP']",15
BRD-K72883421,8,"['A375', 'A549', 'HA1E', 'HCC515', 'HT29', 'MCF7', 'PC3', 'VCAP']",15
BRD-K02117849,8,"['A375', 'A549', 'HT29', 'MCF7', 'NEU', 'NPC', 'PC3', 'VCAP']",11
BRD-K02216544,8,"['A375', 'A549', 'HCC515', 'HEPG2', 'HT29', 'MCF7', 'PC3', 'VCAP']",12
BRD-K02313433,8,"['A375', 'A549', 'HCC515', 'HEPG2', 'HT29', 'MCF7', 'PC3', 'VCAP']",12
trimidox,8,"['A375', 'A549', 'HA1E', 'HCC515', 'HT29', 'MCF7', 'PC3', 'VCAP']",11
BRD-K72267874,8,"['A375', 'A549', 'HT29', 'MCF7', 'NEU', 'NPC', 'PC3', 'VCAP']",13
BRD-K72307842,8,"['A375', 'A549', 'HA1E', 'HCC515', 'HT29', 'MCF7', 'PC3', 'VCAP']",15
BRD-K72354054,8,"['A375', 'A549', 'HT29', 'MCF7', 'NEU', 'NPC', 'PC3', 'VCAP']",10
BRD-K72504866,8,"['A375', 'A549', 'HA1E', 'HCC515', 'HT29', 'MCF7', 'PC3', 'VCAP']",15
EMF-sumo1-39,8,"['A375', 'A549', 'HA1E', 'HCC515', 'HT29', 'MCF7', 'PC3', 'VCAP']",11
BRD-K02381115,8,"['A375', 'A549', 'HCC515', 'HEPG2', 'HT29', 'MCF7', 'PC3', 'VCAP']",12
BRD-K02409808,8,"['A375', 'A549', 'HT29', 'MCF7', 'NEU', 'NPC', 'PC3', 'VCAP']",11
BRD-K27865298,8,"['A375', 'A549', 'HT29', 'MCF7', 'NEU', 'NPC', 'PC3', 'VCAP']",12
BRD-K28040935,8,"['A375', 'A549', 'HCC515', 'HEPG2', 'HT29', 'MCF7', 'PC3', 'VCAP']",12
BRD-K28083085,8,"['A375', 'A549', 'HT29', 'MCF7', 'NEU', 'NPC', 'PC3', 'VCAP']",14
U-0124,8,"['A375', 'A549', 'HA1E', 'HCC515', 'HT29', 'MCF7', 'PC3', 'VCAP']",15
U-54494A,8,"['A375', 'A549', 'HA1E', 'HCC515', 'HT29', 'MCF7', 'PC3', 'VCAP']",15
eugenol,8,"['A375', 'A549', 'HA1E', 'HCC515', 'HT29', 'MCF7', 'PC3', 'VCAP']",15
BRD-K28154645,8,"['A375', 'A549', 'HT29', 'MCF7', 'NEU', 'NPC', 'PC3', 'VCAP']",13
BRD-K28180706,8,"['A375', 'A549', 'HCC515', 'HEPG2', 'HT29', 'MCF7', 'PC3', 'VCAP']",12
BRD-K72676786,8,"['A375', 'A549', 'HA1E', 'HCC515', 'HT29', 'MCF7', 'PC3', 'VCAP']",15
BRD-K72732164,8,"['A375', 'A549', 'HA1E', 'HCC515', 'HT29', 'MCF7', 'PC3', 'VCAP']",11
BRD-K72787121,8,"['A375', 'A549', 'HA1E', 'HCC515', 'HT29', 'MCF7', 'PC3', 'VCAP']",15
triprolidine,8,"['A375', 'A549', 'HA1E', 'HCC515', 'HT29', 'MCF7', 'PC3', 'VCAP']",30
tropicamide,8,"['A375', 'A549', 'HA1E', 'HCC515', 'HT29', 'MCF7', 'PC3', 'VCAP']",29
BRD-K01877724,8,"['A375', 'A549', 'HT29', 'MCF7', 'NEU', 'NPC', 'PC3', 'VCAP']",13
BRD-K01981286,8,"['A375', 'A549', 'HT29', 'MCF7', 'NEU', 'NPC', 'PC3', 'VCAP']",14
BRD-K01497355,8,"['A375', 'A549', 'HT29', 'MCF7', 'NEU', 'NPC', 'PC3', 'VCAP']",18
DM-163,8,"['A375', 'A549', 'HCC515', 'HEPG2', 'HT29', 'MCF7', 'PC3', 'VCAP']",12
DM-55-3,8,"['A375', 'A549', 'HCC515', 'HEPG2', 'HT29', 'MCF7', 'PC3', 'VCAP']",12
DPO-1,8,"['A375', 'A549', 'HA1E', 'HCC515', 'HT29', 'MCF7', 'PC3', 'VCAP']",15
BRD-K01608965,8,"['A375', 'A549', 'HT29', 'MCF7', 'NEU', 'NPC', 'PC3', 'VCAP']",13
BRD-K01621458,8,"['A375', 'A549', 'HA1E', 'HCC515', 'HEPG2', 'HT29', 'MCF7', 'PC3']",96
BRD-K01737880,8,"['A375', 'A549', 'HA1E', 'HCC515', 'HEPG2', 'HT29', 'MCF7', 'PC3']",126
BRD-K73004613,8,"['A375', 'A549', 'HA1E', 'HCC515', 'HT29', 'MCF7', 'PC3', 'VCAP']",15
BRD-K73082558,8,"['A375', 'A549', 'HCC515', 'HEPG2', 'HT29', 'MCF7', 'PC3', 'VCAP']",12
BRD-K73099734,8,"['A375', 'A549', 'HA1E', 'HCC515', 'HT29', 'MCF7', 'PC3', 'VCAP']",15
BRD-K73118655,8,"['A375', 'A549', 'HT29', 'MCF7', 'NEU', 'NPC', 'PC3', 'VCAP']",9
BRD-K73143528,8,"['A375', 'A549', 'HA1E', 'HCC515', 'HT29', 'MCF7', 'PC3', 'VCAP']",15
BRD-K72620090,8,"['A375', 'A549', 'HT29', 'MCF7', 'NEU', 'NPC', 'PC3', 'VCAP']",11
TL-HRAS-24,8,"['A375', 'A549', 'HCC515', 'HEPG2', 'HT29', 'MCF7', 'PC3', 'VCAP']",12
TL-HRAS-27,8,"['A375', 'A549', 'HCC515', 'HEPG2', 'HT29', 'MCF7', 'PC3', 'VCAP']",12
TMPH,8,"['A375', 'A549', 'HA1E', 'HCC515', 'HT29', 'MCF7', 'PC3', 'VCAP']",15
BRD-K27855499,8,"['A375', 'A549', 'HA1E', 'HCC515', 'HT29', 'MCF7', 'PC3', 'VCAP']",11
BRD-K28431278,8,"['A375', 'A549', 'HT29', 'MCF7', 'NEU', 'NPC', 'PC3', 'VCAP']",18
BRD-K28452084,8,"['A375', 'A549', 'HA1E', 'HCC515', 'HT29', 'MCF7', 'PC3', 'VCAP']",15
BRD-K28472299,8,"['A375', 'A549', 'HCC515', 'HEPG2', 'HT29', 'MCF7', 'PC3', 'VCAP']",12
BRD-K28636199,8,"['A375', 'A549', 'HT29', 'MCF7', 'NEU', 'NPC', 'PC3', 'VCAP']",14
BRD-K28649955,8,"['A375', 'A549', 'HT29', 'MCF7', 'NEU', 'NPC', 'PC3', 'VCAP']",20
eticlopride,8,"['A375', 'A549', 'HA1E', 'HCC515', 'HT29', 'MCF7', 'PC3', 'VCAP']",19
etilefrine,8,"['A375', 'A549', 'HA1E', 'HCC515', 'HT29', 'MCF7', 'PC3', 'VCAP']",19
BRD-K01006500,8,"['A375', 'A549', 'HT29', 'MCF7', 'NEU', 'NPC', 'PC3', 'VCAP']",10
BRD-K01048110,8,"['A375', 'A549', 'HT29', 'MCF7', 'NEU', 'NPC', 'PC3', 'VCAP']",13
BRD-K01333970,8,"['A375', 'A549', 'HCC515', 'HEPG2', 'HT29', 'MCF7', 'PC3', 'VCAP']",12
BRD-K00835201,8,"['A375', 'A549', 'HT29', 'MCF7', 'NEU', 'NPC', 'PC3', 'VCAP']",13
BRD-K00863322,8,"['A375', 'A549', 'HA1E', 'HCC515', 'HT29', 'MCF7', 'PC3', 'VCAP']",15
BRD-K00910650,8,"['A375', 'A549', 'HCC515', 'HEPG2', 'HT29', 'MCF7', 'PC3', 'VCAP']",12
BRD-K00925050,8,"['A375', 'A549', 'HA1E', 'HCC515', 'HT29', 'MCF7', 'PC3', 'VCAP']",15
BRD-K73304092,8,"['A375', 'A549', 'HA1E', 'HCC515', 'HT29', 'MCF7', 'PC3', 'VCAP']",15
DM-161,8,"['A375', 'A549', 'HCC515', 'HEPG2', 'HT29', 'MCF7', 'PC3', 'VCAP']",12
etacrynic-acid,8,"['A375', 'A549', 'HA1E', 'HCC515', 'HT29', 'MCF7', 'PC3', 'VCAP']",29
etazolate,8,"['A375', 'A549', 'HA1E', 'HCC515', 'HT29', 'MCF7', 'PC3', 'VCAP']",15
BRD-K00366212,8,"['A375', 'A549', 'HCC515', 'HEPG2', 'HT29', 'MCF7', 'PC3', 'VCAP']",12
BRD-K00381581,8,"['A375', 'A549', 'HT29', 'MCF7', 'NEU', 'NPC', 'PC3', 'VCAP']",9
BRD-K00203625,8,"['A375', 'A549', 'HA1E', 'HCC515', 'HT29', 'MCF7', 'PC3', 'VCAP']",15
BRD-K73400194,8,"['A375', 'A549', 'HT29', 'MCF7', 'NEU', 'NPC', 'PC3', 'VCAP']",11
BRD-K73427206,8,"['A375', 'A549', 'HT29', 'MCF7', 'NEU', 'NPC', 'PC3', 'VCAP']",9
BRD-K73517272,8,"['A375', 'A549', 'HT29', 'MCF7', 'NEU', 'NPC', 'PC3', 'VCAP']",13
BRD-K00555438,8,"['A375', 'A549', 'HCC515', 'HEPG2', 'HT29', 'MCF7', 'PC3', 'VCAP']",12
BRD-K00637033,8,"['A375', 'A549', 'HCC515', 'HEPG2', 'HT29', 'MCF7', 'PC3', 'VCAP']",12
BRD-K00664012,8,"['A375', 'A549', 'HA1E', 'HCC515', 'HT29', 'MCF7', 'PC3', 'VCAP']",11
BRD-K28362289,8,"['A375', 'A549', 'HCC515', 'HEPG2', 'HT29', 'MCF7', 'PC3', 'VCAP']",12
BRD-K28366444,8,"['A375', 'A549', 'HA1E', 'HCC515', 'HT29', 'MCF7', 'PC3', 'VCAP']",15
ethinyl-estradiol,8,"['A375', 'A549', 'HA1E', 'HCC515', 'HT29', 'MCF7', 'PC3', 'VCAP']",18
ethoprop,8,"['A375', 'A549', 'HA1E', 'HCC515', 'HT29', 'MCF7', 'PC3', 'VCAP']",15
ethotoin,8,"['A375', 'A549', 'HA1E', 'HCC515', 'HT29', 'MCF7', 'PC3', 'VCAP']",19
VU-0403126,8,"['A375', 'A549', 'HA1E', 'HCC515', 'HT29', 'MCF7', 'PC3', 'VCAP']",15
CS-1657,8,"['A375', 'A549', 'HA1E', 'HCC515', 'HT29', 'MCF7', 'PC3', 'VCAP']",15
CV-1808,8,"['A375', 'A549', 'HA1E', 'HCC515', 'HT29', 'MCF7', 'PC3', 'VCAP']",15
CVF-SUMO-11,8,"['A375', 'A549', 'HA1E', 'HCC515', 'HT29', 'MCF7', 'PC3', 'VCAP']",11
BRD-K00256608,8,"['A375', 'A549', 'HT29', 'MCF7', 'NEU', 'NPC', 'PC3', 'VCAP']",9
vidarabine,8,"['A375', 'A549', 'HA1E', 'HCC515', 'HT29', 'MCF7', 'PC3', 'VCAP']",15
vinburnine,8,"['A375', 'A549', 'HA1E', 'HCC515', 'HT29', 'MCF7', 'PC3', 'VCAP']",15
CVF-SUMO-14,8,"['A375', 'A549', 'HA1E', 'HCC515', 'HT29', 'MCF7', 'PC3', 'VCAP']",11
BRD-K73610817,8,"['A375', 'A549', 'HA1E', 'HCC515', 'HT29', 'MCF7', 'PC3', 'VCAP']",15
BRD-K73709114,8,"['A375', 'A549', 'HA1E', 'HCC515', 'HT29', 'MCF7', 'PC3', 'VCAP']",15
BRD-K73819439,8,"['A375', 'A549', 'HA1E', 'HCC515', 'HT29', 'MCF7', 'PC3', 'VCAP']",11
BRD-K73876582,8,"['A375', 'A549', 'HT29', 'MCF7', 'NEU', 'NPC', 'PC3', 'VCAP']",11
CVF-SUMO-7,8,"['A375', 'A549', 'HA1E', 'HCC515', 'HT29', 'MCF7', 'PC3', 'VCAP']",11
BRD-K46707636,8,"['A375', 'A549', 'HT29', 'MCF7', 'NEU', 'NPC', 'PC3', 'VCAP']",11
BRD-K46499837,8,"['A375', 'A549', 'HA1E', 'HCC515', 'HT29', 'MCF7', 'PC3', 'VCAP']",11
BRD-K28841686,8,"['A375', 'A549', 'HT29', 'MCF7', 'NEU', 'NPC', 'PC3', 'VCAP']",13
BRD-A98050686,8,"['A375', 'A549', 'HA1E', 'HCC515', 'HT29', 'MCF7', 'PC3', 'VCAP']",15
BRD-A98200599,8,"['A375', 'A549', 'HA1E', 'HCC515', 'HT29', 'MCF7', 'PC3', 'VCAP']",15
BRD-A99911370,8,"['A375', 'A549', 'HA1E', 'HCC515', 'HT29', 'MCF7', 'PC3', 'VCAP']",15
CNQX,8,"['A375', 'A549', 'HA1E', 'HCC515', 'HT29', 'MCF7', 'PC3', 'VCAP']",15
CO-101244,8,"['A375', 'A549', 'HA1E', 'HCC515', 'HT29', 'MCF7', 'PC3', 'VCAP']",15
BRD-K74292317,8,"['A375', 'A549', 'HA1E', 'HCC515', 'HT29', 'MCF7', 'PC3', 'VCAP']",15
BRD-K74318028,8,"['A375', 'A549', 'HT29', 'MCF7', 'NEU', 'NPC', 'PC3', 'VCAP']",11
BRD-K74348865,8,"['A375', 'A549', 'HCC515', 'HEPG2', 'HT29', 'MCF7', 'PC3', 'VCAP']",12
BRD-K74029109,8,"['A375', 'A549', 'HA1E', 'HCC515', 'HT29', 'MCF7', 'PC3', 'VCAP']",15
BRD-K74043769,8,"['A375', 'A549', 'HT29', 'MCF7', 'NEU', 'NPC', 'PC3', 'VCAP']",9
BRD-K74046820,8,"['A375', 'A549', 'HT29', 'MCF7', 'NEU', 'NPC', 'PC3', 'VCAP']",13
BRD-K46555875,8,"['A375', 'A549', 'HCC515', 'HEPG2', 'HT29', 'MCF7', 'PC3', 'VCAP']",12
VAMA-37,8,"['A375', 'A549', 'HA1E', 'HCC515', 'HT29', 'MCF7', 'PC3', 'VCAP']",15
VU-0365114-2,8,"['A375', 'A549', 'HCC515', 'HEPG2', 'HT29', 'MCF7', 'PC3', 'VCAP']",12
VU-0365117-1,8,"['A375', 'A549', 'HCC515', 'HEPG2', 'HT29', 'MCF7', 'PC3', 'VCAP']",12
VU-0365121-1,8,"['A375', 'A549', 'HCC515', 'HEPG2', 'HT29', 'MCF7', 'PC3', 'VCAP']",12
BRD-K46285453,8,"['A375', 'A549', 'HA1E', 'HCC515', 'HT29', 'MCF7', 'PC3', 'VCAP']",15
BRD-K46295497,8,"['A375', 'A549', 'HT29', 'MCF7', 'NEU', 'NPC', 'PC3', 'VCAP']",13
VU-0405166-2,8,"['A375', 'A549', 'HCC515', 'HEPG2', 'HT29', 'MCF7', 'PC3', 'VCAP']",12
VU-0405172-2,8,"['A375', 'A549', 'HCC515', 'HEPG2', 'HT29', 'MCF7', 'PC3', 'VCAP']",12
VU-0413238-1,8,"['A375', 'A549', 'HCC515', 'HEPG2', 'HT29', 'MCF7', 'PC3', 'VCAP']",12
VU-0413243-1,8,"['A375', 'A549', 'HCC515', 'HEPG2', 'HT29', 'MCF7', 'PC3', 'VCAP']",12
VU-0413247-1,8,"['A375', 'A549', 'HCC515', 'HEPG2', 'HT29', 'MCF7', 'PC3', 'VCAP']",12
VU-0413255-1,8,"['A375', 'A549', 'HCC515', 'HEPG2', 'HT29', 'MCF7', 'PC3', 'VCAP']",12
VU-0413807-2,8,"['A375', 'A549', 'HCC515', 'HEPG2', 'HT29', 'MCF7', 'PC3', 'VCAP']",12
VU-0414833-2,8,"['A375', 'A549', 'HCC515', 'HEPG2', 'HT29', 'MCF7', 'PC3', 'VCAP']",12
VU-0415010,8,"['A375', 'A549', 'HCC515', 'HEPG2', 'HT29', 'MCF7', 'PC3', 'VCAP']",12
CMPD-1,8,"['A375', 'A549', 'HA1E', 'HCC515', 'HT29', 'MCF7', 'PC3', 'VCAP']",15
westcort,8,"['A375', 'A549', 'HA1E', 'HCC515', 'HT29', 'MCF7', 'PC3', 'VCAP']",11
BRD-A96746500,8,"['A375', 'A549', 'HCC515', 'HEPG2', 'HT29', 'MCF7', 'PC3', 'VCAP']",12
BRD-A96749488,8,"['A375', 'A549', 'HCC515', 'HEPG2', 'HT29', 'MCF7', 'PC3', 'VCAP']",12
BRD-A97035593,8,"['A375', 'A549', 'HA1E', 'HCC515', 'HT29', 'MCF7', 'PC3', 'VCAP']",15
BRD-K74507776,8,"['A375', 'A549', 'HA1E', 'HCC515', 'HT29', 'MCF7', 'PC3', 'VCAP']",11
BRD-A93426597,8,"['A375', 'A549', 'HA1E', 'HCC515', 'HT29', 'MCF7', 'PC3', 'VCAP']",15
BRD-A93942655,8,"['A375', 'A549', 'HA1E', 'HCC515', 'HT29', 'MCF7', 'PC3', 'VCAP']",14
BRD-A93975555,8,"['A375', 'A549', 'HCC515', 'HEPG2', 'HT29', 'MCF7', 'PC3', 'VCAP']",12
BRD-A94675310,8,"['A375', 'A549', 'HA1E', 'HCC515', 'HT29', 'MCF7', 'PC3', 'VCAP']",15
VU-0415011,8,"['A375', 'A549', 'HCC515', 'HEPG2', 'HT29', 'MCF7', 'PC3', 'VCAP']",12
VU-0415012,8,"['A375', 'A549', 'HCC515', 'HEPG2', 'HT29', 'MCF7', 'PC3', 'VCAP']",12
VU-0415113-1,8,"['A375', 'A549', 'HCC515', 'HEPG2', 'HT29', 'MCF7', 'PC3', 'VCAP']",12
BRD-K46017542,8,"['A375', 'A549', 'HCC515', 'HEPG2', 'HT29', 'MCF7', 'PC3', 'VCAP']",12
BRD-K46047563,8,"['A375', 'A549', 'HT29', 'MCF7', 'NEU', 'NPC', 'PC3', 'VCAP']",18
BRD-K46170844,8,"['A375', 'A549', 'HA1E', 'HCC515', 'HT29', 'MCF7', 'PC3', 'VCAP']",15
BRD-K45675241,8,"['A375', 'A549', 'HA1E', 'HCC515', 'HT29', 'MCF7', 'PC3', 'VCAP']",15
VU-0415535-1,8,"['A375', 'A549', 'HCC515', 'HEPG2', 'HT29', 'MCF7', 'PC3', 'VCAP']",12
VU-0415555-1,8,"['A375', 'A549', 'HCC515', 'HEPG2', 'HT29', 'MCF7', 'PC3', 'VCAP']",12
VU-0415556-1,8,"['A375', 'A549', 'HCC515', 'HEPG2', 'HT29', 'MCF7', 'PC3', 'VCAP']",12
BRD-K46232974,8,"['A375', 'A549', 'HT29', 'MCF7', 'NEU', 'NPC', 'PC3', 'VCAP']",9
CGP-54626,8,"['A375', 'A549', 'HA1E', 'HCC515', 'HT29', 'MCF7', 'PC3', 'VCAP']",15
BRD-A84909344,8,"['A375', 'A549', 'HA1E', 'HCC515', 'HT29', 'MCF7', 'PC3', 'VCAP']",15
BRD-K74767048,8,"['A375', 'A549', 'HA1E', 'HCC515', 'HT29', 'MCF7', 'PC3', 'VCAP']",11
BRD-K74777906,8,"['A375', 'A549', 'HCC515', 'HEPG2', 'HT29', 'MCF7', 'PC3', 'VCAP']",12
BRD-K74446951,8,"['A375', 'A549', 'HT29', 'MCF7', 'NEU', 'NPC', 'PC3', 'VCAP']",13
VU-0418000-1,8,"['A375', 'A549', 'HCC515', 'HEPG2', 'HT29', 'MCF7', 'PC3', 'VCAP']",12
VU-0418934-2,8,"['A375', 'A549', 'HCC515', 'HEPG2', 'HT29', 'MCF7', 'PC3', 'VCAP']",12
VU-0418939-2,8,"['A375', 'A549', 'HCC515', 'HEPG2', 'HT29', 'MCF7', 'PC3', 'VCAP']",12
VU-0418947-2,8,"['A375', 'A549', 'HCC515', 'HEPG2', 'HT29', 'MCF7', 'PC3', 'VCAP']",12
VU-0420363-1,8,"['A375', 'A549', 'HCC515', 'HEPG2', 'HT29', 'MCF7', 'PC3', 'VCAP']",12
VU-0420364-1,8,"['A375', 'A549', 'HCC515', 'HEPG2', 'HT29', 'MCF7', 'PC3', 'VCAP']",12
BRD-K29140223,8,"['A375', 'A549', 'HA1E', 'HCC515', 'HT29', 'MCF7', 'PC3', 'VCAP']",15
BRD-K29251608,8,"['A375', 'A549', 'HT29', 'MCF7', 'NEU', 'NPC', 'PC3', 'VCAP']",13
VU-0424182-2,8,"['A375', 'A549', 'HCC515', 'HEPG2', 'HT29', 'MCF7', 'PC3', 'VCAP']",12
VU-0424206-1,8,"['A375', 'A549', 'HCC515', 'HEPG2', 'HT29', 'MCF7', 'PC3', 'VCAP']",12
BRD-K45355657,8,"['A375', 'A549', 'HA1E', 'HCC515', 'HT29', 'MCF7', 'PC3', 'VCAP']",15
BRD-K45216862,8,"['A375', 'A549', 'HCC515', 'HEPG2', 'HT29', 'MCF7', 'PC3', 'VCAP']",12
BRD-K45230579,8,"['A375', 'A549', 'HT29', 'MCF7', 'NEU', 'NPC', 'PC3', 'VCAP']",13
BRD-K45278408,8,"['A375', 'A549', 'HCC515', 'HEPG2', 'HT29', 'MCF7', 'PC3', 'VCAP']",12
BRD-K45308677,8,"['A375', 'A549', 'HA1E', 'HCC515', 'HT29', 'MCF7', 'PC3', 'VCAP']",15
WAY-161503,8,"['A375', 'A549', 'HA1E', 'HCC515', 'HT29', 'MCF7', 'PC3', 'VCAP']",15
WAY-629,8,"['A375', 'A549', 'HA1E', 'HCC515', 'HT29', 'MCF7', 'PC3', 'VCAP']",15
BRD-K75315865,8,"['A375', 'A549', 'HA1E', 'HCC515', 'HT29', 'MCF7', 'PC3', 'VCAP']",15
BRD-K75430629,8,"['A375', 'A549', 'HA1E', 'HCC515', 'HT29', 'MCF7', 'PC3', 'VCAP']",11
BRD-K74951051,8,"['A375', 'A549', 'HT29', 'MCF7', 'NEU', 'NPC', 'PC3', 'VCAP']",12
BRD-K75035820,8,"['A375', 'A549', 'HT29', 'MCF7', 'NEU', 'NPC', 'PC3', 'VCAP']",17
BRD-A81416315,8,"['A375', 'A549', 'HCC515', 'HEPG2', 'HT29', 'MCF7', 'PC3', 'VCAP']",12
BRD-A83802330,8,"['A375', 'A549', 'HA1E', 'HCC515', 'HT29', 'MCF7', 'PC3', 'VCAP']",15
BRD-A83993876,8,"['A375', 'A549', 'HCC515', 'HEPG2', 'HT29', 'MCF7', 'PC3', 'VCAP']",12
BRD-A84098870,8,"['A375', 'A549', 'HA1E', 'HCC515', 'HT29', 'MCF7', 'PC3', 'VCAP']",15
BRD-A84280790,8,"['A375', 'A549', 'HA1E', 'HCC515', 'HT29', 'MCF7', 'PC3', 'VCAP']",15
BRD-A84445767,8,"['A375', 'A549', 'HCC515', 'HEPG2', 'HT29', 'MCF7', 'PC3', 'VCAP']",12
BRD-K75940587,8,"['A375', 'A549', 'HCC515', 'HEPG2', 'HT29', 'MCF7', 'PC3', 'VCAP']",12
BRD-K75999307,8,"['A375', 'A549', 'HCC515', 'HEPG2', 'HT29', 'MCF7', 'PC3', 'VCAP']",12
BRD-K76021727,8,"['A375', 'A549', 'HCC515', 'HEPG2', 'HT29', 'MCF7', 'PC3', 'VCAP']",12
BRD-K75644678,8,"['A375', 'A549', 'HA1E', 'HCC515', 'HT29', 'MCF7', 'PC3', 'VCAP']",15
BRD-A74983348,8,"['A375', 'A549', 'HA1E', 'HCC515', 'HT29', 'MCF7', 'PC3', 'VCAP']",15
BRD-A75558199,8,"['A375', 'A549', 'HCC515', 'HEPG2', 'HT29', 'MCF7', 'PC3', 'VCAP']",12
BRD-A76641868,8,"['A375', 'A549', 'HA1E', 'HCC515', 'HT29', 'MCF7', 'PC3', 'VCAP']",15
BRD-A80536908,8,"['A375', 'A549', 'HA1E', 'HCC515', 'HT29', 'MCF7', 'PC3', 'VCAP']",15
BRD-A81045722,8,"['A375', 'A549', 'HCC515', 'HEPG2', 'HT29', 'MCF7', 'PC3', 'VCAP']",12
BRD-A81377415,8,"['A375', 'A549', 'HCC515', 'HEPG2', 'HT29', 'MCF7', 'PC3', 'VCAP']",12
BRD-A81389811,8,"['A375', 'A549', 'HCC515', 'HEPG2', 'HT29', 'MCF7', 'PC3', 'VCAP']",12
BRD-K75308990,8,"['A375', 'A549', 'HA1E', 'HCC515', 'HT29', 'MCF7', 'PC3', 'VCAP']",11
BRD-K45443730,8,"['A375', 'A549', 'HA1E', 'HCC515', 'HT29', 'MCF7', 'PC3', 'VCAP']",15
BRD-K45466167,8,"['A375', 'A549', 'HT29', 'MCF7', 'NEU', 'NPC', 'PC3', 'VCAP']",9
BRD-K45505681,8,"['A375', 'A549', 'HCC515', 'HEPG2', 'HT29', 'MCF7', 'PC3', 'VCAP']",12
BRD-K45542213,8,"['A375', 'A549', 'HA1E', 'HCC515', 'HT29', 'MCF7', 'PC3', 'VCAP']",11
erbstatin-analog,8,"['A375', 'A549', 'HA1E', 'HCC515', 'HT29', 'MCF7', 'PC3', 'VCAP']",11
BRD-K29423519,8,"['A375', 'A549', 'HT29', 'MCF7', 'NEU', 'NPC', 'PC3', 'VCAP']",11
BRD-K29506255,8,"['A375', 'A549', 'HCC515', 'HEPG2', 'HT29', 'MCF7', 'PC3', 'VCAP']",12
ephedrine-(racemic),8,"['A375', 'A549', 'HA1E', 'HCC515', 'HT29', 'MCF7', 'PC3', 'VCAP']",15
epibatidine,8,"['A375', 'A549', 'HA1E', 'HCC515', 'HT29', 'MCF7', 'PC3', 'VCAP']",15
BRD-K29767311,8,"['A375', 'A549', 'HA1E', 'HCC515', 'HT29', 'MCF7', 'PC3', 'VCAP']",15
epinephrine-(racemic),8,"['A375', 'A549', 'HA1E', 'HCC515', 'HT29', 'MCF7', 'PC3', 'VCAP']",15
BRD-K44878494,8,"['A375', 'A549', 'HA1E', 'HCC515', 'HT29', 'MCF7', 'PC3', 'VCAP']",15
BRD-K44931544,8,"['A375', 'A549', 'HCC515', 'HEPG2', 'HT29', 'MCF7', 'PC3', 'VCAP']",12
BRD-K45031696,8,"['A375', 'A549', 'HA1E', 'HCC515', 'HT29', 'MCF7', 'PC3', 'VCAP']",15
CA-074-Me,8,"['A375', 'A549', 'HA1E', 'HCC515', 'HT29', 'MCF7', 'PC3', 'VCAP']",15
CAM-9-026,8,"['A375', 'A549', 'HCC515', 'HEPG2', 'HT29', 'MCF7', 'PC3', 'VCAP']",12
BRD-K75784474,8,"['A375', 'A549', 'HCC515', 'HEPG2', 'HT29', 'MCF7', 'PC3', 'VCAP']",12
BRD-K75813018,8,"['A375', 'A549', 'HT29', 'MCF7', 'NEU', 'NPC', 'PC3', 'VCAP']",22
BRD-K75843415,8,"['A375', 'A549', 'HT29', 'MCF7', 'NEU', 'NPC', 'PC3', 'VCAP']",14
BRD-K75845944,8,"['A375', 'A549', 'HT29', 'MCF7', 'NEU', 'NPC', 'PC3', 'VCAP']",13
edaravone,8,"['A375', 'A549', 'HA1E', 'HCC515', 'HT29', 'MCF7', 'PC3', 'VCAP']",11
edrophonium,8,"['A375', 'A549', 'HA1E', 'HCC515', 'HT29', 'MCF7', 'PC3', 'VCAP']",14
eicosadienoic-acid,8,"['A375', 'A549', 'HA1E', 'HCC515', 'HT29', 'MCF7', 'PC3', 'VCAP']",15
eliprodil,8,"['A375', 'A549', 'HA1E', 'HCC515', 'HT29', 'MCF7', 'PC3', 'VCAP']",15
BRD-K76150323,8,"['A375', 'A549', 'HT29', 'MCF7', 'NEU', 'NPC', 'PC3', 'VCAP']",13
BRD-K76211160,8,"['A375', 'A549', 'HA1E', 'HCC515', 'HT29', 'MCF7', 'PC3', 'VCAP']",15
BRL-52537,8,"['A375', 'A549', 'HA1E', 'HCC515', 'HT29', 'MCF7', 'PC3', 'VCAP']",15
BU-224,8,"['A375', 'A549', 'HA1E', 'HCC515', 'HT29', 'MCF7', 'PC3', 'VCAP']",15
BU-226,8,"['A375', 'A549', 'HA1E', 'HCC515', 'HT29', 'MCF7', 'PC3', 'VCAP']",15
BVT-948,8,"['A375', 'A549', 'HA1E', 'HCC515', 'HT29', 'MCF7', 'PC3', 'VCAP']",14
BRD-A68890828,8,"['A375', 'A549', 'HA1E', 'HCC515', 'HT29', 'MCF7', 'PC3', 'VCAP']",15
BRD-A69470004,8,"['A375', 'A549', 'HA1E', 'HCC515', 'HT29', 'MCF7', 'PC3', 'VCAP']",15
BRD-A72069525,8,"['A375', 'A549', 'HA1E', 'HCC515', 'HT29', 'MCF7', 'PC3', 'VCAP']",15
BRD-A74134989,8,"['A375', 'A549', 'HA1E', 'HCC515', 'HT29', 'MCF7', 'PC3', 'VCAP']",15
eprosartan,8,"['A375', 'A549', 'HA1E', 'HCC515', 'HT29', 'MCF7', 'PC3', 'VCAP']",11
equol,8,"['A375', 'A549', 'HA1E', 'HCC515', 'HEPG2', 'HT29', 'MCF7', 'PC3']",48
BRD-K30647638,8,"['A375', 'A549', 'HA1E', 'HCC515', 'HT29', 'MCF7', 'PC3', 'VCAP']",15
BRD-K30351863,8,"['A375', 'A549', 'HCC515', 'HEPG2', 'HT29', 'MCF7', 'PC3', 'VCAP']",12
BRD-K99638701,8,"['A375', 'A549', 'HT29', 'MCF7', 'NEU', 'NPC', 'PC3', 'VCAP']",11
BRD-K99718824,8,"['A375', 'A549', 'HT29', 'MCF7', 'NEU', 'NPC', 'PC3', 'VCAP']",9
BRD-K99737413,8,"['A375', 'A549', 'HA1E', 'HCC515', 'HT29', 'MCF7', 'PC3', 'VCAP']",15
BRD-K99874282,8,"['A375', 'A549', 'HT29', 'MCF7', 'NEU', 'NPC', 'PC3', 'VCAP']",14
BRD-M32778103,8,"['A375', 'A549', 'HT29', 'MCF7', 'NEU', 'NPC', 'PC3', 'VCAP']",13
BRD-U88878891,8,"['A375', 'A549', 'HCC515', 'HEPG2', 'HT29', 'MCF7', 'PC3', 'VCAP']",12
BRD-K76079827,8,"['A375', 'A549', 'HCC515', 'HEPG2', 'HT29', 'MCF7', 'PC3', 'VCAP']",12
BRD-K76132250,8,"['A375', 'A549', 'HA1E', 'HCC515', 'HT29', 'MCF7', 'PC3', 'VCAP']",11
BRD-K30066603,8,"['A375', 'A549', 'HT29', 'MCF7', 'NEU', 'NPC', 'PC3', 'VCAP']",13
BRD-K30126976,8,"['A375', 'A549', 'HT29', 'MCF7', 'NEU', 'NPC', 'PC3', 'VCAP']",14
entacapone,8,"['A375', 'A549', 'HA1E', 'HCC515', 'HT29', 'MCF7', 'PC3', 'VCAP']",15
BRD-K30381384,8,"['A375', 'A549', 'HA1E', 'HCC515', 'HT29', 'MCF7', 'PC3', 'VCAP']",15
BRD-K30434763,8,"['A375', 'A549', 'HCC515', 'HEPG2', 'HT29', 'MCF7', 'PC3', 'VCAP']",12
BRD-K30443205,8,"['A375', 'A549', 'HCC515', 'HEPG2', 'HT29', 'MCF7', 'PC3', 'VCAP']",12
BRD-A68820570,8,"['A375', 'A549', 'HA1E', 'HCC515', 'HT29', 'MCF7', 'PC3', 'VCAP']",15
BRD-A54194844,8,"['A375', 'A549', 'HA1E', 'HCC515', 'HT29', 'MCF7', 'PC3', 'VCAP']",15
BRD-K99475920,8,"['A375', 'A549', 'HA1E', 'HCC515', 'HT29', 'MCF7', 'PC3', 'VCAP']",15
BRD-K99530743,8,"['A375', 'A549', 'HCC515', 'HEPG2', 'HT29', 'MCF7', 'PC3', 'VCAP']",12
BRD-K99605820,8,"['A375', 'A549', 'HA1E', 'HCC515', 'HT29', 'MCF7', 'PC3', 'VCAP']",15
BRD-K76418961,8,"['A375', 'A549', 'HT29', 'MCF7', 'NEU', 'NPC', 'PC3', 'VCAP']",13
BRD-K76425766,8,"['A375', 'A549', 'HA1E', 'HCC515', 'HT29', 'MCF7', 'PC3', 'VCAP']",15
BRD-K76636716,8,"['A375', 'A549', 'HT29', 'MCF7', 'NEU', 'NPC', 'PC3', 'VCAP']",12
BRD-K76772814,8,"['A375', 'A549', 'HCC515', 'HEPG2', 'HT29', 'MCF7', 'PC3', 'VCAP']",12
BRD-K44787412,8,"['A375', 'A549', 'HT29', 'MCF7', 'NEU', 'NPC', 'PC3', 'VCAP']",11
BRD-K44417704,8,"['A375', 'A549', 'HCC515', 'HEPG2', 'HT29', 'MCF7', 'PC3', 'VCAP']",12
droxinostat,8,"['A375', 'A549', 'HA1E', 'HCC515', 'HT29', 'MCF7', 'PC3', 'VCAP']",11
dubinidine,8,"['A375', 'A549', 'HA1E', 'HCC515', 'HT29', 'MCF7', 'PC3', 'VCAP']",15
BRD-K30563708,8,"['A375', 'A549', 'HT29', 'MCF7', 'NEU', 'NPC', 'PC3', 'VCAP']",11
BRD-K30633722,8,"['A375', 'A549', 'HT29', 'MCF7', 'NEU', 'NPC', 'PC3', 'VCAP']",14
BRD-K30645599,8,"['A375', 'A549', 'HT29', 'MCF7', 'NEU', 'NPC', 'PC3', 'VCAP']",22
BRD-K30836161,8,"['A375', 'A549', 'HCC515', 'HEPG2', 'HT29', 'MCF7', 'PC3', 'VCAP']",12
BRD-K30837577,8,"['A375', 'A549', 'HT29', 'MCF7', 'NEU', 'NPC', 'PC3', 'VCAP']",14
doxazosin,8,"['A375', 'A549', 'HA1E', 'HCC515', 'HT29', 'MCF7', 'PC3', 'VCAP']",15
doxycycline,8,"['A375', 'A549', 'HA1E', 'HCC515', 'HT29', 'MCF7', 'PC3', 'VCAP']",11
YL-51,8,"['A375', 'A549', 'HA1E', 'HCC515', 'HT29', 'MCF7', 'PC3', 'VCAP']",11
YL-52,8,"['A375', 'A549', 'HA1E', 'HCC515', 'HT29', 'MCF7', 'PC3', 'VCAP']",11
YL-53,8,"['A375', 'A549', 'HA1E', 'HCC515', 'HT29', 'MCF7', 'PC3', 'VCAP']",11
BRD-K76856691,8,"['A375', 'A549', 'HT29', 'MCF7', 'NEU', 'NPC', 'PC3', 'VCAP']",11
BRD-K76876037,8,"['A375', 'A549', 'HT29', 'MCF7', 'NEU', 'NPC', 'PC3', 'VCAP']",11
BRD-K76933066,8,"['A375', 'A549', 'HA1E', 'HCC515', 'HT29', 'MCF7', 'PC3', 'VCAP']",15
BRD-A62496920,8,"['A375', 'A549', 'HCC515', 'HEPG2', 'HT29', 'MCF7', 'PC3', 'VCAP']",12
BRD-A63949900,8,"['A375', 'A549', 'HCC515', 'HEPG2', 'HT29', 'MCF7', 'PC3', 'VCAP']",12
BRD-A64850503,8,"['A375', 'A549', 'HA1E', 'HCC515', 'HT29', 'MCF7', 'PC3', 'VCAP']",15
BRD-A66604020,8,"['A375', 'A549', 'HCC515', 'HEPG2', 'HT29', 'MCF7', 'PC3', 'VCAP']",12
BRD-A66846505,8,"['A375', 'A549', 'HCC515', 'HEPG2', 'HT29', 'MCF7', 'PC3', 'VCAP']",12
BRD-A68065211,8,"['A375', 'A549', 'HA1E', 'HCC515', 'HT29', 'MCF7', 'PC3', 'VCAP']",10
YL-57,8,"['A375', 'A549', 'HA1E', 'HCC515', 'HT29', 'MCF7', 'PC3', 'VCAP']",11
YL-58,8,"['A375', 'A549', 'HA1E', 'HCC515', 'HT29', 'MCF7', 'PC3', 'VCAP']",11
YL-59,8,"['A375', 'A549', 'HA1E', 'HCC515', 'HT29', 'MCF7', 'PC3', 'VCAP']",11
YL-60,8,"['A375', 'A549', 'HA1E', 'HCC515', 'HT29', 'MCF7', 'PC3', 'VCAP']",11
YL-61,8,"['A375', 'A549', 'HA1E', 'HCC515', 'HT29', 'MCF7', 'PC3', 'VCAP']",11
YL-62,8,"['A375', 'A549', 'HA1E', 'HCC515', 'HT29', 'MCF7', 'PC3', 'VCAP']",11
YO-2,8,"['A375', 'A549', 'HA1E', 'HCC515', 'HT29', 'MCF7', 'PC3', 'VCAP']",15
BRD-K43776433,8,"['A375', 'A549', 'HT29', 'MCF7', 'NEU', 'NPC', 'PC3', 'VCAP']",11
BRD-K43842808,8,"['A375', 'A549', 'HT29', 'MCF7', 'NEU', 'NPC', 'PC3', 'VCAP']",13
BRD-K77032321,8,"['A375', 'A549', 'HCC515', 'HEPG2', 'HT29', 'MCF7', 'PC3', 'VCAP']",12
BRD-K98850601,8,"['A375', 'A549', 'HT29', 'MCF7', 'NEU', 'NPC', 'PC3', 'VCAP']",12
BRD-K98936959,8,"['A375', 'A549', 'HT29', 'MCF7', 'NEU', 'NPC', 'PC3', 'VCAP']",14
BRD-K98945308,8,"['A375', 'A549', 'HT29', 'MCF7', 'NEU', 'NPC', 'PC3', 'VCAP']",14
BRD-K99017327,8,"['A375', 'A549', 'HA1E', 'HCC515', 'HT29', 'MCF7', 'PC3', 'VCAP']",11
BRD-K44586044,8,"['A375', 'A549', 'HT29', 'MCF7', 'NEU', 'NPC', 'PC3', 'VCAP']",11
BRD-K44635753,8,"['A375', 'A549', 'HT29', 'MCF7', 'NEU', 'NPC', 'PC3', 'VCAP']",11
BRD-K98626176,8,"['A375', 'A549', 'HT29', 'MCF7', 'NEU', 'NPC', 'PC3', 'VCAP']",9
BRD-K98645985,8,"['A375', 'A549', 'HA1E', 'HCC515', 'HEPG2', 'HT29', 'MCF7', 'PC3']",44
BRD-K98676510,8,"['A375', 'A549', 'HCC515', 'HEPG2', 'HT29', 'MCF7', 'PC3', 'VCAP']",12
BRD-K77402297,8,"['A375', 'A549', 'HT29', 'MCF7', 'NEU', 'NPC', 'PC3', 'VCAP']",9
BRD-K77547509,8,"['A375', 'A549', 'HCC515', 'HEPG2', 'HT29', 'MCF7', 'PC3', 'VCAP']",12
BRD-K77629773,8,"['A375', 'A549', 'HT29', 'MCF7', 'NEU', 'NPC', 'PC3', 'VCAP']",9
BRD-A55554369,8,"['A375', 'A549', 'HA1E', 'HCC515', 'HT29', 'MCF7', 'PC3', 'VCAP']",15
BRD-A56831909,8,"['A375', 'A549', 'HA1E', 'HCC515', 'HT29', 'MCF7', 'PC3', 'VCAP']",15
BRD-A58924247,8,"['A375', 'A549', 'HA1E', 'HCC515', 'HT29', 'MCF7', 'PC3', 'VCAP']",12
BRD-A61599461,8,"['A375', 'A549', 'HCC515', 'HEPG2', 'HT29', 'MCF7', 'PC3', 'VCAP']",12
BRD-K77644833,8,"['A375', 'A549', 'HT29', 'MCF7', 'NEU', 'NPC', 'PC3', 'VCAP']",15
BRD-K44261129,8,"['A375', 'A549', 'HT29', 'MCF7', 'NEU', 'NPC', 'PC3', 'VCAP']",13
BRD-K44366801,8,"['A375', 'A549', 'HCC515', 'HEPG2', 'HT29', 'MCF7', 'PC3', 'VCAP']",12
BRD-K44410738,8,"['A375', 'A549', 'HT29', 'MCF7', 'NEU', 'NPC', 'PC3', 'VCAP']",11
YL-54,8,"['A375', 'A549', 'HA1E', 'HCC515', 'HT29', 'MCF7', 'PC3', 'VCAP']",11
YL-55,8,"['A375', 'A549', 'HA1E', 'HCC515', 'HT29', 'MCF7', 'PC3', 'VCAP']",11
BRD-K97972722,8,"['A375', 'A549', 'HT29', 'MCF7', 'NEU', 'NPC', 'PC3', 'VCAP']",13
BRD-K98025142,8,"['A375', 'A549', 'HA1E', 'HCC515', 'HT29', 'MCF7', 'PC3', 'VCAP']",15
BRD-K98036459,8,"['A375', 'A549', 'HT29', 'MCF7', 'NEU', 'NPC', 'PC3', 'VCAP']",11
BRD-K98079119,8,"['A375', 'A549', 'HCC515', 'HEPG2', 'HT29', 'MCF7', 'PC3', 'VCAP']",12
BRD-K98173387,8,"['A375', 'A549', 'HCC515', 'HEPG2', 'HT29', 'MCF7', 'PC3', 'VCAP']",12
BRD-K98219271,8,"['A375', 'A549', 'HA1E', 'HCC515', 'HT29', 'MCF7', 'PC3', 'VCAP']",15
BRD-K98297262,8,"['A375', 'A549', 'HA1E', 'HCC515', 'HT29', 'MCF7', 'PC3', 'VCAP']",15
BRD-K77750380,8,"['A375', 'A549', 'HT29', 'MCF7', 'NEU', 'NPC', 'PC3', 'VCAP']",14
BRD-K77793090,8,"['A375', 'A549', 'HT29', 'MCF7', 'NEU', 'NPC', 'PC3', 'VCAP']",10
BRD-K77831863,8,"['A375', 'A549', 'HT29', 'MCF7', 'NEU', 'NPC', 'PC3', 'VCAP']",11
BRD-K77888550,8,"['A375', 'A549', 'HT29', 'MCF7', 'NEU', 'NPC', 'PC3', 'VCAP']",9
BRD-K98437249,8,"['A375', 'A549', 'HT29', 'MCF7', 'NEU', 'NPC', 'PC3', 'VCAP']",13
BRD-K98439022,8,"['A375', 'A549', 'HCC515', 'HEPG2', 'HT29', 'MCF7', 'PC3', 'VCAP']",12
BRD-K98471960,8,"['A375', 'A549', 'HT29', 'MCF7', 'NEU', 'NPC', 'PC3', 'VCAP']",12
BRD-K98575502,8,"['A375', 'A549', 'HCC515', 'HEPG2', 'HT29', 'MCF7', 'PC3', 'VCAP']",12
BRD-K98624380,8,"['A375', 'A549', 'HT29', 'MCF7', 'NEU', 'NPC', 'PC3', 'VCAP']",13
BRD-K31290914,8,"['A375', 'A549', 'HT29', 'MCF7', 'NEU', 'NPC', 'PC3', 'VCAP']",13
BRD-K31295191,8,"['A375', 'A549', 'HT29', 'MCF7', 'NEU', 'NPC', 'PC3', 'VCAP']",13
ZK-756326,8,"['A375', 'A549', 'HA1E', 'HCC515', 'HT29', 'MCF7', 'PC3', 'VCAP']",15
ZM-39923,8,"['A375', 'A549', 'HA1E', 'HCC515', 'HT29', 'MCF7', 'PC3', 'VCAP']",15
abiraterone,8,"['A375', 'A549', 'HA1E', 'HCC515', 'HT29', 'MCF7', 'PC3', 'VCAP']",11
BRD-K43568193,8,"['A375', 'A549', 'HT29', 'MCF7', 'NEU', 'NPC', 'PC3', 'VCAP']",13
diphemanil,8,"['A375', 'A549', 'HA1E', 'HCC515', 'HT29', 'MCF7', 'PC3', 'VCAP']",18
dipivefrine,8,"['A375', 'A549', 'HA1E', 'HCC515', 'HT29', 'MCF7', 'PC3', 'VCAP']",19
BRD-K31302860,8,"['A375', 'A549', 'HT29', 'MCF7', 'NEU', 'NPC', 'PC3', 'VCAP']",13
BRD-K97629076,8,"['A375', 'A549', 'HA1E', 'HCC515', 'HT29', 'MCF7', 'PC3', 'VCAP']",15
BRD-K97633445,8,"['A375', 'A549', 'HT29', 'MCF7', 'NEU', 'NPC', 'PC3', 'VCAP']",13
BRD-K97758158,8,"['A375', 'A549', 'HT29', 'MCF7', 'NEU', 'NPC', 'PC3', 'VCAP']",9
BRD-K97873029,8,"['A375', 'A549', 'HT29', 'MCF7', 'NEU', 'NPC', 'PC3', 'VCAP']",16
BRD-K78056905,8,"['A375', 'A549', 'HA1E', 'HCC515', 'HT29', 'MCF7', 'PC3', 'VCAP']",15
BRD-K97926541,8,"['A375', 'A549', 'HA1E', 'HCC515', 'HT29', 'MCF7', 'PC3', 'VCAP']",15
BRD-K97936712,8,"['A375', 'A549', 'HCC515', 'HEPG2', 'HT29', 'MCF7', 'PC3', 'VCAP']",12
BRD-A53107311,8,"['A375', 'A549', 'HA1E', 'HCC515', 'HT29', 'MCF7', 'PC3', 'VCAP']",15
BRD-A38936397,8,"['A375', 'A549', 'HCC515', 'HEPG2', 'HT29', 'MCF7', 'PC3', 'VCAP']",12
BRD-K96922741,8,"['A375', 'A549', 'HT29', 'MCF7', 'NEU', 'NPC', 'PC3', 'VCAP']",9
BRD-K97103850,8,"['A375', 'A549', 'HT29', 'MCF7', 'NEU', 'NPC', 'PC3', 'VCAP']",13
BRD-K97274161,8,"['A375', 'A549', 'HA1E', 'HCC515', 'HT29', 'MCF7', 'PC3', 'VCAP']",15
BRD-K78133682,8,"['A375', 'A549', 'HT29', 'MCF7', 'NEU', 'NPC', 'PC3', 'VCAP']",12
BRD-K78481586,8,"['A375', 'A549', 'HA1E', 'HCC515', 'HT29', 'MCF7', 'PC3', 'VCAP']",15
BRD-K31380618,8,"['A375', 'A549', 'HT29', 'MCF7', 'NEU', 'NPC', 'PC3', 'VCAP']",14
dihydroobliquin,8,"['A375', 'A549', 'HA1E', 'HCC515', 'HT29', 'MCF7', 'PC3', 'VCAP']",15
dihydroptaeroxylin,8,"['A375', 'A549', 'HA1E', 'HCC515', 'HT29', 'MCF7', 'PC3', 'VCAP']",15
BRD-K43253317,8,"['A375', 'A549', 'HT29', 'MCF7', 'NEU', 'NPC', 'PC3', 'VCAP']",14
BRD-K43357772,8,"['A375', 'A549', 'HT29', 'MCF7', 'NEU', 'NPC', 'PC3', 'VCAP']",11
BRD-K43880650,8,"['A375', 'A549', 'HT29', 'MCF7', 'NEU', 'NPC', 'PC3', 'VCAP']",13
BRD-K31112909,8,"['A375', 'A549', 'HT29', 'MCF7', 'NEU', 'NPC', 'PC3', 'VCAP']",9
BRD-K31175437,8,"['A375', 'A549', 'HT29', 'MCF7', 'NEU', 'NPC', 'PC3', 'VCAP']",14
BRD-K31286015,8,"['A375', 'A549', 'HCC515', 'HEPG2', 'HT29', 'MCF7', 'PC3', 'VCAP']",12
acetylcholine,8,"['A375', 'A549', 'HA1E', 'HCC515', 'HT29', 'MCF7', 'PC3', 'VCAP']",11
BRD-K31931379,8,"['A375', 'A549', 'HT29', 'MCF7', 'NEU', 'NPC', 'PC3', 'VCAP']",11
digitoxigenin,8,"['A375', 'A549', 'HA1E', 'HCC515', 'HT29', 'MCF7', 'PC3', 'VCAP']",18
dihomo-gamma-linolenic-acid,8,"['A375', 'A549', 'HA1E', 'HCC515', 'HT29', 'MCF7', 'PC3', 'VCAP']",15
dihydro-7-desacetyldeoxygedunin,8,"['A375', 'A549', 'HA1E', 'HCC515', 'HT29', 'MCF7', 'PC3', 'VCAP']",15
dihydrodeoxygedunin,8,"['A375', 'A549', 'HA1E', 'HCC515', 'HT29', 'MCF7', 'PC3', 'VCAP']",15
BRD-K43009525,8,"['A375', 'A549', 'HCC515', 'HEPG2', 'HT29', 'MCF7', 'PC3', 'VCAP']",12
BRD-K78528600,8,"['A375', 'A549', 'HT29', 'MCF7', 'NEU', 'NPC', 'PC3', 'VCAP']",11
BRD-K78687850,8,"['A375', 'A549', 'HT29', 'MCF7', 'NEU', 'NPC', 'PC3', 'VCAP']",13
BRD-K96740880,8,"['A375', 'A549', 'HCC515', 'HEPG2', 'HT29', 'MCF7', 'PC3', 'VCAP']",12
BRD-A44862234,8,"['A375', 'A549', 'HA1E', 'HCC515', 'HT29', 'MCF7', 'PC3', 'VCAP']",15
BRD-A47714657,8,"['A375', 'A549', 'HA1E', 'HCC515', 'HT29', 'MCF7', 'PC3', 'VCAP']",15
BRD-A47816767,8,"['A375', 'A549', 'HA1E', 'HCC515', 'HT29', 'MCF7', 'PC3', 'VCAP']",15
BRD-A48052484,8,"['A375', 'A549', 'HA1E', 'HCC515', 'HT29', 'MCF7', 'PC3', 'VCAP']",15
BRD-A49848186,8,"['A375', 'A549', 'HA1E', 'HCC515', 'HT29', 'MCF7', 'PC3', 'VCAP']",11
BRD-A51666293,8,"['A375', 'A549', 'HA1E', 'HCC515', 'HT29', 'MCF7', 'PC3', 'VCAP']",15
BRD-K31828306,8,"['A375', 'A549', 'HCC515', 'HEPG2', 'HT29', 'MCF7', 'PC3', 'VCAP']",12
BRD-K31829694,8,"['A375', 'A549', 'HT29', 'MCF7', 'NEU', 'NPC', 'PC3', 'VCAP']",12
BRD-K42694358,8,"['A375', 'A549', 'HT29', 'MCF7', 'NEU', 'NPC', 'PC3', 'VCAP']",13
BRD-K42702351,8,"['A375', 'A549', 'HT29', 'MCF7', 'NEU', 'NPC', 'PC3', 'VCAP']",13
BRD-A31946439,8,"['A375', 'A549', 'HCC515', 'HEPG2', 'HT29', 'MCF7', 'PC3', 'VCAP']",12
BRD-K96072942,8,"['A375', 'A549', 'HCC515', 'HEPG2', 'HT29', 'MCF7', 'PC3', 'VCAP']",11
BRD-K96157570,8,"['A375', 'A549', 'HT29', 'MCF7', 'NEU', 'NPC', 'PC3', 'VCAP']",13
BRD-K96352593,8,"['A375', 'A549', 'HA1E', 'HCC515', 'HT29', 'MCF7', 'PC3', 'VCAP']",15
BRD-K96396151,8,"['A375', 'A549', 'HT29', 'MCF7', 'NEU', 'NPC', 'PC3', 'VCAP']",16
BRD-K78797196,8,"['A375', 'A549', 'HA1E', 'HCC515', 'HT29', 'MCF7', 'PC3', 'VCAP']",15
BRD-K78883024,8,"['A375', 'A549', 'HA1E', 'HCC515', 'HT29', 'MCF7', 'PC3', 'VCAP']",15
BRD-K78984681,8,"['A375', 'A549', 'HCC515', 'HEPG2', 'HT29', 'MCF7', 'PC3', 'VCAP']",12
BRD-K96477379,8,"['A375', 'A549', 'HT29', 'MCF7', 'NEU', 'NPC', 'PC3', 'VCAP']",13
BRD-K96539190,8,"['A375', 'A549', 'HT29', 'MCF7', 'NEU', 'NPC', 'PC3', 'VCAP']",14
BRD-K96551169,8,"['A375', 'A549', 'HT29', 'MCF7', 'NEU', 'NPC', 'PC3', 'VCAP']",12
acebutolol,8,"['A375', 'A549', 'HA1E', 'HCC515', 'HT29', 'MCF7', 'PC3', 'VCAP']",14
BRD-K79102010,8,"['A375', 'A549', 'HT29', 'MCF7', 'NEU', 'NPC', 'PC3', 'VCAP']",13
BRD-K79112806,8,"['A375', 'A549', 'HT29', 'MCF7', 'NEU', 'NPC', 'PC3', 'VCAP']",13
BRD-K95786246,8,"['A375', 'A549', 'HT29', 'MCF7', 'NEU', 'NPC', 'PC3', 'VCAP']",10
BRD-K95789946,8,"['A375', 'A549', 'HA1E', 'HCC515', 'HT29', 'MCF7', 'PC3', 'VCAP']",15
BRD-K95858622,8,"['A375', 'A549', 'HCC515', 'HEPG2', 'HT29', 'MCF7', 'PC3', 'VCAP']",12
BRD-A40431293,8,"['A375', 'A549', 'ASC', 'HEPG2', 'HT29', 'MCF7', 'PHH', 'SKB']",10
BRD-A41630653,8,"['A375', 'A549', 'HA1E', 'HCC515', 'HT29', 'MCF7', 'PC3', 'VCAP']",15
BRD-A43126523,8,"['A375', 'A549', 'HA1E', 'HCC515', 'HT29', 'MCF7', 'PC3', 'VCAP']",15
BRD-A43805296,8,"['A375', 'A549', 'HCC515', 'HEPG2', 'HT29', 'MCF7', 'PC3', 'VCAP']",12
BRD-K43149678,8,"['A375', 'A549', 'HCC515', 'HEPG2', 'HT29', 'MCF7', 'PC3', 'VCAP']",12
alfacalcidol,8,"['A375', 'A549', 'HA1E', 'HCC515', 'HT29', 'MCF7', 'PC3', 'VCAP']",15
alfaxalone,8,"['A375', 'A549', 'HA1E', 'HCC515', 'HT29', 'MCF7', 'PC3', 'VCAP']",19
alimemazine,8,"['A375', 'A549', 'HA1E', 'HCC515', 'HT29', 'MCF7', 'PC3', 'VCAP']",19
alisertib,8,"['A375', 'A549', 'HA1E', 'HCC515', 'HEPG2', 'HT29', 'MCF7', 'PC3']",48
BRD-K31975688,8,"['A375', 'A549', 'HT29', 'MCF7', 'NEU', 'NPC', 'PC3', 'VCAP']",11
BRD-K32132269,8,"['A375', 'A549', 'HA1E', 'HCC515', 'HT29', 'MCF7', 'PC3', 'VCAP']",15
BRD-K42543304,8,"['A375', 'A549', 'HA1E', 'HCC515', 'HT29', 'MCF7', 'PC3', 'VCAP']",11
BRD-K42620042,8,"['A375', 'A549', 'HT29', 'MCF7', 'NEU', 'NPC', 'PC3', 'VCAP']",9
BRD-K32389477,8,"['A375', 'A549', 'HT29', 'MCF7', 'NEU', 'NPC', 'PC3', 'VCAP']",14
diazepam,8,"['A375', 'A549', 'HA1E', 'HCC515', 'HT29', 'MCF7', 'PC3', 'VCAP']",19
dibenzoylmethane,8,"['A375', 'A549', 'HA1E', 'HCC515', 'HT29', 'MCF7', 'PC3', 'VCAP']",15
BRD-K42629487,8,"['A375', 'A549', 'HCC515', 'HEPG2', 'HT29', 'MCF7', 'PC3', 'VCAP']",12
altizide,8,"['A375', 'A549', 'HA1E', 'HCC515', 'HT29', 'MCF7', 'PC3', 'VCAP']",15
ambelline,8,"['A375', 'A549', 'HA1E', 'HCC515', 'HT29', 'MCF7', 'PC3', 'VCAP']",15
BRD-K32580836,8,"['A375', 'A549', 'HA1E', 'HCC515', 'HT29', 'MCF7', 'PC3', 'VCAP']",15
BRD-K95367721,8,"['A375', 'A549', 'HT29', 'MCF7', 'NEU', 'NPC', 'PC3', 'VCAP']",12
BRD-K79235952,8,"['A375', 'A549', 'HA1E', 'HCC515', 'HT29', 'MCF7', 'PC3', 'VCAP']",15
BRD-K79342257,8,"['A375', 'A549', 'HA1E', 'HCC515', 'HT29', 'MCF7', 'PC3', 'VCAP']",15
BRD-K79390395,8,"['A375', 'A549', 'HA1E', 'HCC515', 'HT29', 'MCF7', 'PC3', 'VCAP']",11
BRD-K79414420,8,"['A375', 'A549', 'HCC515', 'HEPG2', 'HT29', 'MCF7', 'PC3', 'VCAP']",12
BRD-K95487462,8,"['A375', 'A549', 'HT29', 'MCF7', 'NEU', 'NPC', 'PC3', 'VCAP']",14
BRD-K95495709,8,"['A375', 'A549', 'HCC515', 'HEPG2', 'HT29', 'MCF7', 'PC3', 'VCAP']",12
BRD-A38793261,8,"['A375', 'A549', 'HCC515', 'HEPG2', 'HT29', 'MCF7', 'PC3', 'VCAP']",12
BRD-K95033227,8,"['A375', 'A549', 'HT29', 'MCF7', 'NEU', 'NPC', 'PC3', 'VCAP']",13
BRD-K95037415,8,"['A375', 'A549', 'HCC515', 'HEPG2', 'HT29', 'MCF7', 'PC3', 'VCAP']",12
BRD-K95041551,8,"['A375', 'A549', 'HT29', 'MCF7', 'NEU', 'NPC', 'PC3', 'VCAP']",9
BRD-K95080525,8,"['A375', 'A549', 'HA1E', 'HCC515', 'HT29', 'MCF7', 'PC3', 'VCAP']",15
BRD-K95117060,8,"['A375', 'A549', 'HCC515', 'HEPG2', 'HT29', 'MCF7', 'PC3', 'VCAP']",12
BRD-K79532217,8,"['A375', 'A549', 'HT29', 'MCF7', 'NEU', 'NPC', 'PC3', 'VCAP']",11
BRD-K79554012,8,"['A375', 'A549', 'HCC515', 'HEPG2', 'HT29', 'MCF7', 'PC3', 'VCAP']",12
BRD-K79657514,8,"['A375', 'A549', 'HT29', 'MCF7', 'NEU', 'NPC', 'PC3', 'VCAP']",18
BRD-K95168667,8,"['A375', 'A549', 'HCC515', 'HEPG2', 'HT29', 'MCF7', 'PC3', 'VCAP']",12
BRD-K95196255,8,"['A375', 'A549', 'HA1E', 'HCC515', 'HT29', 'MCF7', 'PC3', 'VCAP']",15
BRD-K95286134,8,"['A375', 'A549', 'HCC515', 'HEPG2', 'HT29', 'MCF7', 'PC3', 'VCAP']",12
BRD-K95337198,8,"['A375', 'A549', 'HCC515', 'HEPG2', 'HT29', 'MCF7', 'PC3', 'VCAP']",12
BRD-K95352812,8,"['A375', 'A549', 'HA1E', 'HCC515', 'HT29', 'MCF7', 'PC3', 'VCAP']",15
BRD-K42743267,8,"['A375', 'A549', 'HT29', 'MCF7', 'NEU', 'NPC', 'PC3', 'VCAP']",11
BRD-K42867405,8,"['A375', 'A549', 'HA1E', 'HCC515', 'HT29', 'MCF7', 'PC3', 'VCAP']",15
BRD-K32827536,8,"['A375', 'A549', 'HCC515', 'HEPG2', 'HT29', 'MCF7', 'PC3', 'VCAP']",12
BRD-K32862555,8,"['A375', 'A549', 'HA1E', 'HCC515', 'HT29', 'MCF7', 'PC3', 'VCAP']",15
BRD-K32885145,8,"['A375', 'A549', 'HT29', 'MCF7', 'NEU', 'NPC', 'PC3', 'VCAP']",14
BRD-K32944375,8,"['A375', 'A549', 'HCC515', 'HEPG2', 'HT29', 'MCF7', 'PC3', 'VCAP']",12
BRD-K42197878,8,"['A375', 'A549', 'HT29', 'MCF7', 'NEU', 'NPC', 'PC3', 'VCAP']",11
BRD-K42454450,8,"['A375', 'A549', 'HT29', 'MCF7', 'NEU', 'NPC', 'PC3', 'VCAP']",13
BRD-K42455570,8,"['A375', 'A549', 'HCC515', 'HEPG2', 'HT29', 'MCF7', 'PC3', 'VCAP']",12
BRD-K79758054,8,"['A375', 'A549', 'HT29', 'MCF7', 'NEU', 'NPC', 'PC3', 'VCAP']",13
BRD-K79793338,8,"['A375', 'A549', 'HT29', 'MCF7', 'NEU', 'NPC', 'PC3', 'VCAP']",10
BRD-K79857601,8,"['A375', 'A549', 'HA1E', 'HCC515', 'HT29', 'MCF7', 'PC3', 'VCAP']",15
BRD-K79947405,8,"['A375', 'A549', 'HT29', 'MCF7', 'NEU', 'NPC', 'PC3', 'VCAP']",14
BRD-K94616516,8,"['A375', 'A549', 'HT29', 'MCF7', 'NEU', 'NPC', 'PC3', 'VCAP']",13
BRD-A32917072,8,"['A375', 'A549', 'HCC515', 'HEPG2', 'HT29', 'MCF7', 'PC3', 'VCAP']",12
BRD-A34421300,8,"['A375', 'A549', 'HCC515', 'HEPG2', 'HT29', 'MCF7', 'PC3', 'VCAP']",12
BRD-A35141262,8,"['A375', 'A549', 'HA1E', 'HCC515', 'HT29', 'MCF7', 'PC3', 'VCAP']",15
BRD-A38425832,8,"['A375', 'A549', 'HCC515', 'HEPG2', 'HT29', 'MCF7', 'PC3', 'VCAP']",12
ampicillin,8,"['A375', 'A549', 'HA1E', 'HCC515', 'HT29', 'MCF7', 'PC3', 'VCAP']",17
BRD-K94035551,8,"['A375', 'A549', 'HA1E', 'HCC515', 'HT29', 'MCF7', 'PC3', 'VCAP']",15
BRD-K94193354,8,"['A375', 'A549', 'HT29', 'MCF7', 'NEU', 'NPC', 'PC3', 'VCAP']",13
BRD-K80045183,8,"['A375', 'A549', 'HEPG2', 'HUH7', 'MCF7', 'PC3', 'PHH', 'VCAP']",18
BRD-K80058284,8,"['A375', 'A549', 'HT29', 'MCF7', 'NEU', 'NPC', 'PC3', 'VCAP']",14
BRD-K80070306,8,"['A375', 'A549', 'HA1E', 'HCC515', 'HT29', 'MCF7', 'PC3', 'VCAP']",15
BRD-K80126354,8,"['A375', 'A549', 'HA1E', 'HCC515', 'HT29', 'MCF7', 'PC3', 'VCAP']",15
BRD-K80138901,8,"['A375', 'A549', 'HT29', 'MCF7', 'NEU', 'NPC', 'PC3', 'VCAP']",13
BRD-K80169513,8,"['A375', 'A549', 'HT29', 'MCF7', 'NEU', 'NPC', 'PC3', 'VCAP']",14
BRD-K80171496,8,"['A375', 'A549', 'HT29', 'MCF7', 'NEU', 'NPC', 'PC3', 'VCAP']",11
BRD-K94287906,8,"['A375', 'A549', 'HA1E', 'HCC515', 'HT29', 'MCF7', 'PC3', 'VCAP']",15
BRD-K94304934,8,"['A375', 'A549', 'HCC515', 'HEPG2', 'HT29', 'MCF7', 'PC3', 'VCAP']",12
BRD-K32582686,8,"['A375', 'A549', 'HA1E', 'HCC515', 'HT29', 'MCF7', 'PC3', 'VCAP']",11
BRD-K32636001,8,"['A375', 'A549', 'HCC515', 'HEPG2', 'HT29', 'MCF7', 'PC3', 'VCAP']",12
depomedrol,8,"['A375', 'A549', 'HA1E', 'HCC515', 'HT29', 'MCF7', 'PC3', 'VCAP']",11
BRD-K32782699,8,"['A375', 'A549', 'HT29', 'MCF7', 'NEU', 'NPC', 'PC3', 'VCAP']",9
BRD-K93443135,8,"['A375', 'A549', 'HA1E', 'HCC515', 'HT29', 'MCF7', 'PC3', 'VCAP']",15
BRD-K80400482,8,"['A375', 'A549', 'HT29', 'MCF7', 'NEU', 'NPC', 'PC3', 'VCAP']",11
BRD-K80439608,8,"['A375', 'A549', 'HT29', 'MCF7', 'NEU', 'NPC', 'PC3', 'VCAP']",14
BRD-K80553643,8,"['A375', 'A549', 'HT29', 'MCF7', 'NEU', 'NPC', 'PC3', 'VCAP']",13
BRD-K93610587,8,"['A375', 'A549', 'HT29', 'MCF7', 'NEU', 'NPC', 'PC3', 'VCAP']",11
BRD-K93623501,8,"['A375', 'A549', 'HCC515', 'HEPG2', 'HT29', 'MCF7', 'PC3', 'VCAP']",12
BRD-K93623754,8,"['A375', 'A549', 'HA1E', 'HCC515', 'HT29', 'MCF7', 'PC3', 'VCAP']",15
BRD-K93763482,8,"['A375', 'A549', 'HT29', 'MCF7', 'NEU', 'NPC', 'PC3', 'VCAP']",9
BRD-K93875449,8,"['A375', 'A549', 'HA1E', 'HCC515', 'HT29', 'MCF7', 'PC3', 'VCAP']",15
BRD-K93975822,8,"['A375', 'A549', 'HA1E', 'HCC515', 'HT29', 'MCF7', 'PC3', 'VCAP']",15
amisulpride,8,"['A375', 'A549', 'HA1E', 'HCC515', 'HT29', 'MCF7', 'PC3', 'VCAP']",30
BRD-K33159591,8,"['A375', 'A549', 'HCC515', 'HEPG2', 'HT29', 'MCF7', 'PC3', 'VCAP']",12
BRD-K33297438,8,"['A375', 'A549', 'HCC515', 'HEPG2', 'HT29', 'MCF7', 'PC3', 'VCAP']",12
BRD-K33305493,8,"['A375', 'A549', 'HA1E', 'HCC515', 'HT29', 'MCF7', 'PC3', 'VCAP']",15
demeclocycline,8,"['A375', 'A549', 'HA1E', 'HCC515', 'HT29', 'MCF7', 'PC3', 'VCAP']",15
amoxicillin,8,"['A375', 'A549', 'HA1E', 'HCC515', 'HT29', 'MCF7', 'PC3', 'VCAP']",14
BRD-K42161310,8,"['A375', 'A549', 'HT29', 'MCF7', 'NEU', 'NPC', 'PC3', 'VCAP']",13
daphnetin,8,"['A375', 'A549', 'HA1E', 'HCC515', 'HT29', 'MCF7', 'PC3', 'VCAP']",15
dapsone,8,"['A375', 'A549', 'HA1E', 'HCC515', 'HT29', 'MCF7', 'PC3', 'VCAP']",14
BRD-K33591392,8,"['A375', 'A549', 'HT29', 'MCF7', 'NEU', 'NPC', 'PC3', 'VCAP']",12
BRD-K33680967,8,"['A375', 'A549', 'HCC515', 'HEPG2', 'HT29', 'MCF7', 'PC3', 'VCAP']",12
BRD-K33720394,8,"['A375', 'A549', 'HCC515', 'HEPG2', 'HT29', 'MCF7', 'PC3', 'VCAP']",12
BRD-K33743361,8,"['A375', 'A549', 'HA1E', 'HCC515', 'HT29', 'MCF7', 'PC3', 'VCAP']",15
BRD-K33761091,8,"['A375', 'A549', 'HT29', 'MCF7', 'NEU', 'NPC', 'PC3', 'VCAP']",11
daidzein,8,"['A375', 'A549', 'HA1E', 'HCC515', 'HT29', 'MCF7', 'PC3', 'VCAP']",15
BRD-K41670583,8,"['A375', 'A549', 'HA1E', 'HCC515', 'HT29', 'MCF7', 'PC3', 'VCAP']",15
BRD-K80822897,8,"['A375', 'A549', 'HCC515', 'HEPG2', 'HT29', 'MCF7', 'PC3', 'VCAP']",12
BRD-K93158953,8,"['A375', 'A549', 'HT29', 'MCF7', 'NEU', 'NPC', 'PC3', 'VCAP']",18
BRD-A25829966,8,"['A375', 'A549', 'HA1E', 'HCC515', 'HT29', 'MCF7', 'PC3', 'VCAP']",15
BRD-A28412351,8,"['A375', 'A549', 'HA1E', 'HCC515', 'HT29', 'MCF7', 'PC3', 'VCAP']",15
BRD-A28422330,8,"['A375', 'A549', 'HA1E', 'HCC515', 'HT29', 'MCF7', 'PC3', 'VCAP']",15
BRD-A30612536,8,"['A375', 'A549', 'HCC515', 'HEPG2', 'HT29', 'MCF7', 'PC3', 'VCAP']",12
BRD-K92158425,8,"['A375', 'A549', 'HCC515', 'HEPG2', 'HT29', 'MCF7', 'PC3', 'VCAP']",10
BRD-K92202821,8,"['A375', 'A549', 'HCC515', 'HEPG2', 'HT29', 'MCF7', 'PC3', 'VCAP']",12
BRD-K92232855,8,"['A375', 'A549', 'HT29', 'MCF7', 'NEU', 'NPC', 'PC3', 'VCAP']",13
BRD-K92419424,8,"['A375', 'A549', 'HA1E', 'HCC515', 'HT29', 'MCF7', 'PC3', 'VCAP']",15
BRD-K92458042,8,"['A375', 'A549', 'HA1E', 'HCC515', 'HT29', 'MCF7', 'PC3', 'VCAP']",15
BRD-K92470030,8,"['A375', 'A549', 'HA1E', 'HCC515', 'HT29', 'MCF7', 'PC3', 'VCAP']",15
BRD-K92656786,8,"['A375', 'A549', 'HT29', 'MCF7', 'NEU', 'NPC', 'PC3', 'VCAP']",14
BRD-K92742972,8,"['A375', 'A549', 'HCC515', 'HEPG2', 'HT29', 'MCF7', 'PC3', 'VCAP']",12
BRD-K81214387,8,"['A375', 'A549', 'HCC515', 'HEPG2', 'HT29', 'MCF7', 'PC3', 'VCAP']",12
BRD-K81218586,8,"['A375', 'A549', 'HT29', 'MCF7', 'NEU', 'NPC', 'PC3', 'VCAP']",13
BRD-K92953840,8,"['A375', 'A549', 'HT29', 'MCF7', 'NEU', 'NPC', 'PC3', 'VCAP']",11
BRD-K93116089,8,"['A375', 'A549', 'HT29', 'MCF7', 'NEU', 'NPC', 'PC3', 'VCAP']",12
BRD-K80666761,8,"['A375', 'A549', 'HT29', 'MCF7', 'NEU', 'NPC', 'PC3', 'VCAP']",13
BRD-K80718156,8,"['A375', 'A549', 'HA1E', 'HCC515', 'HT29', 'MCF7', 'PC3', 'VCAP']",11
BRD-K42021584,8,"['A375', 'A549', 'HCC515', 'HEPG2', 'HT29', 'MCF7', 'PC3', 'VCAP']",12
BRD-K42107428,8,"['A375', 'A549', 'HT29', 'MCF7', 'NEU', 'NPC', 'PC3', 'VCAP']",10
BRD-K41862560,8,"['A375', 'A549', 'HT29', 'MCF7', 'NEU', 'NPC', 'PC3', 'VCAP']",13
BRD-K41871066,8,"['A375', 'A549', 'HT29', 'MCF7', 'NEU', 'NPC', 'PC3', 'VCAP']",14
BRD-K41880142,8,"['A375', 'A549', 'HT29', 'MCF7', 'NEU', 'NPC', 'PC3', 'VCAP']",10
BRD-K41889859,8,"['A375', 'A549', 'HT29', 'MCF7', 'NEU', 'NPC', 'PC3', 'VCAP']",13
amyleine,8,"['A375', 'A549', 'HA1E', 'HCC515', 'HT29', 'MCF7', 'PC3', 'VCAP']",18
BRD-K41431262,8,"['A375', 'A549', 'HA1E', 'HCC515', 'HT29', 'MCF7', 'PC3', 'VCAP']",11
BRD-K41571462,8,"['A375', 'A549', 'HT29', 'MCF7', 'NEU', 'NPC', 'PC3', 'VCAP']",11
BRD-K41652832,8,"['A375', 'A549', 'HT29', 'MCF7', 'NEU', 'NPC', 'PC3', 'VCAP']",11
BRD-K91691979,8,"['A375', 'A549', 'HA1E', 'HCC515', 'HT29', 'MCF7', 'PC3', 'VCAP']",15
BRD-K91730835,8,"['A375', 'A549', 'HT29', 'MCF7', 'NEU', 'NPC', 'PC3', 'VCAP']",11
BRD-K91745259,8,"['A375', 'A549', 'HT29', 'MCF7', 'NEU', 'NPC', 'PC3', 'VCAP']",9
BRD-K91755384,8,"['A375', 'A549', 'HT29', 'MCF7', 'NEU', 'NPC', 'PC3', 'VCAP']",14
BRD-K91818252,8,"['A375', 'A549', 'HA1E', 'HCC515', 'HT29', 'MCF7', 'PC3', 'VCAP']",15
BRD-K91834385,8,"['A375', 'A549', 'HT29', 'MCF7', 'NEU', 'NPC', 'PC3', 'VCAP']",9
BRD-K91913968,8,"['A375', 'A549', 'HCC515', 'HEPG2', 'HT29', 'MCF7', 'PC3', 'VCAP']",12
BRD-K92020737,8,"['A375', 'A549', 'HCC515', 'HEPG2', 'HT29', 'MCF7', 'PC3', 'VCAP']",12
cyclopentene,8,"['A375', 'A549', 'HA1E', 'HCC515', 'HEPG2', 'HT29', 'MCF7', 'PC3']",96
cyclophosphamide,8,"['A375', 'A549', 'HA1E', 'HCC515', 'HT29', 'MCF7', 'PC3', 'VCAP']",29
cycloserine-(d),8,"['A375', 'A549', 'HA1E', 'HCC515', 'HT29', 'MCF7', 'PC3', 'VCAP']",26
BRD-K41185612,8,"['A375', 'A549', 'HCC515', 'HEPG2', 'HT29', 'MCF7', 'PC3', 'VCAP']",12
anpirtoline,8,"['A375', 'A549', 'HA1E', 'HCC515', 'HT29', 'MCF7', 'PC3', 'VCAP']",15
BRD-K81514393,8,"['A375', 'A549', 'HA1E', 'HCC515', 'HT29', 'MCF7', 'PC3', 'VCAP']",11
BRD-K81527737,8,"['A375', 'A549', 'HT29', 'MCF7', 'NEU', 'NPC', 'PC3', 'VCAP']",12
BRD-K81658952,8,"['A375', 'A549', 'HT29', 'MCF7', 'NEU', 'NPC', 'PC3', 'VCAP']",11
BRD-A17757596,8,"['A375', 'A549', 'HCC515', 'HEPG2', 'HT29', 'MCF7', 'PC3', 'VCAP']",12
BRD-A18279961,8,"['A375', 'A549', 'HCC515', 'HEPG2', 'HT29', 'MCF7', 'PC3', 'VCAP']",12
BRD-A21406558,8,"['A375', 'A549', 'HCC515', 'HEPG2', 'HT29', 'MCF7', 'PC3', 'VCAP']",12
BRD-A21481508,8,"['A375', 'A549', 'HA1E', 'HCC515', 'HT29', 'MCF7', 'PC3', 'VCAP']",15
BRD-A24021119,8,"['A375', 'A549', 'HA1E', 'HCC515', 'HT29', 'MCF7', 'PC3', 'VCAP']",15
BRD-K41700431,8,"['A375', 'A549', 'HT29', 'MCF7', 'NEU', 'NPC', 'PC3', 'VCAP']",10
BRD-K41775742,8,"['A375', 'A549', 'HA1E', 'HCC515', 'HT29', 'MCF7', 'PC3', 'VCAP']",11
BRD-K41797142,8,"['A375', 'A549', 'HA1E', 'HCC515', 'HT29', 'MCF7', 'PC3', 'VCAP']",15
BRD-K81826010,8,"['A375', 'A549', 'HEPG2', 'HUH7', 'MCF7', 'PC3', 'PHH', 'VCAP']",18
BRD-K91063002,8,"['A375', 'A549', 'HT29', 'MCF7', 'NEU', 'NPC', 'PC3', 'VCAP']",13
BRD-A11968133,8,"['A375', 'A549', 'HCC515', 'HEPG2', 'HT29', 'MCF7', 'PC3', 'VCAP']",12
BRD-A12633378,8,"['A375', 'A549', 'HCC515', 'HEPG2', 'HT29', 'MCF7', 'PC3', 'VCAP']",12
BRD-A04392722,8,"['A375', 'A549', 'HCC515', 'HEPG2', 'HT29', 'MCF7', 'PC3', 'VCAP']",12
BRD-K91449330,8,"['A375', 'A549', 'HCC515', 'HEPG2', 'HT29', 'MCF7', 'PC3', 'VCAP']",12
BRD-K91600270,8,"['A375', 'A549', 'HCC515', 'HEPG2', 'HT29', 'MCF7', 'PC3', 'VCAP']",12
BRD-K34160774,8,"['A375', 'A549', 'HT29', 'MCF7', 'NEU', 'NPC', 'PC3', 'VCAP']",12
BRD-K34230554,8,"['A375', 'A549', 'HT29', 'MCF7', 'NEU', 'NPC', 'PC3', 'VCAP']",13
BRD-K34294489,8,"['A375', 'A549', 'HCC515', 'HEPG2', 'HT29', 'MCF7', 'PC3', 'VCAP']",12
corynanthine,8,"['A375', 'A549', 'HA1E', 'HCC515', 'HT29', 'MCF7', 'PC3', 'VCAP']",15
cromoglicic-acid,8,"['A375', 'A549', 'HA1E', 'HCC515', 'HT29', 'MCF7', 'PC3', 'VCAP']",15
BRD-K41006959,8,"['A375', 'A549', 'HCC515', 'HEPG2', 'HT29', 'MCF7', 'PC3', 'VCAP']",12
BRD-K34332553,8,"['A375', 'A549', 'HA1E', 'HCC515', 'HT29', 'MCF7', 'PC3', 'VCAP']",11
BRD-K34388789,8,"['A375', 'A549', 'HCC515', 'HEPG2', 'HT29', 'MCF7', 'PC3', 'VCAP']",12
BRD-K34404012,8,"['A375', 'A549', 'HT29', 'MCF7', 'NEU', 'NPC', 'PC3', 'VCAP']",11
ascorbic-acid,8,"['A375', 'A549', 'HA1E', 'HCC515', 'HT29', 'MCF7', 'PC3', 'VCAP']",17
BRD-K35035132,8,"['A375', 'A549', 'HCC515', 'HEPG2', 'HT29', 'MCF7', 'PC3', 'VCAP']",12
BRD-K35046132,8,"['A375', 'A549', 'HCC515', 'HEPG2', 'HT29', 'MCF7', 'PC3', 'VCAP']",12
BRD-K35100517,8,"['A375', 'A549', 'HA1E', 'HCC515', 'HT29', 'MCF7', 'PC3', 'VCAP']",15
BRD-K35188965,8,"['A375', 'A549', 'HT29', 'MCF7', 'NEU', 'NPC', 'PC3', 'VCAP']",11
cobalt(II)-chloride,8,"['A375', 'A549', 'HA1E', 'HCC515', 'HT29', 'MCF7', 'PC3', 'VCAP']",11
asiaticoside,8,"['A375', 'A549', 'HA1E', 'HCC515', 'HT29', 'MCF7', 'PC3', 'VCAP']",15
aspirin,8,"['A375', 'A549', 'HA1E', 'HCC515', 'HT29', 'MCF7', 'PC3', 'VCAP']",11
ataluren,8,"['A375', 'A549', 'HA1E', 'HCC515', 'HT29', 'MCF7', 'PC3', 'VCAP']",11
BRD-K82096551,8,"['A375', 'A549', 'HT29', 'MCF7', 'NEU', 'NPC', 'PC3', 'VCAP']",11
BRD-K82140622,8,"['A375', 'A549', 'HA1E', 'HCC515', 'HT29', 'MCF7', 'PC3', 'VCAP']",15
BRD-K82185908,8,"['A375', 'A549', 'HCC515', 'HEPG2', 'HT29', 'MCF7', 'PC3', 'VCAP']",12
BRD-K90734091,8,"['A375', 'A549', 'HT29', 'MCF7', 'NEU', 'NPC', 'PC3', 'VCAP']",13
BRD-K90736214,8,"['A375', 'A549', 'HCC515', 'HEPG2', 'HT29', 'MCF7', 'PC3', 'VCAP']",12
BRD-K90912239,8,"['A375', 'A549', 'HCC515', 'HEPG2', 'HT29', 'MCF7', 'PC3', 'VCAP']",12
BRD-K81751891,8,"['A375', 'A549', 'HA1E', 'HCC515', 'HT29', 'MCF7', 'PC3', 'VCAP']",15
BRD-K40506152,8,"['A375', 'A549', 'HT29', 'MCF7', 'NEU', 'NPC', 'PC3', 'VCAP']",11
BRD-K40577058,8,"['A375', 'A549', 'HA1E', 'HCC515', 'HT29', 'MCF7', 'PC3', 'VCAP']",15
BRD-K40225343,8,"['A375', 'A549', 'HT29', 'MCF7', 'NEU', 'NPC', 'PC3', 'VCAP']",11
BRD-K40276799,8,"['A375', 'A549', 'HT29', 'MCF7', 'NEU', 'NPC', 'PC3', 'VCAP']",11
BRD-K40329609,8,"['A375', 'A549', 'HCC515', 'HEPG2', 'HT29', 'MCF7', 'PC3', 'VCAP']",12
BRD-K40378749,8,"['A375', 'A549', 'HCC515', 'HEPG2', 'HT29', 'MCF7', 'PC3', 'VCAP']",12
BRD-K40441731,8,"['A375', 'A549', 'HCC515', 'HEPG2', 'HT29', 'MCF7', 'PC3', 'VCAP']",12
avrainvillamide-analog-1,8,"['A375', 'A549', 'HA1E', 'HCC515', 'HEPG2', 'HT29', 'MCF7', 'PC3']",48
BRD-K90446130,8,"['A375', 'A549', 'HCC515', 'HEPG2', 'HT29', 'MCF7', 'PC3', 'VCAP']",12
BRD-K90667125,8,"['A375', 'A549', 'HCC515', 'HEPG2', 'HT29', 'MCF7', 'PC3', 'VCAP']",12
BRD-K90692502,8,"['A375', 'A549', 'HCC515', 'HEPG2', 'HT29', 'MCF7', 'PC3', 'VCAP']",12
BRD-K82462389,8,"['A375', 'A549', 'HT29', 'MCF7', 'NEU', 'NPC', 'PC3', 'VCAP']",11
BRD-K82071478,8,"['A375', 'A549', 'HT29', 'MCF7', 'NEU', 'NPC', 'PC3', 'VCAP']",11
BRD-K41059137,8,"['A375', 'A549', 'HCC515', 'HEPG2', 'HT29', 'MCF7', 'PC3', 'VCAP']",12
BRD-K41129365,8,"['A375', 'A549', 'HT29', 'MCF7', 'NEU', 'NPC', 'PC3', 'VCAP']",13
articaine,8,"['A375', 'A549', 'HA1E', 'HCC515', 'HT29', 'MCF7', 'PC3', 'VCAP']",19
BRD-K89961851,8,"['A375', 'A549', 'HT29', 'MCF7', 'NEU', 'NPC', 'PC3', 'VCAP']",17
BRD-K89994146,8,"['A375', 'A549', 'HT29', 'MCF7', 'NEU', 'NPC', 'PC3', 'VCAP']",11
BRD-K90143908,8,"['A375', 'A549', 'HT29', 'MCF7', 'NEU', 'NPC', 'PC3', 'VCAP']",13
BRD-K90281509,8,"['A375', 'A549', 'HT29', 'MCF7', 'NEU', 'NPC', 'PC3', 'VCAP']",14
BRD-K82768082,8,"['A375', 'A549', 'HCC515', 'HEPG2', 'HT29', 'MCF7', 'PC3', 'VCAP']",12
BRD-A05680309,8,"['A375', 'A549', 'HA1E', 'HCC515', 'HT29', 'MCF7', 'PC3', 'VCAP']",15
BRD-A05831822,8,"['A375', 'A549', 'HCC515', 'HEPG2', 'HT29', 'MCF7', 'PC3', 'VCAP']",12
BRD-A06641369,8,"['A375', 'A549', 'HA1E', 'HCC515', 'HT29', 'MCF7', 'PC3', 'VCAP']",15
BRD-A06664848,8,"['A375', 'A549', 'HA1E', 'HCC515', 'HT29', 'MCF7', 'PC3', 'VCAP']",15
BRD-A08610364,8,"['A375', 'A549', 'HCC515', 'HEPG2', 'HT29', 'MCF7', 'PC3', 'VCAP']",12
BRD-A08658758,8,"['A375', 'A549', 'HA1E', 'HCC515', 'HEPG2', 'HT29', 'MCF7', 'PC3']",48
BRD-A08662020,8,"['A375', 'A549', 'HCC515', 'HEPG2', 'HT29', 'MCF7', 'PC3', 'VCAP']",12
BRD-A09719808,8,"['A375', 'A549', 'HA1E', 'HCC515', 'HT29', 'MCF7', 'PC3', 'VCAP']",14
BMY-45778,8,"['A375', 'A549', 'HA1E', 'HCC515', 'HT29', 'MCF7', 'PC3', 'VCAP']",15
atenolol-(+/-),8,"['A375', 'A549', 'HA1E', 'HCC515', 'HT29', 'MCF7', 'PC3', 'VCAP']",11
atovaquone,8,"['A375', 'A549', 'HA1E', 'HCC515', 'HT29', 'MCF7', 'PC3', 'VCAP']",19
avrainvillamide-analog-3,8,"['A375', 'A549', 'HA1E', 'HCC515', 'HEPG2', 'HT29', 'MCF7', 'PC3']",48
avrainvillamide-analog-4,8,"['A375', 'A549', 'HA1E', 'HCC515', 'HEPG2', 'HT29', 'MCF7', 'PC3']",48
avrainvillamide-analog-5,8,"['A375', 'A549', 'HA1E', 'HCC515', 'HEPG2', 'HT29', 'MCF7', 'PC3']",44
avrainvillamide-analog-6,8,"['A375', 'A549', 'HA1E', 'HCC515', 'HEPG2', 'HT29', 'MCF7', 'PC3']",48
clebopride,8,"['A375', 'A549', 'HA1E', 'HCC515', 'HT29', 'MCF7', 'PC3', 'VCAP']",15
clioquinol,8,"['A375', 'A549', 'HA1E', 'HCC515', 'HT29', 'MCF7', 'PC3', 'VCAP']",19
BRD-K35389996,8,"['A375', 'A549', 'HA1E', 'HCC515', 'HT29', 'MCF7', 'PC3', 'VCAP']",15
BRD-K35413818,8,"['A375', 'A549', 'HCC515', 'HEPG2', 'HT29', 'MCF7', 'PC3', 'VCAP']",11
azacitidine,8,"['A375', 'A549', 'HA1E', 'HCC515', 'HT29', 'MCF7', 'PC3', 'VCAP']",25
BRD-K40064462,8,"['A375', 'A549', 'HT29', 'MCF7', 'NEU', 'NPC', 'PC3', 'VCAP']",11
BRD-K89563433,8,"['A375', 'A549', 'HCC515', 'HEPG2', 'HT29', 'MCF7', 'PC3', 'VCAP']",12
BRD-K89748981,8,"['A375', 'A549', 'HCC515', 'HEPG2', 'HT29', 'MCF7', 'PC3', 'VCAP']",12
BRD-K83072410,8,"['A375', 'A549', 'HT29', 'MCF7', 'NEU', 'NPC', 'PC3', 'VCAP']",11
BRD-K83151319,8,"['A375', 'A549', 'HCC515', 'HEPG2', 'HT29', 'MCF7', 'PC3', 'VCAP']",12
BRD-K83194053,8,"['A375', 'A549', 'HA1E', 'HCC515', 'HT29', 'MCF7', 'PC3', 'VCAP']",15
BRD-K83213280,8,"['A375', 'A549', 'HA1E', 'HCC515', 'HT29', 'MCF7', 'PC3', 'VCAP']",15
BRD-K35737468,8,"['A375', 'A549', 'HCC515', 'HEPG2', 'HT29', 'MCF7', 'PC3', 'VCAP']",12
BRD-K35790918,8,"['A375', 'A549', 'HA1E', 'HCC515', 'HT29', 'MCF7', 'PC3', 'VCAP']",15
BRD-K35832492,8,"['A375', 'A549', 'HA1E', 'HCC515', 'HEPG2', 'HT29', 'MCF7', 'PC3']",96
BRD-K39799535,8,"['A375', 'A549', 'HT29', 'MCF7', 'NEU', 'NPC', 'PC3', 'VCAP']",11
BRD-K83548510,8,"['A375', 'A549', 'HT29', 'MCF7', 'NEU', 'NPC', 'PC3', 'VCAP']",14
BRD-K83589469,8,"['A375', 'A549', 'HA1E', 'HCC515', 'HT29', 'MCF7', 'PC3', 'VCAP']",15
BRD-K89190195,8,"['A375', 'A549', 'HA1E', 'HCC515', 'HT29', 'MCF7', 'PC3', 'VCAP']",15
BRD-K89209981,8,"['A375', 'A549', 'HCC515', 'HEPG2', 'HT29', 'MCF7', 'PC3', 'VCAP']",12
BRD-K89383912,8,"['A375', 'A549', 'HA1E', 'HCC515', 'HT29', 'MCF7', 'PC3', 'VCAP']",15
BNTX,8,"['A375', 'A549', 'HA1E', 'HCC515', 'HT29', 'MCF7', 'PC3', 'VCAP']",14
BRD-A00626522,8,"['A375', 'A549', 'HCC515', 'HEPG2', 'HT29', 'MCF7', 'PC3', 'VCAP']",12
BRD-A01999384,8,"['A375', 'A549', 'HCC515', 'HEPG2', 'HT29', 'MCF7', 'PC3', 'VCAP']",12
BRD-A02241946,8,"['A375', 'A549', 'HA1E', 'HCC515', 'HT29', 'MCF7', 'PC3', 'VCAP']",15
BRD-A02747686,8,"['A375', 'A549', 'HA1E', 'HCC515', 'HT29', 'MCF7', 'PC3', 'VCAP']",15
BRD-A03436432,8,"['A375', 'A549', 'HCC515', 'HEPG2', 'HT29', 'MCF7', 'PC3', 'VCAP']",12
avrainvillamide-analog-2,8,"['A375', 'A549', 'HA1E', 'HCC515', 'HEPG2', 'HT29', 'MCF7', 'PC3']",44
BRD-K39597586,8,"['A375', 'A549', 'HT29', 'MCF7', 'NEU', 'NPC', 'PC3', 'VCAP']",15
benzatropine,8,"['A375', 'A549', 'HA1E', 'HCC515', 'HT29', 'MCF7', 'PC3', 'VCAP']",15
ATPA,8,"['A375', 'A549', 'HA1E', 'HCC515', 'HT29', 'MCF7', 'PC3', 'VCAP']",15
AVA,8,"['A375', 'A549', 'HA1E', 'HCC515', 'HEPG2', 'HT29', 'MCF7', 'PC3']",48
BJM-HSC2-10,8,"['A375', 'A549', 'HA1E', 'HCC515', 'HT29', 'MCF7', 'PC3', 'VCAP']",11
BMS-182874,8,"['A375', 'A549', 'HA1E', 'HCC515', 'HT29', 'MCF7', 'PC3', 'VCAP']",15
BIBU-1361,8,"['A375', 'A549', 'HA1E', 'HCC515', 'HT29', 'MCF7', 'PC3', 'VCAP']",15
BRD-K89009594,8,"['A375', 'A549', 'HA1E', 'HCC515', 'HT29', 'MCF7', 'PC3', 'VCAP']",15
BRD-K89059493,8,"['A375', 'A549', 'HCC515', 'HEPG2', 'HT29', 'MCF7', 'PC3', 'VCAP']",12
BRD-K89097220,8,"['A375', 'A549', 'HA1E', 'HCC515', 'HEPG2', 'HT29', 'MCF7', 'PC3']",48
BRD-K83493571,8,"['A375', 'A549', 'HA1E', 'HCC515', 'HEPG2', 'HT29', 'MCF7', 'PC3']",48
BRD-K40175949,8,"['A375', 'A549', 'HCC515', 'HEPG2', 'HT29', 'MCF7', 'PC3', 'VCAP']",12
BRD-K40185230,8,"['A375', 'A549', 'HT29', 'MCF7', 'NEU', 'NPC', 'PC3', 'VCAP']",13
BRD-K40224283,8,"['A375', 'A549', 'HA1E', 'HCC515', 'HT29', 'MCF7', 'PC3', 'VCAP']",15
azathioprine,8,"['A375', 'A549', 'HA1E', 'HCC515', 'HT29', 'MCF7', 'PC3', 'VCAP']",32
cimaterol,8,"['A375', 'A549', 'HA1E', 'HCC515', 'HT29', 'MCF7', 'PC3', 'VCAP']",15
BRD-K88329126,8,"['A375', 'A549', 'ASC', 'HT29', 'MCF7', 'NPC', 'PHH', 'SKB']",10
BRD-K88622704,8,"['A375', 'A549', 'HCC515', 'HEPG2', 'HT29', 'MCF7', 'PC3', 'VCAP']",12
BRD-K88668773,8,"['A375', 'A549', 'HCC515', 'HEPG2', 'HT29', 'MCF7', 'PC3', 'VCAP']",12
BRD-K84024786,8,"['A375', 'A549', 'HT29', 'MCF7', 'NEU', 'NPC', 'PC3', 'VCAP']",9
Ala-Ala-Phe-CMK,8,"['A375', 'A549', 'HA1E', 'HCC515', 'HT29', 'MCF7', 'PC3', 'VCAP']",15
ARG-CSC2-40,8,"['A375', 'A549', 'HA1E', 'HCC515', 'HT29', 'MCF7', 'PC3', 'VCAP']",11
ARG-TC-41,8,"['A375', 'A549', 'HA1E', 'HCC515', 'HT29', 'MCF7', 'PC3', 'VCAP']",26
BRD-K88707333,8,"['A375', 'A549', 'HCC515', 'HEPG2', 'HT29', 'MCF7', 'PC3', 'VCAP']",12
BRD-K88761633,8,"['A375', 'A549', 'HCC515', 'HEPG2', 'HT29', 'MCF7', 'PC3', 'VCAP']",12
BRD-K88822846,8,"['A375', 'A549', 'HT29', 'MCF7', 'NEU', 'NPC', 'PC3', 'VCAP']",13
BRD-K83631404,8,"['A375', 'A549', 'HT29', 'MCF7', 'NEU', 'NPC', 'PC3', 'VCAP']",9
BRD-K39504007,8,"['A375', 'A549', 'HT29', 'MCF7', 'NEU', 'NPC', 'PC3', 'VCAP']",11
BRD-K39507792,8,"['A375', 'A549', 'HCC515', 'HEPG2', 'HT29', 'MCF7', 'PC3', 'VCAP']",12
BRD-K36111767,8,"['A375', 'A549', 'HCC515', 'HEPG2', 'HT29', 'MCF7', 'PC3', 'VCAP']",12
chromanol,8,"['A375', 'A549', 'HA1E', 'HCC515', 'HT29', 'MCF7', 'PC3', 'VCAP']",15
BRD-K39522184,8,"['A375', 'A549', 'HA1E', 'HCC515', 'HT29', 'MCF7', 'PC3', 'VCAP']",15
chlortetracycline,8,"['A375', 'A549', 'HA1E', 'HCC515', 'HT29', 'MCF7', 'PC3', 'VCAP']",18
BRD-K36287933,8,"['A375', 'A549', 'HA1E', 'HCC515', 'HT29', 'MCF7', 'PC3', 'VCAP']",15
BRD-K36313546,8,"['A375', 'A549', 'HT29', 'MCF7', 'NEU', 'NPC', 'PC3', 'VCAP']",12
BRD-K36333904,8,"['A375', 'A549', 'HT29', 'MCF7', 'NEU', 'NPC', 'PC3', 'VCAP']",9
BRD-K35920785,8,"['A375', 'A549', 'HA1E', 'HCC515', 'HT29', 'MCF7', 'PC3', 'VCAP']",15
berbamine,8,"['A375', 'A549', 'HA1E', 'HCC515', 'HT29', 'MCF7', 'PC3', 'VCAP']",15
BRD-K39208132,8,"['A375', 'A549', 'HA1E', 'HCC515', 'HT29', 'MCF7', 'PC3', 'VCAP']",15
BRD-K39284479,8,"['A375', 'A549', 'HT29', 'MCF7', 'NEU', 'NPC', 'PC3', 'VCAP']",9
BRD-K39318886,8,"['A375', 'A549', 'HCC515', 'HEPG2', 'HT29', 'MCF7', 'PC3', 'VCAP']",12
BRD-K88114920,8,"['A375', 'A549', 'HT29', 'MCF7', 'NEU', 'NPC', 'PC3', 'VCAP']",9
BRD-K88198340,8,"['A375', 'A549', 'HA1E', 'HCC515', 'HT29', 'MCF7', 'PC3', 'VCAP']",15
BRD-K84203638,8,"['A375', 'A549', 'HA1E', 'HCC515', 'HT29', 'MCF7', 'PC3', 'VCAP']",30
BRD-K84245233,8,"['A375', 'A549', 'HEPG2', 'HT29', 'HUH7', 'MCF7', 'PHH', 'VCAP']",18
BRD-K84301121,8,"['A375', 'A549', 'HCC515', 'HEPG2', 'HT29', 'MCF7', 'PC3', 'VCAP']",12
BRD-K88278225,8,"['A375', 'A549', 'HA1E', 'HCC515', 'HT29', 'MCF7', 'PC3', 'VCAP']",15
BRD-K88279116,8,"['A375', 'A549', 'HT29', 'MCF7', 'NEU', 'NPC', 'PC3', 'VCAP']",13
BRD-K36462169,8,"['A375', 'A549', 'HT29', 'MCF7', 'NEU', 'NPC', 'PC3', 'VCAP']",9
BRD-K36665199,8,"['A375', 'A549', 'HCC515', 'HEPG2', 'HT29', 'MCF7', 'PC3', 'VCAP']",12
chelidonine,8,"['A375', 'A549', 'HA1E', 'HCC515', 'HT29', 'MCF7', 'PC3', 'VCAP']",23
chloramphenicol,8,"['A375', 'A549', 'HA1E', 'HCC515', 'HT29', 'MCF7', 'PC3', 'VCAP']",14
bimatoprost,8,"['A375', 'A549', 'HA1E', 'HCC515', 'HT29', 'MCF7', 'PC3', 'VCAP']",11
BRD-K84651951,8,"['A375', 'A549', 'HT29', 'MCF7', 'NEU', 'NPC', 'PC3', 'VCAP']",9
AT-9283,8,"['A375', 'A549', 'HA1E', 'HCC515', 'HEPG2', 'HT29', 'MCF7', 'PC3']",48
AT-CSC-07,8,"['A375', 'A549', 'HCC515', 'HEPG2', 'HT29', 'MCF7', 'PC3', 'VCAP']",12
AT-CSC-18,8,"['A375', 'A549', 'HCC515', 'HEPG2', 'HT29', 'MCF7', 'PC3', 'VCAP']",12
ARC-239,8,"['A375', 'A549', 'HA1E', 'HCC515', 'HT29', 'MCF7', 'PC3', 'VCAP']",15
BRD-K87779281,8,"['A375', 'A549', 'HA1E', 'HCC515', 'HT29', 'MCF7', 'PC3', 'VCAP']",11
BRD-K87838848,8,"['A375', 'A549', 'HT29', 'MCF7', 'NEU', 'NPC', 'PC3', 'VCAP']",9
BRD-K87920375,8,"['A375', 'A549', 'HT29', 'MCF7', 'NEU', 'NPC', 'PC3', 'VCAP']",12
BRD-K87964538,8,"['A375', 'A549', 'HA1E', 'HCC515', 'HT29', 'MCF7', 'PC3', 'VCAP']",15
benzyl-quinazolin-4-yl-amine,8,"['A375', 'A549', 'HA1E', 'HCC515', 'HT29', 'MCF7', 'PC3', 'VCAP']",15
chlorphenesin-carbamate,8,"['A375', 'A549', 'HA1E', 'HCC515', 'HT29', 'MCF7', 'PC3', 'VCAP']",18
BRD-K38622866,8,"['A375', 'A549', 'HT29', 'MCF7', 'NEU', 'NPC', 'PC3', 'VCAP']",11
BRD-K84881516,8,"['A375', 'A549', 'HCC515', 'HEPG2', 'HT29', 'MCF7', 'PC3', 'VCAP']",12
BRD-K86992982,8,"['A375', 'A549', 'HCC515', 'HEPG2', 'HT29', 'MCF7', 'PC3', 'VCAP']",12
BRD-K87252271,8,"['A375', 'A549', 'HT29', 'MCF7', 'NEU', 'NPC', 'PC3', 'VCAP']",13
BRD-K87338781,8,"['A375', 'A549', 'HCC515', 'HEPG2', 'HT29', 'MCF7', 'PC3', 'VCAP']",12
BRD-K87340398,8,"['A375', 'A549', 'HT29', 'MCF7', 'NEU', 'NPC', 'PC3', 'VCAP']",9
BRD-K87403606,8,"['A375', 'A549', 'HCC515', 'HEPG2', 'HT29', 'MCF7', 'PC3', 'VCAP']",12
BRD-K87536251,8,"['A375', 'A549', 'HT29', 'MCF7', 'NEU', 'NPC', 'PC3', 'VCAP']",12
BRD-K87657228,8,"['A375', 'A549', 'HA1E', 'HCC515', 'HT29', 'MCF7', 'PC3', 'VCAP']",15
BRD-K87726525,8,"['A375', 'A549', 'HCC515', 'HEPG2', 'HT29', 'MCF7', 'PC3', 'VCAP']",12
BRD-K84528570,8,"['A375', 'A549', 'HT29', 'MCF7', 'NEU', 'NPC', 'PC3', 'VCAP']",13
BRD-K39345836,8,"['A375', 'A549', 'HA1E', 'HCC515', 'HT29', 'MCF7', 'PC3', 'VCAP']",15
bergenin,8,"['A375', 'A549', 'HA1E', 'HCC515', 'HT29', 'MCF7', 'PC3', 'VCAP']",15
bethanechol,8,"['A375', 'A549', 'HA1E', 'HCC515', 'HT29', 'MCF7', 'PC3', 'VCAP']",15
ceramide,8,"['A375', 'A549', 'HA1E', 'HCC515', 'HT29', 'MCF7', 'PC3', 'VCAP']",30
cercosporin,8,"['A375', 'A549', 'HA1E', 'HCC515', 'HT29', 'MCF7', 'PC3', 'VCAP']",15
captopril,8,"['A375', 'A549', 'HA1E', 'HCC515', 'HT29', 'MCF7', 'PC3', 'VCAP']",14
BRD-K37303684,8,"['A375', 'A549', 'HT29', 'MCF7', 'NEU', 'NPC', 'PC3', 'VCAP']",11
BRD-K37372998,8,"['A375', 'A549', 'HA1E', 'HCC515', 'HT29', 'MCF7', 'PC3', 'VCAP']",15
BRD-K85194284,8,"['A375', 'A549', 'HT29', 'MCF7', 'NEU', 'NPC', 'PC3', 'VCAP']",11
BRD-K85197047,8,"['A375', 'A549', 'HT29', 'MCF7', 'NEU', 'NPC', 'PC3', 'VCAP']",9
BRD-K85205404,8,"['A375', 'A549', 'HT29', 'MCF7', 'NEU', 'NPC', 'PC3', 'VCAP']",13
AG-99,8,"['A375', 'A549', 'HA1E', 'HCC515', 'HT29', 'MCF7', 'PC3', 'VCAP']",15
BRD-K85275009,8,"['A375', 'A549', 'HA1E', 'HCC515', 'HT29', 'MCF7', 'PC3', 'VCAP']",15
BRD-K84855138,8,"['A375', 'A549', 'HA1E', 'HCC515', 'HT29', 'MCF7', 'PC3', 'VCAP']",15
BRD-K84864079,8,"['A375', 'A549', 'HCC515', 'HEPG2', 'HT29', 'MCF7', 'PC3', 'VCAP']",12
BRD-K36796217,8,"['A375', 'A549', 'HT29', 'MCF7', 'NEU', 'NPC', 'PC3', 'VCAP']",13
BRD-K36864553,8,"['A375', 'A549', 'HT29', 'MCF7', 'NEU', 'NPC', 'PC3', 'VCAP']",14
BRD-K36928794,8,"['A375', 'A549', 'HT29', 'MCF7', 'NEU', 'NPC', 'PC3', 'VCAP']",12
cefoxitin,8,"['A375', 'A549', 'HA1E', 'HCC515', 'HT29', 'MCF7', 'PC3', 'VCAP']",15
cefuroxime,8,"['A375', 'A549', 'HA1E', 'HCC515', 'HT29', 'MCF7', 'PC3', 'VCAP']",15
bosentan,8,"['A375', 'A549', 'HA1E', 'HCC515', 'HT29', 'MCF7', 'PC3', 'VCAP']",15
10H-phenothiazin-10-yl)(p-tolyl)methanone,8,"['A375', 'A549', 'HA1E', 'HCC515', 'HT29', 'MCF7', 'PC3', 'VCAP']",15
5-aminolevulinic-acid,8,"['A375', 'A549', 'HA1E', 'HCC515', 'HT29', 'MCF7', 'PC3', 'VCAP']",11
BRD-K86273012,8,"['A375', 'A549', 'HCC515', 'HEPG2', 'HT29', 'MCF7', 'PC3', 'VCAP']",12
BRD-K86336638,8,"['A375', 'A549', 'HEPG2', 'HT29', 'HUH7', 'MCF7', 'PHH', 'VCAP']",18
BRD-K86456986,8,"['A375', 'A549', 'HA1E', 'HCC515', 'HT29', 'MCF7', 'PC3', 'VCAP']",15
BRD-K86522396,8,"['A375', 'A549', 'HT29', 'MCF7', 'NEU', 'NPC', 'PC3', 'VCAP']",9
BRD-K37060179,8,"['A375', 'A549', 'HT29', 'MCF7', 'NEU', 'NPC', 'PC3', 'VCAP']",9
BRD-K37061750,8,"['A375', 'A549', 'HA1E', 'HCC515', 'HT29', 'MCF7', 'PC3', 'VCAP']",15
BRD-K37088230,8,"['A375', 'A549', 'HT29', 'MCF7', 'NEU', 'NPC', 'PC3', 'VCAP']",13
BRD-K37413063,8,"['A375', 'A549', 'HA1E', 'HCC515', 'HT29', 'MCF7', 'PC3', 'VCAP']",15
BRD-K37498076,8,"['A375', 'A549', 'HCC515', 'HEPG2', 'HT29', 'MCF7', 'PC3', 'VCAP']",12
calyculin,8,"['A375', 'A549', 'HA1E', 'HCC515', 'HT29', 'MCF7', 'PC3', 'VCAP']",15
BRD-K38024133,8,"['A375', 'A549', 'HT29', 'MCF7', 'NEU', 'NPC', 'PC3', 'VCAP']",13
BRD-K38061943,8,"['A375', 'A549', 'HCC515', 'HEPG2', 'HT29', 'MCF7', 'PC3', 'VCAP']",12
BRD-K38144109,8,"['A375', 'A549', 'HA1E', 'HCC515', 'HT29', 'MCF7', 'PC3', 'VCAP']",11
BRD-K38294617,8,"['A375', 'A549', 'HT29', 'MCF7', 'NEU', 'NPC', 'PC3', 'VCAP']",13
molindone,8,"['A375', 'A549', 'HA1E', 'HCC515', 'HT29', 'MCF7', 'PC3', 'VCAP']",30
micropenin,8,"['A375', 'A549', 'HA1E', 'HCC515', 'HT29', 'MCF7', 'PC3', 'VCAP']",11
mifobate,8,"['A375', 'A549', 'HA1E', 'HCC515', 'HT29', 'MCF7', 'PC3', 'VCAP']",15
minaprine,8,"['A375', 'A549', 'HA1E', 'HCC515', 'HT29', 'MCF7', 'PC3', 'VCAP']",18
BRD-K18396390,8,"['A375', 'A549', 'HT29', 'MCF7', 'NEU', 'NPC', 'PC3', 'VCAP']",14
BRD-K57638192,8,"['A375', 'A549', 'HT29', 'MCF7', 'NEU', 'NPC', 'PC3', 'VCAP']",11
PETCM,8,"['A375', 'A549', 'HA1E', 'HCC515', 'HT29', 'MCF7', 'PC3', 'VCAP']",15
BRD-K17554130,8,"['A375', 'A549', 'HT29', 'MCF7', 'NEU', 'NPC', 'PC3', 'VCAP']",11
BRD-K17817744,8,"['A375', 'A549', 'HT29', 'MCF7', 'NEU', 'NPC', 'PC3', 'VCAP']",13
montelukast,8,"['A375', 'A549', 'HA1E', 'HCC515', 'HT29', 'MCF7', 'PC3', 'VCAP']",26
moracizine,8,"['A375', 'A549', 'HA1E', 'HCC515', 'HT29', 'MCF7', 'PC3', 'VCAP']",19
mupirocin,8,"['A375', 'A549', 'HA1E', 'HCC515', 'HT29', 'MCF7', 'PC3', 'VCAP']",11
PD-158780,8,"['A375', 'A549', 'HA1E', 'HCC515', 'HT29', 'MCF7', 'PC3', 'VCAP']",15
BRD-K57930080,8,"['A375', 'A549', 'HA1E', 'HCC515', 'HT29', 'MCF7', 'PC3', 'VCAP']",15
BRD-K57962577,8,"['A375', 'A549', 'HT29', 'MCF7', 'NEU', 'NPC', 'PC3', 'VCAP']",12
zafirlukast,8,"['A375', 'A549', 'HA1E', 'HCC515', 'HT29', 'MCF7', 'PC3', 'VCAP']",26
BIX-02189,7,"['BT20', 'HS578T', 'MCF10A', 'MCF7', 'MDAMB231', 'SKBR3', 'VCAP']",54
A-23187,7,"['FIBRNPC', 'HEPG2', 'HUH7', 'NEU', 'NPC', 'PHH', 'VCAP']",21
AF-DX-116,7,"['A375', 'A549', 'HA1E', 'HT29', 'MCF7', 'PC3', 'VCAP']",11
5-FP,7,"['A375', 'A549', 'HA1E', 'HT29', 'MCF7', 'PC3', 'VCAP']",11
BRD-K00540336,7,"['A375', 'A549', 'HT29', 'MCF7', 'NEU', 'NPC', 'PC3']",12
BRD-K00141503,7,"['A375', 'A549', 'HT29', 'MCF7', 'NEU', 'NPC', 'PC3']",12
valaciclovir,7,"['A375', 'A549', 'HA1E', 'HT29', 'MCF7', 'PC3', 'VCAP']",15
BRD-K00409771,7,"['A375', 'A549', 'HT29', 'MCF7', 'NEU', 'NPC', 'PC3']",12
BRD-K00859238,7,"['A375', 'A549', 'HT29', 'MCF7', 'NEU', 'NPC', 'PC3']",12
urapidil,7,"['A375', 'A549', 'HA1E', 'HT29', 'MCF7', 'PC3', 'VCAP']",15
BRD-K01477275,7,"['A375', 'A549', 'HT29', 'MCF7', 'NEU', 'NPC', 'PC3']",12
trimebutine,7,"['A375', 'A549', 'HA1E', 'HT29', 'MCF7', 'PC3', 'VCAP']",11
troxipide,7,"['A375', 'A549', 'HA1E', 'HT29', 'MCF7', 'PC3', 'VCAP']",11
BRD-K01896723,7,"['A375', 'A549', 'HCC515', 'HEPG2', 'HT29', 'MCF7', 'PC3']",10
triclabendazole,7,"['A375', 'A549', 'HA1E', 'HT29', 'MCF7', 'PC3', 'VCAP']",11
BRD-K03006541,7,"['A375', 'A549', 'HT29', 'MCF7', 'NEU', 'NPC', 'PC3']",12
tosufloxacin,7,"['A375', 'A549', 'HA1E', 'HT29', 'MCF7', 'PC3', 'VCAP']",15
BRD-K03641022,7,"['A375', 'A549', 'HT29', 'MCF7', 'NEU', 'NPC', 'PC3']",12
tolterodine,7,"['A375', 'A549', 'HA1E', 'HT29', 'MCF7', 'PC3', 'VCAP']",11
topiramate,7,"['A375', 'A549', 'HA1E', 'HT29', 'MCF7', 'PC3', 'VCAP']",15
tiagabine,7,"['A375', 'A549', 'HA1E', 'HT29', 'MCF7', 'PC3', 'VCAP']",11
thiazolidinecarboxylic-acid,7,"['A375', 'A549', 'HA1E', 'HT29', 'MCF7', 'PC3', 'VCAP']",11
taxifolin,7,"['A375', 'A549', 'HA1E', 'HT29', 'MCF7', 'PC3', 'VCAP']",22
tegafur,7,"['A375', 'A549', 'HA1E', 'HT29', 'MCF7', 'PC3', 'VCAP']",11
BRD-K05978741,7,"['A375', 'A549', 'HT29', 'MCF7', 'NEU', 'NPC', 'PC3']",12
targinine,7,"['A375', 'A549', 'HA1E', 'HT29', 'MCF7', 'PC3', 'VCAP']",11
BRD-K05778745,7,"['A375', 'A549', 'HT29', 'MCF7', 'NEU', 'NPC', 'PC3']",10
sulfasalazine,7,"['A375', 'A549', 'HA1E', 'HT29', 'MCF7', 'PC3', 'VCAP']",15
sumatriptan,7,"['A375', 'A549', 'HA1E', 'HT29', 'MCF7', 'PC3', 'VCAP']",15
BRD-K06816133,7,"['A375', 'A549', 'HT29', 'MCF7', 'NEU', 'NPC', 'PC3']",12
BRD-K06898795,7,"['A375', 'A549', 'HT29', 'MCF7', 'NEU', 'NPC', 'PC3']",12
sibutramine,7,"['A375', 'A549', 'HA1E', 'HT29', 'MCF7', 'PC3', 'VCAP']",26
secnidazole,7,"['A375', 'A549', 'HA1E', 'HT29', 'MCF7', 'PC3', 'VCAP']",15
BRD-K85174275,7,"['A375', 'A549', 'HT29', 'MCF7', 'NEU', 'NPC', 'PC3']",12
BRD-K85236313,7,"['A375', 'A549', 'HT29', 'MCF7', 'NEU', 'NPC', 'PC3']",12
roxatidine-acetate,7,"['A375', 'A549', 'HA1E', 'HT29', 'MCF7', 'PC3', 'VCAP']",15
rufloxacin,7,"['A375', 'A549', 'HA1E', 'HT29', 'MCF7', 'PC3', 'VCAP']",15
salbutamol,7,"['A375', 'A549', 'HA1E', 'HT29', 'MCF7', 'PC3', 'VCAP']",14
BRD-K08443710,7,"['A375', 'A549', 'HT29', 'MCF7', 'NEU', 'NPC', 'PC3']",10
rifaximin,7,"['A375', 'A549', 'HA1E', 'HT29', 'MCF7', 'PC3', 'VCAP']",11
BRD-K09295900,7,"['A375', 'A549', 'HA1E', 'HT29', 'MCF7', 'PC3', 'VCAP']",11
BRD-K08982647,7,"['A375', 'A549', 'HT29', 'MCF7', 'NEU', 'NPC', 'PC3']",9
rabeprazole,7,"['A375', 'A549', 'HA1E', 'HT29', 'MCF7', 'PC3', 'VCAP']",15
BRD-K09957764,7,"['A375', 'A549', 'HT29', 'MCF7', 'NEU', 'NPC', 'PC3']",10
BRD-K12124649,7,"['A375', 'A549', 'HT29', 'MCF7', 'NEU', 'NPC', 'PC3']",12
pramipexole,7,"['A375', 'A549', 'HA1E', 'HT29', 'MCF7', 'PC3', 'VCAP']",26
polydatin,7,"['A375', 'A549', 'HA1E', 'HT29', 'MCF7', 'PC3', 'VCAP']",11
BRD-K12916986,7,"['A375', 'A549', 'HT29', 'MCF7', 'NEU', 'NPC', 'PC3']",12
pidotimod,7,"['A375', 'A549', 'HA1E', 'HT29', 'MCF7', 'PC3', 'VCAP']",11
BRD-K87125912,7,"['A375', 'A549', 'HT29', 'MCF7', 'NEU', 'NPC', 'PC3']",12
BRD-K87313043,7,"['A375', 'A549', 'HT29', 'MCF7', 'NEU', 'NPC', 'PC3']",12
pilocarpine,7,"['A375', 'A549', 'HA1E', 'HT29', 'MCF7', 'PC3', 'VCAP']",15
BRD-K14095788,7,"['A375', 'A549', 'HT29', 'MCF7', 'NEU', 'NPC', 'PC3']",12
phorbol-myristate-acetate,7,"['CD34', 'HEPG2', 'HL60', 'HUH7', 'PC3', 'PHH', 'U937']",39
phenprobamate,7,"['A375', 'A549', 'HA1E', 'HT29', 'MCF7', 'PC3', 'VCAP']",11
BRD-K14749055,7,"['A375', 'HCC515', 'HEPG2', 'HT29', 'MCF7', 'PC3', 'VCAP']",11
penciclovir,7,"['A375', 'A549', 'HA1E', 'HT29', 'MCF7', 'PC3', 'VCAP']",15
perospirone,7,"['A375', 'A549', 'HA1E', 'HT29', 'MCF7', 'PC3', 'VCAP']",11
BRD-K14352739,7,"['A375', 'A549', 'HT29', 'MCF7', 'NEU', 'NPC', 'PC3']",10
BRD-K14475668,7,"['A375', 'A549', 'HT29', 'MCF7', 'NPC', 'PC3', 'VCAP']",12
parecoxib,7,"['A375', 'A549', 'HA1E', 'HT29', 'MCF7', 'PC3', 'VCAP']",11
pazufloxacin,7,"['A375', 'A549', 'HA1E', 'HT29', 'MCF7', 'PC3', 'VCAP']",11
pefloxacin,7,"['A375', 'A549', 'HA1E', 'HT29', 'MCF7', 'PC3', 'VCAP']",15
BRD-K15277331,7,"['A375', 'A549', 'HT29', 'MCF7', 'NEU', 'NPC', 'PC3']",10
oxymetholone,7,"['A375', 'A549', 'HA1E', 'HT29', 'MCF7', 'PC3', 'VCAP']",14
pancuronium,7,"['A375', 'A549', 'HA1E', 'HT29', 'MCF7', 'PC3', 'VCAP']",15
BRD-K15918270,7,"['A375', 'A549', 'HT29', 'MCF7', 'NEU', 'NPC', 'PC3']",12
orlistat,7,"['A375', 'A549', 'HA1E', 'HT29', 'MCF7', 'PC3', 'VCAP']",11
ormetoprim,7,"['A375', 'A549', 'HA1E', 'HT29', 'MCF7', 'PC3', 'VCAP']",11
oxcarbazepine,7,"['A375', 'A549', 'HA1E', 'HT29', 'MCF7', 'PC3', 'VCAP']",15
oxiconazole,7,"['A375', 'A549', 'HA1E', 'HT29', 'MCF7', 'PC3', 'VCAP']",15
BRD-K15524596,7,"['A375', 'A549', 'HT29', 'MCF7', 'NEU', 'NPC', 'PC3']",12
olanzapine,7,"['A375', 'A549', 'HA1E', 'HT29', 'MCF7', 'PC3', 'VCAP']",15
oligomycin-c,7,"['A375', 'A549', 'HA1E', 'HT29', 'MCF7', 'PC3', 'VCAP']",11
olmesartan,7,"['A375', 'A549', 'HA1E', 'HT29', 'MCF7', 'PC3', 'VCAP']",11
nornicotine,7,"['A375', 'A549', 'HA1E', 'HT29', 'MCF7', 'PC3', 'VCAP']",11
nisoldipine,7,"['A375', 'A549', 'HA1E', 'HT29', 'MCF7', 'PC3', 'VCAP']",15
nitazoxanide,7,"['A375', 'A549', 'HA1E', 'HT29', 'MCF7', 'PC3', 'VCAP']",11
nitrazepam,7,"['A375', 'A549', 'HA1E', 'HT29', 'MCF7', 'PC3', 'VCAP']",11
nicorandil,7,"['A375', 'A549', 'HA1E', 'HT29', 'MCF7', 'PC3', 'VCAP']",14
nifekalant,7,"['A375', 'A549', 'HA1E', 'HT29', 'MCF7', 'PC3', 'VCAP']",11
nimetazepam,7,"['A375', 'A549', 'HA1E', 'HT29', 'MCF7', 'PC3', 'VCAP']",11
BRD-K87790979,7,"['A375', 'A549', 'HT29', 'MCF7', 'NEU', 'NPC', 'PC3']",12
BRD-K16769902,7,"['A375', 'A549', 'HT29', 'MCF7', 'NEU', 'NPC', 'PC3']",12
BRD-K16827616,7,"['A375', 'A549', 'HT29', 'MCF7', 'NEU', 'NPC', 'PC3']",10
naftopidil,7,"['A375', 'A549', 'HA1E', 'HT29', 'MCF7', 'PC3', 'VCAP']",15
nandrolone,7,"['A375', 'A549', 'HA1E', 'HT29', 'MCF7', 'PC3', 'VCAP']",11
BRD-K18300217,7,"['A375', 'A549', 'HT29', 'MCF7', 'NEU', 'NPC', 'PC3']",12
BRD-K17874705,7,"['A375', 'A549', 'HA1E', 'HT29', 'MCF7', 'PC3', 'VCAP']",11
BRD-K17890048,7,"['A375', 'A549', 'HT29', 'MCF7', 'NEU', 'NPC', 'PC3']",10
moclobemide,7,"['A375', 'A549', 'HA1E', 'HT29', 'MCF7', 'PC3', 'VCAP']",14
metronidazole,7,"['A375', 'A549', 'HA1E', 'HT29', 'MCF7', 'PC3', 'VCAP']",11
midazolam,7,"['A375', 'A549', 'HA1E', 'HT29', 'MCF7', 'PC3', 'VCAP']",11
miglitol,7,"['A375', 'A549', 'HA1E', 'HT29', 'MCF7', 'PC3', 'VCAP']",15
milnacipran,7,"['A375', 'A549', 'HA1E', 'HT29', 'MCF7', 'PC3', 'VCAP']",11
BRD-K18747403,7,"['A375', 'A549', 'HT29', 'MCF7', 'NEU', 'NPC', 'PC3']",12
BRD-K18814836,7,"['A375', 'A549', 'HT29', 'MCF7', 'NEU', 'NPC', 'PC3']",12
BRD-K84797952,7,"['A375', 'A549', 'HT29', 'MCF7', 'NEU', 'NPC', 'PC3']",11
BRD-K18972207,7,"['A375', 'A549', 'HT29', 'MCF7', 'NEU', 'NPC', 'PC3']",12
BRD-K19436903,7,"['A375', 'A549', 'HT29', 'MCF7', 'NEU', 'NPC', 'PC3']",12
mestanolone,7,"['A375', 'A549', 'HA1E', 'HT29', 'MCF7', 'PC3', 'VCAP']",11
methandriol,7,"['A375', 'A549', 'HA1E', 'HT29', 'MCF7', 'PC3', 'VCAP']",11
mesalazine,7,"['A375', 'A549', 'HA1E', 'HT29', 'MCF7', 'PC3', 'VCAP']",15
BRD-K20109053,7,"['A375', 'A549', 'HT29', 'MCF7', 'NEU', 'NPC', 'PC3']",12
BRD-K20168484,7,"['A375', 'A549', 'HA1E', 'HT29', 'MCF7', 'PC3', 'VCAP']",11
mecillinam,7,"['A375', 'A549', 'HA1E', 'HT29', 'MCF7', 'PC3', 'VCAP']",11
BRD-K19888970,7,"['A375', 'A549', 'HT29', 'MCF7', 'NEU', 'NPC', 'PC3']",12
loratadine,7,"['A375', 'A549', 'HA1E', 'HT29', 'MCF7', 'PC3', 'VCAP']",15
lorazepam,7,"['A375', 'A549', 'HA1E', 'HT29', 'MCF7', 'PC3', 'VCAP']",11
loteprednol,7,"['A375', 'A549', 'HA1E', 'HT29', 'MCF7', 'PC3', 'VCAP']",11
loxoprofen,7,"['A375', 'A549', 'HA1E', 'HT29', 'MCF7', 'PC3', 'VCAP']",11
BRD-K20490522,7,"['A375', 'A549', 'HT29', 'MCF7', 'NEU', 'NPC', 'PC3']",12
lobeline,7,"['A375', 'A549', 'HA1E', 'HT29', 'MCF7', 'PC3', 'VCAP']",11
lofepramine,7,"['A375', 'A549', 'HA1E', 'HT29', 'MCF7', 'PC3', 'VCAP']",11
lomerizine,7,"['A375', 'A549', 'HA1E', 'HT29', 'MCF7', 'PC3', 'VCAP']",11
lomifylline,7,"['A375', 'A549', 'HA1E', 'HT29', 'MCF7', 'PC3', 'VCAP']",11
BRD-K21498052,7,"['A375', 'A549', 'HT29', 'MCF7', 'NEU', 'NPC', 'PC3']",12
BRD-K88373420,7,"['A375', 'A549', 'HT29', 'MCF7', 'NEU', 'NPC', 'PC3']",12
levetiracetam,7,"['A375', 'A549', 'HA1E', 'HT29', 'MCF7', 'PC3', 'VCAP']",15
levocetirizine,7,"['A375', 'A549', 'HA1E', 'HT29', 'MCF7', 'PC3', 'VCAP']",11
levofloxacin,7,"['A375', 'A549', 'HA1E', 'HT29', 'MCF7', 'PC3', 'VCAP']",11
levosulpiride,7,"['A375', 'A549', 'HA1E', 'HT29', 'MCF7', 'PC3', 'VCAP']",11
lacidipine,7,"['A375', 'A549', 'HA1E', 'HT29', 'MCF7', 'PC3', 'VCAP']",15
latanoprost,7,"['A375', 'A549', 'HA1E', 'HT29', 'MCF7', 'PC3', 'VCAP']",11
BRD-K21374126,7,"['A375', 'A549', 'HT29', 'MCF7', 'NEU', 'NPC', 'PC3']",10
kitasamycin,7,"['A375', 'A549', 'HA1E', 'HT29', 'MCF7', 'PC3', 'VCAP']",11
isoquercetin,7,"['A375', 'A549', 'HA1E', 'HT29', 'MCF7', 'PC3', 'VCAP']",11
itopride,7,"['A375', 'A549', 'HA1E', 'HT29', 'MCF7', 'PC3', 'VCAP']",15
ipidacrine,7,"['A375', 'A549', 'HA1E', 'HT29', 'MCF7', 'PC3', 'VCAP']",11
ipriflavone,7,"['A375', 'A549', 'HA1E', 'HT29', 'MCF7', 'PC3', 'VCAP']",11
BRD-K23319301,7,"['A375', 'A549', 'HT29', 'MCF7', 'NEU', 'NPC', 'PC3']",12
BRD-K23488072,7,"['A375', 'A549', 'HT29', 'MCF7', 'NEU', 'NPC', 'PC3']",12
indatraline,7,"['A375', 'A549', 'HA1E', 'HT29', 'MCF7', 'PC3', 'VCAP']",11
indinavir,7,"['A375', 'A549', 'HA1E', 'HT29', 'MCF7', 'PC3', 'VCAP']",11
idebenone,7,"['A375', 'A549', 'HA1E', 'HT29', 'MCF7', 'PC3', 'VCAP']",15
ifenprodil,7,"['A375', 'A549', 'HA1E', 'HT29', 'MCF7', 'PC3', 'VCAP']",14
hyperoside,7,"['A375', 'A549', 'HA1E', 'HT29', 'MCF7', 'PC3', 'VCAP']",11
BRD-K24698610,7,"['A375', 'A549', 'HT29', 'MCF7', 'NEU', 'NPC', 'PC3']",12
honokiol,7,"['A375', 'A549', 'HA1E', 'HT29', 'MCF7', 'PC3', 'VCAP']",11
halometasone,7,"['A375', 'A549', 'HA1E', 'HT29', 'MCF7', 'PC3', 'VCAP']",11
hexamethylenebisacetamide,7,"['A375', 'A549', 'HA1E', 'HT29', 'MCF7', 'PC3', 'VCAP']",11
BRD-K25828886,7,"['A375', 'A549', 'HT29', 'MCF7', 'NEU', 'NPC', 'PC3']",12
BRD-K26359746,7,"['A375', 'A549', 'HT29', 'MCF7', 'NEU', 'NPC', 'PC3']",12
flucytosine,7,"['A375', 'A549', 'HA1E', 'HT29', 'MCF7', 'PC3', 'VCAP']",15
BRD-K27305388,7,"['A375', 'A549', 'HA1E', 'HT29', 'MCF7', 'PC3', 'VCAP']",11
fenpiverinium,7,"['A375', 'A549', 'HA1E', 'HT29', 'MCF7', 'PC3', 'VCAP']",11
flubendazole,7,"['A375', 'A549', 'HA1E', 'HT29', 'MCF7', 'PC3', 'VCAP']",15
famotidine,7,"['A375', 'A549', 'HA1E', 'HT29', 'MCF7', 'PC3', 'VCAP']",14
BRD-K28138218,7,"['A375', 'A549', 'HT29', 'MCF7', 'NEU', 'NPC', 'PC3']",12
ethinylestradiol,7,"['A375', 'A549', 'HA1E', 'HT29', 'MCF7', 'PC3', 'VCAP']",15
ethylestrenol,7,"['A375', 'A549', 'HA1E', 'HT29', 'MCF7', 'PC3', 'VCAP']",11
esmolol,7,"['A375', 'A549', 'HA1E', 'HT29', 'MCF7', 'PC3', 'VCAP']",15
esomeprazole,7,"['A375', 'A549', 'HA1E', 'HT29', 'MCF7', 'PC3', 'VCAP']",11
BRD-K28934562,7,"['A375', 'A549', 'HT29', 'MCF7', 'NEU', 'NPC', 'PC3']",12
BRD-K30229575,7,"['A375', 'A549', 'HT29', 'MCF7', 'NEU', 'NPC', 'PC3']",12
enalaprilat,7,"['A375', 'A549', 'HA1E', 'HT29', 'MCF7', 'PC3', 'VCAP']",11
BRD-K30267135,7,"['A375', 'A549', 'HT29', 'MCF7', 'NEU', 'NPC', 'PC3']",12
efavirenz,7,"['A375', 'A549', 'HA1E', 'HT29', 'MCF7', 'PC3', 'VCAP']",15
BRD-K30934336,7,"['A375', 'A549', 'HT29', 'MCF7', 'NEU', 'NPC', 'PC3']",10
disulfiram,7,"['A375', 'A549', 'HA1E', 'HT29', 'MCF7', 'PC3', 'VCAP']",14
dofetilide,7,"['A375', 'A549', 'HA1E', 'HT29', 'MCF7', 'PC3', 'VCAP']",11
diphencyprone,7,"['A375', 'A549', 'HA1E', 'HT29', 'MCF7', 'PC3', 'VCAP']",11
diphenhydramine,7,"['A375', 'A549', 'HA1E', 'HT29', 'MCF7', 'PC3', 'VCAP']",14
diphenoxylate,7,"['A375', 'A549', 'HA1E', 'HT29', 'MCF7', 'PC3', 'VCAP']",11
BRD-K31949858,7,"['A375', 'A549', 'HT29', 'MCF7', 'NEU', 'NPC', 'PC3']",12
BRD-K32301393,7,"['A375', 'A549', 'HT29', 'MCF7', 'NEU', 'NPC', 'PC3']",10
dichloroacetic-acid,7,"['A375', 'A549', 'HA1E', 'HT29', 'MCF7', 'PC3', 'VCAP']",11
didanosine,7,"['A375', 'A549', 'HA1E', 'HT29', 'MCF7', 'PC3', 'VCAP']",14
desloratadine,7,"['A375', 'A549', 'HA1E', 'HT29', 'MCF7', 'PC3', 'VCAP']",15
dexbrompheniramine,7,"['A375', 'A549', 'HA1E', 'HT29', 'MCF7', 'PC3', 'VCAP']",11
dextrorphan,7,"['A375', 'A549', 'HA1E', 'HT29', 'MCF7', 'PC3', 'VCAP']",11
BRD-K33318635,7,"['A375', 'A549', 'HT29', 'MCF7', 'NEU', 'NPC', 'PC3']",12
BRD-K33928422,7,"['A375', 'A549', 'HT29', 'MCF7', 'NEU', 'NPC', 'PC3']",12
deferiprone,7,"['A375', 'A549', 'HA1E', 'HT29', 'MCF7', 'PC3', 'VCAP']",11
BRD-K33452357,7,"['A375', 'A549', 'HT29', 'MCF7', 'NEU', 'NPC', 'PC3']",10
cotinine,7,"['A375', 'A549', 'HA1E', 'HT29', 'MCF7', 'PC3', 'VCAP']",11
clotrimazole,7,"['A375', 'A549', 'HA1E', 'HT29', 'MCF7', 'PC3', 'VCAP']",14
clarithromycin,7,"['A375', 'A549', 'HA1E', 'HT29', 'MCF7', 'PC3', 'VCAP']",15
BRD-K88899793,7,"['A375', 'A549', 'HT29', 'MCF7', 'NEU', 'NPC', 'PC3']",12
clofazimine,7,"['A375', 'A549', 'HA1E', 'HT29', 'MCF7', 'PC3', 'VCAP']",14
cetraxate,7,"['A375', 'A549', 'HA1E', 'HT29', 'MCF7', 'PC3', 'VCAP']",11
BRD-K36232729,7,"['A375', 'A549', 'HT29', 'MCF7', 'NEU', 'NPC', 'PC3']",9
cefpodoxime,7,"['A375', 'A549', 'HA1E', 'HT29', 'MCF7', 'PC3', 'VCAP']",11
cephalexin,7,"['A375', 'A549', 'HA1E', 'HT29', 'MCF7', 'PC3', 'VCAP']",14
cerivastatin,7,"['A375', 'A549', 'HA1E', 'HT29', 'MCF7', 'PC3', 'VCAP']",11
BRD-K36984542,7,"['A375', 'A549', 'HT29', 'MCF7', 'NEU', 'NPC', 'PC3']",12
carmofur,7,"['A375', 'A549', 'HA1E', 'HT29', 'MCF7', 'PC3', 'VCAP']",11
cefatrizine,7,"['A375', 'A549', 'HA1E', 'HT29', 'MCF7', 'PC3', 'VCAP']",11
BRD-K37650321,7,"['A375', 'A549', 'HT29', 'MCF7', 'NEU', 'NPC', 'PC3']",12
BRD-K37184875,7,"['A375', 'A549', 'HT29', 'MCF7', 'NEU', 'NPC', 'PC3']",12
BRD-K38024502,7,"['A375', 'A549', 'HT29', 'MCF7', 'NEU', 'NPC', 'PC3']",12
buflomedil,7,"['A375', 'A549', 'HA1E', 'HT29', 'MCF7', 'PC3', 'VCAP']",15
BRD-K39092862,7,"['A375', 'A549', 'HT29', 'MCF7', 'NEU', 'NPC', 'PC3']",13
BRD-K82927587,7,"['A375', 'A549', 'HT29', 'MCF7', 'NEU', 'NPC', 'PC3']",12
bifonazole,7,"['A375', 'A549', 'HA1E', 'HT29', 'MCF7', 'PC3', 'VCAP']",11
BRD-K39647256,7,"['A375', 'A549', 'HT29', 'MCF7', 'NEU', 'NPC', 'PC3']",10
benidipine,7,"['A375', 'A549', 'HA1E', 'HT29', 'MCF7', 'PC3', 'VCAP']",11
benproperine,7,"['A375', 'A549', 'HA1E', 'HT29', 'MCF7', 'PC3', 'VCAP']",11
BRD-K39151515,7,"['A375', 'A549', 'HT29', 'MCF7', 'NEU', 'NPC', 'PC3']",10
BRD-K40138205,7,"['A375', 'A549', 'HT29', 'MCF7', 'NEU', 'NPC', 'PC3']",12
azelastine,7,"['A375', 'A549', 'HA1E', 'HT29', 'MCF7', 'PC3', 'VCAP']",15
benactyzine,7,"['A375', 'A549', 'HA1E', 'HT29', 'MCF7', 'PC3', 'VCAP']",11
BRD-K40274786,7,"['A375', 'A549', 'HT29', 'MCF7', 'NEU', 'NPC', 'PC3']",10
BRD-K40471863,7,"['A375', 'A549', 'HT29', 'MCF7', 'NEU', 'NPC', 'PC3']",12
BRD-K40963620,7,"['A375', 'A549', 'HT29', 'MCF7', 'NEU', 'NPC', 'PC3']",12
BRD-K41115759,7,"['A375', 'A549', 'HT29', 'MCF7', 'NEU', 'NPC', 'PC3']",12
artemether,7,"['A375', 'A549', 'HA1E', 'HT29', 'MCF7', 'PC3', 'VCAP']",10
atracurium,7,"['A375', 'A549', 'HA1E', 'HT29', 'MCF7', 'PC3', 'VCAP']",14
BRD-K41335306,7,"['A375', 'A549', 'HT29', 'MCF7', 'NEU', 'NPC', 'PC3']",12
argatroban,7,"['A375', 'A549', 'HA1E', 'HT29', 'MCF7', 'PC3', 'VCAP']",15
aripiprazole,7,"['A375', 'A549', 'HA1E', 'HT29', 'MCF7', 'PC3', 'VCAP']",15
ampiroxicam,7,"['A375', 'A549', 'HA1E', 'HT29', 'MCF7', 'PC3', 'VCAP']",11
amlexanox,7,"['A375', 'A549', 'HA1E', 'HT29', 'MCF7', 'PC3', 'VCAP']",11
BRD-K42543764,7,"['A375', 'A549', 'HT29', 'MCF7', 'NEU', 'NPC', 'PC3']",12
alosetron,7,"['A375', 'A549', 'HA1E', 'HT29', 'MCF7', 'PC3', 'VCAP']",11
alprazolam,7,"['A375', 'A549', 'HA1E', 'HT29', 'MCF7', 'PC3', 'VCAP']",11
actarit,7,"['A375', 'A549', 'HA1E', 'HT29', 'MCF7', 'PC3', 'VCAP']",11
BRD-K43540029,7,"['A375', 'A549', 'HT29', 'MCF7', 'NEU', 'NPC', 'PC3']",12
BRD-K44242139,7,"['A375', 'A549', 'HT29', 'MCF7', 'NEU', 'NPC', 'PC3']",12
BRD-K44366812,7,"['A375', 'A549', 'HT29', 'MCF7', 'NEU', 'NPC', 'PC3']",10
BRD-K44732214,7,"['A375', 'A549', 'HT29', 'MCF7', 'NEU', 'NPC', 'PC3']",12
BRD-K45627302,7,"['A375', 'A549', 'HT29', 'MCF7', 'NEU', 'NPC', 'PC3']",12
BRD-K47512679,7,"['A375', 'A549', 'HT29', 'MCF7', 'NEU', 'NPC', 'PC3']",12
TFMPP,7,"['A375', 'A549', 'HA1E', 'HT29', 'MCF7', 'PC3', 'VCAP']",11
BRD-K47771675,7,"['A375', 'A549', 'HT29', 'MCF7', 'NEU', 'NPC', 'PC3']",12
BRD-K90424352,7,"['A375', 'A549', 'HT29', 'MCF7', 'NEU', 'NPC', 'PC3']",10
BRD-K89824424,7,"['A375', 'A549', 'HT29', 'MCF7', 'NEU', 'NPC', 'PC3']",12
BRD-K49477330,7,"['A375', 'A549', 'HT29', 'MCF7', 'NEU', 'NPC', 'PC3']",12
BRD-K50388960,7,"['A375', 'A549', 'HT29', 'MCF7', 'NEU', 'NPC', 'PC3']",12
BRD-K50748030,7,"['A375', 'A549', 'HT29', 'MCF7', 'NEU', 'NPC', 'PC3']",10
BRD-K51329831,7,"['A375', 'A549', 'HT29', 'MCF7', 'NEU', 'NPC', 'PC3']",12
BRD-K52006320,7,"['A375', 'A549', 'HT29', 'MCF7', 'NEU', 'NPC', 'PC3']",9
SA-424827,7,"['A375', 'A549', 'HT29', 'MCF7', 'NKDBA', 'PC3', 'VCAP']",18
SA-426029,7,"['A375', 'A549', 'HT29', 'MCF7', 'NKDBA', 'PC3', 'VCAP']",18
SA-426799,7,"['A375', 'A549', 'HT29', 'MCF7', 'NKDBA', 'PC3', 'VCAP']",18
SA-432137,7,"['A375', 'A549', 'HT29', 'MCF7', 'NKDBA', 'PC3', 'VCAP']",18
SA-434027,7,"['A375', 'A549', 'HT29', 'MCF7', 'NKDBA', 'PC3', 'VCAP']",18
SA-423862,7,"['A375', 'A549', 'HT29', 'MCF7', 'NKDBA', 'PC3', 'VCAP']",18
SA-1921867,7,"['A375', 'A549', 'HT29', 'MCF7', 'NEU', 'NPC', 'PC3']",20
SA-1925996,7,"['A375', 'A549', 'HT29', 'MCF7', 'NEU', 'NPC', 'PC3']",20
SA-1459454,7,"['A375', 'A549', 'HT29', 'MCF7', 'NKDBA', 'PC3', 'VCAP']",19
SA-1459963,7,"['A375', 'A549', 'HT29', 'MCF7', 'NKDBA', 'PC3', 'VCAP']",19
SA-1460110,7,"['A375', 'A549', 'HT29', 'MCF7', 'NKDBA', 'PC3', 'VCAP']",19
SA-1460192,7,"['A375', 'A549', 'HT29', 'MCF7', 'NKDBA', 'PC3', 'VCAP']",19
BRD-K82469533,7,"['A375', 'A549', 'HT29', 'MCF7', 'NEU', 'NPC', 'PC3']",12
SA-1458450,7,"['A375', 'A549', 'HT29', 'MCF7', 'NKDBA', 'PC3', 'VCAP']",19
SA-1458689,7,"['A375', 'A549', 'HT29', 'MCF7', 'NKDBA', 'PC3', 'VCAP']",19
SA-1458985,7,"['A375', 'A549', 'HT29', 'MCF7', 'NKDBA', 'PC3', 'VCAP']",19
SA-1459172,7,"['A375', 'A549', 'HT29', 'MCF7', 'NKDBA', 'PC3', 'VCAP']",19
SA-1459224,7,"['A375', 'A549', 'HT29', 'MCF7', 'NKDBA', 'PC3', 'VCAP']",19
SA-1459234,7,"['A375', 'A549', 'HT29', 'MCF7', 'NKDBA', 'PC3', 'VCAP']",19
SA-1456039,7,"['A375', 'A549', 'HT29', 'MCF7', 'NKDBA', 'PC3', 'VCAP']",19
SA-1456456,7,"['A375', 'A549', 'HT29', 'MCF7', 'NKDBA', 'PC3', 'VCAP']",19
SA-1456508,7,"['A375', 'A549', 'HT29', 'MCF7', 'NKDBA', 'PC3', 'VCAP']",19
BRD-K54335715,7,"['A375', 'A549', 'HT29', 'MCF7', 'NEU', 'NPC', 'PC3']",12
BRD-K55260239,7,"['A375', 'A549', 'HT29', 'MCF7', 'NEU', 'NPC', 'PC3']",12
BRD-K55055802,7,"['A375', 'A549', 'HA1E', 'HT29', 'MCF7', 'PC3', 'VCAP']",11
BRD-K55155550,7,"['A375', 'A549', 'HT29', 'MCF7', 'NEU', 'NPC', 'PC3']",9
BRD-K55878534,7,"['A375', 'A549', 'HT29', 'MCF7', 'NEU', 'NPC', 'PC3']",12
BRD-K56450018,7,"['A375', 'A549', 'HT29', 'MCF7', 'NEU', 'NPC', 'PC3']",12
BRD-K57420195,7,"['A375', 'A549', 'HT29', 'MCF7', 'NEU', 'NPC', 'PC3']",12
BRD-K57954781,7,"['A375', 'A549', 'HA1E', 'HT29', 'MCF7', 'PC3', 'VCAP']",11
BRD-K59341874,7,"['A375', 'A549', 'HT29', 'MCF7', 'NEU', 'NPC', 'PC3']",12
BRD-K59253994,7,"['A375', 'A549', 'HT29', 'MCF7', 'NEU', 'NPC', 'PC3']",12
BRD-K61102260,7,"['A375', 'A549', 'HT29', 'MCF7', 'NEU', 'NPC', 'PC3']",12
BRD-K60796852,7,"['A375', 'A549', 'HT29', 'MCF7', 'NEU', 'NPC', 'PC3']",12
BRD-K61753121,7,"['A375', 'A549', 'HT29', 'MCF7', 'NEU', 'NPC', 'PC3']",12
BRD-K63423329,7,"['A375', 'A549', 'HT29', 'MCF7', 'NEU', 'NPC', 'PC3']",12
BRD-K62919978,7,"['A375', 'A549', 'HT29', 'MCF7', 'NEU', 'NPC', 'PC3']",12
BRD-K63158888,7,"['A375', 'A549', 'HT29', 'MCF7', 'NEU', 'NPC', 'PC3']",12
BRD-K63923428,7,"['A375', 'A549', 'HT29', 'MCF7', 'NEU', 'NPC', 'PC3']",12
BRD-K63455741,7,"['A375', 'A549', 'HT29', 'MCF7', 'NEU', 'NPC', 'PC3']",10
BRD-K64062072,7,"['A375', 'A549', 'HT29', 'MCF7', 'NEU', 'NPC', 'PC3']",12
BRD-K65085267,7,"['A375', 'A549', 'HT29', 'MCF7', 'NEU', 'NPC', 'PC3']",10
BRD-K65426421,7,"['A375', 'A549', 'HT29', 'MCF7', 'NEU', 'NPC', 'PC3']",10
BRD-K65526065,7,"['A375', 'A549', 'HT29', 'MCF7', 'NEU', 'NPC', 'PC3']",12
BRD-K66658536,7,"['A375', 'A549', 'HT29', 'MCF7', 'NEU', 'NPC', 'PC3']",12
JTC-801,7,"['A549', 'ASC', 'HT29', 'MCF7', 'PC3', 'SKB', 'VCAP']",8
BRD-K67498554,7,"['A375', 'A549', 'HT29', 'MCF7', 'NEU', 'NPC', 'PC3']",12
BRD-K68190084,7,"['A375', 'A549', 'HT29', 'MCF7', 'NEU', 'NPC', 'PC3']",12
BRD-K69075782,7,"['A375', 'A549', 'HT29', 'MCF7', 'NEU', 'NPC', 'PC3']",10
BRD-K69894866,7,"['A375', 'A549', 'HT29', 'MCF7', 'NEU', 'NPC', 'PC3']",10
BRD-K69500068,7,"['A375', 'A549', 'HT29', 'MCF7', 'NEU', 'NPC', 'PC3']",12
BRD-K70900504,7,"['A375', 'A549', 'HT29', 'MCF7', 'NEU', 'NPC', 'PC3']",12
BRD-K70669970,7,"['A375', 'A549', 'HT29', 'MCF7', 'NEU', 'NPC', 'PC3']",12
BRD-K70697816,7,"['A375', 'A549', 'HT29', 'MCF7', 'NEU', 'NPC', 'PC3']",12
BRD-K72343629,7,"['A375', 'A549', 'HT29', 'MCF7', 'NEU', 'NPC', 'PC3']",12
BRD-K73008154,7,"['A375', 'A549', 'HT29', 'MCF7', 'NEU', 'NPC', 'PC3']",12
BRD-K73276569,7,"['A375', 'A549', 'HT29', 'MCF7', 'NEU', 'NPC', 'PC3']",10
BRD-K74316684,7,"['A375', 'A549', 'HT29', 'MCF7', 'NEU', 'NPC', 'PC3']",10
BRD-K74085580,7,"['A375', 'A549', 'HT29', 'MCF7', 'NEU', 'NPC', 'PC3']",12
BRD-K74436011,7,"['A375', 'A549', 'HT29', 'MCF7', 'NEU', 'NPC', 'PC3']",12
BRD-K74461819,7,"['A375', 'A549', 'HT29', 'MCF7', 'NEU', 'NPC', 'PC3']",12
BRD-K75514176,7,"['A375', 'A549', 'HT29', 'MCF7', 'NEU', 'NPC', 'PC3']",12
BRD-K75264577,7,"['A375', 'A549', 'HT29', 'MCF7', 'NEU', 'NPC', 'PC3']",10
BRD-K76264608,7,"['A375', 'A549', 'HT29', 'MCF7', 'NEU', 'NPC', 'PC3']",12
BRD-K77681376,7,"['A375', 'A549', 'HCC515', 'HEPG2', 'HT29', 'MCF7', 'PC3']",9
BRD-K98710661,7,"['A375', 'A549', 'HT29', 'MCF7', 'NEU', 'NPC', 'PC3']",12
BRD-K78018080,7,"['A375', 'A549', 'HT29', 'MCF7', 'NEU', 'NPC', 'PC3']",12
BRD-K98062050,7,"['A375', 'A549', 'HT29', 'MCF7', 'NEU', 'NPC', 'PC3']",12
BRD-K97318829,7,"['A375', 'A549', 'HT29', 'MCF7', 'NEU', 'NPC', 'PC3']",10
BRD-K97114030,7,"['A375', 'A549', 'HT29', 'MCF7', 'NEU', 'NPC', 'PC3']",13
BRD-K96697180,7,"['A375', 'A549', 'HT29', 'MCF7', 'NEU', 'NPC', 'PC3']",12
BRD-K96703623,7,"['A375', 'A549', 'HT29', 'MCF7', 'NEU', 'NPC', 'PC3']",12
BRD-K96552587,7,"['A375', 'A549', 'HT29', 'MCF7', 'NEU', 'NPC', 'PC3']",12
BRD-K91701366,7,"['A375', 'A549', 'HT29', 'MCF7', 'NEU', 'NPC', 'PC3']",12
BRD-K81408913,7,"['A375', 'A549', 'HT29', 'MCF7', 'NEU', 'NPC', 'PC3']",12
BRD-K91461129,7,"['A375', 'A549', 'HT29', 'MCF7', 'NEU', 'NPC', 'PC3']",12
BRD-K78843060,7,"['A375', 'A549', 'HCC515', 'HT29', 'MCF7', 'PC3', 'VCAP']",13
BRD-K96041907,7,"['A375', 'A549', 'HT29', 'MCF7', 'NEU', 'NPC', 'PC3']",10
BRD-K95582125,7,"['A375', 'A549', 'HT29', 'MCF7', 'NEU', 'NPC', 'PC3']",12
BRD-K95285735,7,"['A375', 'A549', 'HT29', 'MCF7', 'NEU', 'NPC', 'PC3']",10
BRD-K95047050,7,"['A375', 'A549', 'HT29', 'MCF7', 'NEU', 'NPC', 'PC3']",12
BRD-K79511609,7,"['A375', 'A549', 'HA1E', 'HT29', 'MCF7', 'PC3', 'VCAP']",11
BRD-K94740841,7,"['A375', 'A549', 'HT29', 'MCF7', 'NEU', 'NPC', 'PC3']",12
BRD-K79793579,7,"['A375', 'A549', 'HT29', 'MCF7', 'NEU', 'NPC', 'PC3']",12
BRD-K80579245,7,"['A375', 'A549', 'HT29', 'MCF7', 'NEU', 'NPC', 'PC3']",10
BRD-K80779790,7,"['A375', 'A549', 'HT29', 'MCF7', 'NEU', 'NPC', 'PC3']",12
BRD-K92993117,7,"['A375', 'A549', 'HT29', 'MCF7', 'NEU', 'NPC', 'PC3']",12
BRD-K81210389,7,"['A375', 'A549', 'HT29', 'MCF7', 'NEU', 'NPC', 'PC3']",10
BRD-K92543914,7,"['A375', 'A549', 'HT29', 'MCF7', 'NEU', 'NPC', 'PC3']",10
BRD-K91946056,7,"['A375', 'A549', 'HT29', 'MCF7', 'NEU', 'NPC', 'PC3']",12
BRD-K92038420,7,"['A375', 'A549', 'HT29', 'MCF7', 'NEU', 'NPC', 'PC3']",10
BRD-K91663486,7,"['A375', 'A549', 'HT29', 'MCF7', 'NEU', 'NPC', 'PC3']",12
BRD-K86048057,7,"['A375', 'A549', 'HT29', 'MCF7', 'NEU', 'NPC', 'PC3']",12
BRD-K86149906,7,"['A375', 'A549', 'HT29', 'MCF7', 'NEU', 'NPC', 'PC3']",12
BRD-A93048969,7,"['A375', 'A549', 'HA1E', 'HT29', 'MCF7', 'PC3', 'VCAP']",11
BRD-A73929928,7,"['A375', 'A549', 'HA1E', 'HT29', 'MCF7', 'PC3', 'VCAP']",11
BRD-A11512624,7,"['A375', 'HCC515', 'HEPG2', 'HT29', 'MCF7', 'PC3', 'VCAP']",11
vindesine,7,"['A375', 'A549', 'HA1E', 'HT29', 'MCF7', 'PC3', 'VCAP']",11
zeranol,7,"['A375', 'A549', 'HA1E', 'HT29', 'MCF7', 'PC3', 'VCAP']",11
zalcitabine,7,"['A375', 'A549', 'HA1E', 'HT29', 'MCF7', 'PC3', 'VCAP']",15
BRD-K00586388,6,"['A375', 'A549', 'HT29', 'MCF7', 'PC3', 'VCAP']",6
AZD-8330,6,"['BT20', 'HS578T', 'MCF10A', 'MCF7', 'MDAMB231', 'SKBR3']",48
BRD-K00185670,6,"['A375', 'A549', 'HT29', 'MCF7', 'PC3', 'VCAP']",7
AZD-5438,6,"['BT20', 'HS578T', 'MCF10A', 'MCF7', 'MDAMB231', 'SKBR3']",48
BRD-K00643888,6,"['A375', 'A549', 'HT29', 'MCF7', 'PC3', 'VCAP']",6
BRD-K01404579,6,"['A375', 'A549', 'HT29', 'MCF7', 'PC3', 'VCAP']",7
BRD-K01389427,6,"['A375', 'A549', 'HT29', 'MCF7', 'PC3', 'VCAP']",6
BRD-K01329157,6,"['A375', 'A549', 'HT29', 'MCF7', 'PC3', 'VCAP']",6
BRD-K92000256,6,"['A375', 'A549', 'HT29', 'MCF7', 'PC3', 'VCAP']",7
BRD-K91850687,6,"['A375', 'A549', 'HT29', 'MCF7', 'PC3', 'VCAP']",6
BRD-K81496150,6,"['A375', 'A549', 'HT29', 'MCF7', 'PC3', 'VCAP']",11
BRD-K81461172,6,"['A375', 'A549', 'HT29', 'MCF7', 'PC3', 'VCAP']",7
BRD-K81440797,6,"['A375', 'A549', 'HT29', 'MCF7', 'PC3', 'VCAP']",6
BRD-K00179355,6,"['A375', 'A549', 'HT29', 'MCF7', 'PC3', 'VCAP']",7
BMS-509744,6,"['BT20', 'HS578T', 'MCF10A', 'MCF7', 'MDAMB231', 'SKBR3']",48
BMS-387032,6,"['BT20', 'HS578T', 'MCF10A', 'MCF7', 'MDAMB231', 'SKBR3']",43
BRD-K00069117,6,"['A549', 'HEPG2', 'HT29', 'HUH7', 'PHH', 'VCAP']",16
BRD-K00458136,6,"['A375', 'A549', 'HT29', 'MCF7', 'PC3', 'VCAP']",7
BRD-K02008913,6,"['A375', 'A549', 'HT29', 'MCF7', 'PC3', 'VCAP']",7
BRD-K01971712,6,"['A375', 'A549', 'HT29', 'MCF7', 'PC3', 'VCAP']",7
BRD-K00819343,6,"['A375', 'A549', 'HT29', 'MCF7', 'PC3', 'VCAP']",11
BRD-K01822243,6,"['A375', 'A549', 'HT29', 'MCF7', 'PC3', 'VCAP']",6
BRD-K02314198,6,"['A375', 'A549', 'HT29', 'MCF7', 'PC3', 'VCAP']",6
BRD-K92455082,6,"['A375', 'A549', 'HT29', 'MCF7', 'PC3', 'VCAP']",6
BRD-K92364610,6,"['A375', 'A549', 'HT29', 'MCF7', 'PC3', 'VCAP']",7
BRD-K02248910,6,"['A375', 'A549', 'HT29', 'MCF7', 'PC3', 'VCAP']",6
BRD-K02109522,6,"['A375', 'A549', 'HT29', 'MCF7', 'PC3', 'VCAP']",7
BRD-K01055635,6,"['A375', 'A549', 'HT29', 'MCF7', 'PC3', 'VCAP']",7
BRD-K01739339,6,"['A375', 'A549', 'HT29', 'MCF7', 'PC3', 'VCAP']",6
BRD-K02055666,6,"['A375', 'A549', 'HT29', 'MCF7', 'PC3', 'VCAP']",7
BRD-K02515288,6,"['A375', 'A549', 'HT29', 'MCF7', 'PC3', 'VCAP']",7
BRD-K02490064,6,"['A375', 'A549', 'HT29', 'MCF7', 'PC3', 'VCAP']",14
BRD-K02460212,6,"['A375', 'A549', 'HT29', 'MCF7', 'PC3', 'VCAP']",7
BRD-K02418197,6,"['A375', 'A549', 'HT29', 'MCF7', 'PC3', 'VCAP']",7
BRD-K02917242,6,"['A375', 'A549', 'HT29', 'MCF7', 'PC3', 'VCAP']",7
BRD-K02593152,6,"['A375', 'A549', 'HT29', 'MCF7', 'PC3', 'VCAP']",9
trametinib,6,"['BT20', 'HS578T', 'MCF10A', 'MCF7', 'MDAMB231', 'SKBR3']",48
BRD-K03235359,6,"['A375', 'A549', 'HT29', 'MCF7', 'PC3', 'VCAP']",7
BRD-K86780816,6,"['A375', 'A549', 'HT29', 'MCF7', 'PC3', 'VCAP']",7
BRD-K92884627,6,"['A375', 'A549', 'HT29', 'MCF7', 'PC3', 'VCAP']",6
BRD-K92865756,6,"['A375', 'A549', 'HT29', 'MCF7', 'PC3', 'VCAP']",6
BRD-K92795064,6,"['A375', 'A549', 'HT29', 'MCF7', 'PC3', 'VCAP']",7
BRD-K92740670,6,"['A375', 'A549', 'HT29', 'MCF7', 'PC3', 'VCAP']",7
BRD-K86755654,6,"['A375', 'A549', 'HT29', 'MCF7', 'PC3', 'VCAP']",7
BRD-K86728684,6,"['A375', 'A549', 'HT29', 'MCF7', 'PC3', 'VCAP']",6
BRD-K86621086,6,"['A375', 'A549', 'HT29', 'MCF7', 'PC3', 'VCAP']",6
BRD-K03262953,6,"['A375', 'A549', 'HT29', 'MCF7', 'PC3', 'VCAP']",7
BRD-K03261284,6,"['A375', 'A549', 'HT29', 'MCF7', 'PC3', 'VCAP']",7
BRD-K03245321,6,"['A375', 'A549', 'HT29', 'MCF7', 'PC3', 'VCAP']",6
tivantinib,6,"['BT20', 'HS578T', 'MCF10A', 'MCF7', 'MDAMB231', 'SKBR3']",48
BRD-K86303874,6,"['A375', 'A549', 'HT29', 'MCF7', 'PC3', 'VCAP']",6
BRD-K04229162,6,"['A375', 'A549', 'HT29', 'MCF7', 'PC3', 'VCAP']",7
BRD-K03568952,6,"['A375', 'A549', 'HT29', 'MCF7', 'PC3', 'VCAP']",7
BRD-K03463440,6,"['A375', 'A549', 'HT29', 'MCF7', 'PC3', 'VCAP']",7
BRD-K03448064,6,"['A375', 'A549', 'HT29', 'MCF7', 'PC3', 'VCAP']",7
BRD-K05232104,6,"['A375', 'A549', 'HT29', 'MCF7', 'PC3', 'VCAP']",7
BRD-K05211263,6,"['A375', 'A549', 'HT29', 'MCF7', 'PC3', 'VCAP']",11
BRD-K05150608,6,"['A375', 'A549', 'HT29', 'MCF7', 'PC3', 'VCAP']",7
BRD-K93303857,6,"['A375', 'A549', 'HT29', 'MCF7', 'PC3', 'VCAP']",6
BRD-K81164606,6,"['A549', 'HEPG2', 'HT29', 'HUH7', 'PHH', 'VCAP']",16
BRD-K03725349,6,"['A375', 'A549', 'HT29', 'MCF7', 'PC3', 'VCAP']",6
BRD-K03707297,6,"['A375', 'A549', 'HT29', 'MCF7', 'PC3', 'VCAP']",6
BRD-K03669312,6,"['A375', 'A549', 'HT29', 'MCF7', 'PC3', 'VCAP']",7
BRD-K04326190,6,"['A375', 'A549', 'HT29', 'MCF7', 'PC3', 'VCAP']",7
BRD-K05415698,6,"['A375', 'A549', 'HT29', 'MCF7', 'PC3', 'VCAP']",6
BRD-K05351800,6,"['A375', 'A549', 'HT29', 'MCF7', 'PC3', 'VCAP']",7
BRD-K04745699,6,"['A375', 'A549', 'HT29', 'MCF7', 'PC3', 'VCAP']",7
BRD-K04701379,6,"['A375', 'A549', 'HT29', 'MCF7', 'PC3', 'VCAP']",7
BRD-K04574057,6,"['A375', 'A549', 'HT29', 'MCF7', 'PC3', 'VCAP']",7
BRD-K04411796,6,"['A375', 'A549', 'HT29', 'MCF7', 'PC3', 'VCAP']",6
BRD-K06064877,6,"['A375', 'A549', 'HT29', 'MCF7', 'PC3', 'VCAP']",7
BRD-K06039860,6,"['A375', 'A549', 'HT29', 'MCF7', 'PC3', 'VCAP']",12
BRD-K05967016,6,"['A375', 'A549', 'HT29', 'MCF7', 'PC3', 'VCAP']",6
BRD-K05912972,6,"['A375', 'A549', 'HT29', 'MCF7', 'PC3', 'VCAP']",9
BRD-K80954162,6,"['A375', 'A549', 'HT29', 'MCF7', 'PC3', 'VCAP']",7
BRD-K80848452,6,"['A375', 'A549', 'HT29', 'MCF7', 'PC3', 'VCAP']",7
BRD-K80496944,6,"['A375', 'A549', 'HT29', 'MCF7', 'PC3', 'VCAP']",7
BRD-K80686274,6,"['A375', 'A549', 'HT29', 'MCF7', 'PC3', 'VCAP']",7
BRD-K93107794,6,"['A375', 'A549', 'HT29', 'MCF7', 'PC3', 'VCAP']",6
BRD-K05856102,6,"['A375', 'A549', 'HT29', 'MCF7', 'PC3', 'VCAP']",7
BRD-K04832618,6,"['A375', 'A549', 'HT29', 'MCF7', 'PC3', 'VCAP']",6
tegaserod,6,"['A375', 'A549', 'HT29', 'MCF7', 'PC3', 'VCAP']",10
BRD-K05543055,6,"['A375', 'A549', 'HT29', 'MCF7', 'PC3', 'VCAP']",7
BRD-K06314140,6,"['A375', 'A549', 'HT29', 'MCF7', 'PC3', 'VCAP']",6
BRD-K06187854,6,"['A375', 'A549', 'HT29', 'MCF7', 'PC3', 'VCAP']",6
BRD-K93406156,6,"['A375', 'A549', 'HT29', 'MCF7', 'PC3', 'VCAP']",6
BRD-K93880770,6,"['A375', 'A549', 'HT29', 'MCF7', 'PC3', 'VCAP']",7
BRD-K06161868,6,"['A375', 'A549', 'HT29', 'MCF7', 'PC3', 'VCAP']",7
BRD-K06145650,6,"['A375', 'A549', 'HT29', 'MCF7', 'PC3', 'VCAP']",6
BRD-K06083657,6,"['A375', 'A549', 'HT29', 'MCF7', 'PC3', 'VCAP']",7
BRD-K06619089,6,"['A375', 'A549', 'HT29', 'MCF7', 'PC3', 'VCAP']",7
BRD-K05647501,6,"['A375', 'A549', 'HT29', 'MCF7', 'PC3', 'VCAP']",7
BRD-K06470746,6,"['A375', 'A549', 'HT29', 'MCF7', 'PC3', 'VCAP']",7
BRD-K06891569,6,"['A375', 'A549', 'HT29', 'MCF7', 'PC3', 'VCAP']",7
BRD-K06884091,6,"['A375', 'A549', 'HT29', 'MCF7', 'PC3', 'VCAP']",6
BRD-K06780475,6,"['A375', 'A549', 'HT29', 'MCF7', 'PC3', 'VCAP']",7
BRD-K07064094,6,"['A375', 'A549', 'HT29', 'MCF7', 'PC3', 'VCAP']",6
BRD-K07060092,6,"['A375', 'A549', 'HT29', 'MCF7', 'PC3', 'VCAP']",6
BRD-K07039703,6,"['A375', 'A549', 'HT29', 'MCF7', 'PC3', 'VCAP']",6
BRD-K07026322,6,"['A375', 'A549', 'HT29', 'MCF7', 'PC3', 'VCAP']",6
BRD-K07008972,6,"['A375', 'A549', 'HT29', 'MCF7', 'PC3', 'VCAP']",6
BRD-K08221563,6,"['A375', 'A549', 'HT29', 'MCF7', 'PC3', 'VCAP']",7
BRD-K07270511,6,"['A375', 'A549', 'HT29', 'MCF7', 'PC3', 'VCAP']",6
BRD-K07269289,6,"['A375', 'A549', 'HT29', 'MCF7', 'PC3', 'VCAP']",7
BRD-K07164057,6,"['A375', 'A549', 'HT29', 'MCF7', 'PC3', 'VCAP']",7
BRD-K93672499,6,"['A375', 'A549', 'HT29', 'MCF7', 'PC3', 'VCAP']",6
BRD-K80622828,6,"['A375', 'A549', 'HT29', 'MCF7', 'PC3', 'VCAP']",7
BRD-K80398603,6,"['A375', 'A549', 'HT29', 'MCF7', 'PC3', 'VCAP']",7
BRD-K80278608,6,"['A375', 'A549', 'HT29', 'MCF7', 'PC3', 'VCAP']",7
BRD-K93577185,6,"['A375', 'A549', 'HT29', 'MCF7', 'PC3', 'VCAP']",6
BRD-K07100440,6,"['A375', 'A549', 'HT29', 'MCF7', 'PC3', 'VCAP']",7
BRD-K85322309,6,"['A375', 'A549', 'HT29', 'MCF7', 'PC3', 'VCAP']",7
rondual-kinase-inhibitor,6,"['BT20', 'HS578T', 'MCF10A', 'MCF7', 'MDAMB231', 'SKBR3']",48
BRD-K08446710,6,"['A375', 'A549', 'HT29', 'MCF7', 'PC3', 'VCAP']",7
BRD-K07881060,6,"['A375', 'A549', 'HT29', 'MCF7', 'PC3', 'VCAP']",7
BRD-K08616215,6,"['A375', 'A549', 'HT29', 'MCF7', 'PC3', 'VCAP']",7
BRD-K09054764,6,"['A375', 'A549', 'HT29', 'MCF7', 'PC3', 'VCAP']",11
BRD-K94029810,6,"['A375', 'A549', 'HT29', 'MCF7', 'PC3', 'VCAP']",7
BRD-K93994036,6,"['A375', 'A549', 'HT29', 'MCF7', 'PC3', 'VCAP']",6
BRD-K93971021,6,"['A375', 'A549', 'HT29', 'MCF7', 'PC3', 'VCAP']",6
BRD-K79797751,6,"['A375', 'A549', 'HT29', 'MCF7', 'PC3', 'VCAP']",11
BRD-K79788021,6,"['A375', 'A549', 'HT29', 'MCF7', 'PC3', 'VCAP']",6
BRD-K79768170,6,"['A375', 'A549', 'HT29', 'MCF7', 'PC3', 'VCAP']",7
BRD-K79732306,6,"['A375', 'A549', 'HT29', 'MCF7', 'PC3', 'VCAP']",10
BRD-K93852877,6,"['A375', 'A549', 'HT29', 'MCF7', 'PC3', 'VCAP']",7
BRD-K09031632,6,"['A375', 'A549', 'HT29', 'MCF7', 'PC3', 'VCAP']",11
BRD-K08198655,6,"['A375', 'A549', 'HT29', 'MCF7', 'PC3', 'VCAP']",6
BRD-K08061170,6,"['A375', 'A549', 'HT29', 'MCF7', 'PC3', 'VCAP']",7
BRD-K08041211,6,"['A375', 'A549', 'HT29', 'MCF7', 'PC3', 'VCAP']",6
BRD-K08014780,6,"['A375', 'A549', 'HT29', 'MCF7', 'PC3', 'VCAP']",7
BRD-K09388341,6,"['A375', 'A549', 'HT29', 'MCF7', 'PC3', 'VCAP']",7
BRD-K09292709,6,"['A375', 'A549', 'HT29', 'MCF7', 'PC3', 'VCAP']",7
BRD-K09203309,6,"['A375', 'A549', 'HT29', 'MCF7', 'PC3', 'VCAP']",7
BRD-K08325197,6,"['A375', 'A549', 'HT29', 'MCF7', 'PC3', 'VCAP']",6
BRD-K08856690,6,"['A375', 'A549', 'HT29', 'MCF7', 'PC3', 'VCAP']",6
BRD-K09542523,6,"['A375', 'A549', 'HT29', 'MCF7', 'PC3', 'VCAP']",7
BRD-K09517037,6,"['A375', 'A549', 'HT29', 'MCF7', 'PC3', 'VCAP']",7
BRD-K94222931,6,"['A375', 'A549', 'HT29', 'MCF7', 'PC3', 'VCAP']",7
BRD-K80223377,6,"['A375', 'A549', 'HT29', 'MCF7', 'PC3', 'VCAP']",7
BRD-K94809766,6,"['A375', 'A549', 'HT29', 'MCF7', 'PC3', 'VCAP']",7
BRD-K80092909,6,"['A375', 'A549', 'HT29', 'MCF7', 'PC3', 'VCAP']",7
BRD-K09458434,6,"['A375', 'A549', 'HT29', 'MCF7', 'PC3', 'VCAP']",7
BRD-K10008415,6,"['A375', 'A549', 'HT29', 'MCF7', 'PC3', 'VCAP']",10
BRD-K09019812,6,"['A375', 'A549', 'HT29', 'MCF7', 'PC3', 'VCAP']",11
BRD-K08922114,6,"['A375', 'A549', 'HT29', 'MCF7', 'PC3', 'VCAP']",6
BRD-K08891029,6,"['A375', 'A549', 'HT29', 'MCF7', 'PC3', 'VCAP']",6
BRD-K10323659,6,"['A375', 'A549', 'HT29', 'MCF7', 'PC3', 'VCAP']",6
BRD-K10170503,6,"['A375', 'A549', 'HT29', 'MCF7', 'PC3', 'VCAP']",7
BRD-K10839108,6,"['A375', 'A549', 'HT29', 'MCF7', 'PC3', 'VCAP']",6
BRD-K11366122,6,"['A375', 'A549', 'HT29', 'MCF7', 'PC3', 'VCAP']",7
BRD-K11746559,6,"['A375', 'A549', 'HT29', 'MCF7', 'PC3', 'VCAP']",7
BRD-K79489641,6,"['A375', 'A549', 'HT29', 'MCF7', 'PC3', 'VCAP']",11
BRD-K94501123,6,"['A375', 'A549', 'HT29', 'MCF7', 'PC3', 'VCAP']",11
BRD-K11628545,6,"['A375', 'A549', 'HT29', 'MCF7', 'PC3', 'VCAP']",9
BRD-K11604106,6,"['A375', 'A549', 'HT29', 'MCF7', 'PC3', 'VCAP']",7
BRD-K10482608,6,"['A375', 'A549', 'HT29', 'MCF7', 'PC3', 'VCAP']",6
BRD-K12411600,6,"['A375', 'A549', 'HT29', 'MCF7', 'PC3', 'VCAP']",7
BRD-K12402761,6,"['A375', 'A549', 'HT29', 'MCF7', 'PC3', 'VCAP']",7
BRD-K12388484,6,"['A375', 'A549', 'HT29', 'MCF7', 'PC3', 'VCAP']",7
BRD-K12365616,6,"['A375', 'A549', 'HT29', 'MCF7', 'PC3', 'VCAP']",7
BRD-K12345237,6,"['A375', 'A549', 'HT29', 'MCF7', 'PC3', 'VCAP']",11
BRD-K11483659,6,"['A375', 'A549', 'HT29', 'MCF7', 'PC3', 'VCAP']",7
BRD-K12189280,6,"['A375', 'A549', 'HT29', 'MCF7', 'PC3', 'VCAP']",7
ponatinib,6,"['BT20', 'HS578T', 'MCF10A', 'MCF7', 'MDAMB231', 'SKBR3']",48
BRD-K12655851,6,"['A375', 'A549', 'HT29', 'MCF7', 'PC3', 'VCAP']",9
BRD-K12575545,6,"['A375', 'A549', 'HT29', 'MCF7', 'PC3', 'VCAP']",7
BRD-K79260832,6,"['A375', 'A549', 'HT29', 'MCF7', 'PC3', 'VCAP']",6
BRD-K79260617,6,"['A375', 'A549', 'HT29', 'MCF7', 'PC3', 'VCAP']",7
BRD-K79199685,6,"['A375', 'A549', 'HT29', 'MCF7', 'PC3', 'VCAP']",7
BRD-K95392673,6,"['A375', 'A549', 'HT29', 'MCF7', 'PC3', 'VCAP']",7
BRD-K95361366,6,"['A375', 'A549', 'HT29', 'MCF7', 'PC3', 'VCAP']",9
BRD-K94585132,6,"['A375', 'A549', 'HT29', 'MCF7', 'PC3', 'VCAP']",9
BRD-K94575695,6,"['A375', 'A549', 'HT29', 'MCF7', 'PC3', 'VCAP']",7
BRD-K12559526,6,"['A375', 'A549', 'HT29', 'MCF7', 'PC3', 'VCAP']",6
BRD-K12484704,6,"['A375', 'A549', 'HT29', 'MCF7', 'PC3', 'VCAP']",7
BRD-K12117859,6,"['A375', 'A549', 'HT29', 'MCF7', 'PC3', 'VCAP']",7
BRD-K12744202,6,"['A375', 'A549', 'HT29', 'MCF7', 'PC3', 'VCAP']",7
BRD-K13308287,6,"['A375', 'A549', 'HT29', 'MCF7', 'PC3', 'VCAP']",7
BRD-K87426959,6,"['A375', 'A549', 'HT29', 'MCF7', 'PC3', 'VCAP']",11
BRD-K85144746,6,"['A375', 'A549', 'HT29', 'MCF7', 'PC3', 'VCAP']",6
BRD-K13757679,6,"['A375', 'A549', 'HT29', 'MCF7', 'PC3', 'VCAP']",7
BRD-K13693445,6,"['A375', 'A549', 'HT29', 'MCF7', 'PC3', 'VCAP']",7
BRD-K13969067,6,"['A375', 'A549', 'HT29', 'MCF7', 'PC3', 'VCAP']",6
BRD-K95570609,6,"['A375', 'A549', 'HT29', 'MCF7', 'PC3', 'VCAP']",9
BRD-K95567178,6,"['A375', 'A549', 'HT29', 'MCF7', 'PC3', 'VCAP']",7
BRD-K95551268,6,"['A375', 'A549', 'HT29', 'MCF7', 'PC3', 'VCAP']",11
BRD-K95154332,6,"['A375', 'A549', 'HT29', 'MCF7', 'PC3', 'VCAP']",7
BRD-K14206468,6,"['A375', 'A549', 'HT29', 'MCF7', 'PC3', 'VCAP']",7
BRD-K14502067,6,"['A375', 'A549', 'HT29', 'MCF7', 'PC3', 'VCAP']",6
BRD-K13346599,6,"['A375', 'A549', 'HT29', 'MCF7', 'PC3', 'VCAP']",7
BRD-K14078057,6,"['A375', 'A549', 'HT29', 'MCF7', 'PC3', 'VCAP']",6
BRD-K14363876,6,"['A375', 'A549', 'HT29', 'MCF7', 'PC3', 'VCAP']",10
BRD-K14758616,6,"['A375', 'A549', 'HT29', 'MCF7', 'PC3', 'VCAP']",7
BRD-K13883913,6,"['A375', 'A549', 'HT29', 'MCF7', 'PC3', 'VCAP']",7
BRD-K14340046,6,"['A375', 'A549', 'HT29', 'MCF7', 'PC3', 'VCAP']",6
BRD-K14302652,6,"['A375', 'A549', 'HT29', 'MCF7', 'PC3', 'VCAP']",7
pelitinib,6,"['BT20', 'HS578T', 'MCF10A', 'MCF7', 'MDAMB231', 'SKBR3']",48
BRD-K79064338,6,"['A375', 'A549', 'HT29', 'MCF7', 'PC3', 'VCAP']",7
BRD-K95776192,6,"['A375', 'A549', 'HT29', 'MCF7', 'PC3', 'VCAP']",6
BRD-K79615119,6,"['A375', 'A549', 'HT29', 'MCF7', 'PC3', 'VCAP']",7
BRD-K14989056,6,"['A375', 'A549', 'HT29', 'MCF7', 'PC3', 'VCAP']",13
BRD-K14886982,6,"['A375', 'A549', 'HT29', 'MCF7', 'PC3', 'VCAP']",7
BRD-K14433433,6,"['A375', 'A549', 'HT29', 'MCF7', 'PC3', 'VCAP']",7
BRD-K15950605,6,"['A375', 'A549', 'HT29', 'MCF7', 'PC3', 'VCAP']",6
BRD-K15328325,6,"['A375', 'A549', 'HT29', 'MCF7', 'PC3', 'VCAP']",7
BRD-K15233676,6,"['A375', 'A549', 'HT29', 'MCF7', 'PC3', 'VCAP']",7
BRD-K15179096,6,"['A375', 'A549', 'HT29', 'MCF7', 'PC3', 'VCAP']",7
BRD-K84653575,6,"['A375', 'A549', 'HT29', 'MCF7', 'PC3', 'VCAP']",6
BRD-K84636160,6,"['A375', 'A549', 'HT29', 'MCF7', 'PC3', 'VCAP']",7
BRD-K84536720,6,"['A375', 'A549', 'HT29', 'MCF7', 'PC3', 'VCAP']",7
BRD-K15752270,6,"['A375', 'A549', 'HT29', 'MCF7', 'PC3', 'VCAP']",7
BRD-K16323731,6,"['A375', 'A549', 'HT29', 'MCF7', 'PC3', 'VCAP']",7
BRD-K16257790,6,"['A375', 'A549', 'HT29', 'MCF7', 'PC3', 'VCAP']",11
BRD-K16173196,6,"['A375', 'A549', 'HT29', 'MCF7', 'PC3', 'VCAP']",6
BRD-K15804688,6,"['A375', 'A549', 'HT29', 'MCF7', 'PC3', 'VCAP']",7
BRD-K15790516,6,"['A375', 'A549', 'HT29', 'MCF7', 'PC3', 'VCAP']",11
BRD-K16561280,6,"['A375', 'A549', 'HT29', 'MCF7', 'PC3', 'VCAP']",6
BRD-K95913445,6,"['A375', 'A549', 'HT29', 'MCF7', 'PC3', 'VCAP']",6
BRD-K95891443,6,"['A375', 'A549', 'HT29', 'MCF7', 'PC3', 'VCAP']",6
BRD-K95419055,6,"['A375', 'A549', 'HT29', 'MCF7', 'PC3', 'VCAP']",11
BRD-K95411194,6,"['A375', 'A549', 'HT29', 'MCF7', 'PC3', 'VCAP']",11
BRD-K79355010,6,"['A375', 'A549', 'HT29', 'MCF7', 'PC3', 'VCAP']",6
BRD-K79326278,6,"['A375', 'A549', 'HT29', 'MCF7', 'PC3', 'VCAP']",6
BRD-K16464815,6,"['A375', 'A549', 'HT29', 'MCF7', 'PC3', 'VCAP']",11
BRD-K16050964,6,"['A375', 'A549', 'HT29', 'MCF7', 'PC3', 'VCAP']",6
BRD-K87838816,6,"['A375', 'A549', 'HT29', 'MCF7', 'PC3', 'VCAP']",7
nintedanib,6,"['BT20', 'HS578T', 'MCF10A', 'MCF7', 'MDAMB231', 'SKBR3']",48
BRD-K16993590,6,"['A375', 'A549', 'HT29', 'MCF7', 'PC3', 'VCAP']",6
BRD-K17401882,6,"['A375', 'A549', 'HT29', 'MCF7', 'PC3', 'VCAP']",7
BRD-K96385755,6,"['A375', 'A549', 'HT29', 'MCF7', 'PC3', 'VCAP']",6
BRD-K91487294,6,"['A375', 'A549', 'HT29', 'MCF7', 'PC3', 'VCAP']",7
BRD-K16811158,6,"['A375', 'A549', 'HT29', 'MCF7', 'PC3', 'VCAP']",7
BRD-K87520488,6,"['A375', 'A549', 'HT29', 'MCF7', 'PC3', 'VCAP']",7
BRD-K17630163,6,"['A375', 'A549', 'HT29', 'MCF7', 'PC3', 'VCAP']",6
BRD-K16970289,6,"['A375', 'A549', 'HT29', 'MCF7', 'PC3', 'VCAP']",6
BRD-K16950565,6,"['A375', 'A549', 'HT29', 'MCF7', 'PC3', 'VCAP']",6
BRD-K16930636,6,"['A375', 'A549', 'HT29', 'MCF7', 'PC3', 'VCAP']",6
BRD-K17750548,6,"['A375', 'A549', 'HT29', 'MCF7', 'PC3', 'VCAP']",7
BRD-K17288883,6,"['A375', 'A549', 'HT29', 'MCF7', 'PC3', 'VCAP']",6
BRD-K17741643,6,"['A375', 'A549', 'HT29', 'MCF7', 'PC3', 'VCAP']",6
BRD-K18415753,6,"['A375', 'A549', 'HT29', 'MCF7', 'PC3', 'VCAP']",7
BRD-K17565092,6,"['A375', 'A549', 'HT29', 'MCF7', 'PC3', 'VCAP']",6
BRD-K18400716,6,"['A375', 'A549', 'HT29', 'MCF7', 'PC3', 'VCAP']",7
BRD-K18337230,6,"['A375', 'A549', 'HT29', 'MCF7', 'PC3', 'VCAP']",6
BRD-K18639483,6,"['A375', 'A549', 'HT29', 'MCF7', 'PC3', 'VCAP']",7
BRD-K18293432,6,"['A375', 'A549', 'HT29', 'MCF7', 'PC3', 'VCAP']",6
BRD-K18238232,6,"['A375', 'A549', 'HT29', 'MCF7', 'PC3', 'VCAP']",7
BRD-K84770507,6,"['A375', 'A549', 'HT29', 'MCF7', 'PC3', 'VCAP']",7
BRD-K91771673,6,"['A375', 'A549', 'HT29', 'MCF7', 'PC3', 'VCAP']",7
BRD-K91729331,6,"['A375', 'A549', 'HT29', 'MCF7', 'PC3', 'VCAP']",7
BRD-K91686310,6,"['A375', 'A549', 'HT29', 'MCF7', 'PC3', 'VCAP']",7
BRD-K96309168,6,"['A375', 'A549', 'HT29', 'MCF7', 'PC3', 'VCAP']",7
BRD-K79131144,6,"['A375', 'A549', 'HT29', 'MCF7', 'PC3', 'VCAP']",6
BRD-K84240784,6,"['A375', 'A549', 'HT29', 'MCF7', 'PC3', 'VCAP']",6
BRD-K84218095,6,"['A375', 'A549', 'HT29', 'MCF7', 'PC3', 'VCAP']",7
BRD-K87779450,6,"['A375', 'A549', 'HT29', 'MCF7', 'PC3', 'VCAP']",6
BRD-K19549666,6,"['A375', 'A549', 'HT29', 'MCF7', 'PC3', 'VCAP']",7
BRD-K19971276,6,"['A375', 'A549', 'HT29', 'MCF7', 'PC3', 'VCAP']",7
methiazole,6,"['HA1E', 'HS27A', 'MCF7', 'PC3', 'SKM1', 'U937']",24
BRD-K19534956,6,"['A375', 'A549', 'HT29', 'MCF7', 'PC3', 'VCAP']",6
BRD-K20139170,6,"['A375', 'A549', 'HT29', 'MCF7', 'PC3', 'VCAP']",6
BRD-K96555842,6,"['A375', 'A549', 'HT29', 'MCF7', 'PC3', 'VCAP']",7
BRD-K78914942,6,"['A375', 'A549', 'HT29', 'MCF7', 'PC3', 'VCAP']",7
BRD-K91390083,6,"['A375', 'A549', 'HT29', 'MCF7', 'PC3', 'VCAP']",7
BRD-K81417919,6,"['A375', 'A549', 'HT29', 'MCF7', 'PC3', 'VCAP']",7
BRD-K19818442,6,"['A375', 'A549', 'HT29', 'MCF7', 'PC3', 'VCAP']",7
BRD-K19764902,6,"['A375', 'A549', 'HT29', 'MCF7', 'PC3', 'VCAP']",6
BRD-K19689423,6,"['A375', 'A549', 'HT29', 'MCF7', 'PC3', 'VCAP']",7
BRD-K19642661,6,"['A375', 'A549', 'HT29', 'MCF7', 'PC3', 'VCAP']",13
BRD-K20281332,6,"['A375', 'A549', 'HT29', 'MCF7', 'PC3', 'VCAP']",7
BRD-K20192397,6,"['A375', 'A549', 'HT29', 'MCF7', 'PC3', 'VCAP']",6
BRD-K19914944,6,"['A549', 'HEPG2', 'HT29', 'HUH7', 'PHH', 'VCAP']",18
BRD-K20531360,6,"['A375', 'A549', 'HT29', 'MCF7', 'PC3', 'VCAP']",7
BRD-K20501513,6,"['A375', 'A549', 'HT29', 'MCF7', 'PC3', 'VCAP']",7
BRD-K20433775,6,"['A375', 'A549', 'HT29', 'MCF7', 'PC3', 'VCAP']",7
BRD-K20876879,6,"['A375', 'A549', 'HT29', 'MCF7', 'PC3', 'VCAP']",7
BRD-K20761826,6,"['A375', 'A549', 'HT29', 'MCF7', 'PC3', 'VCAP']",6
BRD-K88069074,6,"['A375', 'A549', 'HT29', 'MCF7', 'PC3', 'VCAP']",7
BRD-K96640402,6,"['A375', 'A549', 'HT29', 'MCF7', 'PC3', 'VCAP']",7
BRD-K78544941,6,"['A375', 'A549', 'HT29', 'MCF7', 'PC3', 'VCAP']",7
BRD-K78487432,6,"['A375', 'A549', 'HT29', 'MCF7', 'PC3', 'VCAP']",7
BRD-K78483792,6,"['A375', 'A549', 'HT29', 'MCF7', 'PC3', 'VCAP']",7
BRD-K96625837,6,"['A375', 'A549', 'HT29', 'MCF7', 'PC3', 'VCAP']",7
BRD-K88522059,6,"['A375', 'A549', 'HT29', 'MCF7', 'PC3', 'VCAP']",7
BRD-K20949245,6,"['A375', 'A549', 'HT29', 'MCF7', 'PC3', 'VCAP']",6
BRD-K21389281,6,"['A375', 'A549', 'HT29', 'MCF7', 'PC3', 'VCAP']",6
BRD-K21152218,6,"['A375', 'A549', 'HT29', 'MCF7', 'PC3', 'VCAP']",6
BRD-K21658057,6,"['A375', 'A549', 'HT29', 'MCF7', 'PC3', 'VCAP']",7
BRD-K21642343,6,"['A375', 'A549', 'HT29', 'MCF7', 'PC3', 'VCAP']",6
BRD-K21827358,6,"['A375', 'A549', 'HT29', 'MCF7', 'PC3', 'VCAP']",6
BRD-K22450189,6,"['A375', 'A549', 'HT29', 'MCF7', 'PC3', 'VCAP']",7
BRD-K22211348,6,"['A375', 'A549', 'HT29', 'MCF7', 'PC3', 'VCAP']",6
BRD-K22854900,6,"['A375', 'A549', 'HT29', 'MCF7', 'PC3', 'VCAP']",6
BRD-K22847783,6,"['A375', 'A549', 'HT29', 'MCF7', 'PC3', 'VCAP']",6
BRD-K22828548,6,"['A375', 'A549', 'HT29', 'MCF7', 'PC3', 'VCAP']",7
BRD-K22787051,6,"['A375', 'A549', 'HT29', 'MCF7', 'PC3', 'VCAP']",7
BRD-K22657795,6,"['A375', 'A549', 'HT29', 'MCF7', 'PC3', 'VCAP']",6
BRD-K96903074,6,"['A375', 'A549', 'HT29', 'MCF7', 'PC3', 'VCAP']",7
BRD-K78316354,6,"['A375', 'A549', 'HT29', 'MCF7', 'PC3', 'VCAP']",7
BRD-K23117210,6,"['A375', 'A549', 'HT29', 'MCF7', 'PC3', 'VCAP']",7
BRD-K23060602,6,"['A375', 'A549', 'HT29', 'MCF7', 'PC3', 'VCAP']",6
BRD-K22951866,6,"['A375', 'A549', 'HT29', 'MCF7', 'PC3', 'VCAP']",7
BRD-K22937431,6,"['A375', 'A549', 'HT29', 'MCF7', 'PC3', 'VCAP']",7
BRD-K84455184,6,"['A375', 'A549', 'HT29', 'MCF7', 'PC3', 'VCAP']",7
BRD-K84157702,6,"['A375', 'A549', 'HT29', 'MCF7', 'PC3', 'VCAP']",6
BRD-K84109969,6,"['A375', 'A549', 'HT29', 'MCF7', 'PC3', 'VCAP']",6
BRD-K84039354,6,"['A375', 'A549', 'HT29', 'MCF7', 'PC3', 'VCAP']",13
BRD-K88617912,6,"['A375', 'A549', 'HT29', 'MCF7', 'PC3', 'VCAP']",7
BRD-K23897615,6,"['A375', 'A549', 'HT29', 'MCF7', 'PC3', 'VCAP']",6
BRD-K97357148,6,"['A375', 'A549', 'HT29', 'MCF7', 'PC3', 'VCAP']",7
BRD-K77983109,6,"['A375', 'A549', 'HT29', 'MCF7', 'PC3', 'VCAP']",6
BRD-K77939573,6,"['A375', 'A549', 'HT29', 'MCF7', 'PC3', 'VCAP']",7
BRD-K77922066,6,"['A375', 'A549', 'HT29', 'MCF7', 'PC3', 'VCAP']",7
BRD-K77909743,6,"['A375', 'A549', 'HT29', 'MCF7', 'PC3', 'VCAP']",7
BRD-K97194666,6,"['A375', 'A549', 'HT29', 'MCF7', 'PC3', 'VCAP']",7
BRD-K23370299,6,"['A375', 'A549', 'HT29', 'MCF7', 'PC3', 'VCAP']",6
BRD-K23287115,6,"['A375', 'A549', 'HT29', 'MCF7', 'PC3', 'VCAP']",7
BRD-K23263381,6,"['A375', 'A549', 'HT29', 'MCF7', 'PC3', 'VCAP']",7
BRD-K88243749,6,"['A375', 'A549', 'HT29', 'MCF7', 'PC3', 'VCAP']",6
BRD-K24391905,6,"['A375', 'A549', 'HT29', 'MCF7', 'PC3', 'VCAP']",6
BRD-K23618054,6,"['A375', 'A549', 'HT29', 'MCF7', 'PC3', 'VCAP']",7
ibrutinib,6,"['BT20', 'HS578T', 'MCF10A', 'MCF7', 'MDAMB231', 'SKBR3']",48
BRD-K23961390,6,"['A375', 'A549', 'HT29', 'MCF7', 'PC3', 'VCAP']",14
BRD-K24565544,6,"['A375', 'A549', 'HT29', 'MCF7', 'PC3', 'VCAP']",7
BRD-K24855340,6,"['A375', 'A549', 'HT29', 'MCF7', 'PC3', 'VCAP']",7
BRD-K24026396,6,"['A375', 'A549', 'HT29', 'MCF7', 'PC3', 'VCAP']",6
BRD-K24776959,6,"['A375', 'A549', 'HT29', 'MCF7', 'PC3', 'VCAP']",7
BRD-K24769439,6,"['A375', 'A549', 'HT29', 'MCF7', 'PC3', 'VCAP']",7
BRD-K24717178,6,"['A375', 'A549', 'HT29', 'MCF7', 'PC3', 'VCAP']",7
BRD-K97595524,6,"['A375', 'A549', 'HT29', 'MCF7', 'PC3', 'VCAP']",7
BRD-K98044070,6,"['A375', 'A549', 'HT29', 'MCF7', 'PC3', 'VCAP']",6
BRD-K97981711,6,"['A375', 'A549', 'HT29', 'MCF7', 'PC3', 'VCAP']",7
BRD-K97961692,6,"['A375', 'A549', 'HT29', 'MCF7', 'PC3', 'VCAP']",6
BRD-K97481123,6,"['A375', 'A549', 'HT29', 'MCF7', 'PC3', 'VCAP']",6
BRD-K25159388,6,"['A375', 'A549', 'HT29', 'MCF7', 'PC3', 'VCAP']",7
BRD-K24992843,6,"['A375', 'A549', 'HT29', 'MCF7', 'PC3', 'VCAP']",6
BRD-K24991044,6,"['A375', 'A549', 'HT29', 'MCF7', 'PC3', 'VCAP']",6
BRD-K25351202,6,"['A375', 'A549', 'HT29', 'MCF7', 'PC3', 'VCAP']",7
BRD-K25775504,6,"['A375', 'A549', 'HT29', 'MCF7', 'PC3', 'VCAP']",9
BRD-K25604127,6,"['A375', 'A549', 'HT29', 'MCF7', 'PC3', 'VCAP']",7
BRD-K25902954,6,"['A375', 'A549', 'HT29', 'MCF7', 'PC3', 'VCAP']",7
BRD-K25870200,6,"['A375', 'A549', 'HT29', 'MCF7', 'PC3', 'VCAP']",7
BRD-K24932095,6,"['A375', 'A549', 'HT29', 'MCF7', 'PC3', 'VCAP']",7
BRD-K26258603,6,"['A375', 'A549', 'HT29', 'MCF7', 'PC3', 'VCAP']",6
BRD-K77741497,6,"['A375', 'A549', 'HT29', 'MCF7', 'PC3', 'VCAP']",7
BRD-K77705921,6,"['A375', 'A549', 'HT29', 'MCF7', 'PC3', 'VCAP']",6
BRD-K97894266,6,"['A375', 'A549', 'HT29', 'MCF7', 'PC3', 'VCAP']",7
BRD-K97860318,6,"['A375', 'A549', 'HT29', 'MCF7', 'PC3', 'VCAP']",6
BRD-K97671879,6,"['A375', 'A549', 'HT29', 'MCF7', 'PC3', 'VCAP']",7
BRD-K25997353,6,"['A375', 'A549', 'HT29', 'MCF7', 'PC3', 'VCAP']",7
BRD-K25991572,6,"['A375', 'A549', 'HT29', 'MCF7', 'PC3', 'VCAP']",6
BRD-K26631510,6,"['A375', 'A549', 'HT29', 'MCF7', 'PC3', 'VCAP']",7
BRD-K26583430,6,"['A375', 'A549', 'HT29', 'MCF7', 'PC3', 'VCAP']",7
foretinib,6,"['BT20', 'HS578T', 'MCF10A', 'MCF7', 'MDAMB231', 'SKBR3']",48
BRD-K27198330,6,"['A375', 'A549', 'HT29', 'MCF7', 'PC3', 'VCAP']",7
BRD-K27173348,6,"['A375', 'A549', 'HT29', 'MCF7', 'PC3', 'VCAP']",6
BRD-K27161555,6,"['A375', 'A549', 'HT29', 'MCF7', 'PC3', 'VCAP']",7
BRD-K83826027,6,"['A375', 'A549', 'HT29', 'MCF7', 'PC3', 'VCAP']",7
BRD-K78099132,6,"['A375', 'A549', 'HT29', 'MCF7', 'PC3', 'VCAP']",6
BRD-K88821227,6,"['A375', 'A549', 'HT29', 'MCF7', 'PC3', 'VCAP']",7
BRD-K27915767,6,"['A375', 'A549', 'HT29', 'MCF7', 'PC3', 'VCAP']",7
BRD-K27475558,6,"['A375', 'A549', 'HT29', 'MCF7', 'PC3', 'VCAP']",6
BRD-K27429081,6,"['A375', 'A549', 'HT29', 'MCF7', 'PC3', 'VCAP']",7
BRD-K88616704,6,"['A375', 'A549', 'HT29', 'MCF7', 'PC3', 'VCAP']",6
BRD-K28484895,6,"['A375', 'A549', 'HT29', 'MCF7', 'PC3', 'VCAP']",7
BRD-K28460793,6,"['A375', 'A549', 'HT29', 'MCF7', 'PC3', 'VCAP']",7
BRD-K27671514,6,"['A375', 'A549', 'HT29', 'MCF7', 'PC3', 'VCAP']",9
BRD-K27622534,6,"['A375', 'A549', 'HT29', 'MCF7', 'PC3', 'VCAP']",6
BRD-K28001518,6,"['A375', 'A549', 'HT29', 'MCF7', 'PC3', 'VCAP']",6
BRD-K28667054,6,"['A375', 'A549', 'HT29', 'MCF7', 'PC3', 'VCAP']",6
BRD-K29162128,6,"['A375', 'A549', 'HT29', 'MCF7', 'PC3', 'VCAP']",7
BRD-K28282432,6,"['A375', 'A549', 'HT29', 'MCF7', 'PC3', 'VCAP']",7
BRD-K28497936,6,"['A375', 'A549', 'HT29', 'MCF7', 'PC3', 'VCAP']",7
BRD-K77786391,6,"['A375', 'A549', 'HT29', 'MCF7', 'PC3', 'VCAP']",7
BRD-K77774562,6,"['A375', 'A549', 'HT29', 'MCF7', 'PC3', 'VCAP']",7
BRD-K99020117,6,"['A375', 'A549', 'HT29', 'MCF7', 'PC3', 'VCAP']",6
BRD-K77326001,6,"['A375', 'A549', 'HT29', 'MCF7', 'PC3', 'VCAP']",7
BRD-K29451642,6,"['A375', 'A549', 'HT29', 'MCF7', 'PC3', 'VCAP']",11
BRD-K28918096,6,"['A375', 'A549', 'HT29', 'MCF7', 'PC3', 'VCAP']",6
BRD-K28883735,6,"['A375', 'A549', 'HT29', 'MCF7', 'PC3', 'VCAP']",7
BRD-K28772322,6,"['A375', 'A549', 'HT29', 'MCF7', 'PC3', 'VCAP']",9
BRD-K28743085,6,"['A375', 'A549', 'HT29', 'MCF7', 'PC3', 'VCAP']",7
BRD-K29253390,6,"['A375', 'A549', 'HT29', 'MCF7', 'PC3', 'VCAP']",7
BRD-K29953802,6,"['A375', 'A549', 'HT29', 'MCF7', 'PC3', 'VCAP']",7
BRD-K29360016,6,"['A375', 'A549', 'HT29', 'MCF7', 'PC3', 'VCAP']",6
BRD-K29326853,6,"['A375', 'A549', 'HT29', 'MCF7', 'PC3', 'VCAP']",7
BRD-K29286627,6,"['A375', 'A549', 'HT29', 'MCF7', 'PC3', 'VCAP']",7
BRD-K29256470,6,"['A375', 'A549', 'HT29', 'MCF7', 'PC3', 'VCAP']",7
BRD-K30393343,6,"['A375', 'A549', 'HT29', 'MCF7', 'PC3', 'VCAP']",14
BRD-K30371494,6,"['A375', 'A549', 'HT29', 'MCF7', 'PC3', 'VCAP']",6
BRD-K30309936,6,"['A375', 'A549', 'HT29', 'MCF7', 'PC3', 'VCAP']",11
BRD-K76859558,6,"['A375', 'A549', 'HT29', 'MCF7', 'PC3', 'VCAP']",6
BRD-K76850979,6,"['A375', 'A549', 'HT29', 'MCF7', 'PC3', 'VCAP']",7
BRD-K99395085,6,"['A375', 'A549', 'HT29', 'MCF7', 'PC3', 'VCAP']",7
BRD-K30697829,6,"['A375', 'A549', 'HT29', 'MCF7', 'PC3', 'VCAP']",7
BRD-K30684242,6,"['A375', 'A549', 'HT29', 'MCF7', 'PC3', 'VCAP']",7
doramapimod,6,"['BT20', 'HS578T', 'MCF10A', 'MCF7', 'MDAMB231', 'SKBR3']",48
BRD-K31042955,6,"['A375', 'A549', 'HT29', 'MCF7', 'PC3', 'VCAP']",6
BRD-K30940328,6,"['A375', 'A549', 'HT29', 'MCF7', 'PC3', 'VCAP']",7
BRD-K30934390,6,"['A375', 'A549', 'HT29', 'MCF7', 'PC3', 'VCAP']",10
BRD-K31566137,6,"['A375', 'A549', 'HT29', 'MCF7', 'PC3', 'VCAP']",7
BRD-K31485493,6,"['A375', 'A549', 'HT29', 'MCF7', 'PC3', 'VCAP']",7
BRD-K31415071,6,"['A375', 'A549', 'HT29', 'MCF7', 'PC3', 'VCAP']",7
BRD-K89144439,6,"['A375', 'A549', 'HT29', 'MCF7', 'PC3', 'VCAP']",10
BRD-K89010697,6,"['A375', 'A549', 'HT29', 'MCF7', 'PC3', 'VCAP']",7
BRD-K31697605,6,"['A375', 'A549', 'HT29', 'MCF7', 'PC3', 'VCAP']",11
BRD-K31329249,6,"['A375', 'A549', 'HT29', 'MCF7', 'PC3', 'VCAP']",7
BRD-K31315646,6,"['A375', 'A549', 'HT29', 'MCF7', 'PC3', 'VCAP']",14
BRD-K99103407,6,"['A375', 'A549', 'HT29', 'MCF7', 'PC3', 'VCAP']",7
BRD-K76438898,6,"['A375', 'A549', 'HT29', 'MCF7', 'PC3', 'VCAP']",11
BRD-K77287734,6,"['A375', 'A549', 'HT29', 'MCF7', 'PC3', 'VCAP']",7
BRD-K77006185,6,"['A375', 'A549', 'HT29', 'MCF7', 'PC3', 'VCAP']",7
BRD-K88748878,6,"['A375', 'A549', 'HT29', 'MCF7', 'PC3', 'VCAP']",6
BRD-K32330804,6,"['A375', 'A549', 'HT29', 'MCF7', 'PC3', 'VCAP']",7
BRD-K32320888,6,"['A375', 'A549', 'HT29', 'MCF7', 'PC3', 'VCAP']",7
BRD-K31883841,6,"['A375', 'A549', 'HT29', 'MCF7', 'PC3', 'VCAP']",6
BRD-K31877241,6,"['A375', 'A549', 'HT29', 'MCF7', 'PC3', 'VCAP']",6
BRD-K31830662,6,"['A375', 'A549', 'HT29', 'MCF7', 'PC3', 'VCAP']",6
BRD-K31826120,6,"['A375', 'A549', 'HT29', 'MCF7', 'PC3', 'VCAP']",6
BRD-K31822300,6,"['A375', 'A549', 'HT29', 'MCF7', 'PC3', 'VCAP']",7
BRD-K32444480,6,"['A375', 'A549', 'HT29', 'MCF7', 'PC3', 'VCAP']",11
BRD-K76915833,6,"['A375', 'A549', 'HT29', 'MCF7', 'PC3', 'VCAP']",12
BRD-K99958302,6,"['A375', 'A549', 'HT29', 'MCF7', 'PC3', 'VCAP']",7
BRD-K99902401,6,"['A375', 'A549', 'HT29', 'MCF7', 'PC3', 'VCAP']",7
BRD-K32931486,6,"['A375', 'A549', 'HT29', 'MCF7', 'PC3', 'VCAP']",7
BRD-K31999759,6,"['A375', 'A549', 'HT29', 'MCF7', 'PC3', 'VCAP']",7
BRD-K31998493,6,"['A375', 'A549', 'HT29', 'MCF7', 'PC3', 'VCAP']",7
BRD-K33215066,6,"['A375', 'A549', 'HT29', 'MCF7', 'PC3', 'VCAP']",6
BRD-K33005877,6,"['A375', 'A549', 'HT29', 'MCF7', 'PC3', 'VCAP']",7
BRD-K33979365,6,"['A375', 'A549', 'HT29', 'MCF7', 'PC3', 'VCAP']",7
BRD-K32897268,6,"['A375', 'A549', 'HT29', 'MCF7', 'PC3', 'VCAP']",7
BRD-K34547533,6,"['A375', 'A549', 'HT29', 'MCF7', 'PC3', 'VCAP']",11
BRD-K34545522,6,"['A375', 'A549', 'HT29', 'MCF7', 'PC3', 'VCAP']",9
BRD-K34516743,6,"['A375', 'A549', 'HT29', 'MCF7', 'PC3', 'VCAP']",6
BRD-K34981405,6,"['A375', 'A549', 'HT29', 'MCF7', 'PC3', 'VCAP']",7
BRD-K33776933,6,"['A375', 'A549', 'HT29', 'MCF7', 'PC3', 'VCAP']",7
BRD-K34798063,6,"['A375', 'A549', 'HT29', 'MCF7', 'PC3', 'VCAP']",7
BRD-K35158088,6,"['A375', 'A549', 'HT29', 'MCF7', 'PC3', 'VCAP']",7
BRD-K35090513,6,"['A375', 'A549', 'HT29', 'MCF7', 'PC3', 'VCAP']",11
BRD-K35060373,6,"['A375', 'A549', 'HT29', 'MCF7', 'PC3', 'VCAP']",7
BRD-K35558120,6,"['A375', 'A549', 'HT29', 'MCF7', 'PC3', 'VCAP']",7
BRD-K83859302,6,"['A375', 'A549', 'HT29', 'MCF7', 'PC3', 'VCAP']",7
BRD-K89344180,6,"['A375', 'A549', 'HT29', 'MCF7', 'PC3', 'VCAP']",6
BRD-K89288521,6,"['A375', 'A549', 'HT29', 'MCF7', 'PC3', 'VCAP']",7
BRD-K89185880,6,"['A375', 'A549', 'HT29', 'MCF7', 'PC3', 'VCAP']",11
BRD-K35510956,6,"['A375', 'A549', 'HT29', 'MCF7', 'PC3', 'VCAP']",7
BRD-K35418438,6,"['A375', 'A549', 'HT29', 'MCF7', 'PC3', 'VCAP']",7
BRD-K35371149,6,"['A375', 'A549', 'HT29', 'MCF7', 'PC3', 'VCAP']",7
BRD-K36654803,6,"['A375', 'A549', 'HT29', 'MCF7', 'PC3', 'VCAP']",7
BRD-K36130407,6,"['A375', 'A549', 'HT29', 'MCF7', 'PC3', 'VCAP']",7
BRD-K36048022,6,"['A375', 'A549', 'HT29', 'MCF7', 'PC3', 'VCAP']",6
BRD-K36284700,6,"['A375', 'A549', 'HT29', 'MCF7', 'PC3', 'VCAP']",7
BRD-K36226647,6,"['A375', 'A549', 'HT29', 'MCF7', 'PC3', 'VCAP']",9
BRD-K36206486,6,"['A375', 'A549', 'HT29', 'MCF7', 'PC3', 'VCAP']",7
BRD-K36177038,6,"['A375', 'A549', 'HT29', 'MCF7', 'PC3', 'VCAP']",6
BRD-K36165258,6,"['A375', 'A549', 'HT29', 'MCF7', 'PC3', 'VCAP']",7
BRD-K37340147,6,"['A375', 'A549', 'HT29', 'MCF7', 'PC3', 'VCAP']",7
BRD-K37322457,6,"['A375', 'A549', 'HT29', 'MCF7', 'PC3', 'VCAP']",7
BRD-K36596997,6,"['A375', 'A549', 'HT29', 'MCF7', 'PC3', 'VCAP']",7
BRD-K36466190,6,"['A375', 'A549', 'HT29', 'MCF7', 'PC3', 'VCAP']",6
BRD-K37631226,6,"['A375', 'A549', 'HT29', 'MCF7', 'PC3', 'VCAP']",7
BRD-K37495811,6,"['A375', 'A549', 'HT29', 'MCF7', 'PC3', 'VCAP']",7
BRD-K37459628,6,"['A375', 'A549', 'HT29', 'MCF7', 'PC3', 'VCAP']",6
BRD-K37849751,6,"['A375', 'A549', 'HT29', 'MCF7', 'PC3', 'VCAP']",7
BRD-K38313084,6,"['A375', 'A549', 'HT29', 'MCF7', 'PC3', 'VCAP']",7
BRD-K38126560,6,"['A375', 'A549', 'HT29', 'MCF7', 'PC3', 'VCAP']",7
BRD-K38103660,6,"['A375', 'A549', 'HT29', 'MCF7', 'PC3', 'VCAP']",7
BRD-K38571337,6,"['A375', 'A549', 'HT29', 'MCF7', 'PC3', 'VCAP']",6
BRD-K38546320,6,"['A375', 'A549', 'HT29', 'MCF7', 'PC3', 'VCAP']",6
BRD-K38459107,6,"['A375', 'A549', 'HT29', 'MCF7', 'PC3', 'VCAP']",7
BRD-K76369294,6,"['A375', 'A549', 'HT29', 'MCF7', 'PC3', 'VCAP']",7
BRD-K76352755,6,"['A375', 'A549', 'HT29', 'MCF7', 'PC3', 'VCAP']",7
BRD-K76352008,6,"['A375', 'A549', 'HT29', 'MCF7', 'PC3', 'VCAP']",7
BRD-K76318793,6,"['A375', 'A549', 'HT29', 'MCF7', 'PC3', 'VCAP']",11
BRD-K38373457,6,"['A375', 'A549', 'HT29', 'MCF7', 'PC3', 'VCAP']",6
buparlisib,6,"['BT20', 'HS578T', 'MCF10A', 'MCF7', 'MDAMB231', 'SKBR3']",48
BRD-K37977610,6,"['A375', 'A549', 'HT29', 'MCF7', 'PC3', 'VCAP']",6
BRD-K38797319,6,"['A375', 'A549', 'HT29', 'MCF7', 'PC3', 'VCAP']",7
BRD-K38672372,6,"['A375', 'A549', 'HT29', 'MCF7', 'PC3', 'VCAP']",7
BRD-K38643780,6,"['A375', 'A549', 'HT29', 'MCF7', 'PC3', 'VCAP']",7
BRD-K38986089,6,"['A375', 'A549', 'HT29', 'MCF7', 'PC3', 'VCAP']",6
BRD-K83448671,6,"['A375', 'A549', 'HT29', 'MCF7', 'PC3', 'VCAP']",6
BRD-K83132555,6,"['A375', 'A549', 'HT29', 'MCF7', 'PC3', 'VCAP']",7
BRD-K89675250,6,"['A375', 'A549', 'HT29', 'MCF7', 'PC3', 'VCAP']",6
BRD-K38965110,6,"['A375', 'A549', 'HT29', 'MCF7', 'PC3', 'VCAP']",6
BRD-K38934024,6,"['A375', 'A549', 'HT29', 'MCF7', 'PC3', 'VCAP']",7
BRD-K75887136,6,"['A375', 'A549', 'HT29', 'MCF7', 'PC3', 'VCAP']",7
BRD-K75781834,6,"['A375', 'A549', 'HT29', 'MCF7', 'PC3', 'VCAP']",7
BRD-K76138094,6,"['A375', 'A549', 'HT29', 'MCF7', 'PC3', 'VCAP']",7
BRD-K39481055,6,"['A375', 'A549', 'HT29', 'MCF7', 'PC3', 'VCAP']",7
BRD-K39405368,6,"['A375', 'A549', 'HT29', 'MCF7', 'PC3', 'VCAP']",11
BRD-K83541009,6,"['A375', 'A549', 'HT29', 'MCF7', 'PC3', 'VCAP']",7
BRD-K40160468,6,"['A375', 'A549', 'HT29', 'MCF7', 'PC3', 'VCAP']",7
BRD-K39599822,6,"['A375', 'A549', 'HT29', 'MCF7', 'PC3', 'VCAP']",6
BRD-K40301427,6,"['A375', 'A549', 'HT29', 'MCF7', 'PC3', 'VCAP']",6
BRD-K40249559,6,"['A375', 'A549', 'HT29', 'MCF7', 'PC3', 'VCAP']",7
BRD-K40829514,6,"['A375', 'A549', 'HT29', 'MCF7', 'PC3', 'VCAP']",6
BRD-K40769424,6,"['A375', 'A549', 'HT29', 'MCF7', 'PC3', 'VCAP']",9
BRD-K40708503,6,"['A375', 'A549', 'HT29', 'MCF7', 'PC3', 'VCAP']",6
BRD-K40635448,6,"['A375', 'A549', 'HT29', 'MCF7', 'PC3', 'VCAP']",6
BRD-K40597368,6,"['A375', 'A549', 'HT29', 'MCF7', 'PC3', 'VCAP']",7
BRD-K75669394,6,"['A375', 'A549', 'HT29', 'MCF7', 'PC3', 'VCAP']",6
BRD-K75666689,6,"['A375', 'A549', 'HT29', 'MCF7', 'PC3', 'VCAP']",6
BRD-K75633187,6,"['A375', 'A549', 'HT29', 'MCF7', 'PC3', 'VCAP']",7
BRD-K76266174,6,"['A375', 'A549', 'HT29', 'MCF7', 'PC3', 'VCAP']",6
BRD-K76263948,6,"['A375', 'A549', 'HT29', 'MCF7', 'PC3', 'VCAP']",9
BRD-K41120089,6,"['A375', 'A549', 'HT29', 'MCF7', 'PC3', 'VCAP']",7
BRD-K41069217,6,"['A375', 'A549', 'HT29', 'MCF7', 'PC3', 'VCAP']",7
BRD-K40471847,6,"['A375', 'A549', 'HT29', 'MCF7', 'PC3', 'VCAP']",6
BRD-K42142217,6,"['A375', 'A549', 'HT29', 'MCF7', 'PC3', 'VCAP']",7
BRD-K41430135,6,"['A375', 'A549', 'HT29', 'MCF7', 'PC3', 'VCAP']",7
BRD-K41418105,6,"['A375', 'A549', 'HT29', 'MCF7', 'PC3', 'VCAP']",6
BRD-K89493095,6,"['A375', 'A549', 'HT29', 'MCF7', 'PC3', 'VCAP']",6
BRD-K89958315,6,"['A375', 'A549', 'HT29', 'MCF7', 'PC3', 'VCAP']",7
BRD-K41763112,6,"['A375', 'A549', 'HT29', 'MCF7', 'PC3', 'VCAP']",6
BRD-K42303783,6,"['A375', 'A549', 'HT29', 'MCF7', 'PC3', 'VCAP']",7
BRD-K41649460,6,"['A375', 'A549', 'HT29', 'MCF7', 'PC3', 'VCAP']",6
BRD-K75090653,6,"['A375', 'A549', 'HT29', 'MCF7', 'PC3', 'VCAP']",6
BRD-K76103428,6,"['A375', 'A549', 'HT29', 'MCF7', 'PC3', 'VCAP']",11
BRD-K76047634,6,"['A375', 'A549', 'HT29', 'MCF7', 'PC3', 'VCAP']",6
BRD-K41526317,6,"['A375', 'A549', 'HT29', 'MCF7', 'PC3', 'VCAP']",7
BRD-K41520544,6,"['A375', 'A549', 'HT29', 'MCF7', 'PC3', 'VCAP']",6
BRD-K41513229,6,"['A375', 'A549', 'HT29', 'MCF7', 'PC3', 'VCAP']",11
amuvatinib,6,"['BT20', 'HS578T', 'MCF10A', 'MCF7', 'MDAMB231', 'SKBR3']",48
BRD-K89554882,6,"['A375', 'A549', 'HT29', 'MCF7', 'PC3', 'VCAP']",6
BRD-K89505656,6,"['A375', 'A549', 'HT29', 'MCF7', 'PC3', 'VCAP']",6
BRD-K42841961,6,"['A375', 'A549', 'HT29', 'MCF7', 'PC3', 'VCAP']",7
BRD-K42100231,6,"['A375', 'A549', 'HT29', 'MCF7', 'PC3', 'VCAP']",9
BRD-K42035280,6,"['A375', 'A549', 'HT29', 'MCF7', 'PC3', 'VCAP']",6
BRD-K42006110,6,"['A375', 'A549', 'HT29', 'MCF7', 'PC3', 'VCAP']",10
BRD-K42427050,6,"['A375', 'A549', 'HT29', 'MCF7', 'PC3', 'VCAP']",7
BRD-K43031910,6,"['A375', 'A549', 'HT29', 'MCF7', 'PC3', 'VCAP']",7
BRD-K43014865,6,"['A375', 'A549', 'HT29', 'MCF7', 'PC3', 'VCAP']",6
BRD-K42986817,6,"['A375', 'A549', 'HT29', 'MCF7', 'PC3', 'VCAP']",7
BRD-K74553461,6,"['A375', 'A549', 'HT29', 'MCF7', 'PC3', 'VCAP']",7
BRD-K74548617,6,"['A375', 'A549', 'HEPG2', 'HUH7', 'PHH', 'VCAP']",16
BRD-K74894470,6,"['A375', 'A549', 'HT29', 'MCF7', 'PC3', 'VCAP']",7
BRD-K75455321,6,"['A375', 'A549', 'HT29', 'MCF7', 'PC3', 'VCAP']",7
BRD-K42677417,6,"['A375', 'A549', 'HT29', 'MCF7', 'PC3', 'VCAP']",15
BRD-K42609935,6,"['A375', 'A549', 'HT29', 'MCF7', 'PC3', 'VCAP']",9
BRD-K42589221,6,"['A375', 'A549', 'HT29', 'MCF7', 'PC3', 'VCAP']",9
BRD-K43609604,6,"['A375', 'A549', 'HT29', 'MCF7', 'PC3', 'VCAP']",6
BRD-K42740486,6,"['A375', 'A549', 'HT29', 'MCF7', 'PC3', 'VCAP']",6
BRD-K43453714,6,"['A375', 'A549', 'HT29', 'MCF7', 'PC3', 'VCAP']",7
BRD-K43421680,6,"['A375', 'A549', 'HT29', 'MCF7', 'PC3', 'VCAP']",7
BRD-K43838150,6,"['A375', 'A549', 'HT29', 'MCF7', 'PC3', 'VCAP']",11
BRD-K43782840,6,"['A375', 'A549', 'HT29', 'MCF7', 'PC3', 'VCAP']",9
BRD-K43327166,6,"['A375', 'A549', 'HT29', 'MCF7', 'PC3', 'VCAP']",6
YM-201636,6,"['BT20', 'HS578T', 'MCF10A', 'MCF7', 'MDAMB231', 'SKBR3']",48
BRD-K74121411,6,"['A375', 'A549', 'HT29', 'MCF7', 'PC3', 'VCAP']",7
BRD-K73939795,6,"['A375', 'A549', 'HT29', 'MCF7', 'PC3', 'VCAP']",7
BRD-K74407269,6,"['A375', 'A549', 'HT29', 'MCF7', 'PC3', 'VCAP']",7
BRD-K74341727,6,"['A375', 'A549', 'HT29', 'MCF7', 'PC3', 'VCAP']",7
BRD-K74329753,6,"['A375', 'A549', 'HT29', 'MCF7', 'PC3', 'VCAP']",7
BRD-K74245085,6,"['A375', 'A549', 'HT29', 'MCF7', 'PC3', 'VCAP']",7
BRD-K75426909,6,"['A375', 'A549', 'HT29', 'MCF7', 'PC3', 'VCAP']",6
BRD-K75416754,6,"['A375', 'A549', 'HT29', 'MCF7', 'PC3', 'VCAP']",7
BRD-K75413841,6,"['A375', 'A549', 'HT29', 'MCF7', 'PC3', 'VCAP']",7
BRD-K44036769,6,"['A375', 'A549', 'HT29', 'MCF7', 'PC3', 'VCAP']",7
BRD-K43570134,6,"['A375', 'A549', 'HT29', 'MCF7', 'PC3', 'VCAP']",7
Y-39983,6,"['BT20', 'HS578T', 'MCF10A', 'MCF7', 'MDAMB231', 'SKBR3']",48
BRD-K44575839,6,"['A375', 'A549', 'HT29', 'MCF7', 'PC3', 'VCAP']",7
BRD-K44465671,6,"['A375', 'A549', 'HT29', 'MCF7', 'PC3', 'VCAP']",7
BRD-K44421914,6,"['A375', 'A549', 'HT29', 'MCF7', 'PC3', 'VCAP']",10
BRD-K44420259,6,"['A375', 'A549', 'HT29', 'MCF7', 'PC3', 'VCAP']",7
BRD-K44816676,6,"['A375', 'A549', 'HT29', 'MCF7', 'PC3', 'VCAP']",7
BRD-K43703651,6,"['A375', 'A549', 'HT29', 'MCF7', 'PC3', 'VCAP']",7
BRD-K43649826,6,"['A375', 'A549', 'HT29', 'MCF7', 'PC3', 'VCAP']",7
BRD-K44699604,6,"['A375', 'A549', 'HT29', 'MCF7', 'PC3', 'VCAP']",7
BRD-K44647644,6,"['A375', 'A549', 'HT29', 'MCF7', 'PC3', 'VCAP']",6
BRD-K44638353,6,"['A375', 'A549', 'HT29', 'MCF7', 'PC3', 'VCAP']",6
CYT387,6,"['BT20', 'HS578T', 'MCF10A', 'MCF7', 'MDAMB231', 'SKBR3']",48
BRD-K74127463,6,"['A375', 'A549', 'HT29', 'MCF7', 'PC3', 'VCAP']",6
BRD-K44925462,6,"['A375', 'A549', 'HT29', 'MCF7', 'PC3', 'VCAP']",7
BRD-K44828732,6,"['A375', 'A549', 'HT29', 'MCF7', 'PC3', 'VCAP']",9
BRD-K45222065,6,"['A375', 'A549', 'HT29', 'MCF7', 'PC3', 'VCAP']",7
BRD-K44756290,6,"['A375', 'A549', 'HT29', 'MCF7', 'PC3', 'VCAP']",7
BRD-K45853100,6,"['A375', 'A549', 'HT29', 'MCF7', 'PC3', 'VCAP']",13
BRD-K45695271,6,"['A375', 'A549', 'HT29', 'MCF7', 'PC3', 'VCAP']",7
BRD-K45690206,6,"['A375', 'A549', 'HT29', 'MCF7', 'PC3', 'VCAP']",7
BRD-K46088987,6,"['A549', 'HEPG2', 'HT29', 'HUH7', 'PHH', 'VCAP']",16
BRD-K45322187,6,"['A375', 'A549', 'HT29', 'MCF7', 'PC3', 'VCAP']",9
BRD-K91662172,6,"['A375', 'A549', 'HT29', 'MCF7', 'PC3', 'VCAP']",6
BRD-K73737710,6,"['A375', 'A549', 'HT29', 'MCF7', 'PC3', 'VCAP']",6
BRD-K73674426,6,"['A375', 'A549', 'HT29', 'MCF7', 'PC3', 'VCAP']",7
BRD-K73434976,6,"['A375', 'A549', 'HT29', 'MCF7', 'PC3', 'VCAP']",7
BRD-K46352899,6,"['A375', 'A549', 'HT29', 'MCF7', 'PC3', 'VCAP']",7
BRD-K45375659,6,"['A375', 'A549', 'HT29', 'MCF7', 'PC3', 'VCAP']",7
BRD-K46512834,6,"['A375', 'A549', 'HT29', 'MCF7', 'PC3', 'VCAP']",6
BRD-K46448313,6,"['A375', 'A549', 'HT29', 'MCF7', 'PC3', 'VCAP']",7
BRD-K46080444,6,"['A375', 'A549', 'HT29', 'MCF7', 'PC3', 'VCAP']",6
BRD-K46629170,6,"['A375', 'A549', 'HT29', 'MCF7', 'PC3', 'VCAP']",7
BRD-K46610687,6,"['A375', 'A549', 'HT29', 'MCF7', 'PC3', 'VCAP']",7
BRD-K47396627,6,"['A375', 'A549', 'HT29', 'MCF7', 'PC3', 'VCAP']",13
BRD-K47394228,6,"['A375', 'A549', 'HT29', 'MCF7', 'PC3', 'VCAP']",6
BRD-K47301880,6,"['A375', 'A549', 'HT29', 'MCF7', 'PC3', 'VCAP']",6
BRD-K47295867,6,"['A375', 'A549', 'HT29', 'MCF7', 'PC3', 'VCAP']",6
BRD-K47261397,6,"['A375', 'A549', 'HT29', 'MCF7', 'PC3', 'VCAP']",7
BRD-K47228813,6,"['A375', 'A549', 'HT29', 'MCF7', 'PC3', 'VCAP']",7
BRD-K47163377,6,"['A375', 'A549', 'HT29', 'MCF7', 'PC3', 'VCAP']",7
BRD-K47105324,6,"['A375', 'A549', 'HT29', 'MCF7', 'PC3', 'VCAP']",7
BRD-K47081163,6,"['A375', 'A549', 'HT29', 'MCF7', 'PC3', 'VCAP']",7
BRD-K47636932,6,"['A375', 'A549', 'HT29', 'MCF7', 'PC3', 'VCAP']",7
BRD-K47630323,6,"['A375', 'A549', 'HT29', 'MCF7', 'PC3', 'VCAP']",6
BRD-K47611269,6,"['A375', 'A549', 'HT29', 'MCF7', 'PC3', 'VCAP']",6
BRD-K73297432,6,"['A375', 'A549', 'HT29', 'MCF7', 'PC3', 'VCAP']",7
BRD-K73459720,6,"['A375', 'A549', 'HT29', 'MCF7', 'PC3', 'VCAP']",7
BRD-K81646882,6,"['A375', 'A549', 'HT29', 'MCF7', 'PC3', 'VCAP']",11
BRD-K47586560,6,"['A375', 'A549', 'HT29', 'MCF7', 'PC3', 'VCAP']",11
BRD-K47574438,6,"['A375', 'A549', 'HT29', 'MCF7', 'PC3', 'VCAP']",7
BRD-K47539505,6,"['A375', 'A549', 'HT29', 'MCF7', 'PC3', 'VCAP']",6
BRD-K47752932,6,"['A375', 'A549', 'HT29', 'MCF7', 'PC3', 'VCAP']",7
BRD-K48035058,6,"['A375', 'A549', 'HT29', 'MCF7', 'PC3', 'VCAP']",7
BRD-K47977047,6,"['A549', 'HEPG2', 'HT29', 'HUH7', 'PHH', 'VCAP']",18
BRD-K83390709,6,"['A375', 'A549', 'HT29', 'MCF7', 'PC3', 'VCAP']",7
BRD-K82777549,6,"['A375', 'A549', 'HT29', 'MCF7', 'PC3', 'VCAP']",6
BRD-K82727027,6,"['A375', 'A549', 'HT29', 'MCF7', 'PC3', 'VCAP']",7
BRD-K82669795,6,"['A375', 'A549', 'HT29', 'MCF7', 'PC3', 'VCAP']",7
BRD-K73059376,6,"['A375', 'A549', 'HT29', 'MCF7', 'PC3', 'VCAP']",6
BRD-K73592400,6,"['A375', 'A549', 'HT29', 'MCF7', 'PC3', 'VCAP']",7
BRD-K72913953,6,"['A375', 'A549', 'HT29', 'MCF7', 'PC3', 'VCAP']",11
BRD-K72913684,6,"['A375', 'A549', 'HT29', 'MCF7', 'PC3', 'VCAP']",7
BRD-K73388776,6,"['A375', 'A549', 'HT29', 'MCF7', 'PC3', 'VCAP']",7
BRD-K73388067,6,"['A375', 'A549', 'HT29', 'MCF7', 'PC3', 'VCAP']",6
BRD-K82651890,6,"['A375', 'A549', 'HT29', 'MCF7', 'PC3', 'VCAP']",6
BRD-K82633701,6,"['A375', 'A549', 'HT29', 'MCF7', 'PC3', 'VCAP']",6
BRD-K48624606,6,"['A375', 'A549', 'HT29', 'MCF7', 'PC3', 'VCAP']",7
BRD-K48775333,6,"['A375', 'A549', 'HT29', 'MCF7', 'PC3', 'VCAP']",6
BRD-K48360530,6,"['A375', 'A549', 'HT29', 'MCF7', 'PC3', 'VCAP']",7
BRD-K48306168,6,"['A375', 'A549', 'HT29', 'MCF7', 'PC3', 'VCAP']",7
BRD-K48243375,6,"['A375', 'A549', 'HT29', 'MCF7', 'PC3', 'VCAP']",6
BRD-K89885223,6,"['A375', 'A549', 'HT29', 'MCF7', 'PC3', 'VCAP']",7
BRD-K89808696,6,"['A375', 'A549', 'HT29', 'MCF7', 'PC3', 'VCAP']",13
BRD-K48465004,6,"['A375', 'A549', 'HT29', 'MCF7', 'PC3', 'VCAP']",7
BRD-K71932341,6,"['A375', 'A549', 'HT29', 'MCF7', 'PC3', 'VCAP']",7
BRD-K72502177,6,"['A375', 'A549', 'HT29', 'MCF7', 'PC3', 'VCAP']",7
BRD-K71504944,6,"['A375', 'A549', 'HT29', 'MCF7', 'PC3', 'VCAP']",7
BRD-K72269288,6,"['A375', 'A549', 'HT29', 'MCF7', 'PC3', 'VCAP']",6
BRD-K50186544,6,"['A375', 'A549', 'HT29', 'MCF7', 'PC3', 'VCAP']",7
BRD-K49283955,6,"['A375', 'A549', 'HT29', 'MCF7', 'PC3', 'VCAP']",7
BRD-K49164596,6,"['A375', 'A549', 'HT29', 'MCF7', 'PC3', 'VCAP']",6
BRD-K49148689,6,"['A375', 'A549', 'HT29', 'MCF7', 'PC3', 'VCAP']",6
BRD-K49070267,6,"['A375', 'A549', 'HT29', 'MCF7', 'PC3', 'VCAP']",7
BRD-K50366616,6,"['A375', 'A549', 'HT29', 'MCF7', 'PC3', 'VCAP']",7
BRD-K49998237,6,"['A375', 'A549', 'HT29', 'MCF7', 'PC3', 'VCAP']",7
BRD-K49923618,6,"['A375', 'A549', 'HT29', 'MCF7', 'PC3', 'VCAP']",7
BRD-K49751344,6,"['A375', 'A549', 'HT29', 'MCF7', 'PC3', 'VCAP']",10
BRD-K51257364,6,"['A375', 'A549', 'HT29', 'MCF7', 'PC3', 'VCAP']",7
BRD-K51256476,6,"['A375', 'A549', 'HT29', 'MCF7', 'PC3', 'VCAP']",7
BRD-K70647219,6,"['A375', 'A549', 'HT29', 'MCF7', 'PC3', 'VCAP']",7
BRD-K72042177,6,"['A375', 'A549', 'HT29', 'MCF7', 'PC3', 'VCAP']",7
BRD-K71935941,6,"['A375', 'A549', 'HT29', 'MCF7', 'PC3', 'VCAP']",7
BRD-K50058777,6,"['A375', 'A549', 'HT29', 'MCF7', 'PC3', 'VCAP']",7
SGX523,6,"['BT20', 'HS578T', 'MCF10A', 'MCF7', 'MDAMB231', 'SKBR3']",48
BRD-K50716931,6,"['A375', 'A549', 'HT29', 'MCF7', 'PC3', 'VCAP']",7
BRD-K51388814,6,"['A375', 'A549', 'HT29', 'MCF7', 'PC3', 'VCAP']",10
BRD-K50846154,6,"['A375', 'A549', 'HT29', 'MCF7', 'PC3', 'VCAP']",7
BRD-K51981081,6,"['A375', 'A549', 'HT29', 'MCF7', 'PC3', 'VCAP']",6
BRD-K51922621,6,"['A375', 'A549', 'HT29', 'MCF7', 'PC3', 'VCAP']",6
BRD-K51457407,6,"['A375', 'A549', 'HT29', 'MCF7', 'PC3', 'VCAP']",7
BRD-K51413232,6,"['A375', 'A549', 'HT29', 'MCF7', 'PC3', 'VCAP']",6
BRD-K52220918,6,"['A375', 'A549', 'HT29', 'MCF7', 'PC3', 'VCAP']",6
BRD-K70595737,6,"['A375', 'A549', 'HT29', 'MCF7', 'PC3', 'VCAP']",7
BRD-K70590207,6,"['A375', 'A549', 'HT29', 'MCF7', 'PC3', 'VCAP']",7
BRD-K71452159,6,"['A375', 'A549', 'HT29', 'MCF7', 'PC3', 'VCAP']",9
BRD-K71404640,6,"['A375', 'A549', 'HT29', 'MCF7', 'PC3', 'VCAP']",7
BRD-K52207968,6,"['A375', 'A549', 'HT29', 'MCF7', 'PC3', 'VCAP']",7
SAR-245409,6,"['BT20', 'HS578T', 'MCF10A', 'MCF7', 'MDAMB231', 'SKBR3']",48
SAR-245408,6,"['BT20', 'HS578T', 'MCF10A', 'MCF7', 'MDAMB231', 'SKBR3']",48
BRD-K51759637,6,"['A375', 'A549', 'HT29', 'MCF7', 'PC3', 'VCAP']",7
SA-425929,6,"['A375', 'A549', 'HT29', 'MCF7', 'PC3', 'VCAP']",14
SA-424764,6,"['A375', 'A549', 'HT29', 'MCF7', 'PC3', 'VCAP']",14
BRD-K52827598,6,"['A375', 'A549', 'HT29', 'MCF7', 'PC3', 'VCAP']",6
BRD-K52785744,6,"['A549', 'HEPG2', 'HT29', 'HUH7', 'PHH', 'VCAP']",16
SA-89210,6,"['A549', 'HT29', 'MCF7', 'NKDBA', 'PC3', 'VCAP']",18
SA-88642,6,"['A549', 'HT29', 'MCF7', 'NKDBA', 'PC3', 'VCAP']",18
SA-83851,6,"['A549', 'HT29', 'MCF7', 'NKDBA', 'PC3', 'VCAP']",18
BRD-K52662613,6,"['A375', 'A549', 'HT29', 'MCF7', 'PC3', 'VCAP']",7
BRD-K52657367,6,"['A375', 'A549', 'HT29', 'MCF7', 'PC3', 'VCAP']",6
SA-245650,6,"['A549', 'HT29', 'MCF7', 'NKDBA', 'PC3', 'VCAP']",18
BRD-K70836798,6,"['A375', 'A549', 'HT29', 'MCF7', 'PC3', 'VCAP']",7
BRD-K70821391,6,"['A375', 'A549', 'HT29', 'MCF7', 'PC3', 'VCAP']",7
BRD-K70810261,6,"['A375', 'A549', 'HT29', 'MCF7', 'PC3', 'VCAP']",7
BRD-K69747917,6,"['A375', 'A549', 'HT29', 'MCF7', 'PC3', 'VCAP']",6
BRD-K70852733,6,"['A375', 'A549', 'HT29', 'MCF7', 'PC3', 'VCAP']",7
BRD-K53187535,6,"['A375', 'A549', 'HT29', 'MCF7', 'PC3', 'VCAP']",7
BRD-K53022123,6,"['A375', 'A549', 'HT29', 'MCF7', 'PC3', 'VCAP']",7
SA-433965,6,"['A375', 'A549', 'HT29', 'MCF7', 'PC3', 'VCAP']",14
BRD-K52856667,6,"['A375', 'A549', 'HT29', 'MCF7', 'PC3', 'VCAP']",10
SA-1939079,6,"['A375', 'A549', 'HT29', 'MCF7', 'NKDBA', 'PC3']",17
SA-1939007,6,"['A375', 'A549', 'HT29', 'MCF7', 'NKDBA', 'PC3']",17
SA-1925246,6,"['A375', 'A549', 'HT29', 'MCF7', 'NKDBA', 'PC3']",17
SA-1922261,6,"['A375', 'A549', 'HT29', 'MCF7', 'NKDBA', 'PC3']",17
SA-1922257,6,"['A375', 'A549', 'HT29', 'MCF7', 'NKDBA', 'PC3']",17
BRD-K53437983,6,"['A375', 'A549', 'HT29', 'MCF7', 'PC3', 'VCAP']",6
BRD-K52675185,6,"['A375', 'A549', 'HT29', 'MCF7', 'PC3', 'VCAP']",11
BRD-K53315742,6,"['A375', 'A549', 'HT29', 'MCF7', 'PC3', 'VCAP']",7
BRD-K53220080,6,"['A375', 'A549', 'HT29', 'MCF7', 'PC3', 'VCAP']",6
BRD-K70496443,6,"['A375', 'A549', 'HT29', 'MCF7', 'PC3', 'VCAP']",6
BRD-K70495648,6,"['A375', 'A549', 'HT29', 'MCF7', 'PC3', 'VCAP']",7
SA-1920013,6,"['A375', 'A549', 'HT29', 'MCF7', 'NKDBA', 'PC3']",16
SA-1919875,6,"['A375', 'A549', 'HT29', 'MCF7', 'NKDBA', 'PC3']",17
SA-1919584,6,"['A375', 'A549', 'HT29', 'MCF7', 'NKDBA', 'PC3']",17
SA-1480001,6,"['A375', 'A549', 'MCF7', 'NKDBA', 'PC3', 'VCAP']",18
SA-1473468,6,"['A375', 'A549', 'MCF7', 'NKDBA', 'PC3', 'VCAP']",18
SA-1472734,6,"['A375', 'A549', 'MCF7', 'NKDBA', 'PC3', 'VCAP']",18
BRD-K90329522,6,"['A375', 'A549', 'HT29', 'MCF7', 'PC3', 'VCAP']",6
BRD-K90256762,6,"['A375', 'A549', 'HT29', 'MCF7', 'PC3', 'VCAP']",6
BRD-K82435102,6,"['A375', 'A549', 'HT29', 'MCF7', 'PC3', 'VCAP']",6
BRD-K68614469,6,"['A375', 'A549', 'HT29', 'MCF7', 'PC3', 'VCAP']",7
BRD-K69206710,6,"['A375', 'A549', 'HT29', 'MCF7', 'PC3', 'VCAP']",7
GSK-690693,6,"['BT20', 'HS578T', 'MCF10A', 'MCF7', 'MDAMB231', 'SKBR3']",48
GSK-2126458,6,"['BT20', 'HS578T', 'MCF10A', 'MCF7', 'MDAMB231', 'SKBR3']",48
BRD-K82234732,6,"['A375', 'A549', 'HT29', 'MCF7', 'PC3', 'VCAP']",7
BRD-K90646778,6,"['A375', 'A549', 'HT29', 'MCF7', 'PC3', 'VCAP']",6
SA-1459830,6,"['A375', 'A549', 'HT29', 'MCF7', 'PC3', 'VCAP']",15
SA-1459261,6,"['A375', 'A549', 'HT29', 'MCF7', 'PC3', 'VCAP']",15
SA-1457336,6,"['A375', 'A549', 'HT29', 'MCF7', 'PC3', 'VCAP']",15
SA-1457305,6,"['A375', 'A549', 'HT29', 'MCF7', 'PC3', 'VCAP']",15
BRD-K53790075,6,"['A375', 'A549', 'HT29', 'MCF7', 'PC3', 'VCAP']",7
SA-1472702,6,"['A375', 'A549', 'MCF7', 'NKDBA', 'PC3', 'VCAP']",18
SA-1472655,6,"['A375', 'A549', 'MCF7', 'NKDBA', 'PC3', 'VCAP']",18
SA-1472548,6,"['A375', 'A549', 'MCF7', 'NKDBA', 'PC3', 'VCAP']",18
SA-1472542,6,"['A375', 'A549', 'MCF7', 'NKDBA', 'PC3', 'VCAP']",18
SA-1472321,6,"['A375', 'A549', 'HT29', 'MCF7', 'NKDBA', 'VCAP']",18
SA-1463839,6,"['A375', 'A549', 'MCF7', 'NKDBA', 'PC3', 'VCAP']",18
SA-1463814,6,"['A375', 'A549', 'MCF7', 'NKDBA', 'PC3', 'VCAP']",18
SA-1463787,6,"['A375', 'A549', 'MCF7', 'NKDBA', 'PC3', 'VCAP']",18
SA-1463785,6,"['A375', 'A549', 'HT29', 'MCF7', 'NKDBA', 'VCAP']",18
SA-1456570,6,"['A375', 'A549', 'HT29', 'MCF7', 'PC3', 'VCAP']",15
SA-1456443,6,"['A375', 'A549', 'HT29', 'MCF7', 'PC3', 'VCAP']",15
SA-1455791,6,"['A375', 'A549', 'HT29', 'MCF7', 'PC3', 'VCAP']",15
BRD-K68455755,6,"['A375', 'A549', 'HT29', 'MCF7', 'PC3', 'VCAP']",7
BRD-K68325161,6,"['A375', 'A549', 'HT29', 'MCF7', 'PC3', 'VCAP']",6
BRD-K68278258,6,"['A375', 'A549', 'HT29', 'MCF7', 'PC3', 'VCAP']",7
BRD-K68223173,6,"['A375', 'A549', 'HT29', 'MCF7', 'PC3', 'VCAP']",9
BRD-K69598982,6,"['A375', 'A549', 'HT29', 'MCF7', 'PC3', 'VCAP']",6
SA-102607,6,"['A375', 'A549', 'HT29', 'MCF7', 'PC3', 'VCAP']",14
BRD-K54010839,6,"['A375', 'A549', 'HT29', 'MCF7', 'PC3', 'VCAP']",7
BRD-K53949821,6,"['A375', 'A549', 'HT29', 'MCF7', 'PC3', 'VCAP']",9
SA-1459173,6,"['A375', 'A549', 'HT29', 'MCF7', 'PC3', 'VCAP']",15
SA-1459002,6,"['A375', 'A549', 'HT29', 'MCF7', 'PC3', 'VCAP']",15
SA-1458487,6,"['A375', 'A549', 'HT29', 'MCF7', 'PC3', 'VCAP']",15
SA-1458189,6,"['A375', 'A549', 'HT29', 'MCF7', 'PC3', 'VCAP']",15
SA-1457769,6,"['A375', 'A549', 'HT29', 'MCF7', 'PC3', 'VCAP']",15
BRD-K54323133,6,"['A375', 'A549', 'HT29', 'MCF7', 'PC3', 'VCAP']",6
BRD-K54263226,6,"['A375', 'A549', 'HT29', 'MCF7', 'PC3', 'VCAP']",7
BRD-K68630394,6,"['A375', 'A549', 'HT29', 'MCF7', 'PC3', 'VCAP']",7
BRD-K67829818,6,"['A375', 'A549', 'HT29', 'MCF7', 'PC3', 'VCAP']",6
BRD-K68211814,6,"['A375', 'A549', 'HT29', 'MCF7', 'PC3', 'VCAP']",13
BRD-K68911617,6,"['A375', 'A549', 'HT29', 'MCF7', 'PC3', 'VCAP']",6
BRD-K54179080,6,"['A375', 'A549', 'HT29', 'MCF7', 'PC3', 'VCAP']",7
BRD-K54635843,6,"['A375', 'A549', 'HT29', 'MCF7', 'PC3', 'VCAP']",6
BRD-K54546524,6,"['A375', 'A549', 'HT29', 'MCF7', 'PC3', 'VCAP']",7
BRD-K54385541,6,"['A375', 'A549', 'HT29', 'MCF7', 'PC3', 'VCAP']",6
BRD-K55010869,6,"['A375', 'A549', 'HT29', 'MCF7', 'PC3', 'VCAP']",7
BRD-K54730162,6,"['A375', 'A549', 'HT29', 'MCF7', 'PC3', 'VCAP']",7
BRD-K55185663,6,"['A375', 'A549', 'HT29', 'MCF7', 'PC3', 'VCAP']",7
BRD-K55073475,6,"['A375', 'A549', 'HT29', 'MCF7', 'PC3', 'VCAP']",7
BRD-K67655178,6,"['A375', 'A549', 'HT29', 'MCF7', 'PC3', 'VCAP']",7
BRD-K68782403,6,"['A375', 'A549', 'HT29', 'MCF7', 'PC3', 'VCAP']",7
BRD-K55426263,6,"['A375', 'A549', 'HT29', 'MCF7', 'PC3', 'VCAP']",9
BRD-K55210983,6,"['A375', 'A549', 'HT29', 'MCF7', 'PC3', 'VCAP']",7
BRD-K90987254,6,"['A375', 'A549', 'HT29', 'MCF7', 'PC3', 'VCAP']",7
BRD-K90871122,6,"['A375', 'A549', 'HT29', 'MCF7', 'PC3', 'VCAP']",7
BRD-K90748376,6,"['A375', 'A549', 'HT29', 'MCF7', 'PC3', 'VCAP']",6
BRD-K82161520,6,"['A375', 'A549', 'HT29', 'MCF7', 'PC3', 'VCAP']",6
BRD-K55561254,6,"['A375', 'A549', 'HT29', 'MCF7', 'PC3', 'VCAP']",7
BRD-K55699053,6,"['A375', 'A549', 'HT29', 'MCF7', 'PC3', 'VCAP']",7
BRD-K55596430,6,"['A375', 'A549', 'HT29', 'MCF7', 'PC3', 'VCAP']",7
BRD-K55588166,6,"['A375', 'A549', 'HT29', 'MCF7', 'PC3', 'VCAP']",6
BRD-K90544334,6,"['A375', 'A549', 'HT29', 'MCF7', 'PC3', 'VCAP']",9
BRD-K90431990,6,"['A375', 'A549', 'HT29', 'MCF7', 'PC3', 'VCAP']",7
BRD-K56764633,6,"['A375', 'A549', 'HT29', 'MCF7', 'PC3', 'VCAP']",7
BRD-K55875111,6,"['A375', 'A549', 'HT29', 'MCF7', 'PC3', 'VCAP']",7
BRD-K67069164,6,"['A375', 'A549', 'HT29', 'MCF7', 'PC3', 'VCAP']",6
BRD-K66888355,6,"['A375', 'A549', 'HT29', 'MCF7', 'PC3', 'VCAP']",7
BRD-K66866904,6,"['A375', 'A549', 'HT29', 'MCF7', 'PC3', 'VCAP']",6
BRD-K66812281,6,"['A375', 'A549', 'HT29', 'MCF7', 'PC3', 'VCAP']",7
BRD-K68148111,6,"['A375', 'A549', 'HT29', 'MCF7', 'PC3', 'VCAP']",7
BRD-K56206243,6,"['A375', 'A549', 'HT29', 'MCF7', 'PC3', 'VCAP']",7
BRD-K57487331,6,"['A375', 'A549', 'HT29', 'MCF7', 'PC3', 'VCAP']",6
BRD-K56473018,6,"['A375', 'A549', 'HT29', 'MCF7', 'PC3', 'VCAP']",9
BRD-K56951539,6,"['A375', 'A549', 'HT29', 'MCF7', 'PC3', 'VCAP']",6
BRD-K56904155,6,"['A375', 'A549', 'HT29', 'MCF7', 'PC3', 'VCAP']",7
BRD-K56899980,6,"['A375', 'A549', 'HT29', 'MCF7', 'PC3', 'VCAP']",7
BRD-K56646986,6,"['A375', 'A549', 'HT29', 'MCF7', 'PC3', 'VCAP']",7
BRD-K57204377,6,"['A375', 'A549', 'HT29', 'MCF7', 'PC3', 'VCAP']",7
BRD-K58300809,6,"['A375', 'A549', 'HT29', 'MCF7', 'PC3', 'VCAP']",7
BRD-K58284322,6,"['A375', 'A549', 'HT29', 'MCF7', 'PC3', 'VCAP']",6
BRD-K66185150,6,"['A375', 'A549', 'HT29', 'MCF7', 'PC3', 'VCAP']",6
KIN001-266,6,"['BT20', 'HS578T', 'MCF10A', 'MCF7', 'MDAMB231', 'SKBR3']",48
BRD-K66643665,6,"['A375', 'A549', 'HT29', 'MCF7', 'PC3', 'VCAP']",6
BRD-K67484450,6,"['A375', 'A549', 'HT29', 'MCF7', 'PC3', 'VCAP']",7
PF-477736,6,"['BT20', 'HS578T', 'MCF10A', 'MCF7', 'MDAMB231', 'SKBR3']",48
PF-431396,6,"['BT20', 'HS578T', 'MCF10A', 'MCF7', 'MDAMB231', 'SKBR3']",48
BRD-K57589644,6,"['A375', 'A549', 'HT29', 'MCF7', 'PC3', 'VCAP']",6
BRD-K58415436,6,"['A375', 'A549', 'HT29', 'MCF7', 'PC3', 'VCAP']",11
BRD-K58033375,6,"['A375', 'A549', 'HT29', 'MCF7', 'PC3', 'VCAP']",7
BRD-K57901680,6,"['A375', 'A549', 'HT29', 'MCF7', 'PC3', 'VCAP']",6
OSI-930,6,"['BT20', 'HS578T', 'MCF10A', 'MCF7', 'MDAMB231', 'SKBR3']",48
BRD-K58381953,6,"['A375', 'A549', 'HT29', 'MCF7', 'PC3', 'VCAP']",7
BRD-K59446585,6,"['A375', 'A549', 'HT29', 'MCF7', 'PC3', 'VCAP']",7
NVP-BGJ398,6,"['BT20', 'HS578T', 'MCF10A', 'MCF7', 'MDAMB231', 'SKBR3']",48
NVP-AEW541,6,"['BT20', 'HS578T', 'MCF10A', 'MCF7', 'MDAMB231', 'SKBR3']",48
BRD-K58560613,6,"['A375', 'A549', 'HT29', 'MCF7', 'PC3', 'VCAP']",7
BRD-K58475709,6,"['A375', 'A549', 'HT29', 'MCF7', 'PC3', 'VCAP']",7
KU-60019,6,"['BT20', 'HS578T', 'MCF10A', 'MCF7', 'MDAMB231', 'SKBR3']",48
BRD-K66356233,6,"['A375', 'A549', 'HT29', 'MCF7', 'PC3', 'VCAP']",7
BRD-K58856256,6,"['A375', 'A549', 'HT29', 'MCF7', 'PC3', 'VCAP']",7
BRD-K60144416,6,"['A375', 'A549', 'HT29', 'MCF7', 'PC3', 'VCAP']",6
BRD-K59340545,6,"['A375', 'A549', 'HT29', 'MCF7', 'PC3', 'VCAP']",7
BRD-K59248078,6,"['A375', 'A549', 'HT29', 'MCF7', 'PC3', 'VCAP']",6
BRD-K60391804,6,"['A375', 'A549', 'HT29', 'MCF7', 'PC3', 'VCAP']",6
BRD-K60362139,6,"['A375', 'A549', 'HT29', 'MCF7', 'PC3', 'VCAP']",7
BRD-K60298771,6,"['A375', 'A549', 'HEPG2', 'HUH7', 'PHH', 'VCAP']",16
BRD-K60272788,6,"['A375', 'A549', 'HT29', 'MCF7', 'PC3', 'VCAP']",6
BRD-K59472400,6,"['A375', 'A549', 'HT29', 'MCF7', 'PC3', 'VCAP']",6
BRD-K60994920,6,"['A375', 'A549', 'HT29', 'MCF7', 'PC3', 'VCAP']",7
BRD-K60588371,6,"['A375', 'A549', 'HT29', 'MCF7', 'PC3', 'VCAP']",6
BRD-K61284851,6,"['A375', 'A549', 'HT29', 'MCF7', 'PC3', 'VCAP']",7
BRD-K61260096,6,"['A375', 'A549', 'HT29', 'MCF7', 'PC3', 'VCAP']",7
BRD-K65540587,6,"['A375', 'A549', 'HT29', 'MCF7', 'PC3', 'VCAP']",6
BRD-K65482654,6,"['A375', 'A549', 'HT29', 'MCF7', 'PC3', 'VCAP']",7
BRD-K66586010,6,"['A375', 'A549', 'HT29', 'MCF7', 'PC3', 'VCAP']",7
BRD-K66536842,6,"['A375', 'A549', 'HT29', 'MCF7', 'PC3', 'VCAP']",6
BRD-K65988431,6,"['A375', 'A549', 'HT29', 'MCF7', 'PC3', 'VCAP']",7
BRD-K61788733,6,"['A375', 'A549', 'HT29', 'MCF7', 'PC3', 'VCAP']",7
BRD-K61776649,6,"['A375', 'A549', 'HT29', 'MCF7', 'PC3', 'VCAP']",9
BRD-K60760276,6,"['A375', 'A549', 'HT29', 'MCF7', 'PC3', 'VCAP']",6
BRD-K60756411,6,"['A375', 'A549', 'HT29', 'MCF7', 'PC3', 'VCAP']",7
BRD-K62102996,6,"['A375', 'A549', 'HT29', 'MCF7', 'PC3', 'VCAP']",6
BRD-K62019457,6,"['A375', 'A549', 'HT29', 'MCF7', 'PC3', 'VCAP']",18
BRD-K61991236,6,"['A375', 'A549', 'HT29', 'MCF7', 'PC3', 'VCAP']",6
BRD-K61952473,6,"['A375', 'A549', 'HT29', 'MCF7', 'PC3', 'VCAP']",7
BRD-K61855818,6,"['A375', 'A549', 'HT29', 'MCF7', 'PC3', 'VCAP']",6
MGCD-265,6,"['BT20', 'HS578T', 'MCF10A', 'MCF7', 'MDAMB231', 'SKBR3']",48
BRD-K61465460,6,"['A375', 'A549', 'HT29', 'MCF7', 'PC3', 'VCAP']",6
BRD-K65037509,6,"['A375', 'A549', 'HT29', 'MCF7', 'PC3', 'VCAP']",11
BRD-K65012833,6,"['A375', 'A549', 'HT29', 'MCF7', 'PC3', 'VCAP']",7
BRD-K64968742,6,"['A375', 'A549', 'HT29', 'MCF7', 'PC3', 'VCAP']",6
BRD-K66221011,6,"['A375', 'A549', 'HT29', 'MCF7', 'PC3', 'VCAP']",6
BRD-K65240553,6,"['A375', 'A549', 'HT29', 'MCF7', 'PC3', 'VCAP']",7
BRD-K65165610,6,"['A375', 'A549', 'HT29', 'MCF7', 'PC3', 'VCAP']",6
BRD-K61606206,6,"['A375', 'A549', 'HT29', 'MCF7', 'PC3', 'VCAP']",6
BRD-K63096635,6,"['A375', 'A549', 'HT29', 'MCF7', 'PC3', 'VCAP']",7
BRD-K63072081,6,"['A375', 'A549', 'HT29', 'MCF7', 'PC3', 'VCAP']",7
BRD-K62995317,6,"['A375', 'A549', 'HT29', 'MCF7', 'PC3', 'VCAP']",7
BRD-K62431786,6,"['A375', 'A549', 'HT29', 'MCF7', 'PC3', 'VCAP']",6
BRD-K63933178,6,"['A375', 'A549', 'HT29', 'MCF7', 'PC3', 'VCAP']",7
BRD-K63880531,6,"['A375', 'A549', 'HT29', 'MCF7', 'PC3', 'VCAP']",7
BRD-K64622657,6,"['A375', 'A549', 'HT29', 'MCF7', 'PC3', 'VCAP']",7
BRD-K63818532,6,"['A375', 'A549', 'HT29', 'MCF7', 'PC3', 'VCAP']",7
BRD-K64285892,6,"['A375', 'A549', 'HT29', 'MCF7', 'PC3', 'VCAP']",7
BRD-K64951577,6,"['A375', 'A549', 'HT29', 'MCF7', 'PC3', 'VCAP']",6
BRD-K64873832,6,"['A375', 'A549', 'HT29', 'MCF7', 'PC3', 'VCAP']",7
BRD-K65124508,6,"['A375', 'A549', 'HT29', 'MCF7', 'PC3', 'VCAP']",7
BRD-K64247367,6,"['A375', 'A549', 'HT29', 'MCF7', 'PC3', 'VCAP']",6
BRD-K64136010,6,"['A375', 'A549', 'HT29', 'MCF7', 'PC3', 'VCAP']",7
BRD-K64609558,6,"['A375', 'A549', 'HT29', 'MCF7', 'PC3', 'VCAP']",9
BRD-K91257617,6,"['A375', 'A549', 'HT29', 'MCF7', 'PC3', 'VCAP']",7
BRD-K91180076,6,"['A375', 'A549', 'HT29', 'MCF7', 'PC3', 'VCAP']",6
BRD-K91156247,6,"['A375', 'A549', 'HT29', 'MCF7', 'PC3', 'VCAP']",7
BRD-K91143067,6,"['A375', 'A549', 'HT29', 'MCF7', 'PC3', 'VCAP']",7
BRD-K91016007,6,"['A375', 'A549', 'HT29', 'MCF7', 'PC3', 'VCAP']",11
BRD-K64668459,6,"['A375', 'A549', 'HT29', 'MCF7', 'PC3', 'VCAP']",6
BRD-K64418359,6,"['A375', 'A549', 'HT29', 'MCF7', 'PC3', 'VCAP']",7
AZD-1480,6,"['BT20', 'HS578T', 'MCF10A', 'MCF7', 'MDAMB231', 'SKBR3']",48
AT7867,6,"['BT20', 'HS578T', 'MCF10A', 'MCF7', 'MDAMB231', 'SKBR3']",48
BMS-777607,6,"['BT20', 'HS578T', 'MCF10A', 'MCF7', 'MDAMB231', 'SKBR3']",48
BRD-K85955502,6,"['A375', 'A549', 'HT29', 'MCF7', 'PC3', 'VCAP']",7
BRD-K00188019,6,"['A375', 'A549', 'HT29', 'MCF7', 'PC3', 'VCAP']",7
BRD-K00547540,6,"['A375', 'A549', 'HT29', 'MCF7', 'PC3', 'VCAP']",7
BRD-K00518397,6,"['A375', 'A549', 'HT29', 'MCF7', 'PC3', 'VCAP']",9
BRD-K85569074,6,"['A375', 'A549', 'HT29', 'MCF7', 'PC3', 'VCAP']",7
BRD-K86191692,6,"['A375', 'A549', 'HT29', 'MCF7', 'PC3', 'VCAP']",11
BRD-K86043715,6,"['A375', 'A549', 'HT29', 'MCF7', 'PC3', 'VCAP']",7
BRD-K00596555,5,"['A375', 'A549', 'HT29', 'MCF7', 'PC3']",5
BRD-K85779012,5,"['A375', 'A549', 'HT29', 'MCF7', 'VCAP']",6
BRD-K85790491,5,"['A549', 'HT29', 'MCF7', 'PC3', 'VCAP']",6
BRD-K85799948,5,"['A375', 'A549', 'HT29', 'MCF7', 'PC3']",5
BRD-K00348196,5,"['A375', 'A549', 'HT29', 'MCF7', 'PC3']",5
BRD-K00317040,5,"['A375', 'A549', 'HT29', 'MCF7', 'PC3']",5
BRD-K00270349,5,"['A549', 'HT29', 'MCF7', 'PC3', 'VCAP']",6
BRD-K81706693,5,"['A375', 'A549', 'HT29', 'MCF7', 'VCAP']",6
BRD-K91662540,5,"['A549', 'HT29', 'MCF7', 'PC3', 'VCAP']",6
BRD-K85981997,5,"['A375', 'A549', 'HT29', 'MCF7', 'PC3']",5
BRD-K86086755,5,"['A375', 'A549', 'MCF7', 'PC3', 'VCAP']",6
BRD-K86112430,5,"['A375', 'A549', 'HT29', 'MCF7', 'PC3']",5
BRD-K86124549,5,"['A549', 'HT29', 'MCF7', 'PC3', 'VCAP']",6
BRD-K01245760,5,"['A375', 'A549', 'MCF7', 'PC3', 'VCAP']",6
BRD-K01221769,5,"['A375', 'A549', 'HT29', 'MCF7', 'VCAP']",6
BRD-K91892860,5,"['A549', 'HT29', 'MCF7', 'PC3', 'VCAP']",6
BRD-K91880445,5,"['A375', 'A549', 'HT29', 'MCF7', 'PC3']",5
BRD-K91868345,5,"['A375', 'A549', 'HT29', 'MCF7', 'PC3']",5
BRD-K81476029,5,"['A549', 'HT29', 'MCF7', 'PC3', 'VCAP']",6
BRD-K81468789,5,"['A549', 'HT29', 'MCF7', 'PC3', 'VCAP']",6
BRD-K00199388,5,"['A375', 'A549', 'HT29', 'MCF7', 'PC3']",5
BRD-K00172657,5,"['A375', 'A549', 'HT29', 'MCF7', 'VCAP']",6
BRD-K01193369,5,"['A375', 'A549', 'HT29', 'MCF7', 'PC3']",5
BRD-K01140360,5,"['A549', 'HT29', 'MCF7', 'PC3', 'VCAP']",6
BRD-K00484200,5,"['A549', 'HT29', 'MCF7', 'PC3', 'VCAP']",6
BRD-K00422823,5,"['A375', 'A549', 'MCF7', 'PC3', 'VCAP']",6
BRD-K00766524,5,"['A549', 'HT29', 'MCF7', 'PC3', 'VCAP']",6
BRD-K00715257,5,"['A375', 'A549', 'HT29', 'MCF7', 'PC3']",5
BRD-K00689442,5,"['A549', 'HT29', 'MCF7', 'PC3', 'VCAP']",6
BRD-K65124350,5,"['A375', 'A549', 'HT29', 'MCF7', 'VCAP']",6
BRD-K64279463,5,"['A375', 'A549', 'HT29', 'MCF7', 'PC3']",5
BRD-K64273758,5,"['A375', 'A549', 'HT29', 'MCF7', 'PC3']",5
BRD-K64040351,5,"['A375', 'A549', 'HT29', 'MCF7', 'VCAP']",6
BRD-K64607642,5,"['A375', 'A549', 'HT29', 'MCF7', 'PC3']",5
BRD-K64589075,5,"['A375', 'A549', 'HT29', 'MCF7', 'PC3']",5
BRD-K64544620,5,"['A375', 'A549', 'HT29', 'MCF7', 'VCAP']",6
BRD-K64508546,5,"['A549', 'HT29', 'MCF7', 'PC3', 'VCAP']",6
BRD-K82558986,5,"['A549', 'HT29', 'MCF7', 'PC3', 'VCAP']",6
BRD-K91377183,5,"['A375', 'A549', 'HT29', 'MCF7', 'VCAP']",6
BRD-K91194707,5,"['A549', 'HT29', 'MCF7', 'PC3', 'VCAP']",6
BRD-K91124206,5,"['A549', 'HT29', 'MCF7', 'PC3', 'VCAP']",6
BRD-K91053205,5,"['A375', 'A549', 'HT29', 'MCF7', 'PC3']",5
BRD-K81953058,5,"['A375', 'A549', 'HT29', 'MCF7', 'PC3']",5
BRD-K64751731,5,"['A375', 'A549', 'HT29', 'MCF7', 'PC3']",5
BRD-K64716911,5,"['A375', 'A549', 'HT29', 'MCF7', 'PC3']",5
BRD-K62628154,5,"['A375', 'A549', 'MCF7', 'PC3', 'VCAP']",6
BRD-K63764020,5,"['A375', 'A549', 'HT29', 'MCF7', 'PC3']",5
BRD-K63731274,5,"['A375', 'A549', 'MCF7', 'PC3', 'VCAP']",6
BRD-K64302818,5,"['A549', 'HT29', 'MCF7', 'PC3', 'VCAP']",6
BRD-K64398524,5,"['A375', 'A549', 'HT29', 'MCF7', 'PC3']",5
BRD-K64892842,5,"['A375', 'A549', 'HT29', 'MCF7', 'PC3']",5
BRD-K64790987,5,"['A549', 'HT29', 'MCF7', 'PC3', 'VCAP']",6
BRD-K82158149,5,"['A375', 'A549', 'HT29', 'MCF7', 'PC3']",5
BRD-K82151990,5,"['A549', 'HT29', 'MCF7', 'PC3', 'VCAP']",6
BRD-K82110567,5,"['A375', 'A549', 'HT29', 'MCF7', 'PC3']",5
BRD-K82078087,5,"['A375', 'A549', 'HT29', 'MCF7', 'PC3']",5
BRD-K82004360,5,"['A549', 'HT29', 'MCF7', 'PC3', 'VCAP']",6
BRD-K66123981,5,"['A375', 'A549', 'HT29', 'MCF7', 'PC3']",5
BRD-K66064682,5,"['A549', 'HT29', 'MCF7', 'PC3', 'VCAP']",6
BRD-K65139432,5,"['A375', 'A549', 'HT29', 'MCF7', 'PC3']",5
BRD-K65126127,5,"['A375', 'A549', 'HT29', 'MCF7', 'PC3']",5
BRD-K62450654,5,"['A375', 'A549', 'HT29', 'MCF7', 'PC3']",5
BRD-K62433344,5,"['A375', 'A549', 'HT29', 'MCF7', 'PC3']",5
BRD-K62430643,5,"['A549', 'HT29', 'MCF7', 'PC3', 'VCAP']",6
BRD-K63337793,5,"['A375', 'A549', 'MCF7', 'PC3', 'VCAP']",6
BRD-K63684048,5,"['A375', 'A549', 'HT29', 'MCF7', 'PC3']",5
BRD-K63628486,5,"['A375', 'A549', 'HT29', 'MCF7', 'PC3']",5
BRD-K63614890,5,"['A375', 'A549', 'HT29', 'MCF7', 'PC3']",5
BRD-K63596086,5,"['A375', 'A549', 'HT29', 'MCF7', 'PC3']",5
BRD-K63565086,5,"['A375', 'A549', 'HT29', 'MCF7', 'PC3']",5
BRD-K63435718,5,"['A549', 'HT29', 'MCF7', 'PC3', 'VCAP']",6
BRD-K63435201,5,"['A549', 'HT29', 'MCF7', 'PC3', 'VCAP']",6
BRD-K63900355,5,"['A375', 'A549', 'HT29', 'MCF7', 'PC3']",5
BRD-K63860984,5,"['A375', 'A549', 'HT29', 'MCF7', 'VCAP']",6
BRD-K63853782,5,"['A549', 'HT29', 'MCF7', 'PC3', 'VCAP']",6
BRD-K63851915,5,"['A375', 'A549', 'HT29', 'MCF7', 'PC3']",5
BRD-K62638625,5,"['A375', 'A549', 'MCF7', 'PC3', 'VCAP']",6
BRD-K62702428,5,"['A375', 'A549', 'HT29', 'MCF7', 'PC3']",5
BRD-K62689646,5,"['A375', 'A549', 'HT29', 'MCF7', 'VCAP']",6
BRD-K62687522,5,"['A549', 'HT29', 'MCF7', 'PC3', 'VCAP']",6
BRD-K61683215,5,"['A375', 'A549', 'HT29', 'MCF7', 'VCAP']",6
BRD-K61657561,5,"['A375', 'A549', 'HT29', 'MCF7', 'PC3']",5
BRD-K61635139,5,"['A375', 'A549', 'HT29', 'MCF7', 'PC3']",5
BRD-K61615367,5,"['A375', 'A549', 'HT29', 'MCF7', 'PC3']",5
BRD-K62600822,5,"['A375', 'A549', 'HT29', 'MCF7', 'PC3']",5
BRD-K62536321,5,"['A375', 'A549', 'HT29', 'MCF7', 'PC3']",5
L-744832,5,"['FIBRNPC', 'NEU', 'NPC', 'PC3', 'VCAP']",10
BRD-K63090665,5,"['A549', 'HT29', 'MCF7', 'PC3', 'VCAP']",6
BRD-K62993927,5,"['A375', 'A549', 'HT29', 'MCF7', 'VCAP']",6
BRD-K62932832,5,"['A375', 'A549', 'HT29', 'MCF7', 'PC3']",5
BRD-K62771975,5,"['A375', 'A549', 'HT29', 'MCF7', 'PC3']",5
BRD-K63406873,5,"['A549', 'HT29', 'MCF7', 'PC3', 'VCAP']",6
BRD-K62473389,5,"['A375', 'A549', 'HT29', 'MCF7', 'PC3']",5
BRD-K62357899,5,"['A375', 'A549', 'HT29', 'MCF7', 'PC3']",5
BRD-K62307953,5,"['A375', 'A549', 'MCF7', 'PC3', 'VCAP']",6
BRD-K62265198,5,"['A375', 'A549', 'HT29', 'MCF7', 'VCAP']",6
BRD-K62768824,5,"['A375', 'A549', 'HT29', 'MCF7', 'PC3']",5
BRD-K65049758,5,"['A549', 'HT29', 'MCF7', 'PC3', 'VCAP']",6
BRD-K64984926,5,"['A375', 'A549', 'HT29', 'MCF7', 'PC3']",5
BRD-K65393151,5,"['A375', 'A549', 'HT29', 'MCF7', 'PC3']",5
BRD-K65392546,5,"['A375', 'A549', 'HT29', 'MCF7', 'PC3']",5
BRD-K65343560,5,"['A375', 'A549', 'HT29', 'MCF7', 'PC3']",5
BRD-K65310032,5,"['A375', 'A549', 'MCF7', 'PC3', 'VCAP']",6
BRD-K65309966,5,"['A375', 'A549', 'HT29', 'MCF7', 'PC3']",5
BRD-K66333474,5,"['A375', 'A549', 'HT29', 'MCF7', 'PC3']",5
BRD-K66295580,5,"['A549', 'HT29', 'MCF7', 'PC3', 'VCAP']",6
BRD-K66295388,5,"['A375', 'A549', 'HT29', 'MCF7', 'PC3']",5
BRD-K62744999,5,"['A375', 'A549', 'HT29', 'MCF7', 'PC3']",5
BRD-K62726279,5,"['A375', 'A549', 'HT29', 'MCF7', 'PC3']",5
BRD-K61764820,5,"['A549', 'HT29', 'MCF7', 'PC3', 'VCAP']",6
BRD-K60839087,5,"['A375', 'A549', 'HT29', 'MCF7', 'PC3']",5
BRD-K60759206,5,"['A375', 'A549', 'HT29', 'MCF7', 'VCAP']",6
BRD-K60753740,5,"['A375', 'A549', 'MCF7', 'PC3', 'VCAP']",6
BRD-K60737413,5,"['A375', 'A549', 'HT29', 'MCF7', 'PC3']",5
BRD-K61540796,5,"['A375', 'A549', 'HT29', 'MCF7', 'PC3']",5
BRD-K62176618,5,"['A375', 'A549', 'HT29', 'MCF7', 'PC3']",5
BRD-K62153980,5,"['A375', 'A549', 'HT29', 'MCF7', 'PC3']",5
BRD-K62063025,5,"['A549', 'HT29', 'MCF7', 'PC3', 'VCAP']",6
BRD-K62058497,5,"['A375', 'A549', 'HT29', 'MCF7', 'PC3']",5
BRD-K62050953,5,"['A375', 'A549', 'HT29', 'MCF7', 'PC3']",5
BRD-K60895709,5,"['A375', 'A549', 'HT29', 'MCF7', 'PC3']",5
BRD-K61520982,5,"['A375', 'A549', 'HT29', 'MCF7', 'PC3']",5
BRD-K61484309,5,"['A375', 'A549', 'HT29', 'MCF7', 'PC3']",5
BRD-K62409349,5,"['A375', 'A549', 'HT29', 'MCF7', 'PC3']",5
BRD-K62384871,5,"['A375', 'A549', 'HT29', 'MCF7', 'PC3']",5
BRD-K61382850,5,"['A375', 'A549', 'HT29', 'MCF7', 'PC3']",5
BRD-K61285042,5,"['A375', 'A549', 'HT29', 'MCF7', 'PC3']",5
BRD-K61181530,5,"['A375', 'A549', 'HT29', 'MCF7', 'PC3']",5
BRD-K61152698,5,"['A549', 'HT29', 'MCF7', 'PC3', 'VCAP']",6
BRD-K65160467,5,"['A549', 'HT29', 'MCF7', 'PC3', 'VCAP']",6
BRD-K65158783,5,"['A549', 'HT29', 'MCF7', 'PC3', 'VCAP']",6
BRD-K65750468,5,"['A375', 'A549', 'HT29', 'MCF7', 'PC3']",5
BRD-K65738831,5,"['A375', 'A549', 'HT29', 'MCF7', 'PC3']",5
BRD-K65715788,5,"['A549', 'HT29', 'MCF7', 'PC3', 'VCAP']",6
BRD-K65655554,5,"['A375', 'A549', 'HT29', 'MCF7', 'PC3']",5
BRD-K65633533,5,"['A375', 'A549', 'HT29', 'MCF7', 'PC3']",5
BRD-K65536202,5,"['A549', 'HT29', 'MCF7', 'PC3', 'VCAP']",6
BRD-K66480544,5,"['A549', 'HT29', 'MCF7', 'PC3', 'VCAP']",6
BRD-K67087978,5,"['A375', 'A549', 'HT29', 'MCF7', 'VCAP']",6
BRD-K66046647,5,"['A375', 'A549', 'HT29', 'MCF7', 'PC3']",5
BRD-K61793536,5,"['A375', 'A549', 'HT29', 'MCF7', 'PC3']",5
BRD-K59854189,5,"['A375', 'A549', 'HT29', 'MCF7', 'PC3']",5
BRD-K59788643,5,"['A549', 'HT29', 'MCF7', 'PC3', 'VCAP']",6
BRD-K60667054,5,"['A375', 'A549', 'HT29', 'MCF7', 'VCAP']",6
BRD-K61148205,5,"['A375', 'A549', 'HT29', 'MCF7', 'PC3']",5
BRD-K61127355,5,"['A375', 'A549', 'HT29', 'MCF7', 'PC3']",5
BRD-K61122325,5,"['A375', 'A549', 'HT29', 'MCF7', 'PC3']",5
BRD-K61045941,5,"['A375', 'A549', 'HT29', 'MCF7', 'VCAP']",6
BRD-K61004012,5,"['A375', 'A549', 'HT29', 'MCF7', 'VCAP']",6
BRD-K60944301,5,"['A375', 'A549', 'HT29', 'MCF7', 'PC3']",5
BRD-K60087207,5,"['A549', 'HT29', 'MCF7', 'PC3', 'VCAP']",6
BRD-K60027289,5,"['A549', 'HT29', 'MCF7', 'PC3', 'VCAP']",6
BRD-K60004464,5,"['A375', 'A549', 'HT29', 'MCF7', 'PC3']",5
BRD-K59983542,5,"['A375', 'A549', 'HT29', 'MCF7', 'VCAP']",6
BRD-K60582191,5,"['A549', 'HT29', 'MCF7', 'PC3', 'VCAP']",6
BRD-K60581054,5,"['A375', 'A549', 'MCF7', 'PC3', 'VCAP']",6
BRD-K60487596,5,"['A549', 'HT29', 'MCF7', 'PC3', 'VCAP']",10
BRD-K60159779,5,"['A375', 'A549', 'HT29', 'MCF7', 'PC3']",5
BRD-K59283736,5,"['A549', 'HT29', 'MCF7', 'PC3', 'VCAP']",6
BRD-K59255802,5,"['A375', 'A549', 'HT29', 'MCF7', 'PC3']",5
BRD-K59230034,5,"['A375', 'A549', 'HT29', 'MCF7', 'PC3']",5
BRD-K59204160,5,"['A375', 'A549', 'HT29', 'MCF7', 'PC3']",5
BRD-K59194364,5,"['A375', 'A549', 'HT29', 'MCF7', 'PC3']",5
BRD-K59174142,5,"['A549', 'HT29', 'MCF7', 'PC3', 'VCAP']",6
BRD-K60354118,5,"['A375', 'A549', 'MCF7', 'PC3', 'VCAP']",6
BRD-K60308664,5,"['A549', 'HT29', 'MCF7', 'PC3', 'VCAP']",6
BRD-K60863614,5,"['A375', 'A549', 'HT29', 'MCF7', 'PC3']",5
BRD-K60850838,5,"['A375', 'A549', 'HT29', 'MCF7', 'PC3']",5
BRD-K59523333,5,"['A375', 'A549', 'HT29', 'MCF7', 'PC3']",5
BRD-K59482768,5,"['A549', 'HT29', 'MCF7', 'PC3', 'VCAP']",6
BRD-K59977049,5,"['A549', 'HT29', 'MCF7', 'PC3', 'VCAP']",6
BRD-K59937136,5,"['A375', 'A549', 'HT29', 'MCF7', 'PC3']",5
BRD-K59893315,5,"['A549', 'HT29', 'MCF7', 'PC3', 'VCAP']",6
BRD-K66187495,5,"['A375', 'A549', 'HT29', 'MCF7', 'PC3']",5
BRD-K59559352,5,"['A375', 'A549', 'HT29', 'MCF7', 'PC3']",5
BRD-K58791909,5,"['A375', 'A549', 'HT29', 'MCF7', 'PC3']",5
BRD-K58788895,5,"['A375', 'A549', 'MCF7', 'PC3', 'VCAP']",6
BRD-K58745468,5,"['A549', 'HT29', 'MCF7', 'PC3', 'VCAP']",6
BRD-K58698092,5,"['A549', 'HT29', 'MCF7', 'PC3', 'VCAP']",6
BRD-K59108735,5,"['A375', 'A549', 'HT29', 'MCF7', 'VCAP']",6
BRD-K59085546,5,"['A375', 'A549', 'HT29', 'MCF7', 'PC3']",5
BRD-K58991610,5,"['A375', 'A549', 'MCF7', 'PC3', 'VCAP']",6
BRD-K58980886,5,"['A375', 'A549', 'HT29', 'MCF7', 'VCAP']",6
BRD-K59768094,5,"['A375', 'A549', 'HT29', 'MCF7', 'PC3']",5
BRD-K59765229,5,"['A375', 'A549', 'HT29', 'MCF7', 'PC3']",5
BRD-K59744203,5,"['A375', 'A549', 'HT29', 'MCF7', 'PC3']",5
BRD-K59722298,5,"['A375', 'A549', 'HT29', 'MCF7', 'PC3']",5
BRD-K60239116,5,"['A549', 'HT29', 'MCF7', 'PC3', 'VCAP']",6
BRD-K60172814,5,"['A375', 'A549', 'HT29', 'MCF7', 'PC3']",5
BRD-K59683426,5,"['A375', 'A549', 'HT29', 'MCF7', 'PC3']",5
BRD-K59611536,5,"['A375', 'A549', 'HT29', 'MCF7', 'VCAP']",6
BRD-K59606716,5,"['A375', 'A549', 'HT29', 'MCF7', 'PC3']",5
BRD-K65983169,5,"['A375', 'A549', 'HT29', 'MCF7', 'PC3']",5
BRD-K65946722,5,"['A375', 'A549', 'HT29', 'MCF7', 'PC3']",5
BRD-K65927019,5,"['A375', 'A549', 'HT29', 'MCF7', 'PC3']",5
BRD-K65920478,5,"['A375', 'A549', 'HT29', 'MCF7', 'PC3']",5
BRD-K65851733,5,"['A375', 'A549', 'MCF7', 'PC3', 'VCAP']",6
BRD-K65824347,5,"['A375', 'A549', 'MCF7', 'PC3', 'VCAP']",6
BRD-K65801064,5,"['A375', 'A549', 'HT29', 'MCF7', 'PC3']",5
BRD-K66340791,5,"['A375', 'A549', 'HT29', 'MCF7', 'PC3']",5
BRD-K67402106,5,"['A375', 'A549', 'HT29', 'MCF7', 'VCAP']",6
BRD-K67392692,5,"['A375', 'A549', 'HT29', 'MCF7', 'PC3']",5
BRD-K67301423,5,"['A375', 'A549', 'HT29', 'MCF7', 'PC3']",5
BRD-K67260071,5,"['A375', 'A549', 'HT29', 'MCF7', 'VCAP']",6
BRD-K67242881,5,"['A375', 'A549', 'MCF7', 'PC3', 'VCAP']",6
BRD-K57856779,5,"['A549', 'HT29', 'MCF7', 'PC3', 'VCAP']",6
BRD-K58415365,5,"['A375', 'A549', 'HT29', 'MCF7', 'VCAP']",6
BRD-K58952483,5,"['A375', 'A549', 'HT29', 'MCF7', 'PC3']",5
BRD-K58946638,5,"['A549', 'HT29', 'MCF7', 'PC3', 'VCAP']",6
BRD-K58918780,5,"['A549', 'HT29', 'MCF7', 'PC3', 'VCAP']",6
BRD-K58898119,5,"['A375', 'A549', 'HT29', 'MCF7', 'PC3']",5
BRD-K59397033,5,"['A375', 'A549', 'HT29', 'MCF7', 'PC3']",5
BRD-K58607374,5,"['A375', 'A549', 'HT29', 'MCF7', 'PC3']",5
BRD-K58600416,5,"['A549', 'HT29', 'MCF7', 'PC3', 'VCAP']",6
BRD-K58536094,5,"['A549', 'HT29', 'MCF7', 'PC3', 'VCAP']",6
BRD-K58493574,5,"['A549', 'HT29', 'MCF7', 'PC3', 'VCAP']",6
BRD-K58493165,5,"['A375', 'A549', 'HT29', 'MCF7', 'VCAP']",6
BRD-K58490891,5,"['A375', 'A549', 'HT29', 'MCF7', 'PC3']",5
BRD-K59134391,5,"['A375', 'A549', 'HT29', 'MCF7', 'PC3']",5
BRD-K59130924,5,"['A375', 'A549', 'MCF7', 'PC3', 'VCAP']",6
BRD-K59722258,5,"['A375', 'A549', 'HT29', 'MCF7', 'PC3']",5
BRD-K57851810,5,"['A375', 'A549', 'HT29', 'MCF7', 'VCAP']",6
BRD-K57822472,5,"['A375', 'A549', 'HT29', 'MCF7', 'PC3']",5
BRD-K57759735,5,"['A375', 'A549', 'MCF7', 'PC3', 'VCAP']",6
BRD-K57696989,5,"['A375', 'A549', 'MCF7', 'PC3', 'VCAP']",6
BRD-K57691575,5,"['A375', 'A549', 'HT29', 'MCF7', 'PC3']",5
BRD-K57640948,5,"['A375', 'A549', 'HT29', 'MCF7', 'VCAP']",6
BRD-K57580310,5,"['A375', 'A549', 'HT29', 'MCF7', 'PC3']",5
BRD-K58446572,5,"['A375', 'A549', 'HT29', 'MCF7', 'PC3']",5
BRD-K58421169,5,"['A549', 'HT29', 'MCF7', 'PC3', 'VCAP']",6
BRD-K58873027,5,"['A375', 'A549', 'HT29', 'MCF7', 'PC3']",5
BRD-K58869442,5,"['A375', 'A549', 'HT29', 'MCF7', 'PC3']",5
BRD-K58869323,5,"['A375', 'A549', 'HT29', 'MCF7', 'PC3']",5
BRD-K57953517,5,"['A375', 'A549', 'MCF7', 'PC3', 'VCAP']",6
BRD-K57950796,5,"['A375', 'A549', 'MCF7', 'PC3', 'VCAP']",6
BRD-K57900436,5,"['A549', 'HT29', 'MCF7', 'PC3', 'VCAP']",6
BRD-K57883133,5,"['A375', 'A549', 'HT29', 'MCF7', 'PC3']",5
BRD-K58350294,5,"['A375', 'A549', 'HT29', 'MCF7', 'PC3']",5
BRD-K58340898,5,"['A375', 'A549', 'HT29', 'MCF7', 'PC3']",5
BRD-K58282082,5,"['A375', 'A549', 'HT29', 'MCF7', 'VCAP']",6
BRD-K57321627,5,"['A549', 'HT29', 'MCF7', 'PC3', 'VCAP']",6
BRD-K66177994,5,"['A375', 'A549', 'HT29', 'MCF7', 'PC3']",5
BRD-K66142238,5,"['A375', 'A549', 'MCF7', 'PC3', 'VCAP']",6
BRD-K66761585,5,"['A375', 'A549', 'HT29', 'MCF7', 'PC3']",5
BRD-K66757073,5,"['A375', 'A549', 'HT29', 'MCF7', 'PC3']",5
BRD-K66750772,5,"['A375', 'A549', 'HT29', 'MCF7', 'PC3']",5
BRD-K66740714,5,"['A375', 'A549', 'MCF7', 'PC3', 'VCAP']",6
BRD-K66732564,5,"['A375', 'A549', 'HT29', 'MCF7', 'VCAP']",6
BRD-K67583114,5,"['A549', 'HT29', 'MCF7', 'PC3', 'VCAP']",6
BRD-K67489890,5,"['A549', 'HT29', 'MCF7', 'PC3', 'VCAP']",6
BRD-K67485291,5,"['A375', 'A549', 'HT29', 'MCF7', 'PC3']",5
BRD-K67889001,5,"['A375', 'A549', 'HT29', 'MCF7', 'PC3']",5
BRD-K67887361,5,"['A375', 'A549', 'HT29', 'MCF7', 'PC3']",5
BRD-K56917655,5,"['A549', 'HT29', 'MCF7', 'PC3', 'VCAP']",6
BRD-K56812045,5,"['A375', 'A549', 'MCF7', 'PC3', 'VCAP']",6
BRD-K57579117,5,"['A549', 'HT29', 'MCF7', 'PC3', 'VCAP']",6
BRD-K57565683,5,"['A375', 'A549', 'HT29', 'MCF7', 'PC3']",5
BRD-K58051960,5,"['A375', 'A549', 'HT29', 'MCF7', 'PC3']",5
BRD-K58043445,5,"['A375', 'A549', 'HT29', 'MCF7', 'PC3']",5
BRD-K58043213,5,"['A375', 'A549', 'HT29', 'MCF7', 'PC3']",5
BRD-K56704970,5,"['A375', 'A549', 'HT29', 'MCF7', 'PC3']",5
BRD-K56635255,5,"['A375', 'A549', 'MCF7', 'PC3', 'VCAP']",6
BRD-K57280824,5,"['A549', 'HT29', 'MCF7', 'PC3', 'VCAP']",6
BRD-K57181059,5,"['A375', 'A549', 'HT29', 'MCF7', 'PC3']",5
BRD-K57037989,5,"['A375', 'A549', 'MCF7', 'PC3', 'VCAP']",6
BRD-K57556784,5,"['A375', 'A549', 'HT29', 'MCF7', 'PC3']",5
BRD-K57552429,5,"['A375', 'A549', 'MCF7', 'PC3', 'VCAP']",6
BRD-K57512343,5,"['A375', 'A549', 'HT29', 'MCF7', 'PC3']",5
BRD-K57490099,5,"['A375', 'A549', 'HT29', 'MCF7', 'PC3']",5
BRD-K56366698,5,"['A375', 'A549', 'HT29', 'MCF7', 'PC3']",5
BRD-K56327795,5,"['A549', 'HT29', 'MCF7', 'PC3', 'VCAP']",6
BRD-K56301236,5,"['A375', 'A549', 'HT29', 'MCF7', 'PC3']",5
BRD-K56240483,5,"['A549', 'HT29', 'MCF7', 'PC3', 'VCAP']",6
BRD-K56215828,5,"['A375', 'A549', 'HT29', 'MCF7', 'PC3']",5
BRD-K56153762,5,"['A375', 'A549', 'HT29', 'MCF7', 'PC3']",5
BRD-K56104093,5,"['A375', 'A549', 'HT29', 'MCF7', 'PC3']",5
BRD-K57393707,5,"['A549', 'HT29', 'MCF7', 'PC3', 'VCAP']",6
BRD-K57346283,5,"['A375', 'A549', 'HT29', 'MCF7', 'PC3']",5
BRD-K57330428,5,"['A375', 'A549', 'HT29', 'MCF7', 'VCAP']",6
BRD-K56583519,5,"['A375', 'A549', 'HT29', 'PC3', 'VCAP']",9
BRD-K56553629,5,"['A375', 'A549', 'HT29', 'MCF7', 'VCAP']",6
BRD-K56505861,5,"['A375', 'A549', 'HT29', 'MCF7', 'PC3']",5
BRD-K56482508,5,"['A375', 'A549', 'MCF7', 'PC3', 'VCAP']",6
BRD-K56975856,5,"['A549', 'HT29', 'MCF7', 'PC3', 'VCAP']",6
BRD-K56950192,5,"['A375', 'A549', 'MCF7', 'PC3', 'VCAP']",6
BRD-K56731825,5,"['A375', 'A549', 'MCF7', 'PC3', 'VCAP']",6
BRD-K55792644,5,"['A375', 'A549', 'HT29', 'MCF7', 'PC3']",5
BRD-K55767450,5,"['A375', 'A549', 'HT29', 'MCF7', 'PC3']",5
BRD-K67087659,5,"['A375', 'A549', 'HT29', 'MCF7', 'PC3']",5
BRD-K67015214,5,"['A375', 'A549', 'HT29', 'MCF7', 'PC3']",5
BRD-K66898048,5,"['A375', 'A549', 'HT29', 'MCF7', 'PC3']",5
BRD-K66808842,5,"['A375', 'A549', 'HT29', 'MCF7', 'PC3']",5
BRD-K66783461,5,"['A375', 'A549', 'HT29', 'MCF7', 'PC3']",5
BRD-K67454499,5,"['A375', 'A549', 'HT29', 'MCF7', 'PC3']",5
BRD-K68167702,5,"['A375', 'A549', 'HT29', 'MCF7', 'VCAP']",6
BRD-K68166950,5,"['A375', 'A549', 'MCF7', 'PC3', 'VCAP']",6
BRD-K68108628,5,"['A375', 'A549', 'HT29', 'MCF7', 'PC3']",5
BRD-K68078697,5,"['A375', 'A549', 'HT29', 'MCF7', 'PC3']",5
BRD-K68018568,5,"['A375', 'A549', 'MCF7', 'PC3', 'VCAP']",6
BRD-K56370195,5,"['A549', 'HT29', 'MCF7', 'PC3', 'VCAP']",6
BRD-K56367200,5,"['A375', 'A549', 'HT29', 'MCF7', 'PC3']",5
BRD-K82195532,5,"['A375', 'A549', 'HT29', 'MCF7', 'PC3']",5
BRD-K55569739,5,"['A375', 'A549', 'HT29', 'MCF7', 'PC3']",5
BRD-K56046253,5,"['A375', 'A549', 'HT29', 'MCF7', 'PC3']",5
BRD-K56040567,5,"['A375', 'A549', 'HT29', 'MCF7', 'PC3']",5
BRD-K56593673,5,"['A375', 'A549', 'HT29', 'MCF7', 'VCAP']",6
BRD-K56593426,5,"['A375', 'A549', 'HT29', 'MCF7', 'PC3']",5
BRD-K55204560,5,"['A375', 'A549', 'HT29', 'MCF7', 'PC3']",5
BRD-K55743249,5,"['A375', 'A549', 'MCF7', 'PC3', 'VCAP']",6
BRD-K55702567,5,"['A375', 'A549', 'HT29', 'MCF7', 'PC3']",5
BRD-K55697606,5,"['A375', 'A549', 'HT29', 'MCF7', 'PC3']",5
BRD-K55693448,5,"['A375', 'A549', 'HT29', 'MCF7', 'PC3']",5
BRD-K55641492,5,"['A375', 'A549', 'MCF7', 'PC3', 'VCAP']",6
BRD-K55633328,5,"['A375', 'A549', 'HT29', 'MCF7', 'PC3']",5
BRD-K90544854,5,"['A375', 'A549', 'HT29', 'MCF7', 'PC3']",5
BRD-K90463980,5,"['A375', 'A549', 'HT29', 'MCF7', 'PC3']",5
BRD-K56775501,5,"['A375', 'A549', 'HT29', 'MCF7', 'PC3']",5
BRD-K68657207,5,"['A549', 'HT29', 'MCF7', 'PC3', 'VCAP']",6
BRD-K55437057,5,"['A375', 'A549', 'MCF7', 'PC3', 'VCAP']",6
BRD-K55362990,5,"['A375', 'A549', 'HT29', 'MCF7', 'VCAP']",6
BRD-K55345900,5,"['A375', 'A549', 'HT29', 'MCF7', 'VCAP']",6
BRD-K55340188,5,"['A375', 'A549', 'HT29', 'MCF7', 'PC3']",5
BRD-K55308802,5,"['A375', 'A549', 'HT29', 'MCF7', 'PC3']",5
BRD-K55297678,5,"['A375', 'A549', 'MCF7', 'PC3', 'VCAP']",6
BRD-K55216557,5,"['A549', 'HT29', 'MCF7', 'PC3', 'VCAP']",6
BRD-K54553362,5,"['A375', 'A549', 'HT29', 'MCF7', 'PC3']",5
BRD-K82911380,5,"['A375', 'A549', 'HT29', 'MCF7', 'PC3']",5
BRD-K82886296,5,"['A375', 'A549', 'HT29', 'MCF7', 'PC3']",5
BRD-K81739235,5,"['A375', 'A549', 'HT29', 'MCF7', 'PC3']",5
BRD-K90928795,5,"['A375', 'A549', 'HT29', 'MCF7', 'PC3']",5
BRD-K90842913,5,"['A375', 'A549', 'HT29', 'MCF7', 'VCAP']",6
BRD-K90830878,5,"['A375', 'A549', 'HT29', 'MCF7', 'PC3']",5
BRD-K90761527,5,"['A375', 'A549', 'HT29', 'MCF7', 'PC3']",5
BRD-K55981249,5,"['A375', 'A549', 'HT29', 'MCF7', 'PC3']",5
BRD-K55191691,5,"['A375', 'A549', 'HT29', 'MCF7', 'PC3']",5
BRD-K55093794,5,"['A375', 'A549', 'HT29', 'MCF7', 'PC3']",5
BRD-K68565044,5,"['A549', 'HT29', 'MCF7', 'PC3', 'VCAP']",6
BRD-K67215204,5,"['A375', 'A549', 'HT29', 'MCF7', 'PC3']",5
BRD-K67192456,5,"['A549', 'HT29', 'MCF7', 'PC3', 'VCAP']",6
BRD-K67190692,5,"['A375', 'A549', 'MCF7', 'PC3', 'VCAP']",6
BRD-K67099101,5,"['A375', 'A549', 'HT29', 'MCF7', 'PC3']",5
BRD-K67662618,5,"['A375', 'A549', 'HT29', 'MCF7', 'PC3']",5
BRD-K67653084,5,"['A375', 'A549', 'HT29', 'MCF7', 'PC3']",5
BRD-K67622458,5,"['A375', 'A549', 'HT29', 'MCF7', 'PC3']",5
BRD-K67601479,5,"['A375', 'A549', 'HT29', 'MCF7', 'PC3']",5
BRD-K68844146,5,"['A549', 'HT29', 'MCF7', 'PC3', 'VCAP']",6
BRD-K68831362,5,"['A375', 'A549', 'HT29', 'MCF7', 'PC3']",5
BRD-K68756928,5,"['A375', 'A549', 'HT29', 'MCF7', 'PC3']",5
BRD-K68718973,5,"['A375', 'A549', 'HT29', 'MCF7', 'PC3']",5
BRD-K54585147,5,"['A549', 'HT29', 'MCF7', 'PC3', 'VCAP']",6
BRD-K53717189,5,"['A375', 'A549', 'HT29', 'MCF7', 'PC3']",5
BRD-K53674027,5,"['A375', 'A549', 'HT29', 'MCF7', 'PC3']",5
BRD-K54492529,5,"['A375', 'A549', 'HT29', 'MCF7', 'PC3']",5
BRD-K54408195,5,"['A375', 'A549', 'HT29', 'MCF7', 'PC3']",5
BRD-K54381041,5,"['A549', 'HT29', 'MCF7', 'PC3', 'VCAP']",6
BRD-K54350452,5,"['A549', 'HT29', 'MCF7', 'PC3', 'VCAP']",6
BRD-K55030454,5,"['A375', 'A549', 'HT29', 'MCF7', 'PC3']",5
BRD-K55004655,5,"['A375', 'A549', 'HT29', 'MCF7', 'PC3']",5
BRD-K54945117,5,"['A375', 'A549', 'HT29', 'MCF7', 'PC3']",5
BRD-K54805796,5,"['A375', 'A549', 'HT29', 'PC3', 'VCAP']",9
BRD-K54801580,5,"['A375', 'A549', 'HT29', 'MCF7', 'PC3']",5
BRD-K54743934,5,"['A375', 'A549', 'HT29', 'MCF7', 'VCAP']",6
BRD-K54711075,5,"['A375', 'A549', 'HT29', 'MCF7', 'PC3']",5
BRD-K53927732,5,"['A375', 'A549', 'HT29', 'MCF7', 'PC3']",5
BRD-K56014252,5,"['A375', 'A549', 'HT29', 'MCF7', 'PC3']",5
BRD-K67795523,5,"['A375', 'A549', 'HT29', 'MCF7', 'PC3']",5
BRD-K67763841,5,"['A375', 'A549', 'HT29', 'MCF7', 'PC3']",5
BRD-K67737641,5,"['A375', 'A549', 'HT29', 'MCF7', 'PC3']",5
BRD-K67733357,5,"['A375', 'A549', 'HT29', 'MCF7', 'PC3']",5
BRD-K68208040,5,"['A375', 'A549', 'HT29', 'MCF7', 'PC3']",5
BRD-K68200852,5,"['A375', 'A549', 'HT29', 'MCF7', 'VCAP']",5
BRD-K68945047,5,"['A549', 'HT29', 'MCF7', 'PC3', 'VCAP']",6
BRD-K68906258,5,"['A375', 'A549', 'HT29', 'MCF7', 'PC3']",5
BRD-K69449918,5,"['A375', 'A549', 'HT29', 'MCF7', 'VCAP']",6
BRD-K69423345,5,"['A549', 'HT29', 'MCF7', 'PC3', 'VCAP']",6
BRD-K69344898,5,"['A549', 'HT29', 'MCF7', 'PC3', 'VCAP']",6
BRD-K54219003,5,"['A549', 'HT29', 'MCF7', 'PC3', 'VCAP']",6
BRD-K54173022,5,"['A375', 'A549', 'HT29', 'MCF7', 'PC3']",5
BRD-K54168930,5,"['A375', 'A549', 'HT29', 'MCF7', 'PC3']",5
BRD-K54642063,5,"['A375', 'A549', 'HT29', 'MCF7', 'PC3']",5
BRD-K54588025,5,"['A375', 'A549', 'HT29', 'MCF7', 'PC3']",5
BRD-K68522303,5,"['A375', 'A549', 'MCF7', 'PC3', 'VCAP']",6
BRD-K68287477,5,"['A375', 'A549', 'HT29', 'MCF7', 'PC3']",5
BRD-K68279832,5,"['A549', 'HT29', 'MCF7', 'PC3', 'VCAP']",6
BRD-K68855692,5,"['A375', 'A549', 'HT29', 'MCF7', 'PC3']",5
BRD-K69572618,5,"['A375', 'A549', 'HT29', 'MCF7', 'PC3']",5
BRD-K69510809,5,"['A375', 'A549', 'HT29', 'MCF7', 'PC3']",5
BRD-K69510309,5,"['A375', 'A549', 'HT29', 'MCF7', 'PC3']",5
BRD-K69506839,5,"['A549', 'HT29', 'MCF7', 'PC3', 'VCAP']",6
BRD-K69480620,5,"['A375', 'A549', 'HT29', 'MCF7', 'PC3']",5
BRD-K54014179,5,"['A549', 'HT29', 'MCF7', 'PC3', 'VCAP']",6
BRD-K53946803,5,"['A549', 'HT29', 'MCF7', 'PC3', 'VCAP']",6
BRD-K53923750,5,"['A375', 'A549', 'MCF7', 'PC3', 'VCAP']",6
BRD-K53833823,5,"['A375', 'A549', 'MCF7', 'PC3', 'VCAP']",6
BRD-K54288605,5,"['A375', 'A549', 'HT29', 'MCF7', 'PC3']",5
BRD-K54260596,5,"['A375', 'A549', 'HT29', 'MCF7', 'PC3']",5
BRD-K68638497,5,"['A375', 'A549', 'HT29', 'MCF7', 'PC3']",5
BRD-K70210716,5,"['A375', 'A549', 'HT29', 'MCF7', 'PC3']",5
BRD-K82423177,5,"['A375', 'A549', 'HT29', 'MCF7', 'PC3']",5
BRD-K82414981,5,"['A375', 'A549', 'HT29', 'MCF7', 'PC3']",5
BRD-K82276852,5,"['A375', 'A549', 'HT29', 'MCF7', 'PC3']",5
BRD-K82276260,5,"['A375', 'A549', 'HT29', 'MCF7', 'PC3']",5
BRD-K90679612,5,"['A375', 'A549', 'HT29', 'MCF7', 'VCAP']",6
BRD-K90640851,5,"['A549', 'HT29', 'MCF7', 'PC3', 'VCAP']",6
BRD-K53740124,5,"['A375', 'A549', 'HT29', 'MCF7', 'PC3']",5
BRD-K53728687,5,"['A375', 'A549', 'HT29', 'MCF7', 'PC3']",5
SA-1472623,5,"['A375', 'MCF7', 'NKDBA', 'PC3', 'VCAP']",17
BRD-K90417358,5,"['A375', 'A549', 'HT29', 'MCF7', 'PC3']",5
BRD-K53549200,5,"['A375', 'A549', 'HT29', 'MCF7', 'PC3']",5
BRD-K53539078,5,"['A375', 'A549', 'HT29', 'MCF7', 'PC3']",5
SA-1456195,5,"['A375', 'A549', 'MCF7', 'NKDBA', 'VCAP']",16
BRD-K69332942,5,"['A549', 'HT29', 'MCF7', 'PC3', 'VCAP']",6
BRD-K69306987,5,"['A375', 'A549', 'HT29', 'MCF7', 'PC3']",5
SA-1920683,5,"['A375', 'A549', 'HT29', 'MCF7', 'PC3']",13
SA-1920453,5,"['A375', 'A549', 'HT29', 'MCF7', 'PC3']",13
BRD-K90410459,5,"['A375', 'A549', 'HT29', 'MCF7', 'VCAP']",6
BRD-K90381642,5,"['A549', 'HT29', 'MCF7', 'PC3', 'VCAP']",6
BRD-K90194420,5,"['A375', 'A549', 'HT29', 'MCF7', 'PC3']",5
BRD-K69464603,5,"['A549', 'HT29', 'MCF7', 'PC3', 'VCAP']",6
BRD-K69980290,5,"['A375', 'A549', 'HT29', 'MCF7', 'VCAP']",6
BRD-K69951274,5,"['A375', 'A549', 'MCF7', 'PC3', 'VCAP']",6
BRD-K69200251,5,"['A375', 'A549', 'HT29', 'MCF7', 'PC3']",5
BRD-K69197522,5,"['A375', 'A549', 'HT29', 'MCF7', 'PC3']",5
BRD-K69048063,5,"['A375', 'A549', 'HT29', 'MCF7', 'PC3']",5
BRD-K69014051,5,"['A375', 'A549', 'MCF7', 'PC3', 'VCAP']",6
BRD-K68948289,5,"['A375', 'A549', 'HT29', 'MCF7', 'PC3']",5
BRD-K69694842,5,"['A375', 'A549', 'HT29', 'MCF7', 'PC3']",5
BRD-K70276339,5,"['A375', 'A549', 'HT29', 'MCF7', 'PC3']",5
BRD-K70260503,5,"['A375', 'A549', 'HT29', 'MCF7', 'PC3']",5
BRD-K70165913,5,"['A375', 'A549', 'HT29', 'MCF7', 'PC3']",5
BRD-K70125131,5,"['A375', 'A549', 'HT29', 'MCF7', 'PC3']",5
BRD-K70117295,5,"['A375', 'A549', 'HT29', 'MCF7', 'VCAP']",6
BRD-K70115829,5,"['A549', 'HT29', 'MCF7', 'PC3', 'VCAP']",6
BRD-K70109596,5,"['A375', 'A549', 'HT29', 'MCF7', 'PC3']",5
BRD-K69291665,5,"['A375', 'A549', 'HT29', 'MCF7', 'PC3']",5
BRD-K69276764,5,"['A375', 'A549', 'MCF7', 'PC3', 'VCAP']",6
BRD-K69261014,5,"['A375', 'A549', 'HT29', 'MCF7', 'PC3']",5
BRD-K69237309,5,"['A375', 'A549', 'HT29', 'MCF7', 'PC3']",5
BRD-K69616553,5,"['A375', 'A549', 'MCF7', 'PC3', 'VCAP']",6
BRD-K70539465,5,"['A375', 'A549', 'HT29', 'MCF7', 'PC3']",5
BRD-K70512038,5,"['A549', 'HT29', 'MCF7', 'PC3', 'VCAP']",6
BRD-K70416046,5,"['A375', 'A549', 'HT29', 'MCF7', 'PC3']",5
BRD-K70330256,5,"['A375', 'A549', 'HT29', 'MCF7', 'PC3']",5
SA-1920890,5,"['A375', 'A549', 'HT29', 'MCF7', 'PC3']",13
SA-1920687,5,"['A375', 'A549', 'HT29', 'MCF7', 'PC3']",12
BRD-K53107914,5,"['A375', 'A549', 'HT29', 'MCF7', 'PC3']",5
BRD-K53092731,5,"['A375', 'A549', 'HT29', 'MCF7', 'PC3']",5
BRD-K52183630,5,"['A375', 'A549', 'HT29', 'MCF7', 'PC3']",5
BRD-K52123998,5,"['A375', 'A549', 'MCF7', 'PC3', 'VCAP']",6
BRD-K52959179,5,"['A375', 'A549', 'HT29', 'MCF7', 'PC3']",5
BRD-K52846581,5,"['A375', 'A549', 'MCF7', 'PC3', 'VCAP']",6
SA-1922959,5,"['A375', 'A549', 'HT29', 'MCF7', 'PC3']",13
SA-1922932,5,"['A375', 'A549', 'HT29', 'MCF7', 'PC3']",13
SA-1922006,5,"['A375', 'A549', 'HT29', 'MCF7', 'PC3']",13
BRD-K53410660,5,"['A375', 'A549', 'MCF7', 'PC3', 'VCAP']",6
BRD-K53373965,5,"['A375', 'A549', 'HT29', 'MCF7', 'PC3']",5
BRD-K52689785,5,"['A375', 'A549', 'HT29', 'MCF7', 'PC3']",5
BRD-K53342443,5,"['A375', 'A549', 'MCF7', 'PC3', 'VCAP']",6
BRD-K53295358,5,"['A375', 'A549', 'HT29', 'MCF7', 'PC3']",5
BRD-K53283295,5,"['A375', 'A549', 'HT29', 'MCF7', 'VCAP']",6
BRD-K53283097,5,"['A375', 'A549', 'HT29', 'MCF7', 'VCAP']",6
SA-243913,5,"['A549', 'HT29', 'MCF7', 'PC3', 'VCAP']",14
SA-243276,5,"['A549', 'HT29', 'MCF7', 'PC3', 'VCAP']",14
BRD-K70802145,5,"['A375', 'A549', 'HT29', 'MCF7', 'VCAP']",6
BRD-K70727050,5,"['A375', 'A549', 'HT29', 'MCF7', 'PC3']",5
BRD-K69803214,5,"['A375', 'A549', 'HT29', 'MCF7', 'PC3']",5
BRD-K69790925,5,"['A549', 'HT29', 'MCF7', 'PC3', 'VCAP']",6
BRD-K69719681,5,"['A375', 'A549', 'MCF7', 'PC3', 'VCAP']",6
BRD-K69711545,5,"['A375', 'A549', 'HT29', 'MCF7', 'PC3']",5
BRD-K71038516,5,"['A375', 'A549', 'HT29', 'MCF7', 'PC3']",5
BRD-K70901996,5,"['A549', 'HT29', 'MCF7', 'PC3', 'VCAP']",5
BRD-K70842558,5,"['A375', 'A549', 'HT29', 'MCF7', 'PC3']",5
BRD-K71182858,5,"['A549', 'HT29', 'MCF7', 'PC3', 'VCAP']",6
BRD-K71153796,5,"['A375', 'A549', 'HT29', 'MCF7', 'PC3']",5
SA-242443,5,"['A549', 'HT29', 'MCF7', 'PC3', 'VCAP']",14
BRD-K53134312,5,"['A375', 'A549', 'HT29', 'MCF7', 'PC3']",5
BRD-K53120552,5,"['A549', 'HT29', 'MCF7', 'PC3', 'VCAP']",6
BRD-K52189832,5,"['A375', 'A549', 'HT29', 'MCF7', 'PC3']",5
BRD-K51703152,5,"['A375', 'A549', 'HT29', 'MCF7', 'VCAP']",6
BRD-K51579715,5,"['A375', 'A549', 'MCF7', 'PC3', 'VCAP']",6
BRD-K51530321,5,"['A375', 'A549', 'MCF7', 'PC3', 'VCAP']",6
BRD-K51490254,5,"['FIBRNPC', 'MCF7', 'NEU', 'NPC', 'PC3']",22
BRD-K52071480,5,"['A375', 'A549', 'HT29', 'MCF7', 'PC3']",5
BRD-K52758732,5,"['A375', 'A549', 'HT29', 'MCF7', 'PC3']",5
BRD-K52725924,5,"['A549', 'HT29', 'MCF7', 'PC3', 'VCAP']",6
BRD-K52721778,5,"['A375', 'A549', 'HT29', 'MCF7', 'PC3']",5
BRD-K52719892,5,"['A549', 'HT29', 'MCF7', 'PC3', 'VCAP']",6
BRD-K51908245,5,"['A375', 'A549', 'HT29', 'MCF7', 'VCAP']",6
BRD-K51812182,5,"['A375', 'A549', 'HT29', 'MCF7', 'VCAP']",6
BRD-K51797651,5,"['A375', 'A549', 'HT29', 'MCF7', 'PC3']",5
SA-90544,5,"['A549', 'HT29', 'MCF7', 'PC3', 'VCAP']",14
SA-85764,5,"['A549', 'HT29', 'MCF7', 'PC3', 'VCAP']",14
SA-246522,5,"['A549', 'HT29', 'MCF7', 'PC3', 'VCAP']",14
BRD-K52421542,5,"['A375', 'A549', 'HT29', 'MCF7', 'PC3']",5
BRD-K52418167,5,"['A375', 'A549', 'HT29', 'MCF7', 'PC3']",5
BRD-K52306726,5,"['A549', 'HT29', 'MCF7', 'PC3', 'VCAP']",6
BRD-K52252091,5,"['A375', 'A549', 'HT29', 'MCF7', 'PC3']",5
BRD-K71104315,5,"['A375', 'A549', 'HT29', 'MCF7', 'VCAP']",6
BRD-K71101608,5,"['A375', 'A549', 'HT29', 'MCF7', 'PC3']",5
BRD-K71087530,5,"['A549', 'HT29', 'MCF7', 'PC3', 'VCAP']",6
BRD-K71045429,5,"['A375', 'A549', 'HT29', 'MCF7', 'VCAP']",6
BRD-K71571889,5,"['A375', 'A549', 'MCF7', 'PC3', 'VCAP']",6
BRD-K70077013,5,"['A375', 'A549', 'HT29', 'MCF7', 'VCAP']",6
BRD-K70053541,5,"['A375', 'A549', 'HT29', 'MCF7', 'PC3']",5
BRD-K70551857,5,"['A375', 'A549', 'MCF7', 'PC3', 'VCAP']",6
BRD-K71361154,5,"['A375', 'A549', 'HT29', 'MCF7', 'VCAP']",6
BRD-K71353154,5,"['A549', 'HT29', 'MCF7', 'PC3', 'VCAP']",6
BRD-K71838325,5,"['A375', 'A549', 'HT29', 'MCF7', 'PC3']",5
BRD-K71761811,5,"['A375', 'A549', 'MCF7', 'PC3', 'VCAP']",6
BRD-K50790730,5,"['A375', 'A549', 'HT29', 'MCF7', 'PC3']",5
BRD-K50728502,5,"['A375', 'A549', 'HT29', 'MCF7', 'PC3']",5
BRD-K50727748,5,"['A549', 'HT29', 'MCF7', 'PC3', 'VCAP']",6
BRD-K52044217,5,"['A549', 'HT29', 'MCF7', 'PC3', 'VCAP']",6
BRD-K51975159,5,"['A375', 'A549', 'HT29', 'MCF7', 'PC3']",5
BRD-K51961561,5,"['A549', 'HT29', 'MCF7', 'PC3', 'VCAP']",6
BRD-K51951665,5,"['A549', 'HT29', 'MCF7', 'PC3', 'VCAP']",6
BRD-K51930253,5,"['A375', 'A549', 'HT29', 'MCF7', 'PC3']",5
BRD-K51050139,5,"['A375', 'A549', 'HT29', 'MCF7', 'PC3']",5
BRD-K51036109,5,"['A549', 'HT29', 'MCF7', 'PC3', 'VCAP']",6
BRD-K51030799,5,"['A375', 'A549', 'HT29', 'MCF7', 'PC3']",5
BRD-K51475868,5,"['A375', 'A549', 'HT29', 'MCF7', 'PC3']",5
BRD-K51471107,5,"['A375', 'A549', 'HT29', 'MCF7', 'VCAP']",6
BRD-K51410836,5,"['A375', 'A549', 'HT29', 'MCF7', 'PC3']",5
BRD-K51400578,5,"['A549', 'HT29', 'MCF7', 'PC3', 'VCAP']",6
SA-441412,5,"['A549', 'HT29', 'MCF7', 'PC3', 'VCAP']",14
BRD-K50068201,5,"['A375', 'A549', 'HT29', 'MCF7', 'PC3']",5
BRD-K50052949,5,"['A549', 'HT29', 'MCF7', 'PC3', 'VCAP']",6
BRD-K50037482,5,"['A375', 'A549', 'HT29', 'MCF7', 'PC3']",5
BRD-K50694553,5,"['A549', 'HT29', 'MCF7', 'PC3', 'VCAP']",6
BRD-K50558304,5,"['A549', 'HT29', 'MCF7', 'PC3', 'VCAP']",6
BRD-K51368944,5,"['A375', 'A549', 'HT29', 'MCF7', 'PC3']",5
BRD-K51358551,5,"['A375', 'A549', 'HT29', 'MCF7', 'PC3']",5
BRD-K51349050,5,"['A375', 'A549', 'HT29', 'MCF7', 'PC3']",5
BRD-K51288770,5,"['A375', 'A549', 'HT29', 'MCF7', 'PC3']",5
BRD-K51285422,5,"['A375', 'A549', 'HT29', 'MCF7', 'PC3']",5
BRD-K50974880,5,"['A375', 'A549', 'MCF7', 'PC3', 'VCAP']",6
BRD-K50953983,5,"['A375', 'A549', 'HT29', 'MCF7', 'PC3']",5
BRD-K50890172,5,"['A375', 'A549', 'HT29', 'MCF7', 'PC3']",5
BRD-K50827439,5,"['A375', 'A549', 'HT29', 'MCF7', 'PC3']",5
BRD-K50795058,5,"['A375', 'A549', 'HT29', 'MCF7', 'PC3']",5
BRD-K50791850,5,"['A375', 'A549', 'HT29', 'MCF7', 'VCAP']",6
BRD-K50157880,5,"['A549', 'HT29', 'MCF7', 'PC3', 'VCAP']",6
BRD-K71718338,5,"['A375', 'A549', 'MCF7', 'PC3', 'VCAP']",6
BRD-K71673735,5,"['A375', 'A549', 'HT29', 'MCF7', 'PC3']",5
BRD-K71672862,5,"['A549', 'HT29', 'MCF7', 'PC3', 'VCAP']",6
BRD-K71672626,5,"['A375', 'A549', 'HT29', 'MCF7', 'PC3']",5
BRD-K71636675,5,"['A375', 'A549', 'HT29', 'MCF7', 'PC3']",5
BRD-K71590271,5,"['A375', 'A549', 'HT29', 'MCF7', 'PC3']",5
BRD-K72199653,5,"['A375', 'A549', 'MCF7', 'PC3', 'VCAP']",6
BRD-K72118202,5,"['A375', 'A549', 'MCF7', 'PC3', 'VCAP']",6
BRD-K70690367,5,"['A375', 'A549', 'HT29', 'MCF7', 'PC3']",5
BRD-K72072919,5,"['A549', 'HT29', 'MCF7', 'PC3', 'VCAP']",6
BRD-K72064822,5,"['A375', 'A549', 'MCF7', 'PC3', 'VCAP']",6
BRD-K72010491,5,"['A375', 'A549', 'HT29', 'MCF7', 'PC3']",5
BRD-K71943487,5,"['A375', 'A549', 'HT29', 'MCF7', 'VCAP']",6
BRD-K50131804,5,"['A375', 'A549', 'HT29', 'MCF7', 'PC3']",5
BRD-K50112803,5,"['A549', 'HT29', 'MCF7', 'PC3', 'VCAP']",6
BRD-K49534870,5,"['A375', 'A549', 'HT29', 'MCF7', 'PC3']",5
BRD-K50388099,5,"['A549', 'HT29', 'MCF7', 'PC3', 'VCAP']",6
BRD-K50381033,5,"['A549', 'HT29', 'MCF7', 'PC3', 'VCAP']",6
BRD-K50298819,5,"['A549', 'HT29', 'MCF7', 'PC3', 'VCAP']",6
BRD-K49441594,5,"['A375', 'A549', 'HT29', 'PC3', 'VCAP']",9
BRD-K50010596,5,"['A375', 'A549', 'HT29', 'MCF7', 'PC3']",5
BRD-K49988102,5,"['A375', 'A549', 'HT29', 'MCF7', 'VCAP']",6
BRD-K49955466,5,"['A375', 'A549', 'HT29', 'MCF7', 'PC3']",5
BRD-K49916352,5,"['A375', 'A549', 'HT29', 'MCF7', 'PC3']",5
BRD-K49909254,5,"['A375', 'A549', 'MCF7', 'PC3', 'VCAP']",6
BRD-K49896210,5,"['A375', 'A549', 'MCF7', 'PC3', 'VCAP']",6
BRD-K49831518,5,"['A375', 'A549', 'HT29', 'MCF7', 'PC3']",5
BRD-K50266413,5,"['A375', 'A549', 'MCF7', 'PC3', 'VCAP']",6
BRD-K51216807,5,"['A549', 'HT29', 'MCF7', 'PC3', 'VCAP']",6
BRD-K51181663,5,"['A375', 'A549', 'MCF7', 'PC3', 'VCAP']",6
BRD-K51134784,5,"['A375', 'A549', 'HT29', 'MCF7', 'PC3']",5
BRD-K48424967,5,"['A375', 'A549', 'HT29', 'MCF7', 'PC3']",5
BRD-K48421284,5,"['A375', 'A549', 'HT29', 'MCF7', 'PC3']",5
BRD-K48930263,5,"['A375', 'A549', 'HT29', 'MCF7', 'PC3']",5
BRD-K48923155,5,"['A375', 'A549', 'MCF7', 'PC3', 'VCAP']",6
BRD-K48918097,5,"['A375', 'A549', 'HT29', 'MCF7', 'PC3']",5
BRD-K48863671,5,"['A549', 'HT29', 'MCF7', 'PC3', 'VCAP']",6
BRD-K50257410,5,"['A375', 'A549', 'HT29', 'MCF7', 'PC3']",5
BRD-K50230035,5,"['A375', 'A549', 'HT29', 'MCF7', 'VCAP']",6
BRD-K50176356,5,"['A375', 'A549', 'HT29', 'MCF7', 'PC3']",5
BRD-K49378999,5,"['A375', 'A549', 'MCF7', 'PC3', 'VCAP']",6
BRD-K49367140,5,"['A375', 'A549', 'HT29', 'MCF7', 'PC3']",5
BRD-K49330073,5,"['A375', 'A549', 'HT29', 'MCF7', 'PC3']",5
BRD-K49258689,5,"['A375', 'A549', 'HT29', 'MCF7', 'PC3']",5
BRD-K49156662,5,"['A375', 'A549', 'HT29', 'MCF7', 'PC3']",5
BRD-K48995011,5,"['A375', 'A549', 'HT29', 'MCF7', 'PC3']",5
BRD-K49736551,5,"['A375', 'A549', 'HT29', 'MCF7', 'PC3']",5
BRD-K71855031,5,"['A375', 'A549', 'HT29', 'MCF7', 'VCAP']",6
BRD-K72500499,5,"['A375', 'A549', 'HT29', 'MCF7', 'PC3']",5
BRD-K72449498,5,"['A549', 'HT29', 'MCF7', 'PC3', 'VCAP']",6
BRD-K72382350,5,"['A375', 'A549', 'HT29', 'PC3', 'VCAP']",45
BRD-K72324716,5,"['A375', 'A549', 'HT29', 'MCF7', 'VCAP']",6
BRD-K72271119,5,"['A375', 'A549', 'MCF7', 'PC3', 'VCAP']",6
BRD-K71479066,5,"['A375', 'A549', 'HT29', 'MCF7', 'PC3']",5
BRD-K72814870,5,"['A375', 'A549', 'HT29', 'MCF7', 'PC3']",5
BRD-K72798501,5,"['A549', 'HT29', 'MCF7', 'PC3', 'VCAP']",6
BRD-K72713245,5,"['A375', 'A549', 'HT29', 'MCF7', 'PC3']",5
BRD-K72663966,5,"['A375', 'A549', 'HT29', 'MCF7', 'PC3']",5
BRD-K72624437,5,"['A375', 'A549', 'HT29', 'MCF7', 'PC3']",5
BRD-K48457318,5,"['A375', 'A549', 'MCF7', 'PC3', 'VCAP']",8
BRD-K48441067,5,"['A375', 'A549', 'HT29', 'MCF7', 'PC3']",5
BRD-K48433912,5,"['A375', 'A549', 'HT29', 'MCF7', 'PC3']",5
BRD-K48431409,5,"['A375', 'A549', 'HT29', 'MCF7', 'VCAP']",6
BRD-K48566675,5,"['A375', 'A549', 'HT29', 'MCF7', 'PC3']",5
BRD-K48809858,5,"['A375', 'A549', 'HT29', 'MCF7', 'VCAP']",6
BRD-K48804356,5,"['A549', 'HT29', 'MCF7', 'PC3', 'VCAP']",6
BRD-K47924474,5,"['A375', 'A549', 'HT29', 'MCF7', 'PC3']",5
BRD-K47897830,5,"['A549', 'HT29', 'MCF7', 'PC3', 'VCAP']",6
BRD-K48374441,5,"['A549', 'HT29', 'MCF7', 'PC3', 'VCAP']",6
BRD-K48332988,5,"['A375', 'A549', 'HT29', 'MCF7', 'PC3']",5
BRD-K48254300,5,"['A375', 'A549', 'HT29', 'MCF7', 'PC3']",5
BRD-K48225424,5,"['A375', 'A549', 'HT29', 'MCF7', 'VCAP']",6
BRD-K48193278,5,"['A375', 'A549', 'HT29', 'MCF7', 'PC3']",5
BRD-K89840812,5,"['A375', 'A549', 'HT29', 'MCF7', 'PC3']",5
BRD-K49508167,5,"['A375', 'A549', 'HT29', 'MCF7', 'PC3']",5
BRD-K49483184,5,"['A375', 'A549', 'HT29', 'MCF7', 'PC3']",5
BRD-K49482378,5,"['A549', 'HT29', 'MCF7', 'PC3', 'VCAP']",6
BRD-K48549412,5,"['A375', 'A549', 'HT29', 'MCF7', 'PC3']",5
BRD-K48548528,5,"['A375', 'A549', 'HT29', 'MCF7', 'PC3']",5
BRD-K72516992,5,"['A549', 'HT29', 'MCF7', 'PC3', 'VCAP']",6
BRD-K72505722,5,"['A549', 'HT29', 'MCF7', 'PC3', 'VCAP']",6
BRD-K73143149,5,"['A375', 'A549', 'HT29', 'MCF7', 'PC3']",5
BRD-K73096789,5,"['A375', 'A549', 'HT29', 'MCF7', 'PC3']",5
BRD-K73045999,5,"['A375', 'A549', 'HT29', 'MCF7', 'PC3']",5
BRD-K73028742,5,"['A375', 'A549', 'HT29', 'MCF7', 'PC3']",5
BRD-K73005792,5,"['A375', 'A549', 'HT29', 'MCF7', 'PC3']",5
BRD-K72960152,5,"['A549', 'HT29', 'MCF7', 'PC3', 'VCAP']",5
BRD-K72114074,5,"['A375', 'A549', 'HT29', 'MCF7', 'PC3']",5
BRD-K73329392,5,"['A375', 'A549', 'HT29', 'MCF7', 'PC3']",5
BRD-K82666260,5,"['A549', 'HT29', 'MCF7', 'PC3', 'VCAP']",6
BRD-K82637111,5,"['A375', 'A549', 'HT29', 'MCF7', 'PC3']",5
BRD-K82602524,5,"['A375', 'A549', 'MCF7', 'PC3', 'VCAP']",6
BRD-K48180773,5,"['A375', 'A549', 'HT29', 'MCF7', 'PC3']",5
BRD-K48165980,5,"['A375', 'A549', 'HT29', 'MCF7', 'PC3']",5
BRD-K48654093,5,"['A375', 'A549', 'MCF7', 'PC3', 'VCAP']",6
BRD-K46849403,5,"['A549', 'HT29', 'MCF7', 'PC3', 'VCAP']",6
BRD-K48551077,5,"['A375', 'A549', 'HT29', 'MCF7', 'PC3']",5
BRD-K47788798,5,"['A375', 'A549', 'HT29', 'MCF7', 'PC3']",5
BRD-K47774969,5,"['A549', 'HT29', 'MCF7', 'PC3', 'VCAP']",6
BRD-K47727686,5,"['A375', 'A549', 'HT29', 'MCF7', 'PC3']",5
BRD-K48138407,5,"['A549', 'HT29', 'MCF7', 'PC3', 'VCAP']",6
BRD-K48076585,5,"['A375', 'A549', 'MCF7', 'PC3', 'VCAP']",6
BRD-K48058738,5,"['A549', 'HT29', 'MCF7', 'PC3', 'VCAP']",6
BRD-K48054407,5,"['A375', 'A549', 'HT29', 'MCF7', 'VCAP']",6
BRD-K48047846,5,"['A375', 'A549', 'MCF7', 'PC3', 'VCAP']",6
BRD-K48005755,5,"['A375', 'A549', 'MCF7', 'PC3', 'VCAP']",6
BRD-K47967838,5,"['A375', 'A549', 'HT29', 'MCF7', 'PC3']",5
BRD-K47950966,5,"['A375', 'A549', 'HT29', 'MCF7', 'PC3']",5
BRD-K47943934,5,"['A375', 'A549', 'HT29', 'MCF7', 'VCAP']",6
BRD-K83385358,5,"['A549', 'HT29', 'MCF7', 'PC3', 'VCAP']",8
BRD-K82726072,5,"['A375', 'A549', 'HT29', 'MCF7', 'PC3']",5
BRD-K73184677,5,"['A375', 'A549', 'HT29', 'MCF7', 'PC3']",5
BRD-K73548235,5,"['A375', 'A549', 'HT29', 'MCF7', 'PC3']",5
BRD-K73543260,5,"['A375', 'A549', 'HT29', 'MCF7', 'PC3']",5
BRD-K73533033,5,"['A375', 'A549', 'HT29', 'MCF7', 'PC3']",5
BRD-K73522157,5,"['A375', 'A549', 'MCF7', 'PC3', 'VCAP']",6
BRD-K81752795,5,"['A549', 'HT29', 'MCF7', 'PC3', 'VCAP']",6
BRD-K81662460,5,"['A375', 'A549', 'HT29', 'MCF7', 'VCAP']",6
BRD-K81641277,5,"['A375', 'A549', 'HT29', 'MCF7', 'VCAP']",6
BRD-K81636483,5,"['A549', 'HT29', 'MCF7', 'PC3', 'VCAP']",6
BRD-K81614512,5,"['A375', 'A549', 'HT29', 'MCF7', 'PC3']",5
BRD-K47588363,5,"['A375', 'A549', 'HT29', 'MCF7', 'PC3']",5
BRD-K47549778,5,"['A375', 'A549', 'HT29', 'MCF7', 'PC3']",5
BRD-K47543154,5,"['A375', 'A549', 'HT29', 'MCF7', 'PC3']",5
BRD-K47505626,5,"['A375', 'A549', 'HT29', 'MCF7', 'PC3']",5
BRD-K47812430,5,"['A375', 'A549', 'MCF7', 'PC3', 'VCAP']",6
BRD-K46911271,5,"['A549', 'HT29', 'MCF7', 'PC3', 'VCAP']",6
BRD-K46922721,5,"['A549', 'HT29', 'MCF7', 'PC3', 'VCAP']",6
BRD-K46297593,5,"['A375', 'A549', 'HT29', 'MCF7', 'PC3']",5
BRD-K46276961,5,"['A375', 'A549', 'MCF7', 'PC3', 'VCAP']",6
BRD-K46815273,5,"['A375', 'A549', 'HT29', 'MCF7', 'PC3']",5
BRD-K46810582,5,"['A375', 'A549', 'HT29', 'MCF7', 'VCAP']",6
BRD-K46769156,5,"['A549', 'HT29', 'MCF7', 'PC3', 'VCAP']",6
BRD-K47463456,5,"['A375', 'A549', 'HT29', 'MCF7', 'PC3']",5
BRD-K47443018,5,"['A375', 'A549', 'HT29', 'MCF7', 'PC3']",5
BRD-K46732958,5,"['A375', 'A549', 'HT29', 'MCF7', 'VCAP']",6
BRD-K46707147,5,"['A375', 'A549', 'HT29', 'MCF7', 'PC3']",5
BRD-K47070211,5,"['A549', 'HT29', 'MCF7', 'PC3', 'VCAP']",6
BRD-K47681666,5,"['A549', 'HT29', 'MCF7', 'PC3', 'VCAP']",6
BRD-K47664103,5,"['A549', 'HT29', 'MCF7', 'PC3', 'VCAP']",6
BRD-K73288268,5,"['A549', 'HT29', 'MCF7', 'PC3', 'VCAP']",6
BRD-K73233900,5,"['A375', 'A549', 'HT29', 'MCF7', 'PC3']",5
BRD-K73199200,5,"['A549', 'HT29', 'MCF7', 'PC3', 'VCAP']",6
BRD-K46476822,5,"['A375', 'A549', 'HT29', 'MCF7', 'PC3']",5
BRD-K46746428,5,"['A375', 'A549', 'HT29', 'MCF7', 'PC3']",5
BRD-K46746423,5,"['A375', 'A549', 'HT29', 'MCF7', 'VCAP']",6
BRD-K46734661,5,"['A375', 'A549', 'MCF7', 'PC3', 'VCAP']",6
BRD-K46044238,5,"['A375', 'A549', 'HT29', 'MCF7', 'PC3']",5
BRD-K46670060,5,"['A549', 'HT29', 'MCF7', 'PC3', 'VCAP']",6
BRD-K46661156,5,"['A375', 'A549', 'HT29', 'MCF7', 'VCAP']",6
BRD-K46643133,5,"['A375', 'A549', 'HT29', 'MCF7', 'PC3']",5
BRD-K46593635,5,"['A375', 'A549', 'HT29', 'MCF7', 'PC3']",5
BRD-K47037681,5,"['A375', 'A549', 'HT29', 'MCF7', 'PC3']",5
BRD-K47033137,5,"['A375', 'A549', 'HT29', 'MCF7', 'PC3']",5
BRD-K47024121,5,"['A375', 'A549', 'MCF7', 'PC3', 'VCAP']",6
BRD-K47002284,5,"['A375', 'A549', 'HT29', 'MCF7', 'VCAP']",6
BRD-K46998548,5,"['A375', 'A549', 'HT29', 'MCF7', 'PC3']",5
BRD-K46989099,5,"['A375', 'A549', 'MCF7', 'PC3', 'VCAP']",6
BRD-K46943684,5,"['A375', 'A549', 'HT29', 'MCF7', 'PC3']",5
BRD-K45924279,5,"['A375', 'A549', 'MCF7', 'PC3', 'VCAP']",6
BRD-K46447740,5,"['A375', 'A549', 'HT29', 'MCF7', 'VCAP']",6
BRD-K46428287,5,"['A549', 'HT29', 'MCF7', 'PC3', 'VCAP']",6
BRD-K46416377,5,"['A375', 'A549', 'HT29', 'MCF7', 'PC3']",5
BRD-K46393778,5,"['A549', 'HT29', 'MCF7', 'PC3', 'VCAP']",6
BRD-K46373821,5,"['A375', 'A549', 'HT29', 'MCF7', 'VCAP']",6
BRD-K46362951,5,"['A549', 'HT29', 'MCF7', 'PC3', 'VCAP']",6
BRD-K45392462,5,"['A375', 'A549', 'HT29', 'MCF7', 'PC3']",5
BRD-K46185480,5,"['A549', 'HT29', 'MCF7', 'PC3', 'VCAP']",6
BRD-K46592487,5,"['A375', 'A549', 'HT29', 'MCF7', 'PC3']",5
BRD-K46575753,5,"['A549', 'HT29', 'MCF7', 'PC3', 'VCAP']",6
BRD-K46562045,5,"['A375', 'A549', 'HT29', 'MCF7', 'PC3']",5
BRD-K46544760,5,"['A375', 'A549', 'HT29', 'MCF7', 'PC3']",5
BRD-K46512534,5,"['A375', 'A549', 'HT29', 'MCF7', 'PC3']",5
BRD-K46504268,5,"['A375', 'A549', 'HT29', 'MCF7', 'PC3']",5
BRD-K46477974,5,"['A375', 'A549', 'HT29', 'MCF7', 'PC3']",5
BRD-K45966720,5,"['A375', 'A549', 'HT29', 'MCF7', 'PC3']",5
BRD-K45956042,5,"['A375', 'A549', 'HT29', 'MCF7', 'PC3']",5
BRD-K45955794,5,"['A375', 'A549', 'HT29', 'MCF7', 'PC3']",5
BRD-K45949967,5,"['A549', 'HT29', 'MCF7', 'PC3', 'VCAP']",6
BRD-K81500599,5,"['A375', 'A549', 'HT29', 'MCF7', 'PC3']",5
BRD-K91627479,5,"['A549', 'HT29', 'MCF7', 'PC3', 'VCAP']",6
BRD-K91595583,5,"['A375', 'A549', 'HT29', 'MCF7', 'VCAP']",6
BRD-K91535031,5,"['A375', 'A549', 'HT29', 'MCF7', 'VCAP']",6
BRD-K73722380,5,"['A375', 'A549', 'HT29', 'MCF7', 'PC3']",5
BRD-K73701691,5,"['A375', 'A549', 'MCF7', 'PC3', 'VCAP']",6
BRD-K73680494,5,"['A375', 'A549', 'MCF7', 'PC3', 'VCAP']",6
BRD-K74185228,5,"['A375', 'A549', 'HT29', 'MCF7', 'PC3']",5
BRD-K73451477,5,"['A375', 'A549', 'HT29', 'MCF7', 'PC3']",5
BRD-K73428213,5,"['A549', 'HT29', 'MCF7', 'PC3', 'VCAP']",6
BRD-K73423421,5,"['A375', 'A549', 'HT29', 'MCF7', 'PC3']",5
BRD-K73423175,5,"['A375', 'A549', 'HT29', 'MCF7', 'PC3']",5
BRD-K45429601,5,"['A375', 'A549', 'HT29', 'MCF7', 'PC3']",5
BRD-K44791058,5,"['A549', 'HT29', 'MCF7', 'PC3', 'VCAP']",6
BRD-K44766290,5,"['A549', 'HT29', 'MCF7', 'PC3', 'VCAP']",6
BRD-K45907733,5,"['A375', 'A549', 'HT29', 'MCF7', 'PC3']",5
BRD-K45891353,5,"['A375', 'A549', 'HT29', 'MCF7', 'PC3']",5
BRD-K45889441,5,"['A375', 'A549', 'HT29', 'MCF7', 'PC3']",5
BRD-K45861923,5,"['A375', 'A549', 'HT29', 'MCF7', 'PC3']",5
BRD-K45759060,5,"['A375', 'A549', 'HT29', 'MCF7', 'PC3']",5
BRD-K45749103,5,"['A549', 'HT29', 'MCF7', 'PC3', 'VCAP']",6
BRD-K45615006,5,"['A375', 'A549', 'HT29', 'MCF7', 'PC3']",5
BRD-K46183911,5,"['A375', 'A549', 'HT29', 'MCF7', 'PC3']",5
BRD-K46092809,5,"['A375', 'A549', 'HT29', 'MCF7', 'PC3']",5
BRD-K45333259,5,"['A375', 'A549', 'HT29', 'MCF7', 'PC3']",5
BRD-K45327589,5,"['A375', 'A549', 'HT29', 'MCF7', 'PC3']",5
BRD-K46028776,5,"['A375', 'A549', 'HT29', 'MCF7', 'PC3']",5
BRD-K45986013,5,"['A375', 'A549', 'HT29', 'MCF7', 'PC3']",5
BRD-K44874209,5,"['A375', 'A549', 'HT29', 'MCF7', 'PC3']",5
BRD-K43966520,5,"['A375', 'A549', 'HT29', 'MCF7', 'PC3']",5
BRD-K43955935,5,"['A375', 'A549', 'HT29', 'MCF7', 'PC3']",5
BRD-K43952716,5,"['A375', 'A549', 'HT29', 'MCF7', 'PC3']",5
BRD-K43947390,5,"['A375', 'A549', 'HT29', 'MCF7', 'PC3']",5
BRD-K45319476,5,"['A375', 'A549', 'HT29', 'MCF7', 'VCAP']",6
BRD-K45319408,5,"['A375', 'A549', 'HT29', 'MCF7', 'PC3']",5
BRD-K45235808,5,"['A375', 'A549', 'HT29', 'MCF7', 'PC3']",5
BRD-K45217009,5,"['A375', 'A549', 'HT29', 'MCF7', 'PC3']",5
BRD-K45153357,5,"['A375', 'A549', 'HT29', 'MCF7', 'PC3']",5
BRD-K45543414,5,"['A375', 'A549', 'MCF7', 'PC3', 'VCAP']",6
BRD-K45532244,5,"['A375', 'A549', 'HT29', 'MCF7', 'PC3']",5
BRD-K45485804,5,"['A549', 'HT29', 'MCF7', 'PC3', 'VCAP']",6
BRD-K45480436,5,"['A375', 'A549', 'HT29', 'MCF7', 'VCAP']",6
BRD-K45472161,5,"['A375', 'A549', 'HT29', 'MCF7', 'PC3']",5
BRD-K45431864,5,"['A375', 'A549', 'MCF7', 'PC3', 'VCAP']",6
BRD-K73838803,5,"['A375', 'A549', 'HT29', 'MCF7', 'PC3']",5
BRD-K73825454,5,"['A375', 'A549', 'HT29', 'MCF7', 'PC3']",5
BRD-K73804145,5,"['A549', 'HT29', 'MCF7', 'PC3', 'VCAP']",6
BRD-K81904610,5,"['A549', 'HT29', 'MCF7', 'PC3', 'VCAP']",6
BRD-K81882789,5,"['A375', 'A549', 'MCF7', 'PC3', 'VCAP']",6
BRD-K81873565,5,"['A375', 'A549', 'HT29', 'MCF7', 'VCAP']",6
BRD-K81860076,5,"['A375', 'A549', 'HT29', 'MCF7', 'PC3']",5
BRD-K81812196,5,"['A375', 'A549', 'HT29', 'MCF7', 'PC3']",5
BRD-K74790646,5,"['A375', 'A549', 'HT29', 'MCF7', 'PC3']",5
BRD-K74782274,5,"['A375', 'A549', 'HT29', 'MCF7', 'PC3']",5
BRD-K74704013,5,"['A375', 'A549', 'HT29', 'MCF7', 'PC3']",5
BRD-K74152472,5,"['A375', 'A549', 'HT29', 'MCF7', 'PC3']",5
BRD-K74144406,5,"['A375', 'A549', 'HT29', 'MCF7', 'PC3']",5
BRD-K45025380,5,"['A375', 'A549', 'HT29', 'MCF7', 'PC3']",5
BRD-K44968554,5,"['A375', 'A549', 'HT29', 'MCF7', 'PC3']",5
BRD-K44937047,5,"['A375', 'A549', 'HT29', 'MCF7', 'PC3']",5
BRD-K43533284,5,"['A375', 'A549', 'HT29', 'MCF7', 'PC3']",5
BRD-K43524201,5,"['A375', 'A549', 'HT29', 'MCF7', 'PC3']",5
BRD-K43484121,5,"['A375', 'A549', 'MCF7', 'PC3', 'VCAP']",6
BRD-K43481697,5,"['A375', 'A549', 'HT29', 'MCF7', 'VCAP']",6
BRD-K44564943,5,"['A375', 'A549', 'HT29', 'MCF7', 'PC3']",5
BRD-K44485049,5,"['A375', 'A549', 'HT29', 'MCF7', 'PC3']",5
BRD-K44475992,5,"['A375', 'A549', 'HT29', 'MCF7', 'PC3']",5
BRD-K44413293,5,"['A375', 'A549', 'HT29', 'MCF7', 'PC3']",5
BRD-K44802959,5,"['A375', 'A549', 'HT29', 'MCF7', 'PC3']",5
BRD-K44802037,5,"['A375', 'A549', 'HT29', 'MCF7', 'PC3']",5
BRD-K43708940,5,"['A375', 'A549', 'HT29', 'MCF7', 'PC3']",5
BRD-K43703882,5,"['A375', 'A549', 'HT29', 'MCF7', 'PC3']",5
BRD-K44715408,5,"['A375', 'A549', 'HT29', 'MCF7', 'PC3']",5
BRD-K45092764,5,"['A549', 'HT29', 'MCF7', 'PC3', 'VCAP']",6
BRD-K45038844,5,"['A375', 'A549', 'HT29', 'MCF7', 'PC3']",5
BRD-K73397518,5,"['A375', 'A549', 'HT29', 'MCF7', 'PC3']",5
BRD-K43638827,5,"['A375', 'A549', 'HT29', 'MCF7', 'PC3']",5
BRD-K43624963,5,"['A375', 'A549', 'HT29', 'MCF7', 'PC3']",5
BRD-K44352336,5,"['A375', 'A549', 'HT29', 'MCF7', 'PC3']",5
BRD-K44339679,5,"['A375', 'A549', 'HT29', 'MCF7', 'PC3']",5
BRD-K44302407,5,"['A549', 'HT29', 'MCF7', 'PC3', 'VCAP']",6
BRD-K73937887,5,"['A375', 'A549', 'HT29', 'MCF7', 'PC3']",5
BRD-K73919378,5,"['A375', 'A549', 'HT29', 'MCF7', 'PC3']",5
BRD-K74248891,5,"['A375', 'A549', 'HT29', 'MCF7', 'PC3']",5
BRD-K74227932,5,"['A375', 'A549', 'HT29', 'MCF7', 'PC3']",5
BRD-K75394059,5,"['A549', 'HT29', 'MCF7', 'PC3', 'VCAP']",6
BRD-K75323473,5,"['A375', 'A549', 'HT29', 'MCF7', 'PC3']",5
BRD-K74176341,5,"['A375', 'A549', 'HT29', 'MCF7', 'PC3']",5
BRD-K44266302,5,"['A375', 'A549', 'HT29', 'MCF7', 'PC3']",5
BRD-K44218307,5,"['A375', 'A549', 'HT29', 'MCF7', 'PC3']",5
BRD-K44218044,5,"['A375', 'A549', 'HT29', 'MCF7', 'PC3']",5
BRD-K43605845,5,"['A549', 'HT29', 'MCF7', 'PC3', 'VCAP']",6
alendronic-acid,5,"['FIBRNPC', 'MCF7', 'NEU', 'NPC', 'PC3']",10
BRD-K43212439,5,"['A375', 'A549', 'HT29', 'MCF7', 'PC3']",5
BRD-K43168251,5,"['A375', 'A549', 'HT29', 'MCF7', 'PC3']",5
BRD-K43122204,5,"['A375', 'A549', 'HT29', 'MCF7', 'PC3']",5
BRD-K43111958,5,"['A549', 'HT29', 'MCF7', 'PC3', 'VCAP']",6
BRD-K43472599,5,"['A375', 'A549', 'HT29', 'MCF7', 'PC3']",5
BRD-K43438744,5,"['A375', 'A549', 'HT29', 'MCF7', 'VCAP']",6
BRD-K43433419,5,"['A375', 'A549', 'HT29', 'MCF7', 'PC3']",5
BRD-K43931839,5,"['A375', 'A549', 'HT29', 'MCF7', 'VCAP']",6
BRD-K43774268,5,"['A375', 'A549', 'MCF7', 'PC3', 'VCAP']",6
BRD-K42957595,5,"['A375', 'A549', 'HT29', 'MCF7', 'PC3']",5
BRD-K42953652,5,"['A549', 'HT29', 'MCF7', 'PC3', 'VCAP']",6
BRD-K43349162,5,"['A375', 'A549', 'HT29', 'MCF7', 'PC3']",5
BRD-K43345858,5,"['A375', 'A549', 'HT29', 'MCF7', 'PC3']",5
BRD-K43337737,5,"['A375', 'A549', 'HT29', 'MCF7', 'PC3']",5
BRD-K43325273,5,"['A375', 'A549', 'HT29', 'MCF7', 'VCAP']",6
BRD-K42634310,5,"['A549', 'HT29', 'MCF7', 'PC3', 'VCAP']",6
BRD-K42626894,5,"['A375', 'A549', 'MCF7', 'PC3', 'VCAP']",6
BRD-K42624823,5,"['A375', 'A549', 'HT29', 'MCF7', 'PC3']",5
BRD-K42618289,5,"['A375', 'A549', 'HT29', 'MCF7', 'PC3']",5
BRD-K42614769,5,"['A549', 'HT29', 'MCF7', 'PC3', 'VCAP']",6
BRD-K42605282,5,"['A375', 'A549', 'HT29', 'MCF7', 'PC3']",5
BRD-K42943439,5,"['A375', 'A549', 'HT29', 'MCF7', 'PC3']",5
BRD-K43298786,5,"['A549', 'HT29', 'MCF7', 'PC3', 'VCAP']",6
BRD-K43279914,5,"['A375', 'A549', 'MCF7', 'PC3', 'VCAP']",6
BRD-K43266948,5,"['A375', 'A549', 'MCF7', 'PC3', 'VCAP']",6
BRD-K43263266,5,"['A375', 'A549', 'HT29', 'MCF7', 'PC3']",5
BRD-K43234208,5,"['A375', 'A549', 'HT29', 'MCF7', 'PC3']",5
BRD-K43225681,5,"['A375', 'A549', 'MCF7', 'PC3', 'VCAP']",6
BRD-K43624311,5,"['A375', 'A549', 'HT29', 'MCF7', 'PC3']",5
BRD-K42758410,5,"['A549', 'HT29', 'MCF7', 'PC3', 'VCAP']",6
BRD-K42752188,5,"['A375', 'A549', 'HT29', 'MCF7', 'VCAP']",6
BRD-K42361978,5,"['A375', 'A549', 'MCF7', 'PC3', 'VCAP']",6
BRD-K43073442,5,"['A375', 'A549', 'HT29', 'MCF7', 'PC3']",5
BRD-K43025837,5,"['A375', 'A549', 'HT29', 'MCF7', 'PC3']",5
BRD-K42968246,5,"['A549', 'HT29', 'MCF7', 'PC3', 'VCAP']",6
BRD-K74582039,5,"['A375', 'A549', 'HT29', 'MCF7', 'VCAP']",6
BRD-K74495399,5,"['A375', 'A549', 'HT29', 'MCF7', 'PC3']",5
BRD-K74429632,5,"['A375', 'A549', 'HT29', 'MCF7', 'VCAP']",6
BRD-K74889969,5,"['A375', 'A549', 'HT29', 'MCF7', 'PC3']",5
BRD-K74833731,5,"['A375', 'A549', 'HT29', 'MCF7', 'PC3']",5
BRD-K74832096,5,"['A549', 'HT29', 'MCF7', 'PC3', 'VCAP']",6
BRD-K74794453,5,"['A375', 'A549', 'HT29', 'MCF7', 'PC3']",5
BRD-K75512942,5,"['A375', 'A549', 'HT29', 'MCF7', 'PC3']",5
BRD-K76028541,5,"['A549', 'HT29', 'MCF7', 'PC3', 'VCAP']",6
BRD-K75992528,5,"['A375', 'A549', 'HT29', 'MCF7', 'PC3']",5
BRD-K75912549,5,"['A549', 'HT29', 'MCF7', 'PC3', 'VCAP']",6
BRD-K74634175,5,"['A375', 'A549', 'HT29', 'MCF7', 'PC3']",5
BRD-K76050206,5,"['A375', 'A549', 'HT29', 'MCF7', 'PC3']",5
BRD-K76379937,5,"['A375', 'A549', 'HT29', 'MCF7', 'VCAP']",6
BRD-K41527436,5,"['A549', 'HT29', 'MCF7', 'PC3', 'VCAP']",6
BRD-K41520872,5,"['A375', 'A549', 'HT29', 'MCF7', 'PC3']",5
BRD-K41888384,5,"['A375', 'A549', 'HT29', 'MCF7', 'VCAP']",6
BRD-K89499048,5,"['A375', 'A549', 'HT29', 'MCF7', 'PC3']",5
BRD-K42919101,5,"['A375', 'A549', 'HT29', 'MCF7', 'PC3']",5
BRD-K42863614,5,"['A375', 'A549', 'HT29', 'MCF7', 'PC3']",5
BRD-K42862966,5,"['A549', 'HT29', 'MCF7', 'PC3', 'VCAP']",6
BRD-K42790191,5,"['A375', 'A549', 'HT29', 'MCF7', 'PC3']",5
BRD-K42057752,5,"['A549', 'HT29', 'MCF7', 'PC3', 'VCAP']",6
BRD-K41954709,5,"['A375', 'A549', 'HT29', 'MCF7', 'PC3']",5
BRD-K41908552,5,"['A375', 'A549', 'HT29', 'MCF7', 'PC3']",5
BRD-K42516959,5,"['A549', 'HT29', 'MCF7', 'PC3', 'VCAP']",6
BRD-K42470309,5,"['A375', 'A549', 'HT29', 'MCF7', 'PC3']",5
BRD-K42438139,5,"['A549', 'HT29', 'MCF7', 'PC3', 'VCAP']",6
BRD-K41761456,5,"['A549', 'HT29', 'MCF7', 'PC3', 'VCAP']",6
BRD-K42251804,5,"['A375', 'A549', 'HT29', 'MCF7', 'PC3']",5
BRD-K42245756,5,"['A375', 'A549', 'HT29', 'MCF7', 'PC3']",5
BRD-K42173890,5,"['A375', 'A549', 'MCF7', 'PC3', 'VCAP']",6
BRD-K41641213,5,"['A375', 'A549', 'HT29', 'MCF7', 'PC3']",5
BRD-K75155876,5,"['A375', 'A549', 'HT29', 'MCF7', 'PC3']",5
BRD-K75145803,5,"['A375', 'A549', 'HT29', 'MCF7', 'PC3']",5
BRD-K75117691,5,"['A375', 'A549', 'HT29', 'MCF7', 'PC3']",5
BRD-K75101679,5,"['A375', 'A549', 'HT29', 'MCF7', 'PC3']",5
BRD-K75094920,5,"['A549', 'HT29', 'MCF7', 'PC3', 'VCAP']",6
BRD-K75034919,5,"['A375', 'A549', 'HT29', 'MCF7', 'PC3']",5
BRD-K75000753,5,"['A375', 'A549', 'HT29', 'MCF7', 'PC3']",5
BRD-K74954602,5,"['A375', 'A549', 'HT29', 'MCF7', 'PC3']",5
BRD-K75436517,5,"['A375', 'A549', 'HT29', 'MCF7', 'PC3']",5
BRD-K76073136,5,"['A375', 'A549', 'HT29', 'MCF7', 'PC3']",5
BRD-K76060215,5,"['A375', 'A549', 'HT29', 'MCF7', 'PC3']",5
BRD-K41280229,5,"['A375', 'A549', 'HT29', 'MCF7', 'PC3']",5
BRD-K41138144,5,"['A375', 'A549', 'HT29', 'MCF7', 'PC3']",5
BRD-K41660807,5,"['A375', 'A549', 'MCF7', 'PC3', 'VCAP']",6
BRD-K41651095,5,"['A375', 'A549', 'HT29', 'MCF7', 'PC3']",5
BRD-K89489862,5,"['A375', 'A549', 'MCF7', 'PC3', 'VCAP']",6
BRD-K89451495,5,"['A549', 'HT29', 'MCF7', 'PC3', 'VCAP']",6
BRD-K90168790,5,"['A375', 'A549', 'HT29', 'MCF7', 'PC3']",5
BRD-K90132168,5,"['A375', 'A549', 'MCF7', 'PC3', 'VCAP']",6
BRD-K90073570,5,"['A549', 'HT29', 'MCF7', 'PC3', 'VCAP']",5
BRD-K90004840,5,"['A375', 'A549', 'HT29', 'MCF7', 'PC3']",5
BRD-K89953543,5,"['A375', 'A549', 'MCF7', 'PC3', 'VCAP']",6
BRD-K89951364,5,"['A375', 'A549', 'HT29', 'MCF7', 'PC3']",5
BRD-K89941546,5,"['A549', 'HT29', 'MCF7', 'PC3', 'VCAP']",6
BRD-K89915754,5,"['A549', 'HT29', 'MCF7', 'PC3', 'VCAP']",6
BRD-K89915215,5,"['A375', 'A549', 'HT29', 'MCF7', 'PC3']",5
BRD-K41814765,5,"['A375', 'A549', 'HT29', 'MCF7', 'PC3']",5
BRD-K40494872,5,"['A375', 'A549', 'HT29', 'MCF7', 'PC3']",5
BRD-K41034329,5,"['A375', 'A549', 'HT29', 'MCF7', 'PC3']",5
BRD-K41014695,5,"['A375', 'A549', 'MCF7', 'PC3', 'VCAP']",6
BRD-K40963786,5,"['A375', 'A549', 'HT29', 'MCF7', 'PC3']",5
BRD-K40115967,5,"['A375', 'A549', 'HT29', 'MCF7', 'PC3']",5
BRD-K40098720,5,"['A375', 'A549', 'MCF7', 'PC3', 'VCAP']",6
BRD-K40087764,5,"['A549', 'HT29', 'MCF7', 'PC3', 'VCAP']",6
BRD-K41705395,5,"['A375', 'A549', 'HT29', 'MCF7', 'PC3']",5
BRD-K42132006,5,"['A375', 'A549', 'HT29', 'MCF7', 'PC3']",5
BRD-K40951733,5,"['A375', 'A549', 'HT29', 'MCF7', 'PC3']",5
BRD-K40910787,5,"['A375', 'A549', 'HT29', 'MCF7', 'PC3']",5
BRD-K41419164,5,"['A375', 'A549', 'HT29', 'MCF7', 'PC3']",5
BRD-K41363665,5,"['A375', 'A549', 'HT29', 'MCF7', 'PC3']",5
BRD-K41325905,5,"['A549', 'HT29', 'MCF7', 'PC3', 'VCAP']",6
BRD-K41302766,5,"['A375', 'A549', 'HT29', 'MCF7', 'PC3']",5
BRD-K41296766,5,"['A549', 'HT29', 'MCF7', 'PC3', 'VCAP']",6
BRD-K39801870,5,"['A549', 'HT29', 'MCF7', 'PC3', 'VCAP']",6
BRD-K40692824,5,"['A549', 'HT29', 'MCF7', 'PC3', 'VCAP']",6
BRD-K40623364,5,"['A549', 'HT29', 'MCF7', 'PC3', 'VCAP']",6
BRD-K40522524,5,"['A375', 'A549', 'HT29', 'MCF7', 'PC3']",5
BRD-K40518011,5,"['A375', 'A549', 'HT29', 'MCF7', 'VCAP']",6
BRD-K76373654,5,"['A375', 'A549', 'HT29', 'MCF7', 'PC3']",5
BRD-K75313893,5,"['A375', 'A549', 'HT29', 'MCF7', 'PC3']",5
BRD-K75744810,5,"['A375', 'A549', 'HT29', 'MCF7', 'PC3']",5
BRD-K75688794,5,"['A375', 'A549', 'HT29', 'MCF7', 'PC3']",5
BRD-K75648471,5,"['A375', 'A549', 'HT29', 'MCF7', 'PC3']",5
BRD-K75609900,5,"['A549', 'HT29', 'MCF7', 'PC3', 'VCAP']",6
BRD-K75579936,5,"['A375', 'A549', 'HT29', 'MCF7', 'PC3']",5
BRD-M98484762,5,"['A549', 'HT29', 'MCF7', 'PC3', 'VCAP']",6
BRD-M97925630,5,"['A549', 'HT29', 'MCF7', 'PC3', 'VCAP']",6
BRD-M97057852,5,"['A549', 'HT29', 'MCF7', 'PC3', 'VCAP']",6
BRD-M95429326,5,"['A549', 'HT29', 'MCF7', 'PC3', 'VCAP']",6
BRD-K39622686,5,"['A375', 'A549', 'MCF7', 'PC3', 'VCAP']",6
BRD-K39613698,5,"['A375', 'A549', 'MCF7', 'PC3', 'VCAP']",6
BRD-K39581664,5,"['A549', 'HT29', 'MCF7', 'PC3', 'VCAP']",6
BRD-K39550135,5,"['A549', 'HT29', 'MCF7', 'PC3', 'VCAP']",6
BRD-K39507536,5,"['A375', 'A549', 'HT29', 'MCF7', 'PC3']",5
BRD-K40056507,5,"['A549', 'HT29', 'MCF7', 'PC3', 'VCAP']",6
BRD-K40454949,5,"['A375', 'A549', 'MCF7', 'PC3', 'VCAP']",6
BRD-K40408048,5,"['A375', 'A549', 'HT29', 'MCF7', 'PC3']",5
BRD-K40311869,5,"['A375', 'A549', 'HT29', 'MCF7', 'PC3']",5
BRD-K40230514,5,"['A375', 'A549', 'HT29', 'MCF7', 'PC3']",5
BRD-K40906026,5,"['A375', 'A549', 'HT29', 'MCF7', 'PC3']",5
BRD-K39911750,5,"['A375', 'A549', 'HT29', 'MCF7', 'PC3']",5
BRD-K39900129,5,"['A375', 'A549', 'HT29', 'MCF7', 'PC3']",5
BRD-K39892211,5,"['A549', 'HT29', 'MCF7', 'PC3', 'VCAP']",6
BRD-K39839146,5,"['A549', 'HT29', 'MCF7', 'PC3', 'VCAP']",6
BRD-K39827602,5,"['A375', 'A549', 'HT29', 'MCF7', 'PC3']",5
BRD-M54407015,5,"['A549', 'HT29', 'MCF7', 'PC3', 'VCAP']",6
BRD-K38914331,5,"['A375', 'A549', 'HT29', 'MCF7', 'PC3']",5
BRD-K38885465,5,"['A549', 'HT29', 'MCF7', 'PC3', 'VCAP']",8
BRD-K38860595,5,"['A375', 'A549', 'HT29', 'MCF7', 'VCAP']",6
BRD-K39431644,5,"['A549', 'HT29', 'MCF7', 'PC3', 'VCAP']",6
BRD-K83529035,5,"['A549', 'HT29', 'MCF7', 'PC3', 'VCAP']",6
BRD-K83507699,5,"['A375', 'A549', 'HT29', 'MCF7', 'PC3']",5
BRD-K83477078,5,"['A549', 'HT29', 'MCF7', 'PC3', 'VCAP']",6
BRD-K39766484,5,"['A375', 'A549', 'HT29', 'MCF7', 'PC3']",5
BRD-K39758243,5,"['A549', 'HT29', 'MCF7', 'PC3', 'VCAP']",6
BRD-K40212960,5,"['A375', 'A549', 'HT29', 'MCF7', 'VCAP']",6
BRD-K40161407,5,"['A375', 'A549', 'HT29', 'MCF7', 'PC3']",5
BRD-K40155511,5,"['A375', 'A549', 'HT29', 'MCF7', 'PC3']",5
BRD-K40121369,5,"['A375', 'A549', 'HT29', 'MCF7', 'VCAP']",6
BRD-K39685946,5,"['A549', 'HT29', 'MCF7', 'PC3', 'VCAP']",6
BRD-K39669696,5,"['A375', 'A549', 'MCF7', 'PC3', 'VCAP']",6
BRD-K40050963,5,"['A549', 'HT29', 'MCF7', 'PC3', 'VCAP']",6
BRD-K40034561,5,"['A375', 'A549', 'MCF7', 'PC3', 'VCAP']",6
BRD-K40013467,5,"['A375', 'A549', 'HT29', 'MCF7', 'PC3']",5
BRD-K38955087,5,"['A375', 'A549', 'HT29', 'MCF7', 'VCAP']",6
BRD-M94512770,5,"['A549', 'HT29', 'MCF7', 'PC3', 'VCAP']",6
BRD-K75906982,5,"['A549', 'HT29', 'MCF7', 'PC3', 'VCAP']",6
BRD-K75872636,5,"['A375', 'A549', 'HT29', 'MCF7', 'PC3']",5
BRD-K75852825,5,"['A375', 'A549', 'HT29', 'MCF7', 'PC3']",5
Broad-Sai-370,5,"['FIBRNPC', 'MCF7', 'NEU', 'NPC', 'PC3']",22
BRD-K76243153,5,"['A375', 'A549', 'HT29', 'MCF7', 'PC3']",5
BRD-K76237504,5,"['A375', 'A549', 'HT29', 'MCF7', 'PC3']",5
BRD-M66672790,5,"['A549', 'HT29', 'MCF7', 'PC3', 'VCAP']",6
BRD-M66254575,5,"['A549', 'HT29', 'MCF7', 'PC3', 'VCAP']",6
BRD-M59406954,5,"['A549', 'HT29', 'MCF7', 'PC3', 'VCAP']",6
BRD-M58317392,5,"['A549', 'HT29', 'MCF7', 'PC3', 'VCAP']",6
BRD-M55020616,5,"['A549', 'HT29', 'MCF7', 'PC3', 'VCAP']",6
BRD-K39017054,5,"['A375', 'A549', 'HT29', 'MCF7', 'PC3']",5
BRD-K39014692,5,"['A375', 'A549', 'HT29', 'MCF7', 'VCAP']",6
BRD-K38965191,5,"['A375', 'A549', 'HT29', 'MCF7', 'PC3']",5
BRD-K83443720,5,"['A375', 'A549', 'HT29', 'MCF7', 'PC3']",5
BRD-K83365001,5,"['A375', 'A549', 'HT29', 'MCF7', 'VCAP']",6
BRD-K83216232,5,"['A549', 'HT29', 'MCF7', 'PC3', 'VCAP']",6
BRD-K83157442,5,"['A549', 'HT29', 'MCF7', 'PC3', 'VCAP']",6
BRD-K83003953,5,"['A375', 'A549', 'HT29', 'MCF7', 'PC3']",5
BRD-K83001027,5,"['A375', 'A549', 'MCF7', 'PC3', 'VCAP']",6
BRD-K82963710,5,"['A375', 'A549', 'HT29', 'MCF7', 'PC3']",5
BRD-K89584002,5,"['A375', 'A549', 'HT29', 'MCF7', 'PC3']",5
BRD-K39398102,5,"['A375', 'A549', 'HT29', 'MCF7', 'VCAP']",6
BRD-K39367499,5,"['A375', 'A549', 'HT29', 'MCF7', 'VCAP']",6
BRD-K39363780,5,"['A375', 'A549', 'HT29', 'MCF7', 'VCAP']",6
BRD-K39301663,5,"['A375', 'A549', 'HT29', 'MCF7', 'PC3']",5
BRD-K39222404,5,"['A375', 'A549', 'HT29', 'MCF7', 'PC3']",5
BRD-K38451408,5,"['A375', 'A549', 'HT29', 'MCF7', 'PC3']",5
BRD-K38444262,5,"['A375', 'A549', 'HT29', 'MCF7', 'PC3']",5
BRD-K38400632,5,"['A375', 'A549', 'HT29', 'MCF7', 'PC3']",5
BRD-K38385119,5,"['A375', 'A549', 'HT29', 'MCF7', 'PC3']",5
BRD-K38373714,5,"['A375', 'A549', 'HT29', 'MCF7', 'PC3']",5
BRD-K38842489,5,"['A375', 'A549', 'HT29', 'MCF7', 'PC3']",5
BRD-K38832878,5,"['A375', 'A549', 'HT29', 'MCF7', 'PC3']",5
BRD-K39151995,5,"['A375', 'A549', 'HT29', 'MCF7', 'PC3']",5
BRD-K38796873,5,"['A375', 'A549', 'MCF7', 'PC3', 'VCAP']",6
BRD-K38659247,5,"['A549', 'HT29', 'MCF7', 'PC3', 'VCAP']",6
BRD-K38627245,5,"['A375', 'A549', 'HT29', 'MCF7', 'PC3']",5
BRD-K38620156,5,"['A375', 'A549', 'HT29', 'MCF7', 'PC3']",5
BRD-K39143839,5,"['A375', 'A549', 'HT29', 'MCF7', 'VCAP']",6
BRD-K39066612,5,"['A375', 'A549', 'HT29', 'MCF7', 'VCAP']",6
BRD-K39049859,5,"['A375', 'A549', 'HT29', 'MCF7', 'PC3']",5
BRD-K39032190,5,"['A549', 'HT29', 'MCF7', 'PC3', 'VCAP']",6
BRD-K37246443,5,"['A375', 'A549', 'HT29', 'MCF7', 'PC3']",5
BRD-K38540783,5,"['A375', 'A549', 'HT29', 'MCF7', 'VCAP']",6
BRD-K38509760,5,"['A375', 'A549', 'HT29', 'MCF7', 'PC3']",5
BRD-K38468651,5,"['A549', 'HT29', 'MCF7', 'PC3', 'VCAP']",6
BRD-M52804417,5,"['A549', 'HT29', 'MCF7', 'PC3', 'VCAP']",6
BRD-M49151292,5,"['A549', 'HT29', 'MCF7', 'PC3', 'VCAP']",6
BRD-K76355933,5,"['A375', 'A549', 'HT29', 'MCF7', 'PC3']",5
BRD-K76351896,5,"['A375', 'A549', 'HT29', 'MCF7', 'PC3']",5
BRD-K76276139,5,"['A549', 'HT29', 'MCF7', 'PC3', 'VCAP']",6
BRD-K76269942,5,"['A549', 'HT29', 'MCF7', 'PC3', 'VCAP']",8
BRD-M30758753,5,"['A549', 'HT29', 'MCF7', 'PC3', 'VCAP']",6
BRD-M30664582,5,"['A549', 'HT29', 'MCF7', 'PC3', 'VCAP']",6
BRD-M23876883,5,"['A549', 'HT29', 'MCF7', 'PC3', 'VCAP']",6
BRD-M22555785,5,"['A549', 'HT29', 'MCF7', 'PC3', 'VCAP']",6
BRD-M22248829,5,"['A549', 'HT29', 'MCF7', 'PC3', 'VCAP']",6
BRD-M19115046,5,"['A549', 'HT29', 'MCF7', 'PC3', 'VCAP']",6
BRD-K37991590,5,"['A375', 'A549', 'HT29', 'MCF7', 'PC3']",5
BRD-K37127287,5,"['A375', 'A549', 'HT29', 'MCF7', 'PC3']",5
BRD-K37048848,5,"['A549', 'HT29', 'MCF7', 'PC3', 'VCAP']",6
BRD-K37010295,5,"['A375', 'A549', 'MCF7', 'PC3', 'VCAP']",6
BRD-K36991730,5,"['A375', 'A549', 'HT29', 'MCF7', 'PC3']",5
BRD-K37933621,5,"['A375', 'A549', 'HT29', 'MCF7', 'VCAP']",6
BRD-K37820137,5,"['A375', 'A549', 'HT29', 'MCF7', 'PC3']",5
BRD-K38294141,5,"['A375', 'A549', 'HT29', 'MCF7', 'PC3']",5
BRD-K38187891,5,"['A549', 'HT29', 'MCF7', 'PC3', 'VCAP']",6
BRD-K38176517,5,"['A375', 'A549', 'HT29', 'MCF7', 'PC3']",5
BRD-K38149517,5,"['A549', 'HT29', 'MCF7', 'PC3', 'VCAP']",6
BRD-K38123135,5,"['A375', 'A549', 'MCF7', 'PC3', 'VCAP']",6
BRD-K38087837,5,"['A549', 'HT29', 'MCF7', 'PC3', 'VCAP']",6
BRD-K38052671,5,"['A375', 'A549', 'MCF7', 'PC3', 'VCAP']",6
BRD-K38586507,5,"['A375', 'A549', 'HT29', 'MCF7', 'PC3']",5
BRD-K37249103,5,"['A375', 'A549', 'HT29', 'MCF7', 'PC3']",5
BRD-K37277634,5,"['A375', 'A549', 'HT29', 'MCF7', 'PC3']",5
BRD-K37273423,5,"['A375', 'A549', 'HT29', 'MCF7', 'PC3']",5
BRD-K37251488,5,"['A375', 'A549', 'HT29', 'MCF7', 'PC3']",5
BRD-K36623409,5,"['A375', 'A549', 'HT29', 'MCF7', 'VCAP']",6
BRD-K36619075,5,"['A375', 'A549', 'HT29', 'MCF7', 'PC3']",5
BRD-K36616116,5,"['A375', 'A549', 'HT29', 'MCF7', 'PC3']",5
BRD-K36938987,5,"['A375', 'A549', 'HT29', 'MCF7', 'PC3']",5
BRD-K36928611,5,"['A549', 'HT29', 'MCF7', 'PC3', 'VCAP']",6
BRD-K37174007,5,"['A375', 'A549', 'HT29', 'MCF7', 'PC3']",5
BRD-K37638153,5,"['A375', 'A549', 'HT29', 'PC3', 'VCAP']",9
BRD-K37606648,5,"['A375', 'A549', 'HT29', 'MCF7', 'PC3']",5
BRD-K37569719,5,"['A375', 'A549', 'HT29', 'MCF7', 'PC3']",5
BRD-K37562700,5,"['A375', 'A549', 'HT29', 'MCF7', 'PC3']",5
BRD-K37557400,5,"['A549', 'HT29', 'MCF7', 'PC3', 'VCAP']",6
BRD-K37478894,5,"['A375', 'A549', 'HT29', 'MCF7', 'PC3']",5
BRD-K37399041,5,"['A375', 'A549', 'HT29', 'MCF7', 'PC3']",5
BRD-M12187987,5,"['A549', 'HT29', 'MCF7', 'PC3', 'VCAP']",6
BRD-M11500571,5,"['A549', 'HT29', 'MCF7', 'PC3', 'VCAP']",6
BRD-M94242351,5,"['A549', 'HT29', 'MCF7', 'PC3', 'VCAP']",6
BRD-M91803535,5,"['A549', 'HT29', 'MCF7', 'PC3', 'VCAP']",6
BRD-M88256629,5,"['A549', 'HT29', 'MCF7', 'PC3', 'VCAP']",6
BRD-M82627054,5,"['A549', 'HT29', 'MCF7', 'PC3', 'VCAP']",6
BRD-M79326715,5,"['A549', 'HT29', 'MCF7', 'PC3', 'VCAP']",6
BRD-M77861050,5,"['A549', 'HT29', 'MCF7', 'PC3', 'VCAP']",6
BRD-M77258496,5,"['A549', 'HT29', 'MCF7', 'PC3', 'VCAP']",6
BRD-M72906282,5,"['A549', 'HT29', 'MCF7', 'PC3', 'VCAP']",6
BRD-K99808872,5,"['A375', 'A549', 'MCF7', 'PC3', 'VCAP']",6
BRD-K99660708,5,"['A375', 'A549', 'HT29', 'MCF7', 'PC3']",5
BRD-K99638197,5,"['A375', 'A549', 'HT29', 'MCF7', 'PC3']",5
BRD-K99633760,5,"['A375', 'A549', 'HT29', 'MCF7', 'PC3']",5
BRD-K76779710,5,"['A375', 'A549', 'HT29', 'MCF7', 'PC3']",5
BRD-K76765843,5,"['A375', 'A549', 'MCF7', 'PC3', 'VCAP']",6
BRD-K35945912,5,"['A375', 'A549', 'HT29', 'MCF7', 'PC3']",5
BRD-K36906780,5,"['A549', 'HT29', 'MCF7', 'PC3', 'VCAP']",6
BRD-K36853464,5,"['A375', 'A549', 'HT29', 'MCF7', 'VCAP']",6
BRD-K36826042,5,"['A375', 'A549', 'HT29', 'MCF7', 'PC3']",5
BRD-K36820092,5,"['A375', 'A549', 'HT29', 'MCF7', 'PC3']",5
BRD-K36787562,5,"['A375', 'A549', 'HT29', 'MCF7', 'PC3']",5
BRD-K36773541,5,"['A375', 'A549', 'HT29', 'MCF7', 'PC3']",5
BRD-K36289669,5,"['A375', 'A549', 'HT29', 'MCF7', 'PC3']",5
BRD-K36194373,5,"['A375', 'A549', 'HT29', 'MCF7', 'PC3']",5
BRD-K36754063,5,"['A375', 'A549', 'HT29', 'MCF7', 'PC3']",5
BRD-K36725752,5,"['A549', 'HT29', 'MCF7', 'PC3', 'VCAP']",6
BRD-K36681355,5,"['A375', 'A549', 'MCF7', 'PC3', 'VCAP']",6
BRD-K36961456,5,"['A375', 'A549', 'HT29', 'MCF7', 'PC3']",5
BRD-K36953952,5,"['A375', 'A549', 'HT29', 'MCF7', 'PC3']",5
BRD-K37290968,5,"['A375', 'A549', 'HT29', 'MCF7', 'PC3']",5
BRD-K37290471,5,"['A375', 'A549', 'HT29', 'MCF7', 'PC3']",5
BRD-K35307739,5,"['A375', 'A549', 'HT29', 'MCF7', 'PC3']",5
BRD-K88903268,5,"['A549', 'HT29', 'MCF7', 'PC3', 'VCAP']",6
BRD-K88901529,5,"['A375', 'A549', 'HT29', 'MCF7', 'VCAP']",6
BRD-K83871946,5,"['A375', 'A549', 'HT29', 'MCF7', 'PC3']",5
BRD-K36675307,5,"['A375', 'A549', 'HT29', 'MCF7', 'PC3']",5
BRD-K36671358,5,"['A375', 'A549', 'HT29', 'MCF7', 'VCAP']",6
BRD-K36627189,5,"['A375', 'A549', 'HT29', 'MCF7', 'PC3']",5
BRD-K35769695,5,"['A375', 'A549', 'MCF7', 'PC3', 'VCAP']",6
BRD-K35738777,5,"['A375', 'A549', 'MCF7', 'PC3', 'VCAP']",6
BRD-K35637774,5,"['A375', 'A549', 'MCF7', 'PC3', 'VCAP']",6
BRD-K35613686,5,"['A375', 'A549', 'HT29', 'MCF7', 'PC3']",5
BRD-K36138091,5,"['A375', 'A549', 'MCF7', 'PC3', 'VCAP']",6
BRD-K36080978,5,"['A375', 'A549', 'HT29', 'MCF7', 'PC3']",5
BRD-K36062164,5,"['A375', 'A549', 'HT29', 'MCF7', 'PC3']",5
BRD-K36057770,5,"['A375', 'A549', 'MCF7', 'PC3', 'VCAP']",6
BRD-K35995122,5,"['A375', 'A549', 'HT29', 'MCF7', 'VCAP']",6
BRD-K89207838,5,"['A375', 'A549', 'HT29', 'MCF7', 'PC3']",5
BRD-K83625314,5,"['A375', 'A549', 'HT29', 'MCF7', 'PC3']",5
BRD-K83577967,5,"['A375', 'A549', 'HT29', 'MCF7', 'PC3']",5
BRD-K35900085,5,"['A375', 'A549', 'HT29', 'MCF7', 'PC3']",5
BRD-K35892797,5,"['A549', 'HT29', 'MCF7', 'PC3', 'VCAP']",6
BRD-K35842817,5,"['A375', 'A549', 'HT29', 'MCF7', 'PC3']",5
BRD-K35809598,5,"['A549', 'HT29', 'MCF7', 'PC3', 'VCAP']",6
BRD-K35939150,5,"['A375', 'A549', 'HT29', 'MCF7', 'PC3']",5
BRD-K36446940,5,"['A375', 'A549', 'HT29', 'MCF7', 'PC3']",5
BRD-K36446300,5,"['A375', 'A549', 'HT29', 'MCF7', 'VCAP']",6
BRD-K36290066,5,"['A549', 'HT29', 'MCF7', 'PC3', 'VCAP']",6
BRD-K35522326,5,"['A375', 'A549', 'HT29', 'MCF7', 'PC3']",5
BRD-K35522276,5,"['A549', 'HT29', 'MCF7', 'PC3', 'VCAP']",7
BRD-K35468072,5,"['A375', 'A549', 'HT29', 'MCF7', 'PC3']",5
BRD-K35455895,5,"['A375', 'A549', 'HT29', 'MCF7', 'VCAP']",6
BRD-K35440818,5,"['A375', 'A549', 'MCF7', 'PC3', 'VCAP']",6
BRD-K99452176,5,"['A375', 'A549', 'MCF7', 'PC3', 'VCAP']",6
BRD-K99450499,5,"['A375', 'A549', 'HT29', 'MCF7', 'PC3']",5
BRD-K99447056,5,"['A549', 'HT29', 'MCF7', 'PC3', 'VCAP']",6
BRD-K99438709,5,"['A375', 'A549', 'HT29', 'MCF7', 'PC3']",5
BRD-K76925500,5,"['A549', 'HT29', 'MCF7', 'PC3', 'VCAP']",6
BRD-K35202752,5,"['A375', 'A549', 'HT29', 'MCF7', 'PC3']",5
BRD-K35088115,5,"['A549', 'HT29', 'MCF7', 'PC3', 'VCAP']",6
BRD-K35083768,5,"['A549', 'HT29', 'MCF7', 'PC3', 'VCAP']",6
BRD-K35081088,5,"['A375', 'A549', 'HT29', 'MCF7', 'VCAP']",6
BRD-K35046689,5,"['A375', 'A549', 'HT29', 'MCF7', 'PC3']",5
BRD-K35584941,5,"['A375', 'A549', 'HT29', 'MCF7', 'VCAP']",6
BRD-K83845832,5,"['A375', 'A549', 'HT29', 'MCF7', 'PC3']",5
BRD-K89399567,5,"['A549', 'HT29', 'MCF7', 'PC3', 'VCAP']",6
BRD-K89347234,5,"['A375', 'A549', 'HT29', 'MCF7', 'VCAP']",6
BRD-K89298751,5,"['A549', 'HT29', 'MCF7', 'PC3', 'VCAP']",6
BRD-K89226093,5,"['A549', 'HT29', 'MCF7', 'PC3', 'VCAP']",6
BRD-K35801103,5,"['A549', 'HT29', 'MCF7', 'PC3', 'VCAP']",6
BRD-K34739003,5,"['A549', 'HT29', 'MCF7', 'PC3', 'VCAP']",5
BRD-K34684441,5,"['A375', 'A549', 'HT29', 'MCF7', 'VCAP']",6
clorgiline,5,"['FIBRNPC', 'MCF7', 'NEU', 'NPC', 'PC3']",9
BRD-K35306330,5,"['A375', 'A549', 'HT29', 'MCF7', 'PC3']",5
BRD-K76764002,5,"['A375', 'A549', 'HT29', 'MCF7', 'PC3']",5
BRD-K76656279,5,"['A375', 'A549', 'HT29', 'MCF7', 'PC3']",5
BRD-M45755366,5,"['A549', 'HT29', 'MCF7', 'PC3', 'VCAP']",6
BRD-M45544666,5,"['A549', 'HT29', 'MCF7', 'PC3', 'VCAP']",6
BRD-M44900776,5,"['A549', 'HT29', 'MCF7', 'PC3', 'VCAP']",6
BRD-M40384033,5,"['A549', 'HT29', 'MCF7', 'PC3', 'VCAP']",6
BRD-M39727370,5,"['A549', 'HT29', 'MCF7', 'PC3', 'VCAP']",6
BRD-M36167927,5,"['A549', 'HT29', 'MCF7', 'PC3', 'VCAP']",6
BRD-M33077182,5,"['A549', 'HT29', 'MCF7', 'PC3', 'VCAP']",6
BRD-M31016039,5,"['A549', 'HT29', 'MCF7', 'PC3', 'VCAP']",6
BRD-K99536035,5,"['A375', 'A549', 'HT29', 'MCF7', 'PC3']",5
BRD-K34607017,5,"['A375', 'A549', 'HT29', 'MCF7', 'PC3']",5
BRD-K34604832,5,"['A375', 'A549', 'HT29', 'MCF7', 'VCAP']",6
BRD-K34580085,5,"['A375', 'A549', 'HT29', 'MCF7', 'PC3']",5
BRD-K33562246,5,"['A375', 'A549', 'HT29', 'MCF7', 'VCAP']",6
BRD-K34502913,5,"['A375', 'A549', 'HT29', 'MCF7', 'VCAP']",6
BRD-K34466966,5,"['A375', 'A549', 'MCF7', 'PC3', 'VCAP']",6
BRD-K34462945,5,"['A375', 'A549', 'MCF7', 'PC3', 'VCAP']",6
BRD-K34447376,5,"['A549', 'HT29', 'MCF7', 'PC3', 'VCAP']",6
BRD-K34428383,5,"['A375', 'A549', 'HT29', 'MCF7', 'PC3']",5
BRD-K35002913,5,"['A375', 'A549', 'MCF7', 'PC3', 'VCAP']",6
BRD-K34929727,5,"['A375', 'A549', 'HT29', 'MCF7', 'VCAP']",6
BRD-K34898990,5,"['A549', 'HT29', 'MCF7', 'PC3', 'VCAP']",6
BRD-K34856675,5,"['A375', 'A549', 'HT29', 'MCF7', 'PC3']",5
BRD-K34844610,5,"['A375', 'A549', 'HT29', 'MCF7', 'PC3']",5
BRD-K34834946,5,"['A375', 'A549', 'HT29', 'MCF7', 'PC3']",5
BRD-K34811324,5,"['A375', 'A549', 'HT29', 'MCF7', 'PC3']",5
BRD-K33841609,5,"['A375', 'A549', 'HT29', 'MCF7', 'PC3']",5
BRD-K33821902,5,"['A375', 'A549', 'HT29', 'MCF7', 'PC3']",5
BRD-K32893176,5,"['A375', 'A549', 'HT29', 'MCF7', 'PC3']",5
BRD-K32857328,5,"['A375', 'A549', 'HT29', 'MCF7', 'PC3']",5
BRD-K32803351,5,"['A375', 'A549', 'MCF7', 'PC3', 'VCAP']",6
BRD-K33685212,5,"['A375', 'A549', 'HT29', 'MCF7', 'PC3']",5
BRD-K34332181,5,"['A549', 'HT29', 'MCF7', 'PC3', 'VCAP']",6
BRD-K34238482,5,"['A375', 'A549', 'MCF7', 'PC3', 'VCAP']",6
BRD-K34231896,5,"['A375', 'A549', 'HT29', 'MCF7', 'PC3']",5
BRD-K34231294,5,"['A375', 'A549', 'HT29', 'MCF7', 'PC3']",5
BRD-K34106732,5,"['A375', 'A549', 'MCF7', 'PC3', 'VCAP']",6
BRD-K34104948,5,"['A375', 'A549', 'HT29', 'MCF7', 'PC3']",5
BRD-K34038660,5,"['A375', 'A549', 'HT29', 'MCF7', 'VCAP']",6
BRD-K33994902,5,"['A375', 'A549', 'MCF7', 'PC3', 'VCAP']",6
BRD-K34673904,5,"['A549', 'HT29', 'MCF7', 'PC3', 'VCAP']",6
BRD-K34665338,5,"['A375', 'A549', 'HT29', 'MCF7', 'PC3']",5
BRD-K33071234,5,"['A375', 'A549', 'MCF7', 'PC3', 'VCAP']",6
BRD-K33616265,5,"['A375', 'A549', 'MCF7', 'PC3', 'VCAP']",6
BRD-K32253397,5,"['A375', 'A549', 'HT29', 'MCF7', 'PC3']",5
BRD-K32197572,5,"['A375', 'A549', 'HT29', 'MCF7', 'PC3']",5
BRD-K32185509,5,"['A549', 'HT29', 'MCF7', 'PC3', 'VCAP']",6
BRD-K32183200,5,"['A549', 'HT29', 'MCF7', 'PC3', 'VCAP']",6
BRD-K32755775,5,"['A375', 'A549', 'MCF7', 'PC3', 'VCAP']",6
BRD-K33493537,5,"['A375', 'A549', 'HT29', 'MCF7', 'PC3']",5
BRD-K33486590,5,"['A375', 'A549', 'HT29', 'MCF7', 'PC3']",5
BRD-K33475837,5,"['A375', 'A549', 'HT29', 'MCF7', 'PC3']",5
BRD-K33449128,5,"['A375', 'A549', 'HT29', 'MCF7', 'PC3']",13
BRD-K33390612,5,"['A375', 'A549', 'HT29', 'MCF7', 'PC3']",5
BRD-K33380066,5,"['A375', 'A549', 'HT29', 'MCF7', 'PC3']",5
BRD-K33341138,5,"['A549', 'HT29', 'MCF7', 'PC3', 'VCAP']",6
BRD-K33907901,5,"['A375', 'A549', 'HT29', 'MCF7', 'PC3']",5
BRD-K33842318,5,"['A375', 'A549', 'HT29', 'MCF7', 'PC3']",5
BRD-K99198153,5,"['A375', 'A549', 'MCF7', 'PC3', 'VCAP']",6
BRD-K99179945,5,"['A549', 'HT29', 'MCF7', 'PC3', 'VCAP']",6
BRD-K32910761,5,"['A549', 'HT29', 'MCF7', 'PC3', 'VCAP']",6
BRD-K32027259,5,"['A549', 'HT29', 'MCF7', 'PC3', 'VCAP']",6
BRD-K32021722,5,"['A549', 'HT29', 'MCF7', 'PC3', 'VCAP']",6
BRD-K32015301,5,"['A549', 'HT29', 'MCF7', 'PC3', 'VCAP']",6
BRD-K32014638,5,"['A375', 'A549', 'HT29', 'MCF7', 'PC3']",5
BRD-K32436461,5,"['A549', 'HT29', 'MCF7', 'PC3', 'VCAP']",6
BRD-K32407455,5,"['A375', 'A549', 'HT29', 'MCF7', 'PC3']",5
BRD-K32784186,5,"['A375', 'A549', 'HT29', 'MCF7', 'VCAP']",6
BRD-K32759520,5,"['A549', 'HT29', 'MCF7', 'PC3', 'VCAP']",6
BRD-K33328711,5,"['A375', 'A549', 'MCF7', 'PC3', 'VCAP']",6
BRD-K33326988,5,"['A549', 'HT29', 'MCF7', 'PC3', 'VCAP']",6
BRD-K33312838,5,"['A375', 'A549', 'HT29', 'MCF7', 'PC3']",5
BRD-K33258928,5,"['A549', 'HT29', 'MCF7', 'PC3', 'VCAP']",6
BRD-K33226370,5,"['A375', 'A549', 'HT29', 'MCF7', 'PC3']",5
BRD-K32735617,5,"['A375', 'A549', 'HT29', 'MCF7', 'VCAP']",6
BRD-K32670473,5,"['A549', 'HT29', 'MCF7', 'PC3', 'VCAP']",6
BRD-K32652655,5,"['A375', 'A549', 'HT29', 'MCF7', 'VCAP']",6
BRD-K32631210,5,"['A375', 'A549', 'HT29', 'MCF7', 'PC3']",5
BRD-K32602441,5,"['A549', 'HEPG2', 'HUH7', 'PHH', 'VCAP']",15
BRD-K76885481,5,"['A375', 'A549', 'HT29', 'MCF7', 'VCAP']",6
BRD-M10589662,5,"['A549', 'HT29', 'MCF7', 'PC3', 'VCAP']",6
BRD-M04224464,5,"['A549', 'HT29', 'MCF7', 'PC3', 'VCAP']",6
BRD-M03805540,5,"['A549', 'HT29', 'MCF7', 'PC3', 'VCAP']",6
BRD-M02207845,5,"['A549', 'HT29', 'MCF7', 'PC3', 'VCAP']",6
BRD-M00964333,5,"['A549', 'HT29', 'MCF7', 'PC3', 'VCAP']",6
BRD-K99827928,5,"['A375', 'A549', 'HT29', 'MCF7', 'PC3']",5
BRD-K99354840,5,"['A375', 'A549', 'HT29', 'MCF7', 'PC3']",5
BRD-K99311353,5,"['A375', 'A549', 'HT29', 'MCF7', 'PC3']",5
BRD-K99310510,5,"['A375', 'A549', 'HT29', 'MCF7', 'PC3']",5
BRD-K99306975,5,"['A375', 'A549', 'HT29', 'MCF7', 'PC3']",5
BRD-K31791559,5,"['A375', 'A549', 'HT29', 'MCF7', 'VCAP']",6
BRD-K31770065,5,"['A375', 'A549', 'HT29', 'MCF7', 'PC3']",5
BRD-K31765411,5,"['A375', 'A549', 'HT29', 'MCF7', 'PC3']",5
BRD-K88819433,5,"['A375', 'A549', 'HT29', 'MCF7', 'PC3']",5
BRD-K88709513,5,"['A549', 'HT29', 'MCF7', 'PC3', 'VCAP']",6
BRD-K88701555,5,"['A375', 'A549', 'HT29', 'MCF7', 'PC3']",5
BRD-K88683417,5,"['A375', 'A549', 'HT29', 'MCF7', 'PC3']",5
BRD-K32388810,5,"['A375', 'A549', 'HT29', 'MCF7', 'VCAP']",6
BRD-K32367664,5,"['A375', 'A549', 'HT29', 'MCF7', 'PC3']",5
BRD-K32307229,5,"['FIBRNPC', 'MCF7', 'NEU', 'NPC', 'PC3']",22
BRD-K31618614,5,"['A375', 'A549', 'HT29', 'MCF7', 'VCAP']",11
BRD-K31610599,5,"['A375', 'A549', 'HT29', 'MCF7', 'VCAP']",6
BRD-K31928320,5,"['A375', 'A549', 'HT29', 'MCF7', 'PC3']",5
BRD-K31906558,5,"['A375', 'A549', 'HT29', 'MCF7', 'PC3']",5
BRD-K31869770,5,"['A375', 'A549', 'HT29', 'MCF7', 'PC3']",5
BRD-K32162676,5,"['A375', 'A549', 'HT29', 'MCF7', 'PC3']",5
BRD-K32088574,5,"['A375', 'A549', 'HT29', 'MCF7', 'PC3']",5
BRD-K32053117,5,"['A375', 'A549', 'HT29', 'MCF7', 'VCAP']",6
BRD-K99169187,5,"['A375', 'A549', 'MCF7', 'PC3', 'VCAP']",6
BRD-K76411754,5,"['A375', 'A549', 'HT29', 'MCF7', 'PC3']",5
BRD-K76397886,5,"['A375', 'A549', 'HT29', 'MCF7', 'PC3']",5
BRD-K76381171,5,"['A549', 'HT29', 'MCF7', 'PC3', 'VCAP']",6
BRD-K99597257,5,"['A549', 'HT29', 'MCF7', 'PC3', 'VCAP']",6
BRD-K99578584,5,"['A375', 'A549', 'HT29', 'MCF7', 'PC3']",5
BRD-K99569179,5,"['A375', 'A549', 'HT29', 'MCF7', 'PC3']",5
BRD-K99536165,5,"['A375', 'A549', 'HT29', 'MCF7', 'PC3']",5
BRD-K77320816,5,"['A375', 'A549', 'HT29', 'MCF7', 'PC3']",5
BRD-K77301526,5,"['A375', 'A549', 'HT29', 'MCF7', 'PC3']",5
BRD-K77295570,5,"['A375', 'A549', 'HT29', 'MCF7', 'PC3']",5
BRD-K77007746,5,"['A375', 'A549', 'HT29', 'MCF7', 'PC3']",5
BRD-K31314139,5,"['A375', 'A549', 'HT29', 'MCF7', 'VCAP']",6
BRD-K31815095,5,"['A375', 'A549', 'HT29', 'MCF7', 'VCAP']",6
BRD-K30507268,5,"['A375', 'A549', 'HT29', 'MCF7', 'PC3']",5
BRD-K84195635,5,"['A375', 'A549', 'MCF7', 'PC3', 'VCAP']",6
BRD-K83441480,5,"['A375', 'A549', 'HT29', 'MCF7', 'PC3']",5
BRD-K83426260,5,"['A375', 'A549', 'HT29', 'MCF7', 'VCAP']",6
BRD-K83399162,5,"['A549', 'HT29', 'MCF7', 'PC3', 'VCAP']",6
BRD-K89148860,5,"['A375', 'A549', 'HT29', 'MCF7', 'PC3']",5
BRD-K89122409,5,"['A375', 'A549', 'HT29', 'MCF7', 'PC3']",5
BRD-K89087272,5,"['A375', 'A549', 'HT29', 'MCF7', 'VCAP']",6
BRD-K89000385,5,"['A375', 'A549', 'HT29', 'MCF7', 'PC3']",5
BRD-K88994971,5,"['A375', 'A549', 'HT29', 'MCF7', 'PC3']",5
BRD-K31755488,5,"['A549', 'HT29', 'MCF7', 'PC3', 'VCAP']",6
BRD-K31752292,5,"['A549', 'HT29', 'MCF7', 'PC3', 'VCAP']",6
BRD-K31720784,5,"['A549', 'HT29', 'MCF7', 'PC3', 'VCAP']",6
BRD-K31635696,5,"['A375', 'A549', 'HT29', 'MCF7', 'PC3']",5
BRD-K32128027,5,"['A549', 'HT29', 'MCF7', 'PC3', 'VCAP']",6
BRD-K32100931,5,"['A375', 'A549', 'HT29', 'MCF7', 'PC3']",5
BRD-K30715463,5,"['A375', 'A549', 'HT29', 'MCF7', 'PC3']",5
BRD-K31290842,5,"['A549', 'HT29', 'MCF7', 'PC3', 'VCAP']",6
BRD-K31183432,5,"['A549', 'HT29', 'MCF7', 'PC3', 'VCAP']",6
BRD-K31142225,5,"['A375', 'A549', 'HT29', 'MCF7', 'PC3']",5
BRD-K31129604,5,"['A375', 'A549', 'HT29', 'MCF7', 'PC3']",5
BRD-K29892351,5,"['A375', 'A549', 'HT29', 'MCF7', 'PC3']",5
BRD-K30437804,5,"['A375', 'A549', 'HT29', 'MCF7', 'PC3']",5
BRD-K31633278,5,"['A375', 'A549', 'HT29', 'MCF7', 'PC3']",5
BRD-K31027517,5,"['A375', 'A549', 'HT29', 'MCF7', 'VCAP']",6
BRD-K30941218,5,"['A549', 'HT29', 'MCF7', 'PC3', 'VCAP']",6
dizocilpine,5,"['FIBRNPC', 'MCF7', 'NEU', 'NPC', 'PC3']",13
BRD-K31593641,5,"['A375', 'A549', 'HT29', 'MCF7', 'PC3']",5
BRD-K31593084,5,"['A549', 'HT29', 'MCF7', 'PC3', 'VCAP']",6
BRD-K31558029,5,"['A375', 'A549', 'HT29', 'MCF7', 'PC3']",5
BRD-K31411295,5,"['A375', 'A549', 'HT29', 'MCF7', 'PC3']",5
BRD-K31387465,5,"['A375', 'A549', 'HT29', 'MCF7', 'PC3']",5
BRD-K30298702,5,"['A375', 'A549', 'HT29', 'MCF7', 'PC3']",5
BRD-K30282337,5,"['A375', 'A549', 'HT29', 'MCF7', 'PC3']",5
BRD-K30275524,5,"['A375', 'A549', 'HT29', 'MCF7', 'PC3']",5
BRD-K30563791,5,"['A375', 'A549', 'HT29', 'MCF7', 'PC3']",5
BRD-K29642604,5,"['A375', 'A549', 'HT29', 'MCF7', 'PC3']",5
BRD-K29626061,5,"['A375', 'A549', 'MCF7', 'PC3', 'VCAP']",6
BRD-K29625564,5,"['A375', 'A549', 'HT29', 'MCF7', 'PC3']",5
BRD-K29582182,5,"['A375', 'A549', 'HT29', 'MCF7', 'PC3']",5
BRD-K30456673,5,"['A549', 'HT29', 'MCF7', 'PC3', 'VCAP']",6
dropropizine,5,"['HEPG2', 'HUH7', 'MCF7', 'PC3', 'PHH']",15
BRD-K30910503,5,"['A375', 'A549', 'HT29', 'MCF7', 'PC3']",5
BRD-K30857073,5,"['A375', 'A549', 'HT29', 'MCF7', 'PC3']",5
BRD-K30854557,5,"['A549', 'HT29', 'MCF7', 'PC3', 'VCAP']",6
BRD-K30851490,5,"['A375', 'A549', 'HT29', 'MCF7', 'VCAP']",6
BRD-K30794866,5,"['A375', 'A549', 'MCF7', 'PC3', 'VCAP']",6
BRD-K30760376,5,"['A375', 'A549', 'HT29', 'MCF7', 'PC3']",5
BRD-K30437434,5,"['A375', 'A549', 'HT29', 'MCF7', 'PC3']",5
BRD-K30373477,5,"['A375', 'A549', 'HT29', 'MCF7', 'PC3']",5
BRD-K30365815,5,"['A549', 'HT29', 'MCF7', 'PC3', 'VCAP']",6
BRD-K76959261,5,"['A549', 'HT29', 'MCF7', 'PC3', 'VCAP']",6
BRD-K76950673,5,"['A375', 'A549', 'HT29', 'MCF7', 'PC3']",5
BRD-K76836103,5,"['A375', 'A549', 'HT29', 'MCF7', 'PC3']",5
BRD-K76812993,5,"['A549', 'HT29', 'MCF7', 'PC3', 'VCAP']",6
BRD-K76811126,5,"['A375', 'A549', 'HT29', 'MCF7', 'PC3']",5
BRD-K76786157,5,"['A375', 'A549', 'HT29', 'MCF7', 'PC3']",5
BRD-K99369826,5,"['A375', 'A549', 'HT29', 'MCF7', 'PC3']",5
BRD-K77411261,5,"['A375', 'A549', 'MCF7', 'PC3', 'VCAP']",6
BRD-K77349332,5,"['A375', 'A549', 'HT29', 'MCF7', 'PC3']",5
BRD-K98675009,5,"['A375', 'A549', 'HT29', 'MCF7', 'PC3']",5
BRD-K98641517,5,"['A549', 'HT29', 'MCF7', 'PC3', 'VCAP']",6
BRD-K77874118,5,"['A375', 'A549', 'HT29', 'MCF7', 'PC3']",5
BRD-K77804886,5,"['A375', 'A549', 'HT29', 'MCF7', 'VCAP']",6
BRD-K29094514,5,"['A375', 'A549', 'HT29', 'MCF7', 'PC3']",5
BRD-K29029059,5,"['A375', 'A549', 'HT29', 'MCF7', 'PC3']",5
BRD-K28987821,5,"['A375', 'A549', 'HT29', 'MCF7', 'VCAP']",6
BRD-K28956095,5,"['A375', 'A549', 'HT29', 'MCF7', 'PC3']",5
BRD-K28945051,5,"['A549', 'HT29', 'MCF7', 'PC3', 'VCAP']",6
BRD-K30211346,5,"['A375', 'A549', 'HT29', 'MCF7', 'PC3']",5
BRD-K30183231,5,"['A549', 'HT29', 'MCF7', 'PC3', 'VCAP']",6
BRD-K30155575,5,"['A549', 'HT29', 'MCF7', 'PC3', 'VCAP']",6
BRD-K30114694,5,"['A549', 'HT29', 'MCF7', 'PC3', 'VCAP']",6
BRD-K30098855,5,"['A375', 'A549', 'HT29', 'MCF7', 'PC3']",5
BRD-K30007764,5,"['A375', 'A549', 'HT29', 'MCF7', 'PC3']",5
BRD-K29946363,5,"['A375', 'A549', 'HT29', 'MCF7', 'PC3']",5
BRD-K29943481,5,"['A375', 'A549', 'HT29', 'MCF7', 'PC3']",5
BRD-K29916225,5,"['A549', 'HT29', 'MCF7', 'PC3', 'VCAP']",6
BRD-K29426933,5,"['A375', 'A549', 'HT29', 'MCF7', 'PC3']",5
BRD-K29311288,5,"['A375', 'A549', 'HT29', 'MCF7', 'PC3']",5
BRD-K98245706,5,"['A375', 'A549', 'HT29', 'MCF7', 'PC3']",5
BRD-K28451547,5,"['A375', 'A549', 'HT29', 'MCF7', 'PC3']",5
BRD-K28395853,5,"['A375', 'A549', 'HT29', 'MCF7', 'PC3']",5
BRD-K28890604,5,"['A375', 'A549', 'HT29', 'MCF7', 'PC3']",5
BRD-K28746839,5,"['A375', 'A549', 'HT29', 'MCF7', 'PC3']",5
BRD-K28698886,5,"['A375', 'A549', 'HT29', 'MCF7', 'PC3']",5
BRD-K29834132,5,"['A375', 'A549', 'HT29', 'MCF7', 'PC3']",5
BRD-K29827452,5,"['A549', 'HT29', 'MCF7', 'PC3', 'VCAP']",6
BRD-K29785890,5,"['A375', 'A549', 'HT29', 'MCF7', 'PC3']",5
BRD-K29720768,5,"['A549', 'HT29', 'MCF7', 'PC3', 'VCAP']",6
BRD-K29674378,5,"['A375', 'A549', 'HT29', 'MCF7', 'VCAP']",6
BRD-K29662826,5,"['A375', 'A549', 'HT29', 'MCF7', 'PC3']",5
BRD-K29654204,5,"['A375', 'A549', 'HT29', 'MCF7', 'PC3']",5
BRD-K29651341,5,"['A375', 'A549', 'HT29', 'MCF7', 'PC3']",5
BRD-K29648963,5,"['A549', 'HT29', 'MCF7', 'PC3', 'VCAP']",6
BRD-K29110787,5,"['A375', 'A549', 'HT29', 'MCF7', 'VCAP']",6
eseroline,5,"['FIBRNPC', 'MCF7', 'NEU', 'NPC', 'PC3']",10
BRD-K29543879,5,"['A375', 'A549', 'HT29', 'MCF7', 'PC3']",5
BRD-K29540359,5,"['A375', 'A549', 'HT29', 'MCF7', 'PC3']",5
BRD-K29514489,5,"['A375', 'A549', 'HT29', 'MCF7', 'PC3']",5
BRD-K29503610,5,"['A375', 'A549', 'HT29', 'MCF7', 'PC3']",5
BRD-K77800502,5,"['A375', 'A549', 'HT29', 'MCF7', 'PC3']",5
BRD-K99102143,5,"['A375', 'A549', 'HT29', 'MCF7', 'PC3']",5
BRD-K99049289,5,"['A375', 'A549', 'HT29', 'MCF7', 'PC3']",5
BRD-K98990727,5,"['A549', 'HT29', 'MCF7', 'PC3', 'VCAP']",6
BRD-K98988824,5,"['A375', 'A549', 'HT29', 'MCF7', 'PC3']",5
BRD-K98988337,5,"['A549', 'HT29', 'MCF7', 'PC3', 'VCAP']",6
BRD-K98386238,5,"['A375', 'A549', 'HT29', 'MCF7', 'PC3']",5
BRD-K98370047,5,"['A375', 'A549', 'HT29', 'MCF7', 'PC3']",5
BRD-K98328967,5,"['A375', 'A549', 'HT29', 'MCF7', 'PC3']",5
BRD-K98326205,5,"['A375', 'A549', 'HT29', 'MCF7', 'PC3']",5
BRD-K98252401,5,"['A375', 'A549', 'HT29', 'MCF7', 'PC3']",5
BRD-K28049955,5,"['A549', 'HT29', 'MCF7', 'PC3', 'VCAP']",6
BRD-K28027757,5,"['A549', 'HT29', 'MCF7', 'PC3', 'VCAP']",6
BRD-K27925875,5,"['A375', 'A549', 'HT29', 'MCF7', 'PC3']",5
BRD-K28668737,5,"['A549', 'HT29', 'MCF7', 'PC3', 'VCAP']",6
BRD-K29252735,5,"['A375', 'A549', 'HT29', 'MCF7', 'PC3']",5
BRD-K29243968,5,"['A375', 'A549', 'HT29', 'MCF7', 'PC3']",5
BRD-K28312904,5,"['A549', 'HT29', 'MCF7', 'PC3', 'VCAP']",6
BRD-K28190569,5,"['A375', 'A549', 'HT29', 'MCF7', 'PC3']",5
BRD-K28121452,5,"['A375', 'A549', 'HT29', 'MCF7', 'PC3']",5
BRD-K28117690,5,"['A375', 'A549', 'MCF7', 'PC3', 'VCAP']",6
BRD-K28623651,5,"['A375', 'A549', 'HT29', 'MCF7', 'PC3']",5
BRD-K28594113,5,"['A375', 'A549', 'HT29', 'MCF7', 'PC3']",5
BRD-K28582709,5,"['A375', 'A549', 'MCF7', 'PC3', 'VCAP']",6
BRD-K28573311,5,"['A549', 'HT29', 'MCF7', 'PC3', 'VCAP']",6
BRD-K28513058,5,"['A375', 'A549', 'HT29', 'MCF7', 'PC3']",5
BRD-K28924448,5,"['A375', 'A549', 'HT29', 'MCF7', 'PC3']",5
BRD-K27459043,5,"['A375', 'A549', 'HT29', 'MCF7', 'PC3']",5
BRD-K27449529,5,"['A549', 'HT29', 'MCF7', 'PC3', 'VCAP']",6
BRD-K27425684,5,"['A375', 'A549', 'HT29', 'MCF7', 'PC3']",5
BRD-K27398156,5,"['A375', 'A549', 'HT29', 'MCF7', 'PC3']",5
BRD-K88595392,5,"['A375', 'A549', 'HT29', 'MCF7', 'PC3']",5
BRD-K88590679,5,"['A375', 'A549', 'HT29', 'MCF7', 'PC3']",5
BRD-K88560304,5,"['A375', 'A549', 'HT29', 'MCF7', 'VCAP']",6
BRD-K88541752,5,"['A375', 'A549', 'MCF7', 'PC3', 'VCAP']",6
BRD-K28452359,5,"['A375', 'A549', 'HT29', 'MCF7', 'PC3']",5
BRD-K27711805,5,"['A375', 'A549', 'HT29', 'MCF7', 'PC3']",5
BRD-K27682288,5,"['A375', 'A549', 'HT29', 'MCF7', 'PC3']",5
BRD-K27586181,5,"['A375', 'A549', 'HT29', 'MCF7', 'PC3']",5
BRD-K27559321,5,"['A375', 'A549', 'HT29', 'MCF7', 'PC3']",5
BRD-K27493325,5,"['A375', 'A549', 'HT29', 'MCF7', 'PC3']",5
BRD-K28112059,5,"['A375', 'A549', 'MCF7', 'PC3', 'VCAP']",6
BRD-K28066515,5,"['A375', 'A549', 'HT29', 'MCF7', 'PC3']",5
BRD-K97924280,5,"['A375', 'A549', 'HT29', 'MCF7', 'PC3']",5
BRD-K78121324,5,"['A549', 'HT29', 'MCF7', 'PC3', 'VCAP']",6
BRD-K78105568,5,"['A375', 'A549', 'HT29', 'MCF7', 'PC3']",5
BRD-K83726357,5,"['A375', 'A549', 'HT29', 'MCF7', 'VCAP']",6
BRD-K83654676,5,"['A375', 'A549', 'HT29', 'MCF7', 'VCAP']",6
BRD-K88897538,5,"['A375', 'A549', 'MCF7', 'PC3', 'VCAP']",6
BRD-K88842895,5,"['A375', 'A549', 'MCF7', 'PC3', 'VCAP']",6
BRD-K27395235,5,"['A375', 'A549', 'HT29', 'MCF7', 'PC3']",5
BRD-K27367875,5,"['A549', 'HT29', 'MCF7', 'PC3', 'VCAP']",6
BRD-K27366480,5,"['A375', 'A549', 'HT29', 'MCF7', 'PC3']",5
BRD-K27818252,5,"['A549', 'HT29', 'MCF7', 'PC3', 'VCAP']",6
BRD-K27742591,5,"['A549', 'HT29', 'MCF7', 'PC3', 'VCAP']",6
BRD-K27882424,5,"['A375', 'A549', 'HT29', 'MCF7', 'PC3']",5
BRD-K28344523,5,"['A375', 'A549', 'HT29', 'MCF7', 'PC3']",5
BRD-K27481961,5,"['A375', 'A549', 'HT29', 'MCF7', 'PC3']",5
BRD-K27477764,5,"['A375', 'A549', 'HT29', 'MCF7', 'PC3']",5
BRD-K83790954,5,"['A549', 'HT29', 'MCF7', 'PC3', 'VCAP']",6
BRD-K83785854,5,"['A375', 'A549', 'HT29', 'MCF7', 'PC3']",5
BRD-K83757561,5,"['A375', 'A549', 'MCF7', 'PC3', 'VCAP']",6
BRD-K83744912,5,"['A549', 'HT29', 'MCF7', 'PC3', 'VCAP']",6
BRD-K98194167,5,"['A549', 'HT29', 'MCF7', 'PC3', 'VCAP']",6
BRD-K98192020,5,"['A375', 'A549', 'HT29', 'MCF7', 'PC3']",5
BRD-K98168260,5,"['A375', 'A549', 'HT29', 'MCF7', 'PC3']",5
BRD-K98123586,5,"['A375', 'A549', 'MCF7', 'PC3', 'VCAP']",6
BRD-K77663706,5,"['A549', 'HT29', 'MCF7', 'PC3', 'VCAP']",11
BRD-K77640397,5,"['A375', 'A549', 'MCF7', 'PC3', 'VCAP']",6
BRD-K77608452,5,"['A375', 'A549', 'HT29', 'MCF7', 'PC3']",5
BRD-K77502932,5,"['A375', 'A549', 'HT29', 'MCF7', 'PC3']",5
BRD-K77444669,5,"['A375', 'A549', 'HT29', 'MCF7', 'PC3']",5
BRD-K77433548,5,"['A375', 'A549', 'HT29', 'MCF7', 'PC3']",5
BRD-K97955841,5,"['A549', 'HT29', 'MCF7', 'PC3', 'VCAP']",6
BRD-K97939101,5,"['A549', 'HT29', 'MCF7', 'PC3', 'VCAP']",6
BRD-K26798591,5,"['A375', 'A549', 'HT29', 'MCF7', 'PC3']",5
BRD-K25807578,5,"['A375', 'A549', 'HT29', 'MCF7', 'PC3']",5
BRD-K26772093,5,"['A375', 'A549', 'HT29', 'MCF7', 'PC3']",5
BRD-K26766547,5,"['A375', 'A549', 'HT29', 'MCF7', 'PC3']",5
fluorouracil,5,"['A549', 'HA1E', 'HCC515', 'MCF7', 'PC3']",61
BRD-K27296582,5,"['A375', 'A549', 'HT29', 'MCF7', 'PC3']",5
BRD-K27293696,5,"['A375', 'A549', 'HT29', 'MCF7', 'PC3']",5
BRD-K27242547,5,"['A375', 'A549', 'HT29', 'MCF7', 'PC3']",5
BRD-K27209353,5,"['A375', 'A549', 'HT29', 'MCF7', 'PC3']",5
BRD-K27181648,5,"['A375', 'A549', 'HT29', 'MCF7', 'PC3']",5
BRD-K27175304,5,"['A375', 'A549', 'MCF7', 'PC3', 'VCAP']",6
BRD-K27141795,5,"['A375', 'A549', 'HT29', 'MCF7', 'PC3']",5
BRD-K27133763,5,"['A375', 'A549', 'HT29', 'MCF7', 'PC3']",5
BRD-K27084624,5,"['A375', 'A549', 'HT29', 'MCF7', 'PC3']",5
BRD-K26604645,5,"['A549', 'HT29', 'MCF7', 'PC3', 'VCAP']",6
BRD-K88537788,5,"['A375', 'A549', 'HT29', 'MCF7', 'PC3']",5
BRD-K26715911,5,"['A549', 'HT29', 'MCF7', 'PC3', 'VCAP']",6
BRD-K26694002,5,"['A375', 'A549', 'HT29', 'MCF7', 'PC3']",5
BRD-K25708438,5,"['A549', 'HT29', 'MCF7', 'PC3', 'VCAP']",6
BRD-K25706980,5,"['A549', 'HT29', 'MCF7', 'PC3', 'VCAP']",6
BRD-K26545157,5,"['A375', 'A549', 'HT29', 'MCF7', 'PC3']",5
BRD-K26542939,5,"['A375', 'A549', 'HT29', 'MCF7', 'PC3']",5
BRD-K26522558,5,"['A375', 'A549', 'HT29', 'MCF7', 'PC3']",5
BRD-K26511533,5,"['A549', 'HT29', 'MCF7', 'PC3', 'VCAP']",6
BRD-K26499328,5,"['A375', 'A549', 'HT29', 'MCF7', 'PC3']",5
BRD-K26441788,5,"['A375', 'A549', 'HT29', 'MCF7', 'PC3']",5
BRD-K27049144,5,"['A375', 'A549', 'MCF7', 'PC3', 'VCAP']",6
BRD-K27014041,5,"['A549', 'HT29', 'MCF7', 'PC3', 'VCAP']",6
BRD-K27006579,5,"['A375', 'A549', 'MCF7', 'PC3', 'VCAP']",6
BRD-K26962314,5,"['A375', 'A549', 'HT29', 'MCF7', 'VCAP']",6
BRD-K26945408,5,"['A375', 'A549', 'HT29', 'MCF7', 'PC3']",5
BRD-K26893932,5,"['A375', 'A549', 'HT29', 'MCF7', 'PC3']",5
BRD-K26160077,5,"['A375', 'A549', 'MCF7', 'PC3', 'VCAP']",6
BRD-K26148755,5,"['A549', 'HT29', 'MCF7', 'PC3', 'VCAP']",6
BRD-K78088483,5,"['A375', 'A549', 'HT29', 'MCF7', 'PC3']",5
BRD-K78032863,5,"['A375', 'A549', 'HT29', 'MCF7', 'PC3']",5
BRD-K78025571,5,"['A549', 'HT29', 'MCF7', 'PC3', 'VCAP']",6
BRD-K77984885,5,"['A375', 'A549', 'HT29', 'MCF7', 'PC3']",5
BRD-K77758624,5,"['A375', 'A549', 'HT29', 'MCF7', 'PC3']",5
BRD-K77729938,5,"['A375', 'A549', 'HT29', 'MCF7', 'VCAP']",6
BRD-K77687238,5,"['A375', 'A549', 'HT29', 'MCF7', 'PC3']",5
BRD-K98403755,5,"['A375', 'A549', 'MCF7', 'PC3', 'VCAP']",6
BRD-K77908171,5,"['A549', 'HT29', 'MCF7', 'PC3', 'VCAP']",6
BRD-K97864534,5,"['A375', 'A549', 'HT29', 'MCF7', 'PC3']",5
BRD-K97824883,5,"['A375', 'A549', 'HT29', 'MCF7', 'PC3']",5
BRD-K26069906,5,"['A375', 'A549', 'HT29', 'MCF7', 'PC3']",5
BRD-K26066252,5,"['A375', 'A549', 'HT29', 'MCF7', 'PC3']",5
BRD-K26755359,5,"['A375', 'A549', 'HT29', 'MCF7', 'PC3']",5
BRD-K24789695,5,"['A375', 'A549', 'HT29', 'MCF7', 'PC3']",5
BRD-K25642832,5,"['A375', 'A549', 'HT29', 'MCF7', 'PC3']",5
BRD-K25585643,5,"['A375', 'A549', 'HT29', 'MCF7', 'PC3']",5
BRD-K25565604,5,"['A549', 'HT29', 'MCF7', 'PC3', 'VCAP']",6
BRD-K25556383,5,"['A375', 'A549', 'HT29', 'MCF7', 'PC3']",5
BRD-K25991217,5,"['A375', 'A549', 'MCF7', 'PC3', 'VCAP']",6
BRD-K25899698,5,"['A375', 'A549', 'HT29', 'MCF7', 'PC3']",5
BRD-K25866746,5,"['A375', 'A549', 'HT29', 'MCF7', 'PC3']",5
BRD-K25866514,5,"['A375', 'A549', 'MCF7', 'PC3', 'VCAP']",6
BRD-K25835363,5,"['A549', 'HT29', 'MCF7', 'PC3', 'VCAP']",6
BRD-K25822929,5,"['A375', 'A549', 'HT29', 'MCF7', 'PC3']",5
BRD-K24925721,5,"['A375', 'A549', 'HT29', 'MCF7', 'PC3']",5
BRD-K24896023,5,"['A375', 'A549', 'HT29', 'MCF7', 'PC3']",5
BRD-K25789307,5,"['A375', 'A549', 'MCF7', 'PC3', 'VCAP']",6
BRD-K26350615,5,"['A375', 'A549', 'MCF7', 'PC3', 'VCAP']",6
BRD-K26252750,5,"['A549', 'HT29', 'MCF7', 'PC3', 'VCAP']",6
BRD-K24175855,5,"['A549', 'HT29', 'MCF7', 'PC3', 'VCAP']",6
BRD-K24169646,5,"['A375', 'A549', 'HT29', 'MCF7', 'PC3']",5
BRD-K24632043,5,"['A375', 'A549', 'HT29', 'MCF7', 'PC3']",5
BRD-K24893212,5,"['A375', 'A549', 'HT29', 'MCF7', 'PC3']",5
BRD-K25380050,5,"['A375', 'A549', 'HT29', 'MCF7', 'PC3']",5
BRD-K25298922,5,"['A375', 'A549', 'HT29', 'MCF7', 'PC3']",5
BRD-K25298364,5,"['A375', 'A549', 'HT29', 'MCF7', 'PC3']",5
BRD-K25295874,5,"['A375', 'A549', 'HT29', 'MCF7', 'PC3']",5
BRD-K25277218,5,"['A375', 'A549', 'MCF7', 'PC3', 'VCAP']",6
BRD-K25255972,5,"['A375', 'A549', 'HT29', 'MCF7', 'PC3']",5
BRD-K25193669,5,"['A375', 'A549', 'HT29', 'MCF7', 'PC3']",5
BRD-K25776214,5,"['A375', 'A549', 'HT29', 'MCF7', 'PC3']",5
BRD-K25765811,5,"['A375', 'A549', 'HT29', 'MCF7', 'VCAP']",6
BRD-K25761622,5,"['A549', 'HT29', 'MCF7', 'PC3', 'VCAP']",6
BRD-K24824043,5,"['A375', 'A549', 'HT29', 'MCF7', 'PC3']",5
BRD-K24820372,5,"['A375', 'A549', 'HT29', 'MCF7', 'PC3']",5
BRD-K24746925,5,"['A549', 'HT29', 'MCF7', 'PC3', 'VCAP']",6
BRD-K97626184,5,"['A375', 'A549', 'HT29', 'MCF7', 'PC3']",5
BRD-K97614198,5,"['A375', 'A549', 'HT29', 'MCF7', 'VCAP']",6
BRD-K97599743,5,"['A375', 'A549', 'HT29', 'MCF7', 'PC3']",5
BRD-K78451750,5,"['A375', 'A549', 'MCF7', 'PC3', 'VCAP']",6
BRD-K78449133,5,"['A375', 'A549', 'MCF7', 'PC3', 'VCAP']",6
BRD-K97993646,5,"['A375', 'A549', 'MCF7', 'PC3', 'VCAP']",6
BRD-K78246556,5,"['A375', 'A549', 'HT29', 'MCF7', 'PC3']",5
BRD-K78130859,5,"['A375', 'A549', 'HT29', 'MCF7', 'PC3']",5
BRD-K78124775,5,"['A375', 'A549', 'HT29', 'MCF7', 'PC3']",5
BRD-K97508452,5,"['A375', 'A549', 'HT29', 'MCF7', 'PC3']",5
BRD-K97424427,5,"['A375', 'A549', 'MCF7', 'PC3', 'VCAP']",6
BRD-K25042903,5,"['A375', 'A549', 'HT29', 'MCF7', 'PC3']",5
BRD-K24956360,5,"['A375', 'A549', 'HT29', 'MCF7', 'PC3']",5
BRD-K24192521,5,"['A375', 'A549', 'MCF7', 'PC3', 'VCAP']",6
BRD-K24184187,5,"['A375', 'A549', 'HT29', 'MCF7', 'PC3']",5
BRD-K23578923,5,"['A375', 'A549', 'HT29', 'MCF7', 'PC3']",5
BRD-K24626857,5,"['A549', 'HT29', 'MCF7', 'PC3', 'VCAP']",6
BRD-K24625151,5,"['A375', 'A549', 'HT29', 'MCF7', 'PC3']",5
BRD-K24572125,5,"['A375', 'A549', 'HT29', 'MCF7', 'VCAP']",6
BRD-K24536757,5,"['A375', 'A549', 'HT29', 'MCF7', 'PC3']",5
BRD-K24523081,5,"['A549', 'HT29', 'MCF7', 'PC3', 'VCAP']",6
BRD-K24469697,5,"['A375', 'A549', 'HT29', 'MCF7', 'VCAP']",6
BRD-K24885102,5,"['A549', 'HT29', 'MCF7', 'PC3', 'VCAP']",6
BRD-K23769006,5,"['A375', 'A549', 'HT29', 'MCF7', 'PC3']",5
hydroxychloroquine,5,"['FIBRNPC', 'MCF7', 'NEU', 'NPC', 'PC3']",10
BRD-K24149610,5,"['A549', 'HT29', 'MCF7', 'PC3', 'VCAP']",6
BRD-K24112840,5,"['A375', 'A549', 'HT29', 'MCF7', 'PC3']",5
BRD-K24050458,5,"['A375', 'A549', 'MCF7', 'PC3', 'VCAP']",6
BRD-K24011082,5,"['A375', 'A549', 'HT29', 'MCF7', 'PC3']",5
BRD-K24755528,5,"['A375', 'A549', 'HT29', 'MCF7', 'PC3']",5
BRD-K24748809,5,"['A549', 'HT29', 'MCF7', 'PC3', 'VCAP']",6
BRD-K23217353,5,"['A375', 'A549', 'HT29', 'MCF7', 'PC3']",5
BRD-K23211153,5,"['A549', 'HT29', 'MCF7', 'PC3', 'VCAP']",6
BRD-K88281008,5,"['A375', 'A549', 'HT29', 'MCF7', 'VCAP']",6
BRD-K88231082,5,"['A375', 'A549', 'HT29', 'MCF7', 'PC3']",5
BRD-K84471959,5,"['A549', 'HT29', 'MCF7', 'PC3', 'VCAP']",6
BRD-K24009388,5,"['A375', 'A549', 'HT29', 'MCF7', 'PC3']",5
BRD-K24427624,5,"['A375', 'A549', 'MCF7', 'PC3', 'VCAP']",6
BRD-K24404115,5,"['A375', 'A549', 'HT29', 'MCF7', 'PC3']",5
BRD-K24351638,5,"['A375', 'A549', 'HT29', 'MCF7', 'PC3']",5
BRD-K24306712,5,"['A375', 'A549', 'HT29', 'MCF7', 'PC3']",5
BRD-K24230322,5,"['A375', 'A549', 'HT29', 'MCF7', 'PC3']",5
BRD-K24193032,5,"['A375', 'A549', 'HT29', 'MCF7', 'PC3']",5
BRD-K23664396,5,"['A375', 'A549', 'HT29', 'MCF7', 'VCAP']",6
BRD-K23647045,5,"['A375', 'A549', 'HT29', 'MCF7', 'PC3']",5
BRD-K23647039,5,"['A375', 'A549', 'HT29', 'MCF7', 'PC3']",5
BRD-K23607904,5,"['A549', 'HT29', 'MCF7', 'PC3', 'VCAP']",6
BRD-K23954640,5,"['A375', 'A549', 'HT29', 'MCF7', 'PC3']",5
BRD-K23905744,5,"['A549', 'HT29', 'MCF7', 'PC3', 'VCAP']",6
BRD-K23856550,5,"['A549', 'HT29', 'MCF7', 'PC3', 'VCAP']",6
BRD-K23784811,5,"['A375', 'A549', 'HT29', 'MCF7', 'PC3']",5
BRD-K23781896,5,"['A549', 'HT29', 'MCF7', 'PC3', 'VCAP']",6
BRD-K97423351,5,"['A549', 'HT29', 'MCF7', 'PC3', 'VCAP']",6
BRD-K97373677,5,"['A375', 'A549', 'MCF7', 'PC3', 'VCAP']",6
BRD-K97337381,5,"['A375', 'A549', 'MCF7', 'PC3', 'VCAP']",6
BRD-K97306770,5,"['A375', 'A549', 'HT29', 'MCF7', 'PC3']",5
BRD-K97251260,5,"['A375', 'A549', 'MCF7', 'PC3', 'VCAP']",6
BRD-K97194822,5,"['A375', 'A549', 'HT29', 'MCF7', 'PC3']",5
BRD-K97175782,5,"['A375', 'A549', 'HT29', 'MCF7', 'PC3']",5
BRD-K97173328,5,"['A549', 'HT29', 'MCF7', 'PC3', 'VCAP']",6
BRD-K97143621,5,"['A375', 'A549', 'HT29', 'MCF7', 'PC3']",5
BRD-K97095445,5,"['A375', 'A549', 'HT29', 'MCF7', 'PC3']",5
BRD-K23414424,5,"['A375', 'A549', 'HT29', 'MCF7', 'VCAP']",6
BRD-K23062161,5,"['A375', 'A549', 'HT29', 'MCF7', 'PC3']",5
BRD-K23020884,5,"['A375', 'A549', 'HT29', 'MCF7', 'PC3']",5
BRD-K22932079,5,"['A549', 'HT29', 'MCF7', 'PC3', 'VCAP']",6
BRD-K22905567,5,"['A375', 'A549', 'HT29', 'MCF7', 'PC3']",5
BRD-K22862802,5,"['A375', 'A549', 'HT29', 'MCF7', 'PC3']",5
BRD-K84449870,5,"['A375', 'A549', 'HT29', 'MCF7', 'PC3']",5
BRD-K84129690,5,"['A375', 'A549', 'HT29', 'MCF7', 'PC3']",5
BRD-K84121492,5,"['A549', 'HT29', 'MCF7', 'PC3', 'VCAP']",6
BRD-K83980681,5,"['A375', 'A549', 'HT29', 'MCF7', 'VCAP']",6
BRD-K83954980,5,"['A375', 'A549', 'HT29', 'MCF7', 'PC3']",5
BRD-K83873778,5,"['A375', 'A549', 'HT29', 'MCF7', 'VCAP']",6
BRD-K88672507,5,"['A549', 'HT29', 'MCF7', 'PC3', 'VCAP']",6
BRD-K23208702,5,"['A549', 'HT29', 'MCF7', 'PC3', 'VCAP']",7
BRD-K23162766,5,"['A375', 'A549', 'HT29', 'MCF7', 'PC3']",5
BRD-K23728767,5,"['A375', 'A549', 'HT29', 'MCF7', 'VCAP']",6
BRD-K23723926,5,"['A375', 'A549', 'MCF7', 'PC3', 'VCAP']",6
BRD-K22599598,5,"['A375', 'A549', 'HT29', 'MCF7', 'PC3']",5
BRD-K97062166,5,"['A375', 'A549', 'MCF7', 'PC3', 'VCAP']",6
BRD-K97029281,5,"['A375', 'A549', 'HT29', 'MCF7', 'VCAP']",6
BRD-K96957785,5,"['A375', 'A549', 'MCF7', 'PC3', 'VCAP']",6
BRD-K96952717,5,"['A375', 'A549', 'MCF7', 'PC3', 'VCAP']",6
BRD-K96933023,5,"['A549', 'HT29', 'MCF7', 'PC3', 'VCAP']",6
BRD-K96834740,5,"['A375', 'A549', 'HT29', 'MCF7', 'PC3']",5
BRD-K78327149,5,"['A375', 'A549', 'HT29', 'MCF7', 'PC3']",5
BRD-K78268279,5,"['A375', 'A549', 'HT29', 'MCF7', 'PC3']",5
BRD-K96797558,5,"['A375', 'A549', 'HT29', 'MCF7', 'PC3']",5
BRD-K96782963,5,"['A375', 'A549', 'HT29', 'MCF7', 'PC3']",5
BRD-K96703103,5,"['A375', 'A549', 'HT29', 'MCF7', 'PC3']",5
BRD-K96694631,5,"['A375', 'A549', 'HT29', 'MCF7', 'PC3']",5
BRD-K96692572,5,"['A375', 'A549', 'HT29', 'MCF7', 'PC3']",5
BRD-K96663038,5,"['A375', 'A549', 'MCF7', 'PC3', 'VCAP']",6
BRD-K23149749,5,"['A375', 'A549', 'MCF7', 'PC3', 'VCAP']",6
BRD-K21400518,5,"['A375', 'A549', 'HT29', 'MCF7', 'PC3']",5
BRD-K22389219,5,"['A375', 'A549', 'HT29', 'MCF7', 'PC3']",5
BRD-K22361536,5,"['A375', 'A549', 'HT29', 'MCF7', 'PC3']",5
BRD-K22357409,5,"['A375', 'A549', 'HT29', 'MCF7', 'PC3']",5
BRD-K22265882,5,"['A375', 'A549', 'HT29', 'MCF7', 'PC3']",5
BRD-K22264435,5,"['A375', 'A549', 'HT29', 'MCF7', 'PC3']",5
BRD-K22853292,5,"['A549', 'HT29', 'MCF7', 'PC3', 'VCAP']",6
BRD-K22827077,5,"['A375', 'A549', 'HT29', 'MCF7', 'VCAP']",6
BRD-K22695599,5,"['A549', 'HT29', 'MCF7', 'PC3', 'VCAP']",6
BRD-K21668646,5,"['A375', 'A549', 'HT29', 'MCF7', 'PC3']",5
BRD-K21665449,5,"['A375', 'A549', 'HT29', 'MCF7', 'VCAP']",6
BRD-K23703347,5,"['A549', 'HT29', 'MCF7', 'PC3', 'VCAP']",6
BRD-K23674074,5,"['A375', 'A549', 'HT29', 'MCF7', 'PC3']",5
BRD-K22642889,5,"['A375', 'A549', 'HT29', 'MCF7', 'PC3']",5
BRD-K22630074,5,"['A375', 'A549', 'HT29', 'MCF7', 'VCAP']",6
BRD-K22608272,5,"['A375', 'A549', 'HT29', 'MCF7', 'VCAP']",6
BRD-K21217422,5,"['A375', 'A549', 'HT29', 'MCF7', 'PC3']",5
BRD-K21136828,5,"['A375', 'A549', 'HT29', 'MCF7', 'PC3']",5
BRD-K21095834,5,"['A375', 'A549', 'HT29', 'MCF7', 'PC3']",5
BRD-K21082546,5,"['A375', 'A549', 'HT29', 'MCF7', 'VCAP']",6
BRD-K20950855,5,"['A375', 'A549', 'HT29', 'MCF7', 'VCAP']",6
BRD-K21626096,5,"['A375', 'A549', 'HT29', 'MCF7', 'PC3']",5
BRD-K22204517,5,"['A375', 'A549', 'HT29', 'MCF7', 'PC3']",5
BRD-K22177698,5,"['A549', 'HT29', 'MCF7', 'PC3', 'VCAP']",6
BRD-K22149853,5,"['A375', 'A549', 'HT29', 'MCF7', 'PC3']",5
BRD-K22101161,5,"['A375', 'A549', 'HT29', 'MCF7', 'PC3']",5
BRD-K22031742,5,"['A375', 'A549', 'HT29', 'MCF7', 'PC3']",5
BRD-K21898148,5,"['A375', 'A549', 'HT29', 'MCF7', 'PC3']",5
BRD-K22571527,5,"['A375', 'A549', 'HT29', 'MCF7', 'PC3']",5
BRD-K22486133,5,"['A375', 'A549', 'HT29', 'MCF7', 'PC3']",5
BRD-K21473123,5,"['A549', 'HT29', 'MCF7', 'PC3', 'VCAP']",6
BRD-K21453918,5,"['A375', 'A549', 'HT29', 'MCF7', 'PC3']",5
BRD-K88392283,5,"['A375', 'A549', 'HT29', 'MCF7', 'VCAP']",6
BRD-K88376874,5,"['A375', 'A549', 'HT29', 'MCF7', 'PC3']",5
BRD-K88363359,5,"['A549', 'HT29', 'MCF7', 'PC3', 'VCAP']",6
BRD-K88327759,5,"['A375', 'A549', 'MCF7', 'PC3', 'VCAP']",6
BRD-K88307956,5,"['A549', 'HT29', 'MCF7', 'PC3', 'VCAP']",6
BRD-K88307115,5,"['A375', 'A549', 'HT29', 'MCF7', 'PC3']",5
BRD-K88282487,5,"['A375', 'A549', 'MCF7', 'PC3', 'VCAP']",6
BRD-K21340447,5,"['A375', 'A549', 'HT29', 'MCF7', 'PC3']",5
BRD-K21299908,5,"['A375', 'A549', 'HT29', 'MCF7', 'PC3']",5
BRD-K21259057,5,"['A549', 'HT29', 'MCF7', 'PC3', 'VCAP']",6
BRD-K21751020,5,"['A375', 'A549', 'HT29', 'MCF7', 'PC3']",5
BRD-K21741022,5,"['A375', 'A549', 'HT29', 'MCF7', 'PC3']",5
BRD-K21728898,5,"['A375', 'A549', 'HT29', 'MCF7', 'PC3']",5
BRD-K21699764,5,"['A375', 'A549', 'HT29', 'MCF7', 'PC3']",5
BRD-K21690323,5,"['A375', 'A549', 'HT29', 'MCF7', 'PC3']",5
BRD-K21683465,5,"['A375', 'A549', 'HT29', 'MCF7', 'PC3']",5
BRD-K88099061,5,"['A375', 'A549', 'HT29', 'MCF7', 'PC3']",5
BRD-K88078052,5,"['A375', 'A549', 'HT29', 'MCF7', 'PC3']",5
BRD-K88058683,5,"['A375', 'A549', 'MCF7', 'PC3', 'VCAP']",6
BRD-K88027520,5,"['A549', 'HT29', 'MCF7', 'PC3', 'VCAP']",6
BRD-K96646082,5,"['A375', 'A549', 'HT29', 'MCF7', 'VCAP']",6
BRD-K96636466,5,"['A375', 'A549', 'HT29', 'MCF7', 'VCAP']",6
BRD-K78710535,5,"['A375', 'A549', 'HT29', 'MCF7', 'VCAP']",6
BRD-K78636275,5,"['A375', 'A549', 'HT29', 'MCF7', 'PC3']",5
BRD-K78627754,5,"['A549', 'HT29', 'MCF7', 'PC3', 'VCAP']",6
BRD-K78586486,5,"['A549', 'HT29', 'MCF7', 'PC3', 'VCAP']",6
BRD-K78574388,5,"['A375', 'A549', 'HT29', 'MCF7', 'PC3']",5
BRD-K97239800,5,"['A375', 'A549', 'HT29', 'MCF7', 'PC3']",5
BRD-K97233756,5,"['A549', 'HT29', 'MCF7', 'PC3', 'VCAP']",6
BRD-K96113587,5,"['A375', 'A549', 'HT29', 'MCF7', 'PC3']",5
BRD-K78486523,5,"['A375', 'A549', 'HT29', 'MCF7', 'PC3']",5
BRD-K88488723,5,"['A549', 'HT29', 'MCF7', 'PC3', 'VCAP']",6
BRD-K20342961,5,"['A375', 'A549', 'HT29', 'MCF7', 'VCAP']",6
BRD-K21576808,5,"['A375', 'A549', 'HT29', 'MCF7', 'PC3']",5
BRD-K21539100,5,"['A375', 'A549', 'HT29', 'MCF7', 'PC3']",5
BRD-K21537090,5,"['A375', 'A549', 'HT29', 'MCF7', 'PC3']",5
BRD-K21483310,5,"['A375', 'A549', 'HT29', 'MCF7', 'PC3']",5
BRD-K20902354,5,"['A375', 'A549', 'HT29', 'MCF7', 'PC3']",5
BRD-K20862010,5,"['A375', 'A549', 'HT29', 'MCF7', 'PC3']",5
BRD-K20857608,5,"['A375', 'A549', 'HT29', 'MCF7', 'PC3']",5
BRD-K20824632,5,"['A549', 'HT29', 'MCF7', 'PC3', 'VCAP']",6
BRD-K20820984,5,"['A375', 'A549', 'HT29', 'MCF7', 'VCAP']",6
BRD-K20790586,5,"['A549', 'HT29', 'MCF7', 'PC3', 'VCAP']",6
BRD-K20758354,5,"['A375', 'A549', 'MCF7', 'PC3', 'VCAP']",6
BRD-K20732958,5,"['A375', 'A549', 'HT29', 'MCF7', 'PC3']",5
BRD-K20658410,5,"['A375', 'A549', 'HT29', 'MCF7', 'PC3']",5
BRD-K20609812,5,"['A375', 'A549', 'HT29', 'MCF7', 'PC3']",5
BRD-K88180879,5,"['A375', 'A549', 'MCF7', 'PC3', 'VCAP']",6
BRD-K19938940,5,"['A549', 'HT29', 'MCF7', 'PC3', 'VCAP']",6
BRD-K19917828,5,"['A549', 'HT29', 'MCF7', 'PC3', 'VCAP']",6
BRD-K19898724,5,"['A375', 'A549', 'HT29', 'MCF7', 'PC3']",5
BRD-K19882533,5,"['A549', 'HT29', 'MCF7', 'PC3', 'VCAP']",6
BRD-K20537503,5,"['A375', 'A549', 'HT29', 'MCF7', 'PC3']",5
BRD-K20497962,5,"['A549', 'HT29', 'MCF7', 'PC3', 'VCAP']",6
BRD-K20479120,5,"['A549', 'HT29', 'MCF7', 'PC3', 'VCAP']",6
BRD-K20462402,5,"['A375', 'A549', 'HT29', 'MCF7', 'PC3']",5
BRD-K20449903,5,"['A375', 'A549', 'HT29', 'MCF7', 'PC3']",5
BRD-K20441249,5,"['A375', 'A549', 'HT29', 'MCF7', 'VCAP']",6
BRD-K20429911,5,"['A375', 'A549', 'HT29', 'MCF7', 'PC3']",5
BRD-K20428479,5,"['A549', 'HT29', 'MCF7', 'PC3', 'VCAP']",6
BRD-K20075074,5,"['A375', 'A549', 'HT29', 'MCF7', 'PC3']",5
BRD-K20051162,5,"['A375', 'A549', 'MCF7', 'PC3', 'VCAP']",6
BRD-K20369357,5,"['A375', 'A549', 'HT29', 'MCF7', 'PC3']",5
BRD-K20345035,5,"['A375', 'A549', 'HT29', 'MCF7', 'PC3']",5
BRD-K81335986,5,"['A375', 'A549', 'HT29', 'MCF7', 'PC3']",5
BRD-K20081026,5,"['A375', 'A549', 'HT29', 'MCF7', 'PC3']",5
BRD-K19308316,5,"['A375', 'A549', 'HT29', 'MCF7', 'PC3']",5
BRD-K19873234,5,"['A375', 'A549', 'HT29', 'MCF7', 'VCAP']",6
BRD-K19868817,5,"['A375', 'A549', 'HT29', 'MCF7', 'PC3']",5
BRD-K19658687,5,"['A549', 'HT29', 'MCF7', 'PC3', 'VCAP']",6
BRD-K19645792,5,"['A375', 'A549', 'HT29', 'MCF7', 'PC3']",5
BRD-K20315727,5,"['A375', 'A549', 'HT29', 'MCF7', 'PC3']",5
BRD-K20272026,5,"['A375', 'A549', 'HT29', 'MCF7', 'VCAP']",6
BRD-K20216424,5,"['A375', 'A549', 'HT29', 'MCF7', 'PC3']",5
BRD-K20211345,5,"['A549', 'HT29', 'MCF7', 'PC3', 'VCAP']",6
BRD-K20203275,5,"['A375', 'A549', 'HT29', 'MCF7', 'PC3']",5
BRD-K20182751,5,"['A375', 'A549', 'MCF7', 'PC3', 'VCAP']",6
BRD-K20601561,5,"['A375', 'A549', 'HT29', 'MCF7', 'PC3']",5
BRD-K20597651,5,"['A549', 'HT29', 'MCF7', 'PC3', 'VCAP']",6
BRD-K20555710,5,"['A549', 'HT29', 'MCF7', 'PC3', 'VCAP']",6
BRD-K20170530,5,"['A375', 'A549', 'HT29', 'MCF7', 'PC3']",5
BRD-K20154295,5,"['A375', 'A549', 'HT29', 'MCF7', 'PC3']",5
BRD-K20146413,5,"['A375', 'A549', 'HT29', 'MCF7', 'PC3']",5
BRD-K20121961,5,"['A375', 'A549', 'HT29', 'MCF7', 'VCAP']",6
BRD-K20120164,5,"['A375', 'A549', 'HT29', 'MCF7', 'PC3']",5
BRD-K96609736,5,"['A375', 'A549', 'HT29', 'MCF7', 'PC3']",5
BRD-K96543798,5,"['A375', 'A549', 'MCF7', 'PC3', 'VCAP']",12
BRD-K96535153,5,"['A375', 'A549', 'HT29', 'MCF7', 'PC3']",5
BRD-K96521176,5,"['A375', 'A549', 'HT29', 'MCF7', 'PC3']",5
BRD-K96408604,5,"['A375', 'A549', 'HT29', 'MCF7', 'PC3']",5
BRD-K96400713,5,"['A375', 'A549', 'HT29', 'MCF7', 'PC3']",5
BRD-K78957196,5,"['A375', 'A549', 'HT29', 'MCF7', 'PC3']",5
BRD-K78904620,5,"['A549', 'HT29', 'MCF7', 'PC3', 'VCAP']",6
BRD-K91473136,5,"['A375', 'A549', 'HT29', 'MCF7', 'PC3']",5
BRD-K91416305,5,"['A549', 'HT29', 'MCF7', 'PC3', 'VCAP']",6
BRD-K81365479,5,"['A549', 'HT29', 'MCF7', 'PC3', 'VCAP']",6
BRD-K18918854,5,"['A375', 'A549', 'MCF7', 'PC3', 'VCAP']",6
BRD-K87748349,5,"['A375', 'A549', 'HT29', 'MCF7', 'PC3']",5
BRD-K87733826,5,"['A375', 'A549', 'HT29', 'MCF7', 'PC3']",5
BRD-K87730884,5,"['A375', 'A549', 'MCF7', 'PC3', 'VCAP']",6
BRD-K20044426,5,"['A549', 'HT29', 'MCF7', 'PC3', 'VCAP']",6
BRD-K20032161,5,"['A375', 'A549', 'HT29', 'MCF7', 'PC3']",5
BRD-K19995377,5,"['A375', 'A549', 'HT29', 'MCF7', 'VCAP']",6
BRD-K19944193,5,"['A375', 'A549', 'HT29', 'MCF7', 'PC3']",5
BRD-K19147748,5,"['A375', 'A549', 'HT29', 'MCF7', 'PC3']",5
BRD-K19036853,5,"['A375', 'A549', 'MCF7', 'PC3', 'VCAP']",6
BRD-K19004531,5,"['A375', 'A549', 'HT29', 'MCF7', 'PC3']",13
BRD-K19520352,5,"['A375', 'A549', 'HT29', 'MCF7', 'VCAP']",6
BRD-K19418153,5,"['A549', 'HT29', 'MCF7', 'PC3', 'VCAP']",6
BRD-K19417837,5,"['A375', 'A549', 'HT29', 'MCF7', 'PC3']",5
BRD-K19402218,5,"['A375', 'A549', 'HT29', 'MCF7', 'PC3']",5
BRD-K19399946,5,"['A375', 'A549', 'MCF7', 'PC3', 'VCAP']",6
BRD-K18913711,5,"['A549', 'HT29', 'MCF7', 'PC3', 'VCAP']",6
BRD-K18823018,5,"['A375', 'A549', 'HT29', 'MCF7', 'PC3']",5
BRD-K19288011,5,"['A375', 'A549', 'HT29', 'MCF7', 'PC3']",5
BRD-K19204484,5,"['A375', 'A549', 'HT29', 'MCF7', 'VCAP']",6
BRD-K18401446,5,"['A375', 'A549', 'MCF7', 'PC3', 'VCAP']",6
BRD-K19358815,5,"['A549', 'HT29', 'MCF7', 'PC3', 'VCAP']",6
BRD-K19331234,5,"['A549', 'HT29', 'MCF7', 'PC3', 'VCAP']",6
BRD-K19322034,5,"['A549', 'HT29', 'MCF7', 'PC3', 'VCAP']",6
BRD-K18571495,5,"['A549', 'HT29', 'MCF7', 'PC3', 'VCAP']",6
BRD-K18533094,5,"['A375', 'A549', 'HT29', 'MCF7', 'PC3']",5
BRD-K18512301,5,"['A375', 'A549', 'HT29', 'MCF7', 'PC3']",5
BRD-K18511213,5,"['A375', 'A549', 'HT29', 'MCF7', 'VCAP']",6
BRD-K18483660,5,"['A375', 'A549', 'HT29', 'MCF7', 'PC3']",5
BRD-K18981886,5,"['A375', 'A549', 'HT29', 'MCF7', 'PC3']",5
BRD-K18976419,5,"['A549', 'HT29', 'MCF7', 'PC3', 'VCAP']",6
BRD-K18929270,5,"['A375', 'A549', 'HT29', 'MCF7', 'PC3']",5
BRD-K84336022,5,"['A375', 'A549', 'HT29', 'MCF7', 'VCAP']",6
BRD-K84290569,5,"['A549', 'HT29', 'MCF7', 'PC3', 'VCAP']",6
BRD-K81331655,5,"['A375', 'A549', 'MCF7', 'PC3', 'VCAP']",6
BRD-K91738333,5,"['A549', 'HT29', 'MCF7', 'PC3', 'VCAP']",6
BRD-K96329791,5,"['A375', 'A549', 'MCF7', 'PC3', 'VCAP']",6
BRD-K96274292,5,"['A375', 'A549', 'HT29', 'MCF7', 'VCAP']",6
BRD-K96178772,5,"['A375', 'A549', 'HT29', 'MCF7', 'PC3']",5
BRD-K96150242,5,"['A549', 'HT29', 'MCF7', 'PC3', 'VCAP']",6
BRD-K79116978,5,"['A375', 'A549', 'HT29', 'MCF7', 'VCAP']",6
BRD-K79106006,5,"['A549', 'HT29', 'MCF7', 'PC3', 'VCAP']",6
BRD-K79094264,5,"['A375', 'A549', 'HT29', 'MCF7', 'PC3']",5
BRD-K79090110,5,"['A375', 'A549', 'MCF7', 'PC3', 'VCAP']",6
BRD-K78853683,5,"['A375', 'A549', 'HT29', 'MCF7', 'VCAP']",6
BRD-K84276102,5,"['A375', 'A549', 'HT29', 'MCF7', 'PC3']",5
BRD-K88197986,5,"['A375', 'A549', 'HT29', 'MCF7', 'PC3']",5
BRD-K88196769,5,"['A549', 'HT29', 'MCF7', 'PC3', 'VCAP']",6
BRD-K18024030,5,"['A375', 'A549', 'HT29', 'MCF7', 'PC3']",5
BRD-K17973355,5,"['A375', 'A549', 'MCF7', 'PC3', 'VCAP']",6
BRD-K18390187,5,"['A375', 'A549', 'HT29', 'MCF7', 'PC3']",5
BRD-K18381522,5,"['A375', 'A549', 'HT29', 'MCF7', 'PC3']",5
BRD-K18340348,5,"['A375', 'A549', 'HT29', 'MCF7', 'PC3']",5
BRD-K18323006,5,"['A549', 'HT29', 'MCF7', 'PC3', 'VCAP']",6
BRD-K18319377,5,"['A375', 'A549', 'HT29', 'MCF7', 'VCAP']",6
BRD-K18309912,5,"['A375', 'A549', 'MCF7', 'PC3', 'VCAP']",6
BRD-K18727181,5,"['A549', 'HT29', 'MCF7', 'PC3', 'VCAP']",6
BRD-K18647673,5,"['A375', 'A549', 'HT29', 'MCF7', 'PC3']",5
BRD-K18294324,5,"['A549', 'HT29', 'MCF7', 'PC3', 'VCAP']",6
BRD-K18241892,5,"['A375', 'A549', 'HT29', 'MCF7', 'PC3']",5
BRD-K18152229,5,"['A375', 'A549', 'MCF7', 'PC3', 'VCAP']",6
BRD-K84447616,5,"['A375', 'A549', 'HT29', 'MCF7', 'PC3']",5
BRD-K84431964,5,"['A375', 'A549', 'HT29', 'MCF7', 'PC3']",5
BRD-K84381175,5,"['A549', 'HT29', 'MCF7', 'PC3', 'VCAP']",6
BRD-K17116894,5,"['A375', 'A549', 'HT29', 'MCF7', 'PC3']",5
BRD-K17087588,5,"['A375', 'A549', 'HT29', 'MCF7', 'PC3']",5
BRD-K17731272,5,"['A375', 'A549', 'HT29', 'MCF7', 'PC3']",5
BRD-K17712828,5,"['A549', 'HT29', 'MCF7', 'PC3', 'VCAP']",7
BRD-K18100239,5,"['A549', 'HT29', 'MCF7', 'PC3', 'VCAP']",6
BRD-K18067885,5,"['A549', 'HT29', 'MCF7', 'PC3', 'VCAP']",6
BRD-K18048820,5,"['A549', 'HT29', 'MCF7', 'PC3', 'VCAP']",6
BRD-K18032654,5,"['A375', 'A549', 'HT29', 'MCF7', 'PC3']",5
BRD-K18026907,5,"['A375', 'A549', 'HT29', 'MCF7', 'PC3']",5
BRD-K18471876,5,"['A375', 'A549', 'HT29', 'MCF7', 'PC3']",5
BRD-K18447917,5,"['A375', 'A549', 'HT29', 'MCF7', 'PC3']",5
BRD-K18412690,5,"['A549', 'HT29', 'MCF7', 'PC3', 'VCAP']",6
BRD-K18407079,5,"['A375', 'A549', 'HT29', 'MCF7', 'PC3']",5
BRD-K17627845,5,"['A375', 'A549', 'MCF7', 'PC3', 'VCAP']",6
BRD-K17611527,5,"['A375', 'A549', 'HT29', 'MCF7', 'PC3']",5
BRD-K17579844,5,"['A375', 'A549', 'HT29', 'MCF7', 'PC3']",5
BRD-K16980308,5,"['A375', 'A549', 'HT29', 'MCF7', 'VCAP']",6
BRD-K16969565,5,"['A549', 'HT29', 'MCF7', 'PC3', 'VCAP']",6
BRD-K16954564,5,"['A375', 'A549', 'HT29', 'MCF7', 'VCAP']",6
BRD-K16939073,5,"['A375', 'A549', 'MCF7', 'PC3', 'VCAP']",6
BRD-K16930585,5,"['A375', 'A549', 'HT29', 'MCF7', 'PC3']",5
BRD-K17535604,5,"['A375', 'A549', 'MCF7', 'PC3', 'VCAP']",6
BRD-K17519289,5,"['A375', 'A549', 'HT29', 'MCF7', 'PC3']",5
BRD-K17968366,5,"['A549', 'HT29', 'MCF7', 'PC3', 'VCAP']",6
BRD-K17951468,5,"['A375', 'A549', 'HT29', 'MCF7', 'PC3']",5
BRD-K17884417,5,"['A375', 'A549', 'MCF7', 'PC3', 'VCAP']",6
BRD-K17883815,5,"['A375', 'A549', 'HT29', 'MCF7', 'VCAP']",6
BRD-K17854785,5,"['A375', 'A549', 'HT29', 'MCF7', 'PC3']",5
BRD-K17839088,5,"['A375', 'A549', 'MCF7', 'PC3', 'VCAP']",6
BRD-K17223851,5,"['A549', 'HT29', 'MCF7', 'PC3', 'VCAP']",6
BRD-K17138170,5,"['A375', 'A549', 'HT29', 'MCF7', 'PC3']",5
BRD-K17122788,5,"['A375', 'A549', 'HT29', 'MCF7', 'PC3']",5
BRD-K95608631,5,"['A375', 'A549', 'MCF7', 'PC3', 'VCAP']",6
BRD-K95607309,5,"['A375', 'A549', 'HT29', 'MCF7', 'PC3']",5
BRD-K95605061,5,"['A375', 'A549', 'HT29', 'MCF7', 'PC3']",5
BRD-K16897811,5,"['A375', 'A549', 'HT29', 'MCF7', 'PC3']",5
BRD-K16838397,5,"['A375', 'A549', 'HT29', 'MCF7', 'PC3']",5
BRD-K16827660,5,"['A375', 'A549', 'HT29', 'MCF7', 'PC3']",5
BRD-K16775575,5,"['A375', 'A549', 'MCF7', 'PC3', 'VCAP']",6
BRD-K16772343,5,"['A375', 'A549', 'HT29', 'MCF7', 'PC3']",5
BRD-K16643204,5,"['A375', 'A549', 'HT29', 'MCF7', 'PC3']",5
BRD-K87640646,5,"['A375', 'A549', 'HT29', 'MCF7', 'PC3']",5
BRD-K87508191,5,"['A375', 'A549', 'HT29', 'MCF7', 'PC3']",5
BRD-K17706493,5,"['A375', 'A549', 'HT29', 'MCF7', 'PC3']",5
BRD-K17666351,5,"['A375', 'A549', 'HT29', 'MCF7', 'VCAP']",6
BRD-K17663482,5,"['A375', 'A549', 'HT29', 'MCF7', 'PC3']",5
BRD-K17645417,5,"['A375', 'A549', 'HT29', 'MCF7', 'PC3']",5
BRD-K16980601,5,"['A375', 'A549', 'HT29', 'MCF7', 'VCAP']",6
BRD-K17446297,5,"['A375', 'A549', 'HT29', 'MCF7', 'PC3']",5
BRD-K17407318,5,"['A375', 'A549', 'HT29', 'MCF7', 'PC3']",5
BRD-K17350012,5,"['A375', 'A549', 'HT29', 'MCF7', 'PC3']",5
BRD-K17289060,5,"['A375', 'A549', 'HT29', 'MCF7', 'VCAP']",6
BRD-K16910145,5,"['A375', 'A549', 'MCF7', 'PC3', 'VCAP']",6
BRD-K78826848,5,"['A375', 'A549', 'HT29', 'MCF7', 'PC3']",5
BRD-K78822312,5,"['A375', 'A549', 'HT29', 'MCF7', 'PC3']",5
BRD-K78816294,5,"['A375', 'A549', 'HT29', 'MCF7', 'PC3']",5
BRD-K78780288,5,"['A549', 'HT29', 'MCF7', 'PC3', 'VCAP']",6
BRD-K78757578,5,"['A375', 'A549', 'HT29', 'MCF7', 'PC3']",5
BRD-K78738487,5,"['A549', 'HT29', 'MCF7', 'PC3', 'VCAP']",6
BRD-K96352830,5,"['A549', 'HT29', 'MCF7', 'PC3', 'VCAP']",6
BRD-K91504630,5,"['A375', 'A549', 'HT29', 'MCF7', 'PC3']",5
BRD-K95683812,5,"['A375', 'A549', 'HT29', 'MCF7', 'PC3']",5
BRD-K95622068,5,"['A549', 'HT29', 'MCF7', 'PC3', 'VCAP']",6
BRD-K95611306,5,"['A375', 'A549', 'HT29', 'MCF7', 'VCAP']",6
BRD-K16048293,5,"['A549', 'HT29', 'MCF7', 'PC3', 'VCAP']",6
BRD-K16009699,5,"['A549', 'HT29', 'MCF7', 'PC3', 'VCAP']",6
BRD-K15990364,5,"['A549', 'HT29', 'MCF7', 'PC3', 'VCAP']",6
BRD-K87507139,5,"['A375', 'A549', 'HT29', 'MCF7', 'VCAP']",6
BRD-K87492806,5,"['A375', 'A549', 'HT29', 'MCF7', 'VCAP']",6
BRD-K87458009,5,"['A375', 'A549', 'HT29', 'MCF7', 'PC3']",5
BRD-K88003242,5,"['A375', 'A549', 'HT29', 'MCF7', 'VCAP']",6
BRD-K87988402,5,"['A375', 'A549', 'HT29', 'MCF7', 'PC3']",5
BRD-K87959840,5,"['A375', 'A549', 'HT29', 'MCF7', 'PC3']",5
BRD-K87931486,5,"['A375', 'A549', 'HT29', 'MCF7', 'PC3']",5
BRD-K87920770,5,"['A375', 'A549', 'HT29', 'MCF7', 'PC3']",5
BRD-K87865140,5,"['A375', 'A549', 'MCF7', 'PC3', 'VCAP']",6
BRD-K87829407,5,"['A375', 'A549', 'HT29', 'MCF7', 'PC3']",5
BRD-K87801302,5,"['A375', 'A549', 'HT29', 'MCF7', 'PC3']",5
BRD-K16984096,5,"['A549', 'HT29', 'MCF7', 'PC3', 'VCAP']",6
BRD-K16172814,5,"['A375', 'A549', 'HT29', 'MCF7', 'PC3']",5
BRD-K16481946,5,"['A375', 'A549', 'HT29', 'MCF7', 'PC3']",5
BRD-K96020117,5,"['A375', 'A549', 'MCF7', 'PC3', 'VCAP']",6
BRD-K96003120,5,"['A375', 'A549', 'HT29', 'MCF7', 'VCAP']",6
BRD-K95964003,5,"['A375', 'A549', 'HT29', 'MCF7', 'PC3']",5
BRD-K95810330,5,"['A375', 'A549', 'HT29', 'MCF7', 'PC3']",5
BRD-K95790481,5,"['A375', 'A549', 'HT29', 'MCF7', 'PC3']",5
BRD-K79153888,5,"['A375', 'A549', 'MCF7', 'PC3', 'VCAP']",6
BRD-K79149684,5,"['A375', 'A549', 'HT29', 'MCF7', 'PC3']",5
BRD-K79138145,5,"['A375', 'A549', 'HT29', 'MCF7', 'PC3']",5
BRD-K79422060,5,"['A375', 'A549', 'HT29', 'MCF7', 'PC3']",5
BRD-K79356120,5,"['A375', 'A549', 'HT29', 'MCF7', 'PC3']",5
BRD-K16472441,5,"['A375', 'A549', 'MCF7', 'PC3', 'VCAP']",6
BRD-K16466792,5,"['A375', 'A549', 'MCF7', 'PC3', 'VCAP']",6
BRD-K16425314,5,"['A549', 'HT29', 'MCF7', 'PC3', 'VCAP']",6
BRD-K16401691,5,"['A375', 'A549', 'MCF7', 'PC3', 'VCAP']",6
BRD-K16912444,5,"['A549', 'HT29', 'MCF7', 'PC3', 'VCAP']",6
BRD-K15460493,5,"['A549', 'HT29', 'MCF7', 'PC3', 'VCAP']",6
BRD-K15958865,5,"['A549', 'HT29', 'MCF7', 'PC3', 'VCAP']",6
BRD-K15955205,5,"['A375', 'A549', 'HT29', 'MCF7', 'VCAP']",6
octopamine,5,"['FIBRNPC', 'MCF7', 'NEU', 'NPC', 'PC3']",10
BRD-K16383683,5,"['A375', 'A549', 'HT29', 'MCF7', 'PC3']",5
BRD-K16347954,5,"['A549', 'HT29', 'MCF7', 'PC3', 'VCAP']",6
BRD-K16318272,5,"['A375', 'A549', 'HT29', 'MCF7', 'PC3']",5
BRD-K16255194,5,"['A375', 'A549', 'MCF7', 'PC3', 'VCAP']",6
BRD-K16195716,5,"['A375', 'A549', 'HT29', 'MCF7', 'PC3']",5
BRD-K15886574,5,"['A375', 'A549', 'HT29', 'MCF7', 'PC3']",5
BRD-K15882173,5,"['A375', 'A549', 'HT29', 'MCF7', 'PC3']",5
BRD-K15858225,5,"['A375', 'A549', 'HT29', 'MCF7', 'PC3']",5
BRD-K16157799,5,"['A375', 'A549', 'HT29', 'MCF7', 'PC3']",5
BRD-K16621373,5,"['A375', 'A549', 'HT29', 'MCF7', 'PC3']",5
BRD-K16552772,5,"['A375', 'A549', 'HT29', 'MCF7', 'PC3']",5
BRD-K16483711,5,"['A375', 'A549', 'HT29', 'MCF7', 'PC3']",5
BRD-K84521734,5,"['A375', 'A549', 'HT29', 'MCF7', 'PC3']",5
BRD-K87720600,5,"['A375', 'A549', 'HT29', 'MCF7', 'PC3']",5
BRD-K15707609,5,"['A375', 'A549', 'HT29', 'MCF7', 'VCAP']",6
BRD-K15706160,5,"['A375', 'A549', 'HT29', 'MCF7', 'PC3']",5
BRD-K16144417,5,"['A375', 'A549', 'HT29', 'MCF7', 'PC3']",5
BRD-K16126971,5,"['A375', 'A549', 'HT29', 'MCF7', 'PC3']",5
BRD-K16117792,5,"['A375', 'A549', 'HT29', 'MCF7', 'VCAP']",6
BRD-K16106362,5,"['A375', 'A549', 'HT29', 'MCF7', 'PC3']",5
BRD-K16097209,5,"['A375', 'A549', 'HT29', 'MCF7', 'PC3']",5
BRD-K15690570,5,"['A375', 'A549', 'HT29', 'MCF7', 'VCAP']",6
BRD-K15679280,5,"['A549', 'HT29', 'MCF7', 'PC3', 'VCAP']",6
BRD-K15594502,5,"['A375', 'A549', 'HT29', 'MCF7', 'PC3']",5
BRD-K15593941,5,"['A375', 'A549', 'HT29', 'MCF7', 'PC3']",5
BRD-K15513102,5,"['A375', 'A549', 'HT29', 'MCF7', 'VCAP']",6
BRD-K15507118,5,"['A549', 'HT29', 'MCF7', 'PC3', 'VCAP']",6
BRD-K15466057,5,"['A375', 'A549', 'HT29', 'MCF7', 'PC3']",5
BRD-K15219339,5,"['A549', 'HT29', 'MCF7', 'PC3', 'VCAP']",6
BRD-K15185037,5,"['A375', 'A549', 'HT29', 'MCF7', 'VCAP']",6
BRD-K15168329,5,"['A375', 'A549', 'HT29', 'MCF7', 'PC3']",5
BRD-K15697250,5,"['A375', 'A549', 'HT29', 'MCF7', 'PC3']",5
BRD-K14697199,5,"['A375', 'A549', 'HT29', 'MCF7', 'PC3']",5
BRD-K15457570,5,"['A549', 'HT29', 'MCF7', 'PC3', 'VCAP']",6
BRD-K85132040,5,"['A375', 'A549', 'HT29', 'MCF7', 'PC3']",5
BRD-K85126547,5,"['A549', 'HT29', 'MCF7', 'PC3', 'VCAP']",6
BRD-K85118298,5,"['A375', 'A549', 'HT29', 'MCF7', 'PC3']",5
BRD-K85099724,5,"['A375', 'A549', 'MCF7', 'PC3', 'VCAP']",6
BRD-K84831408,5,"['A375', 'A549', 'HT29', 'MCF7', 'PC3']",5
BRD-K85411199,5,"['A375', 'A549', 'HT29', 'MCF7', 'PC3']",5
BRD-K84705102,5,"['A375', 'A549', 'HT29', 'MCF7', 'PC3']",5
BRD-K84696632,5,"['A375', 'A549', 'HT29', 'MCF7', 'PC3']",5
BRD-K84678141,5,"['A375', 'A549', 'HT29', 'MCF7', 'PC3']",5
BRD-K84617556,5,"['A375', 'A549', 'HT29', 'MCF7', 'PC3']",5
BRD-K95241801,5,"['A549', 'HT29', 'MCF7', 'PC3', 'VCAP']",6
BRD-K79625260,5,"['A375', 'A549', 'HT29', 'MCF7', 'PC3']",5
BRD-K15014572,5,"['A375', 'A549', 'HT29', 'MCF7', 'PC3']",5
BRD-K14971087,5,"['A375', 'A549', 'MCF7', 'PC3', 'VCAP']",6
BRD-K14951088,5,"['A375', 'A549', 'HT29', 'MCF7', 'PC3']",5
BRD-K14862006,5,"['A375', 'A549', 'MCF7', 'PC3', 'VCAP']",6
BRD-K14487375,5,"['A375', 'A549', 'HT29', 'MCF7', 'VCAP']",6
BRD-K14478589,5,"['A375', 'A549', 'HT29', 'MCF7', 'PC3']",5
BRD-K14471579,5,"['A375', 'A549', 'HT29', 'MCF7', 'PC3']",5
BRD-K87707378,5,"['A375', 'A549', 'MCF7', 'PC3', 'VCAP']",6
oxyphenbutazone,5,"['FIBRNPC', 'MCF7', 'NEU', 'NPC', 'PC3']",10
BRD-K15419834,5,"['A375', 'A549', 'HT29', 'MCF7', 'PC3']",5
BRD-K15400899,5,"['A549', 'HT29', 'MCF7', 'PC3', 'VCAP']",6
BRD-K15380586,5,"['A375', 'A549', 'HT29', 'MCF7', 'PC3']",5
BRD-K15245489,5,"['A375', 'A549', 'HT29', 'MCF7', 'PC3']",5
BRD-K15232561,5,"['A549', 'HT29', 'MCF7', 'PC3', 'VCAP']",6
BRD-K14659422,5,"['A549', 'HT29', 'MCF7', 'PC3', 'VCAP']",6
BRD-K14631382,5,"['A375', 'A549', 'HT29', 'MCF7', 'PC3']",5
BRD-K14503950,5,"['A549', 'HT29', 'MCF7', 'PC3', 'VCAP']",6
BRD-K15104539,5,"['A375', 'A549', 'HT29', 'MCF7', 'VCAP']",6
BRD-K15023392,5,"['A549', 'HT29', 'MCF7', 'PC3', 'VCAP']",6
BRD-K79035462,5,"['A375', 'A549', 'HT29', 'MCF7', 'PC3']",5
BRD-K79004751,5,"['A375', 'A549', 'HT29', 'MCF7', 'VCAP']",6
BRD-K79001525,5,"['A375', 'A549', 'HT29', 'MCF7', 'PC3']",5
BRD-K78987935,5,"['A375', 'A549', 'HT29', 'MCF7', 'PC3']",5
BRD-K95762279,5,"['A375', 'A549', 'MCF7', 'PC3', 'VCAP']",6
BRD-K95716640,5,"['A375', 'A549', 'HT29', 'MCF7', 'PC3']",5
BRD-K95698191,5,"['A375', 'A549', 'MCF7', 'PC3', 'VCAP']",6
BRD-K95695488,5,"['A375', 'A549', 'HT29', 'MCF7', 'PC3']",5
BRD-K95351169,5,"['A375', 'A549', 'HT29', 'MCF7', 'PC3']",5
BRD-K95270854,5,"['A375', 'A549', 'HT29', 'MCF7', 'PC3']",5
BRD-K95269843,5,"['A375', 'A549', 'HT29', 'MCF7', 'VCAP']",6
BRD-K13559434,5,"['A375', 'A549', 'HT29', 'MCF7', 'PC3']",5
BRD-K13499761,5,"['A375', 'A549', 'MCF7', 'PC3', 'VCAP']",6
BRD-K14127078,5,"['A549', 'HT29', 'MCF7', 'PC3', 'VCAP']",6
BRD-K14096157,5,"['A549', 'HT29', 'MCF7', 'PC3', 'VCAP']",6
BRD-K14079892,5,"['A375', 'A549', 'HT29', 'MCF7', 'PC3']",5
BRD-K14417684,5,"['A375', 'A549', 'HT29', 'MCF7', 'VCAP']",6
BRD-K14357170,5,"['A375', 'A549', 'MCF7', 'PC3', 'VCAP']",6
BRD-K14346766,5,"['A375', 'A549', 'HT29', 'MCF7', 'VCAP']",6
pentamidine,5,"['HEPG2', 'HUH7', 'MCF7', 'PC3', 'PHH']",16
BRD-K14783598,5,"['A375', 'A549', 'HT29', 'MCF7', 'PC3']",5
BRD-K13870698,5,"['A549', 'HT29', 'MCF7', 'PC3', 'VCAP']",6
BRD-K13868095,5,"['A549', 'HT29', 'MCF7', 'PC3', 'VCAP']",7
BRD-K14262667,5,"['A549', 'HT29', 'MCF7', 'PC3', 'VCAP']",6
BRD-K14246967,5,"['A375', 'A549', 'HT29', 'MCF7', 'PC3']",5
BRD-K14245765,5,"['A375', 'A549', 'HT29', 'MCF7', 'PC3']",5
BRD-K14230553,5,"['A549', 'HT29', 'MCF7', 'PC3', 'VCAP']",6
BRD-K13183999,5,"['A549', 'HT29', 'MCF7', 'PC3', 'VCAP']",6
BRD-K13150695,5,"['A375', 'A549', 'HT29', 'MCF7', 'PC3']",5
BRD-K13107877,5,"['A375', 'A549', 'HT29', 'MCF7', 'VCAP']",6
BRD-K13064257,5,"['A375', 'A549', 'HT29', 'MCF7', 'PC3']",5
BRD-K13028566,5,"['A549', 'HT29', 'MCF7', 'PC3', 'VCAP']",6
BRD-K13007539,5,"['A375', 'A549', 'HT29', 'MCF7', 'VCAP']",6
BRD-K86981020,5,"['A375', 'A549', 'HT29', 'MCF7', 'VCAP']",6
BRD-K86925364,5,"['A375', 'A549', 'HT29', 'MCF7', 'PC3']",5
BRD-K86910216,5,"['A549', 'HT29', 'MCF7', 'PC3', 'VCAP']",6
BRD-K14215828,5,"['A375', 'A549', 'MCF7', 'PC3', 'VCAP']",6
BRD-K14200107,5,"['A375', 'A549', 'HT29', 'MCF7', 'PC3']",5
BRD-K14193256,5,"['A375', 'A549', 'HT29', 'MCF7', 'PC3']",5
BRD-K14169964,5,"['A375', 'A549', 'HT29', 'MCF7', 'PC3']",5
BRD-K13649454,5,"['A549', 'HT29', 'MCF7', 'PC3', 'VCAP']",6
BRD-K13624944,5,"['A375', 'A549', 'HT29', 'MCF7', 'PC3']",5
BRD-K13582094,5,"['A375', 'A549', 'HT29', 'MCF7', 'PC3']",5
BRD-K13960684,5,"['A375', 'A549', 'HT29', 'MCF7', 'VCAP']",6
BRD-K13245569,5,"['A549', 'HT29', 'MCF7', 'PC3', 'VCAP']",6
BRD-K13234528,5,"['A375', 'A549', 'HT29', 'MCF7', 'PC3']",5
BRD-K79609340,5,"['A375', 'A549', 'HT29', 'MCF7', 'PC3']",5
BRD-K95583033,5,"['A375', 'A549', 'HT29', 'MCF7', 'PC3']",5
BRD-K95518555,5,"['A375', 'A549', 'MCF7', 'PC3', 'VCAP']",6
BRD-K95488738,5,"['A375', 'A549', 'MCF7', 'PC3', 'VCAP']",6
BRD-K95481773,5,"['A375', 'A549', 'HT29', 'MCF7', 'VCAP']",6
BRD-K95437400,5,"['A375', 'A549', 'HT29', 'MCF7', 'PC3']",5
BRD-K95422182,5,"['A375', 'A549', 'MCF7', 'PC3', 'VCAP']",6
BRD-K95138368,5,"['A549', 'HT29', 'MCF7', 'PC3', 'VCAP']",6
BRD-K95074209,5,"['A375', 'A549', 'HT29', 'MCF7', 'PC3']",5
BRD-K95063618,5,"['A375', 'A549', 'HT29', 'MCF7', 'PC3']",5
BRD-K95062171,5,"['A375', 'A549', 'MCF7', 'PC3', 'VCAP']",6
BRD-K95052025,5,"['A375', 'A549', 'HT29', 'MCF7', 'PC3']",5
BRD-K13199470,5,"['A375', 'A549', 'MCF7', 'PC3', 'VCAP']",6
BRD-K12302379,5,"['A375', 'A549', 'HT29', 'MCF7', 'PC3']",5
BRD-K12241427,5,"['A375', 'A549', 'MCF7', 'PC3', 'VCAP']",6
BRD-K86894445,5,"['A549', 'HT29', 'MCF7', 'PC3', 'VCAP']",6
BRD-K86843304,5,"['A375', 'A549', 'HT29', 'MCF7', 'VCAP']",6
BRD-K86842803,5,"['A375', 'A549', 'HT29', 'MCF7', 'VCAP']",6
BRD-K87445406,5,"['A375', 'A549', 'MCF7', 'PC3', 'VCAP']",6
BRD-K87341885,5,"['A375', 'A549', 'HT29', 'MCF7', 'PC3']",5
BRD-K87159745,5,"['A375', 'A549', 'MCF7', 'PC3', 'VCAP']",6
BRD-K87073769,5,"['A375', 'A549', 'HT29', 'MCF7', 'PC3']",5
BRD-K87010644,5,"['A375', 'A549', 'HT29', 'MCF7', 'VCAP']",6
BRD-K86992593,5,"['A375', 'A549', 'HT29', 'MCF7', 'PC3']",5
BRD-K13807179,5,"['A375', 'A549', 'MCF7', 'PC3', 'VCAP']",6
BRD-K13774281,5,"['A375', 'A549', 'HT29', 'MCF7', 'PC3']",5
BRD-K13667629,5,"['A375', 'A549', 'HT29', 'MCF7', 'VCAP']",6
BRD-K14030662,5,"['A375', 'A549', 'HT29', 'MCF7', 'VCAP']",6
BRD-K13982317,5,"['A375', 'A549', 'HT29', 'MCF7', 'PC3']",5
BRD-K12506756,5,"['A375', 'A549', 'HT29', 'MCF7', 'VCAP']",6
BRD-K12985993,5,"['A375', 'A549', 'HT29', 'MCF7', 'PC3']",5
BRD-K11577993,5,"['A375', 'A549', 'HT29', 'MCF7', 'PC3']",5
BRD-K12126940,5,"['A375', 'A549', 'HT29', 'MCF7', 'PC3']",5
BRD-K12980773,5,"['A375', 'A549', 'MCF7', 'PC3', 'VCAP']",6
BRD-K12974237,5,"['A375', 'A549', 'HT29', 'MCF7', 'VCAP']",6
BRD-K12968907,5,"['A375', 'A549', 'HT29', 'MCF7', 'PC3']",5
BRD-K12961950,5,"['A375', 'A549', 'HT29', 'MCF7', 'PC3']",5
BRD-K12912249,5,"['A375', 'A549', 'HT29', 'MCF7', 'PC3']",5
BRD-K12907790,5,"['A375', 'A549', 'HT29', 'MCF7', 'VCAP']",6
BRD-K12862164,5,"['A375', 'A549', 'HT29', 'MCF7', 'PC3']",5
BRD-K12743465,5,"['A375', 'A549', 'HT29', 'MCF7', 'PC3']",5
BRD-K12738359,5,"['A375', 'A549', 'MCF7', 'PC3', 'VCAP']",6
BRD-K12729417,5,"['A375', 'A549', 'HT29', 'MCF7', 'PC3']",5
BRD-K12695722,5,"['A375', 'A549', 'HT29', 'MCF7', 'PC3']",5
BRD-K13307254,5,"['A375', 'A549', 'HT29', 'MCF7', 'PC3']",5
BRD-K11424789,5,"['A375', 'A549', 'HT29', 'MCF7', 'VCAP']",6
BRD-K11415638,5,"['A549', 'HT29', 'MCF7', 'PC3', 'VCAP']",6
BRD-K12678780,5,"['A375', 'A549', 'MCF7', 'PC3', 'VCAP']",6
BRD-K12654187,5,"['A375', 'A549', 'HT29', 'MCF7', 'PC3']",5
BRD-K95047072,5,"['A549', 'HT29', 'MCF7', 'PC3', 'VCAP']",6
BRD-K94993557,5,"['A375', 'A549', 'HT29', 'MCF7', 'PC3']",5
BRD-K79219981,5,"['A375', 'A549', 'HT29', 'MCF7', 'VCAP']",6
BRD-K79181721,5,"['A375', 'A549', 'HT29', 'MCF7', 'PC3']",5
BRD-K95352880,5,"['A375', 'A549', 'HT29', 'MCF7', 'VCAP']",6
BRD-K94797630,5,"['A375', 'A549', 'HT29', 'MCF7', 'VCAP']",6
BRD-K94715393,5,"['A549', 'HT29', 'MCF7', 'PC3', 'VCAP']",6
BRD-K94676520,5,"['A375', 'A549', 'MCF7', 'PC3', 'VCAP']",6
BRD-K79983157,5,"['A549', 'HT29', 'MCF7', 'PC3', 'VCAP']",6
BRD-K12562048,5,"['A375', 'A549', 'HT29', 'MCF7', 'PC3']",5
BRD-K12515921,5,"['A375', 'A549', 'HT29', 'MCF7', 'PC3']",5
BRD-K12511144,5,"['A375', 'A549', 'HT29', 'MCF7', 'VCAP']",6
BRD-K94274196,5,"['A375', 'A549', 'HT29', 'MCF7', 'PC3']",5
BRD-K11742792,5,"['A375', 'A549', 'HT29', 'MCF7', 'PC3']",5
BRD-K11689127,5,"['A375', 'A549', 'HT29', 'MCF7', 'PC3']",5
BRD-K11627226,5,"['A375', 'A549', 'HT29', 'MCF7', 'VCAP']",6
BRD-K11615943,5,"['A375', 'A549', 'HT29', 'MCF7', 'PC3']",5
BRD-K10689551,5,"['A549', 'HT29', 'MCF7', 'PC3', 'VCAP']",6
BRD-K10662075,5,"['A549', 'HT29', 'MCF7', 'PC3', 'VCAP']",6
BRD-K10593696,5,"['A375', 'A549', 'HT29', 'MCF7', 'PC3']",5
BRD-K12067499,5,"['A375', 'A549', 'HT29', 'MCF7', 'PC3']",5
BRD-K11989341,5,"['A375', 'A549', 'HT29', 'MCF7', 'PC3']",5
BRD-K11932360,5,"['A375', 'A549', 'HT29', 'MCF7', 'PC3']",5
BRD-K11857988,5,"['A375', 'A549', 'HT29', 'MCF7', 'VCAP']",6
BRD-K11847435,5,"['A549', 'HT29', 'MCF7', 'PC3', 'VCAP']",6
BRD-K12405591,5,"['A375', 'A549', 'MCF7', 'PC3', 'VCAP']",6
BRD-K12382140,5,"['A375', 'A549', 'MCF7', 'PC3', 'VCAP']",6
BRD-K11480730,5,"['A549', 'HT29', 'MCF7', 'PC3', 'VCAP']",6
BRD-K11145711,5,"['A375', 'A549', 'HT29', 'MCF7', 'PC3']",5
BRD-K11144279,5,"['A549', 'HT29', 'MCF7', 'PC3', 'VCAP']",6
BRD-K11749439,5,"['A375', 'A549', 'MCF7', 'PC3', 'VCAP']",6
BRD-K79968414,5,"['A549', 'HT29', 'MCF7', 'PC3', 'VCAP']",6
BRD-K79962460,5,"['A375', 'A549', 'HT29', 'MCF7', 'PC3']",5
BRD-K79929772,5,"['A375', 'A549', 'MCF7', 'PC3', 'VCAP']",6
BRD-K79917113,5,"['A375', 'A549', 'MCF7', 'PC3', 'VCAP']",6
BRD-K79600112,5,"['A375', 'A549', 'HT29', 'MCF7', 'PC3']",5
BRD-K79579182,5,"['A375', 'A549', 'HT29', 'MCF7', 'PC3']",5
BRD-K79552375,5,"['A375', 'A549', 'HT29', 'MCF7', 'PC3']",5
BRD-K79527000,5,"['A375', 'A549', 'HT29', 'MCF7', 'PC3']",5
BRD-K79460683,5,"['A375', 'A549', 'HT29', 'MCF7', 'PC3']",5
BRD-K79684588,5,"['A375', 'A549', 'HT29', 'MCF7', 'PC3']",5
BRD-K94385551,5,"['A375', 'A549', 'HT29', 'MCF7', 'PC3']",5
BRD-K94373667,5,"['A375', 'A549', 'MCF7', 'PC3', 'VCAP']",6
BRD-K94293090,5,"['A375', 'A549', 'MCF7', 'PC3', 'VCAP']",6
BRD-K10422753,5,"['A375', 'A549', 'HT29', 'MCF7', 'PC3']",5
BRD-K10417524,5,"['A375', 'A549', 'HT29', 'MCF7', 'PC3']",5
pyrvinium,5,"['FIBRNPC', 'MCF7', 'NEU', 'NPC', 'PC3']",9
BRD-K11141556,5,"['A375', 'A549', 'HT29', 'MCF7', 'PC3']",5
BRD-K11071576,5,"['A375', 'A549', 'HT29', 'MCF7', 'PC3']",5
BRD-K11002182,5,"['A549', 'HT29', 'MCF7', 'PC3', 'VCAP']",6
BRD-K10937407,5,"['A375', 'A549', 'HT29', 'MCF7', 'PC3']",5
BRD-K10835142,5,"['A375', 'A549', 'MCF7', 'PC3', 'VCAP']",6
BRD-K10810699,5,"['A375', 'A549', 'MCF7', 'PC3', 'VCAP']",6
BRD-K10806720,5,"['A375', 'A549', 'HT29', 'MCF7', 'PC3']",5
BRD-K10804522,5,"['A375', 'A549', 'HT29', 'MCF7', 'PC3']",5
BRD-K09922076,5,"['A375', 'A549', 'HT29', 'MCF7', 'PC3']",5
BRD-K09861842,5,"['A375', 'A549', 'HT29', 'MCF7', 'VCAP']",6
BRD-K09780243,5,"['A549', 'HT29', 'MCF7', 'PC3', 'VCAP']",6
BRD-K09708845,5,"['A375', 'A549', 'HT29', 'MCF7', 'PC3']",5
BRD-K11402657,5,"['A549', 'HT29', 'MCF7', 'PC3', 'VCAP']",6
BRD-K09014535,5,"['A375', 'A549', 'HT29', 'MCF7', 'PC3']",5
BRD-K09404347,5,"['A549', 'HT29', 'MCF7', 'PC3', 'VCAP']",6
BRD-K10279202,5,"['A375', 'A549', 'HT29', 'MCF7', 'PC3']",5
BRD-K10268154,5,"['A375', 'A549', 'HT29', 'MCF7', 'PC3']",5
BRD-K10232869,5,"['A549', 'HT29', 'MCF7', 'PC3', 'VCAP']",6
BRD-K10225413,5,"['A375', 'A549', 'HT29', 'MCF7', 'PC3']",5
BRD-K10082717,5,"['A375', 'A549', 'HT29', 'MCF7', 'PC3']",5
BRD-K10062203,5,"['A549', 'HT29', 'MCF7', 'PC3', 'VCAP']",6
BRD-K10013730,5,"['A375', 'A549', 'HT29', 'MCF7', 'PC3']",5
BRD-K10743257,5,"['A375', 'A549', 'HT29', 'MCF7', 'PC3']",5
BRD-K10702894,5,"['A375', 'A549', 'HT29', 'MCF7', 'PC3']",5
BRD-K09651570,5,"['A375', 'A549', 'HT29', 'MCF7', 'PC3']",5
BRD-K09645804,5,"['A375', 'A549', 'HT29', 'MCF7', 'VCAP']",6
BRD-K09641113,5,"['A549', 'HT29', 'MCF7', 'PC3', 'VCAP']",6
BRD-K09620519,5,"['A375', 'A549', 'HT29', 'MCF7', 'PC3']",5
BRD-K09584219,5,"['A375', 'A549', 'HT29', 'MCF7', 'VCAP']",6
BRD-K09503339,5,"['A375', 'A549', 'MCF7', 'PC3', 'VCAP']",6
BRD-K94253269,5,"['A375', 'A549', 'HT29', 'MCF7', 'PC3']",5
BRD-K94250811,5,"['A375', 'A549', 'HT29', 'MCF7', 'PC3']",5
BRD-K80204885,5,"['A375', 'A549', 'HT29', 'MCF7', 'PC3']",5
BRD-K94934810,5,"['A375', 'A549', 'HT29', 'MCF7', 'PC3']",5
BRD-K94915559,5,"['A375', 'A549', 'HT29', 'MCF7', 'PC3']",5
BRD-K94846015,5,"['A375', 'A549', 'HT29', 'MCF7', 'VCAP']",6
BRD-K94823396,5,"['A549', 'HT29', 'MCF7', 'PC3', 'VCAP']",6
BRD-K80104673,5,"['A375', 'A549', 'HT29', 'MCF7', 'PC3']",5
BRD-K94200504,5,"['A375', 'A549', 'HT29', 'MCF7', 'PC3']",5
BRD-K94159777,5,"['A375', 'A549', 'HT29', 'MCF7', 'PC3']",5
BRD-K94154731,5,"['A375', 'A549', 'HT29', 'MCF7', 'PC3']",5
BRD-K94114461,5,"['A375', 'A549', 'HT29', 'MCF7', 'PC3']",5
BRD-K10006632,5,"['A375', 'A549', 'HT29', 'MCF7', 'PC3']",5
BRD-K09973807,5,"['A549', 'HT29', 'MCF7', 'PC3', 'VCAP']",6
BRD-K09023525,5,"['A375', 'A549', 'HT29', 'MCF7', 'PC3']",5
BRD-K08008963,5,"['A375', 'A549', 'HT29', 'MCF7', 'PC3']",5
BRD-K07951922,5,"['A549', 'HT29', 'MCF7', 'PC3', 'VCAP']",6
BRD-K09335206,5,"['A375', 'A549', 'HT29', 'MCF7', 'PC3']",5
BRD-K09325707,5,"['A375', 'A549', 'HT29', 'MCF7', 'PC3']",5
BRD-K09324015,5,"['A375', 'A549', 'HT29', 'MCF7', 'PC3']",5
BRD-K09290524,5,"['A549', 'HT29', 'MCF7', 'PC3', 'VCAP']",6
BRD-K09124072,5,"['A375', 'A549', 'HT29', 'MCF7', 'VCAP']",6
BRD-K08351986,5,"['A375', 'A549', 'HT29', 'MCF7', 'PC3']",5
BRD-K08852751,5,"['A375', 'A549', 'HT29', 'MCF7', 'PC3']",5
BRD-K08799867,5,"['A549', 'HT29', 'MCF7', 'PC3', 'VCAP']",6
BRD-K08760804,5,"['A375', 'A549', 'MCF7', 'PC3', 'VCAP']",6
BRD-K08663380,5,"['A375', 'A549', 'HT29', 'PC3', 'VCAP']",55
BRD-K08624646,5,"['A549', 'HT29', 'MCF7', 'PC3', 'VCAP']",6
BRD-K09557852,5,"['A375', 'A549', 'HT29', 'MCF7', 'VCAP']",6
BRD-K09551497,5,"['A375', 'A549', 'HT29', 'MCF7', 'PC3']",5
BRD-K09527783,5,"['A375', 'A549', 'HT29', 'MCF7', 'PC3']",5
BRD-K86571219,5,"['A375', 'A549', 'HT29', 'MCF7', 'PC3']",5
BRD-K08520424,5,"['A549', 'HT29', 'MCF7', 'PC3', 'VCAP']",6
BRD-K08502366,5,"['A375', 'A549', 'HT29', 'MCF7', 'PC3']",5
BRD-K09059658,5,"['A375', 'A549', 'MCF7', 'PC3', 'VCAP']",6
BRD-K09033315,5,"['A549', 'HT29', 'MCF7', 'PC3', 'VCAP']",6
BRD-K94074846,5,"['A375', 'A549', 'HT29', 'MCF7', 'PC3']",5
BRD-K94014921,5,"['A375', 'A549', 'HT29', 'MCF7', 'PC3']",5
BRD-K93946290,5,"['A375', 'A549', 'HT29', 'MCF7', 'PC3']",5
BRD-K93800099,5,"['A375', 'A549', 'HT29', 'MCF7', 'PC3']",5
BRD-K93774845,5,"['A549', 'HT29', 'MCF7', 'PC3', 'VCAP']",6
BRD-K93754181,5,"['A375', 'A549', 'HT29', 'MCF7', 'VCAP']",6
BRD-K93685415,5,"['A375', 'A549', 'HT29', 'MCF7', 'PC3']",5
BRD-K93679872,5,"['A549', 'HT29', 'MCF7', 'PC3', 'VCAP']",6
BRD-K08058167,5,"['A375', 'A549', 'HT29', 'MCF7', 'PC3']",5
BRD-K08043379,5,"['A549', 'HT29', 'MCF7', 'PC3', 'VCAP']",10
BRD-K08011922,5,"['A375', 'A549', 'HT29', 'MCF7', 'PC3']",5
BRD-K07689498,5,"['A375', 'A549', 'HT29', 'MCF7', 'PC3']",5
BRD-K07686903,5,"['A375', 'A549', 'HT29', 'MCF7', 'VCAP']",6
BRD-K07660364,5,"['A375', 'A549', 'HT29', 'MCF7', 'VCAP']",6
BRD-K08266813,5,"['A549', 'HT29', 'MCF7', 'PC3', 'VCAP']",6
BRD-K07935321,5,"['A375', 'A549', 'HT29', 'MCF7', 'PC3']",5
BRD-K07923524,5,"['A549', 'HT29', 'MCF7', 'PC3', 'VCAP']",6
BRD-K08468228,5,"['A375', 'A549', 'HT29', 'MCF7', 'PC3']",5
BRD-K08412560,5,"['A375', 'A549', 'HT29', 'MCF7', 'PC3']",6
BRD-K07378992,5,"['A375', 'A549', 'HT29', 'MCF7', 'PC3']",5
BRD-K07360484,5,"['A375', 'A549', 'HT29', 'MCF7', 'PC3']",5
BRD-K07852637,5,"['A375', 'A549', 'MCF7', 'PC3', 'VCAP']",6
BRD-K07786204,5,"['A375', 'A549', 'HT29', 'MCF7', 'PC3']",5
BRD-K07778122,5,"['A375', 'A549', 'HT29', 'MCF7', 'PC3']",5
BRD-K07760433,5,"['A375', 'A549', 'MCF7', 'PC3', 'VCAP']",6
BRD-K86591768,5,"['A375', 'A549', 'HT29', 'MCF7', 'PC3']",5
BRD-K86574497,5,"['A375', 'A549', 'HT29', 'MCF7', 'PC3']",5
BRD-K07594626,5,"['A375', 'A549', 'HT29', 'MCF7', 'VCAP']",6
BRD-K07472106,5,"['A549', 'HT29', 'MCF7', 'PC3', 'VCAP']",6
BRD-K07466598,5,"['A375', 'A549', 'HT29', 'MCF7', 'PC3']",5
BRD-K07448100,5,"['A375', 'A549', 'HT29', 'MCF7', 'PC3']",5
BRD-K07385663,5,"['A375', 'A549', 'HT29', 'MCF7', 'PC3']",5
BRD-K85724483,5,"['A375', 'A549', 'MCF7', 'PC3', 'VCAP']",6
BRD-K85698453,5,"['A375', 'A549', 'HT29', 'MCF7', 'PC3']",5
BRD-K85685363,5,"['A375', 'A549', 'HT29', 'MCF7', 'PC3']",5
BRD-K85388022,5,"['A375', 'A549', 'HT29', 'MCF7', 'VCAP']",6
BRD-K85371697,5,"['A375', 'A549', 'HT29', 'MCF7', 'PC3']",5
BRD-K85314854,5,"['A375', 'A549', 'HT29', 'MCF7', 'VCAP']",6
BRD-K85312201,5,"['A375', 'A549', 'HT29', 'MCF7', 'PC3']",5
BRD-K85297392,5,"['A375', 'A549', 'HT29', 'MCF7', 'PC3']",5
BRD-K85237791,5,"['A375', 'A549', 'MCF7', 'PC3', 'VCAP']",6
BRD-K86981922,5,"['A549', 'HT29', 'MCF7', 'PC3', 'VCAP']",6
BRD-K07702264,5,"['A375', 'A549', 'HT29', 'MCF7', 'PC3']",5
BRD-K07257078,5,"['A375', 'A549', 'HT29', 'MCF7', 'PC3']",5
BRD-K93662714,5,"['A375', 'A549', 'HT29', 'MCF7', 'PC3']",5
BRD-K93653328,5,"['A375', 'A549', 'MCF7', 'PC3', 'VCAP']",6
BRD-K80597067,5,"['A375', 'A549', 'HT29', 'MCF7', 'PC3']",5
BRD-K80579043,5,"['A375', 'A549', 'HT29', 'MCF7', 'PC3']",5
BRD-K80204570,5,"['A549', 'HT29', 'MCF7', 'PC3', 'VCAP']",6
BRD-K80197532,5,"['A549', 'HT29', 'MCF7', 'PC3', 'VCAP']",6
BRD-K80193146,5,"['A375', 'A549', 'MCF7', 'PC3', 'VCAP']",6
BRD-K80110842,5,"['A375', 'A549', 'HT29', 'MCF7', 'PC3']",5
BRD-K80427968,5,"['A375', 'A549', 'HT29', 'MCF7', 'PC3']",5
BRD-K80236176,5,"['A375', 'A549', 'HT29', 'MCF7', 'PC3']",5
BRD-K93596678,5,"['A375', 'A549', 'HT29', 'MCF7', 'PC3']",5
BRD-K07129792,5,"['A375', 'A549', 'HT29', 'MCF7', 'PC3']",5
BRD-K07105437,5,"['A375', 'A549', 'HT29', 'MCF7', 'VCAP']",6
BRD-K07073046,5,"['A375', 'A549', 'HT29', 'MCF7', 'PC3']",5
BRD-K07609594,5,"['A549', 'HT29', 'MCF7', 'PC3', 'VCAP']",6
BRD-K06759695,5,"['A549', 'HT29', 'MCF7', 'PC3', 'VCAP']",6
BRD-K05841102,5,"['A375', 'A549', 'HT29', 'MCF7', 'PC3']",5
BRD-K05835710,5,"['A375', 'A549', 'HT29', 'MCF7', 'PC3']",5
BRD-K05833481,5,"['A375', 'A549', 'MCF7', 'PC3', 'VCAP']",6
BRD-K06745755,5,"['A549', 'HT29', 'MCF7', 'PC3', 'VCAP']",6
BRD-K06731779,5,"['A375', 'A549', 'MCF7', 'PC3', 'VCAP']",6
BRD-K07063907,5,"['A549', 'HT29', 'MCF7', 'PC3', 'VCAP']",6
BRD-K07056593,5,"['A375', 'A549', 'MCF7', 'PC3', 'VCAP']",6
BRD-K07040635,5,"['A375', 'A549', 'HT29', 'MCF7', 'PC3']",5
BRD-K06992369,5,"['A375', 'A549', 'HT29', 'MCF7', 'PC3']",5
BRD-K06953509,5,"['A375', 'A549', 'HT29', 'MCF7', 'PC3']",5
BRD-K06902141,5,"['A375', 'A549', 'HT29', 'MCF7', 'PC3']",5
BRD-K06899423,5,"['A549', 'HT29', 'MCF7', 'PC3', 'VCAP']",6
BRD-K07329815,5,"['A375', 'A549', 'HT29', 'MCF7', 'PC3']",5
BRD-K06614049,5,"['A375', 'A549', 'HT29', 'MCF7', 'PC3']",5
BRD-K07291429,5,"['A375', 'A549', 'HT29', 'MCF7', 'PC3']",5
BRD-K93186542,5,"['A375', 'A549', 'HT29', 'MCF7', 'PC3']",5
BRD-K93185112,5,"['A375', 'A549', 'HT29', 'MCF7', 'PC3']",5
BRD-K93181983,5,"['A375', 'A549', 'HT29', 'MCF7', 'PC3']",5
BRD-K06163572,5,"['A375', 'A549', 'HT29', 'MCF7', 'PC3']",5
BRD-K05814022,5,"['A375', 'A549', 'HT29', 'MCF7', 'PC3']",5
BRD-K05789716,5,"['A375', 'A549', 'HT29', 'MCF7', 'PC3']",5
BRD-K05722694,5,"['A375', 'A549', 'MCF7', 'PC3', 'VCAP']",6
BRD-K05671267,5,"['A375', 'A549', 'HT29', 'MCF7', 'PC3']",5
BRD-K06521224,5,"['A375', 'A549', 'HT29', 'MCF7', 'PC3']",5
BRD-K06518099,5,"['A375', 'A549', 'HT29', 'MCF7', 'PC3']",5
BRD-K06417531,5,"['A549', 'HT29', 'MCF7', 'PC3', 'VCAP']",6
BRD-K06397242,5,"['A549', 'HT29', 'MCF7', 'PC3', 'VCAP']",6
BRD-K06380515,5,"['A549', 'HT29', 'MCF7', 'PC3', 'VCAP']",6
BRD-K06833365,5,"['A375', 'A549', 'HT29', 'MCF7', 'PC3']",5
BRD-K06809080,5,"['A549', 'HT29', 'MCF7', 'PC3', 'VCAP']",6
BRD-K06772064,5,"['A375', 'A549', 'MCF7', 'PC3', 'VCAP']",5
BRD-K05502425,5,"['A375', 'A549', 'HT29', 'MCF7', 'PC3']",5
BRD-K06328518,5,"['A375', 'A549', 'HT29', 'MCF7', 'PC3']",5
BRD-K06303559,5,"['A375', 'A549', 'HT29', 'MCF7', 'PC3']",5
BRD-K06280926,5,"['A375', 'A549', 'MCF7', 'PC3', 'VCAP']",6
BRD-K06209369,5,"['A375', 'A549', 'HT29', 'MCF7', 'PC3']",5
BRD-K93538891,5,"['A375', 'A549', 'HT29', 'MCF7', 'PC3']",5
BRD-K93445052,5,"['A549', 'HT29', 'MCF7', 'PC3', 'VCAP']",6
BRD-K93419974,5,"['A375', 'A549', 'HT29', 'MCF7', 'PC3']",5
BRD-K93411257,5,"['A375', 'A549', 'HT29', 'MCF7', 'PC3']",5
BRD-K93376546,5,"['A375', 'A549', 'HT29', 'MCF7', 'VCAP']",6
BRD-K93339435,5,"['A375', 'A549', 'HT29', 'MCF7', 'VCAP']",6
BRD-K93944867,5,"['A375', 'A549', 'HT29', 'MCF7', 'PC3']",5
BRD-K93906979,5,"['A549', 'HT29', 'MCF7', 'PC3', 'VCAP']",6
BRD-K93207153,5,"['A375', 'A549', 'HT29', 'MCF7', 'PC3']",5
BRD-K93200353,5,"['A549', 'HT29', 'MCF7', 'PC3', 'VCAP']",6
BRD-K93189515,5,"['A549', 'HT29', 'MCF7', 'PC3', 'VCAP']",6
BRD-K93157782,5,"['A375', 'A549', 'HT29', 'MCF7', 'PC3']",5
BRD-K80998388,5,"['A375', 'A549', 'HT29', 'MCF7', 'VCAP']",6
BRD-K80913219,5,"['A375', 'A549', 'HT29', 'MCF7', 'PC3']",5
BRD-K80907598,5,"['A375', 'A549', 'HT29', 'MCF7', 'PC3']",5
BRD-K80883001,5,"['A549', 'HT29', 'MCF7', 'PC3', 'VCAP']",6
BRD-K80563095,5,"['A375', 'A549', 'HT29', 'MCF7', 'VCAP']",6
BRD-K80472040,5,"['A375', 'A549', 'HT29', 'MCF7', 'PC3']",5
BRD-K80738071,5,"['A375', 'A549', 'HT29', 'MCF7', 'PC3']",5
BRD-K80676896,5,"['A375', 'A549', 'HT29', 'MCF7', 'PC3']",5
BRD-K93123387,5,"['A549', 'HT29', 'MCF7', 'PC3', 'VCAP']",6
BRD-K93081895,5,"['A375', 'A549', 'HT29', 'MCF7', 'PC3']",5
BRD-K05906947,5,"['A375', 'A549', 'HT29', 'MCF7', 'PC3']",5
BRD-K05001416,5,"['A375', 'A549', 'HT29', 'MCF7', 'PC3']",5
BRD-K04993985,5,"['A549', 'HT29', 'MCF7', 'PC3', 'VCAP']",6
BRD-K04985042,5,"['A549', 'HT29', 'MCF7', 'PC3', 'VCAP']",6
BRD-K04890734,5,"['A375', 'A549', 'HT29', 'MCF7', 'PC3']",5
BRD-K04366697,5,"['A549', 'HT29', 'MCF7', 'PC3', 'VCAP']",6
BRD-K04340915,5,"['A375', 'A549', 'HT29', 'MCF7', 'PC3']",5
BRD-K04328580,5,"['A549', 'HT29', 'MCF7', 'PC3', 'VCAP']",6
BRD-K04288183,5,"['A375', 'A549', 'HT29', 'MCF7', 'PC3']",5
BRD-K05487130,5,"['A375', 'A549', 'HT29', 'MCF7', 'PC3']",5
BRD-K05418735,5,"['A375', 'A549', 'HT29', 'MCF7', 'PC3']",5
BRD-K05344363,5,"['A375', 'A549', 'HT29', 'MCF7', 'PC3']",5
BRD-K05832178,5,"['A375', 'A549', 'HT29', 'MCF7', 'PC3']",5
BRD-K04687955,5,"['A549', 'HT29', 'MCF7', 'PC3', 'VCAP']",6
BRD-K04577097,5,"['A375', 'A549', 'HT29', 'MCF7', 'VCAP']",6
BRD-K04512584,5,"['A375', 'A549', 'HT29', 'MCF7', 'PC3']",5
BRD-K04458934,5,"['A549', 'HT29', 'MCF7', 'PC3', 'VCAP']",6
BRD-K04418684,5,"['A375', 'A549', 'HT29', 'MCF7', 'PC3']",5
BRD-K05323441,5,"['A549', 'HT29', 'MCF7', 'PC3', 'VCAP']",6
BRD-K05639721,5,"['A375', 'A549', 'HT29', 'MCF7', 'PC3']",5
BRD-K05994859,5,"['A375', 'A549', 'HT29', 'MCF7', 'PC3']",5
BRD-K93062774,5,"['A375', 'A549', 'HT29', 'MCF7', 'PC3']",5
BRD-K93036747,5,"['A375', 'A549', 'HT29', 'MCF7', 'PC3']",5
BRD-K92967637,5,"['A375', 'A549', 'HT29', 'MCF7', 'PC3']",5
BRD-K92947165,5,"['A375', 'A549', 'MCF7', 'PC3', 'VCAP']",6
BRD-K92924609,5,"['A375', 'A549', 'HT29', 'MCF7', 'VCAP']",6
BRD-K92912836,5,"['A375', 'A549', 'HT29', 'MCF7', 'PC3']",5
BRD-K92904177,5,"['A375', 'A549', 'HT29', 'MCF7', 'PC3']",5
BRD-K81227048,5,"['A375', 'A549', 'HT29', 'MCF7', 'PC3']",5
BRD-K93210315,5,"['A375', 'A549', 'HT29', 'MCF7', 'PC3']",5
BRD-K81202141,5,"['A375', 'A549', 'HT29', 'MCF7', 'PC3']",5
BRD-K81156227,5,"['A375', 'A549', 'HT29', 'PC3', 'VCAP']",9
BRD-K81146041,5,"['A375', 'A549', 'HT29', 'MCF7', 'PC3']",5
BRD-K81131579,5,"['A549', 'HT29', 'MCF7', 'PC3', 'VCAP']",6
BRD-K81112982,5,"['A375', 'A549', 'MCF7', 'PC3', 'VCAP']",6
BRD-K03845749,5,"['A375', 'A549', 'MCF7', 'PC3', 'VCAP']",6
BRD-K03716420,5,"['A375', 'A549', 'MCF7', 'PC3', 'VCAP']",6
BRD-K86312065,5,"['A549', 'HT29', 'MCF7', 'PC3', 'VCAP']",6
BRD-K04262969,5,"['A549', 'HT29', 'MCF7', 'PC3', 'VCAP']",6
BRD-K04239420,5,"['A375', 'A549', 'HT29', 'MCF7', 'PC3']",5
BRD-K04230416,5,"['A375', 'A549', 'MCF7', 'PC3', 'VCAP']",6
BRD-K04139743,5,"['A375', 'A549', 'HT29', 'MCF7', 'PC3']",5
BRD-K03634222,5,"['A549', 'HT29', 'MCF7', 'PC3', 'VCAP']",6
BRD-K03631605,5,"['A549', 'HT29', 'MCF7', 'PC3', 'VCAP']",6
BRD-K03608142,5,"['A375', 'A549', 'HT29', 'MCF7', 'PC3']",5
BRD-K03559171,5,"['A375', 'A549', 'HT29', 'MCF7', 'PC3']",5
BRD-K03515135,5,"['A375', 'A549', 'HT29', 'MCF7', 'PC3']",5
BRD-K03486902,5,"['A549', 'HT29', 'MCF7', 'PC3', 'VCAP']",6
BRD-K03430401,5,"['A375', 'A549', 'MCF7', 'PC3', 'VCAP']",6
BRD-K03413212,5,"['A375', 'A549', 'HT29', 'MCF7', 'VCAP']",6
BRD-K05246899,5,"['A375', 'A549', 'HT29', 'MCF7', 'PC3']",5
BRD-K05132143,5,"['A375', 'A549', 'HT29', 'MCF7', 'PC3']",5
BRD-K05025838,5,"['A375', 'A549', 'MCF7', 'PC3', 'VCAP']",6
BRD-K86694468,5,"['A375', 'A549', 'HT29', 'MCF7', 'PC3']",5
BRD-K86596187,5,"['A549', 'HT29', 'MCF7', 'PC3', 'VCAP']",6
BRD-K03250561,5,"['A375', 'A549', 'MCF7', 'PC3', 'VCAP']",6
BRD-K04123911,5,"['A375', 'A549', 'HT29', 'MCF7', 'PC3']",5
BRD-K04078927,5,"['A549', 'HT29', 'MCF7', 'PC3', 'VCAP']",6
BRD-K03992415,5,"['A375', 'A549', 'HT29', 'MCF7', 'PC3']",5
BRD-K03981069,5,"['A549', 'HT29', 'MCF7', 'PC3', 'VCAP']",6
BRD-K03406275,5,"['A375', 'A549', 'HT29', 'MCF7', 'PC3']",5
BRD-K03373364,5,"['A375', 'A549', 'HT29', 'MCF7', 'PC3']",5
BRD-K03346718,5,"['A549', 'HT29', 'MCF7', 'PC3', 'VCAP']",6
BRD-K03319520,5,"['A375', 'A549', 'HT29', 'MCF7', 'PC3']",5
BRD-K03302289,5,"['A549', 'HT29', 'MCF7', 'PC3', 'VCAP']",6
BRD-K03289154,5,"['A549', 'HT29', 'MCF7', 'PC3', 'VCAP']",6
BRD-K03272554,5,"['A375', 'A549', 'HT29', 'MCF7', 'PC3']",5
BRD-K86375847,5,"['A375', 'A549', 'MCF7', 'PC3', 'VCAP']",6
BRD-K86326967,5,"['A375', 'A549', 'HT29', 'PC3', 'VCAP']",9
BRD-K86781204,5,"['A375', 'A549', 'HT29', 'MCF7', 'PC3']",5
BRD-K86764949,5,"['A375', 'A549', 'HT29', 'MCF7', 'PC3']",5
BRD-K86758801,5,"['A549', 'HT29', 'MCF7', 'PC3', 'VCAP']",6
BRD-K81079621,5,"['A375', 'A549', 'HT29', 'MCF7', 'PC3']",5
BRD-K81052803,5,"['A375', 'A549', 'HT29', 'MCF7', 'PC3']",5
BRD-K81031294,5,"['A375', 'A549', 'HT29', 'MCF7', 'PC3']",5
BRD-K81029835,5,"['A375', 'A549', 'HT29', 'MCF7', 'PC3']",5
BRD-K81019664,5,"['A375', 'A549', 'HT29', 'MCF7', 'PC3']",5
BRD-K92800455,5,"['A375', 'A549', 'HT29', 'MCF7', 'PC3']",5
BRD-K80749795,5,"['A375', 'A549', 'HT29', 'MCF7', 'PC3']",5
BRD-K81438145,5,"['A375', 'A549', 'HT29', 'MCF7', 'PC3']",5
BRD-K92707657,5,"['A375', 'A549', 'MCF7', 'PC3', 'VCAP']",6
BRD-K92659956,5,"['A375', 'A549', 'MCF7', 'PC3', 'VCAP']",6
BRD-K92476250,5,"['A375', 'A549', 'HT29', 'MCF7', 'PC3']",5
BRD-K92455228,5,"['A375', 'A549', 'HT29', 'MCF7', 'PC3']",5
BRD-K86728331,5,"['A375', 'A549', 'MCF7', 'PC3', 'VCAP']",6
BRD-K01823914,5,"['A375', 'A549', 'HT29', 'MCF7', 'PC3']",5
BRD-K03651051,5,"['A375', 'A549', 'HT29', 'MCF7', 'PC3']",5
BRD-K02861439,5,"['A549', 'HT29', 'MCF7', 'PC3', 'VCAP']",6
BRD-K02772785,5,"['A375', 'A549', 'MCF7', 'PC3', 'VCAP']",6
BRD-K02750843,5,"['A375', 'A549', 'MCF7', 'PC3', 'VCAP']",6
BRD-K02734624,5,"['A549', 'HT29', 'MCF7', 'PC3', 'VCAP']",6
BRD-K02560333,5,"['A375', 'A549', 'HT29', 'MCF7', 'PC3']",5
BRD-K03228956,5,"['A375', 'A549', 'HT29', 'MCF7', 'PC3']",5
BRD-K03223506,5,"['A375', 'A549', 'HT29', 'MCF7', 'PC3']",5
BRD-K03157318,5,"['A375', 'A549', 'HT29', 'MCF7', 'PC3']",5
BRD-K03043432,5,"['A375', 'A549', 'HT29', 'MCF7', 'PC3']",5
BRD-K02987635,5,"['A549', 'HT29', 'MCF7', 'PC3', 'VCAP']",6
BRD-K02931142,5,"['A375', 'A549', 'HT29', 'MCF7', 'PC3']",5
BRD-K02098145,5,"['A375', 'A549', 'HT29', 'MCF7', 'PC3']",5
BRD-K86297549,5,"['A375', 'A549', 'HT29', 'MCF7', 'PC3']",5
BRD-K86291677,5,"['A549', 'HT29', 'MCF7', 'PC3', 'VCAP']",6
BRD-K92012565,5,"['A375', 'A549', 'HT29', 'MCF7', 'PC3']",5
BRD-K02242562,5,"['A375', 'A549', 'HT29', 'MCF7', 'PC3']",5
BRD-K02223457,5,"['A375', 'A549', 'HT29', 'MCF7', 'PC3']",5
BRD-K02131961,5,"['A375', 'A549', 'HT29', 'MCF7', 'PC3']",5
BRD-K01037390,5,"['A375', 'A549', 'HT29', 'MCF7', 'PC3']",5
BRD-K01751906,5,"['A375', 'A549', 'HT29', 'MCF7', 'PC3']",5
BRD-K01605959,5,"['A549', 'HT29', 'MCF7', 'PC3', 'VCAP']",6
BRD-K02544880,5,"['A549', 'HT29', 'MCF7', 'PC3', 'VCAP']",6
BRD-K02511275,5,"['A549', 'HT29', 'MCF7', 'PC3', 'VCAP']",6
BRD-K02427049,5,"['A375', 'A549', 'HT29', 'MCF7', 'PC3']",5
BRD-K02372107,5,"['A375', 'A549', 'HT29', 'MCF7', 'PC3']",5
BRD-K02354331,5,"['A549', 'HT29', 'MCF7', 'PC3', 'VCAP']",6
BRD-K02317159,5,"['A375', 'A549', 'MCF7', 'PC3', 'VCAP']",6
BRD-K02315839,5,"['A549', 'HT29', 'MCF7', 'PC3', 'VCAP']",6
BRD-K02927581,5,"['A549', 'HT29', 'MCF7', 'PC3', 'VCAP']",6
BRD-K01886140,5,"['A375', 'A549', 'HT29', 'MCF7', 'PC3']",5
trifluridine,5,"['FIBRNPC', 'MCF7', 'NEU', 'NPC', 'PC3']",10
BRD-K02274189,5,"['A375', 'A549', 'HT29', 'MCF7', 'PC3']",5
BRD-K02258558,5,"['A375', 'A549', 'HT29', 'MCF7', 'PC3']",5
BRD-K92439564,5,"['A549', 'HT29', 'MCF7', 'PC3', 'VCAP']",6
BRD-K92439079,5,"['A375', 'A549', 'HT29', 'MCF7', 'PC3']",5
BRD-K92434936,5,"['A375', 'A549', 'HT29', 'MCF7', 'VCAP']",6
BRD-K92347680,5,"['A549', 'HT29', 'MCF7', 'PC3', 'VCAP']",6
BRD-K92334440,5,"['A375', 'A549', 'MCF7', 'PC3', 'VCAP']",6
BRD-K92313046,5,"['A549', 'HT29', 'MCF7', 'PC3', 'VCAP']",6
BRD-K92300676,5,"['A375', 'A549', 'HT29', 'MCF7', 'PC3']",5
BRD-K92210276,5,"['A549', 'HT29', 'MCF7', 'PC3', 'VCAP']",6
BRD-K81701287,5,"['A375', 'A549', 'HT29', 'MCF7', 'PC3']",5
BRD-K81699431,5,"['A375', 'A549', 'HT29', 'MCF7', 'VCAP']",6
BRD-K81674214,5,"['A375', 'A549', 'HT29', 'MCF7', 'VCAP']",6
BRD-K92129795,5,"['A375', 'A549', 'HT29', 'MCF7', 'PC3']",5
BRD-K92048968,5,"['A375', 'A549', 'HT29', 'MCF7', 'PC3']",5
BRD-K00668050,5,"['A375', 'A549', 'HT29', 'MCF7', 'PC3']",5
BRD-K00663349,5,"['A375', 'A549', 'MCF7', 'PC3', 'VCAP']",6
BRD-K01576758,5,"['A375', 'A549', 'HT29', 'MCF7', 'PC3']",5
BRD-K01566563,5,"['A375', 'A549', 'HT29', 'MCF7', 'PC3']",5
BRD-K01547285,5,"['A375', 'A549', 'HT29', 'MCF7', 'VCAP']",6
BRD-K01497006,5,"['A375', 'A549', 'HT29', 'MCF7', 'PC3']",5
BRD-K02010139,5,"['A375', 'A549', 'MCF7', 'PC3', 'VCAP']",6
BRD-K02004525,5,"['A375', 'A549', 'HT29', 'MCF7', 'PC3']",5
BRD-K01966678,5,"['A375', 'A549', 'HT29', 'MCF7', 'PC3']",5
BRD-K01922500,5,"['A375', 'A549', 'HT29', 'MCF7', 'VCAP']",6
BRD-K00967758,5,"['A375', 'A549', 'MCF7', 'PC3', 'VCAP']",6
BRD-K00951345,5,"['A549', 'HT29', 'MCF7', 'PC3', 'VCAP']",6
BRD-K00868395,5,"['A375', 'A549', 'HT29', 'MCF7', 'PC3']",5
BRD-K00842536,5,"['A375', 'A549', 'HT29', 'MCF7', 'PC3']",5
BRD-K00818202,5,"['A375', 'A549', 'HT29', 'MCF7', 'PC3']",5
BRD-K01800462,5,"['A375', 'A549', 'HT29', 'MCF7', 'VCAP']",6
BRD-K86156277,5,"['A375', 'A549', 'MCF7', 'PC3', 'VCAP']",6
BRD-K00596708,5,"['A375', 'A549', 'HT29', 'MCF7', 'VCAP']",6
BRD-K00568440,5,"['A375', 'A549', 'HT29', 'MCF7', 'PC3']",5
BRD-K00550058,5,"['A375', 'A549', 'HT29', 'MCF7', 'PC3']",5
BRD-K85815049,5,"['A375', 'A549', 'HT29', 'MCF7', 'PC3']",5
BRD-K85885948,5,"['A375', 'A549', 'HT29', 'MCF7', 'PC3']",5
BRD-K85515417,5,"['A375', 'A549', 'HT29', 'MCF7', 'PC3']",5
BRD-K85462489,5,"['A549', 'HT29', 'MCF7', 'PC3', 'VCAP']",6
BRD-K85438393,5,"['A375', 'A549', 'HT29', 'MCF7', 'PC3']",5
BRD-K86566782,5,"['A375', 'A549', 'HT29', 'MCF7', 'PC3']",5
BRD-K86529788,5,"['A375', 'A549', 'HT29', 'MCF7', 'PC3']",5
BRD-K86457545,5,"['A375', 'A549', 'HT29', 'MCF7', 'PC3']",5
BRD-K86430746,5,"['A375', 'A549', 'HT29', 'MCF7', 'PC3']",5
BRD-K86413298,5,"['A375', 'A549', 'HT29', 'MCF7', 'PC3']",5
BRD-K00248931,5,"['A375', 'A549', 'MCF7', 'PC3', 'VCAP']",6
BRD-K01409647,5,"['A375', 'A549', 'HT29', 'MCF7', 'PC3']",5
BRD-K64716493,5,"['A375', 'A549', 'HT29', 'MCF7', 'PC3']",5
BRD-K64694541,5,"['A375', 'A549', 'HT29', 'MCF7', 'VCAP']",6
BRD-K65257892,5,"['A375', 'A549', 'HT29', 'MCF7', 'PC3']",5
BRD-K64469479,5,"['A375', 'A549', 'HT29', 'MCF7', 'PC3']",5
BRD-K64416059,5,"['A375', 'A549', 'HT29', 'MCF7', 'PC3']",5
BRD-K64404931,5,"['A375', 'A549', 'HT29', 'MCF7', 'PC3']",5
BRD-K64402699,5,"['A375', 'A549', 'HT29', 'MCF7', 'PC3']",5
BRD-K85769686,5,"['A375', 'A549', 'HT29', 'MCF7', 'PC3']",5
BRD-K85950149,5,"['A375', 'A549', 'HT29', 'MCF7', 'PC3']",5
BRD-K85916563,5,"['A375', 'A549', 'HT29', 'MCF7', 'PC3']",5
BRD-K85906476,5,"['A375', 'A549', 'MCF7', 'PC3', 'VCAP']",6
BRD-K85886293,5,"['A549', 'HT29', 'MCF7', 'PC3', 'VCAP']",6
BRD-K00117639,5,"['A549', 'HT29', 'MCF7', 'PC3', 'VCAP']",6
BRD-K00513921,5,"['A375', 'A549', 'MCF7', 'PC3', 'VCAP']",6
BRD-K85667327,5,"['A375', 'A549', 'HT29', 'MCF7', 'PC3']",5
BRD-K86249754,5,"['A375', 'A549', 'HT29', 'MCF7', 'PC3']",5
